v -112 64 0
vn 0 0 1
vt 0.842465758 0.327205896
v -112 128 0
vn 0 0 1
vt 0.842465758 0.35661763
v 16 128 0
vn 0 0 1
vt 0.858121336 0.35661763
v 16 64 0
vn 0 0 1
vt 0.858121336 0.327205896
f 4/4/4 3/3/3 2/2/2 1/1/1
v -112 16 0
vn 0 0 1
vt 0.456947148 0.246323526
v -112 64 0
vn 0 0 1
vt 0.456947148 0.26838237
v -32 16 0
vn 0 0 1
vt 0.466731906 0.246323526
f 7/7/7 6/6/6 5/5/5
v 72 24 0
vn 0 0 1
vt 0.671232879 0.125
v 72 16 0
vn 0 0 1
vt 0.671232879 0.121323526
v 0 16 0
vn 0 0 1
vt 0.662426591 0.121323526
f 10/10/10 9/9/9 8/8/8
v 16 64 0
vn 0 0 1
vt 0.484344423 0.26838237
v 72 64 0
vn 0 0 1
vt 0.491193742 0.26838237
v 72 56 0
vn 0 0 1
vt 0.491193742 0.264705896
v 72 48 0
vn 0 0 1
vt 0.491193742 0.261029422
v 72 40 0
vn 0 0 1
vt 0.491193742 0.257352948
v 72 32 0
vn 0 0 1
vt 0.491193742 0.253676474
v 72 24 0
vn 0 0 1
vt 0.491193742 0.25
v 0 16 0
vn 0 0 1
vt 0.482387483 0.246323526
v -32 16 0
vn 0 0 1
vt 0.478473574 0.246323526
v -112 64 0
vn 0 0 1
vt 0.468688846 0.26838237
f 20/20/20 19/19/19 18/18/18 17/17/17 16/16/16 15/15/15 14/14/14 13/13/13 12/12/12 11/11/11
v 8 0 0
vn 0 0 1
vt 0.675146759 0.121323526
v 0 0 0
vn 0 0 1
vt 0.674168289 0.121323526
v 0 16 0
vn 0 0 1
vt 0.674168289 0.128676474
f 23/23/23 22/22/22 21/21/21
v 40 0 0
vn 0 0 1
vt 0.682974577 0.121323526
v 8 0 0
vn 0 0 1
vt 0.679060638 0.121323526
v 0 16 0
vn 0 0 1
vt 0.678082168 0.128676474
v 72 16 0
vn 0 0 1
vt 0.686888456 0.128676474
v 72 8 0
vn 0 0 1
vt 0.686888456 0.125
v 72 0 0
vn 0 0 1
vt 0.686888456 0.121323526
f 29/29/29 28/28/28 27/27/27 26/26/26 25/25/25 24/24/24
v -112 0 0
vn 0 0 1
vt 0.689823866 0.121323526
v -112 16 0
vn 0 0 1
vt 0.689823866 0.128676474
v -32 16 0
vn 0 0 1
vt 0.699608624 0.128676474
v -32 0 0
vn 0 0 1
vt 0.699608624 0.121323526
f 33/33/33 32/32/32 31/31/31 30/30/30
v -144 16 0
vn 0 0 1
vt 0.934442282 0.540441155
v -224 16 0
vn 0 0 1
vt 0.924657524 0.540441155
v -112 128 0
vn 0 0 1
vt 0.938356161 0.591911793
v -112 64 0
vn 0 0 1
vt 0.938356161 0.5625
v -112 16 0
vn 0 0 1
vt 0.938356161 0.540441155
f 38/38/38 37/37/37 36/36/36 35/35/35 34/34/34
v -336 128 0
vn 0 0 1
vt 0.942270041 0.591911793
v -112 128 0
vn 0 0 1
vt 0.969667315 0.591911793
v -224 16 0
vn 0 0 1
vt 0.955968678 0.540441155
v -256 16 0
vn 0 0 1
vt 0.952054799 0.540441155
v -336 16 0
vn 0 0 1
vt 0.942270041 0.540441155
v -352 16 0
vn 0 0 1
vt 0.940313101 0.540441155
v -352 128 0
vn 0 0 1
vt 0.940313101 0.591911793
f 45/45/45 44/44/44 43/43/43 42/42/42 41/41/41 40/40/40 39/39/39
v -376 128 0
vn 0 0 1
vt 0.972602725 0.591911793
v -352 128 0
vn 0 0 1
vt 0.975538135 0.591911793
v -352 16 0
vn 0 0 1
vt 0.975538135 0.540441155
f 48/48/48 47/47/47 46/46/46
v -456 18 0
vn 0 0 1
vt 0.978473604 0.541360259
v -456 128 0
vn 0 0 1
vt 0.978473604 0.591911793
v -376 128 0
vn 0 0 1
vt 0.988258302 0.591911793
v -352 16 0
vn 0 0 1
vt 0.991193712 0.540441155
v -376 16 0
vn 0 0 1
vt 0.988258302 0.540441155
v -456 16 0
vn 0 0 1
vt 0.978473604 0.540441155
f 54/54/54 53/53/53 52/52/52 51/51/51 50/50/50 49/49/49
v -576 19 0
vn 0 0 1
vt 0.000978473574 0.475643396
v -576 128 0
vn 0 0 1
vt 0.000978473574 0.525735259
v -456 128 0
vn 0 0 1
vt 0.0156555772 0.525735259
v -456 18 0
vn 0 0 1
vt 0.0156555772 0.475183845
v -576 18 0
vn 0 0 1
vt 0.000978473574 0.475183845
f 59/59/59 58/58/58 57/57/57 56/56/56 55/55/55
v -592 128 0
vn 0 0 1
vt 0.0185909979 0.525735259
v -576 128 0
vn 0 0 1
vt 0.0205479451 0.525735259
v -576 19 0
vn 0 0 1
vt 0.0205479451 0.475643396
v -592 19 0
vn 0 0 1
vt 0.0185909979 0.475643396
f 63/63/63 62/62/62 61/61/61 60/60/60
v -144 16 0
vn 0 0 1
vt 0.711350322 0.128676474
v -144 0 0
vn 0 0 1
vt 0.711350322 0.121323526
v -224 0 0
vn 0 0 1
vt 0.701565564 0.121323526
v -224 16 0
vn 0 0 1
vt 0.701565564 0.128676474
f 67/67/67 66/66/66 65/65/65 64/64/64
v -256 0 0
vn 0 0 1
vt 0.72309196 0.121323526
v -336 0 0
vn 0 0 1
vt 0.713307261 0.121323526
v -336 16 0
vn 0 0 1
vt 0.713307261 0.128676474
v -256 16 0
vn 0 0 1
vt 0.72309196 0.128676474
f 71/71/71 70/70/70 69/69/69 68/68/68
v 128 -64 0
vn 0 0 1
vt 0.282778859 0.202205896
v 88 -96 0
vn 0 0 1
vt 0.27788651 0.1875
v 88 -64 0
vn 0 0 1
vt 0.27788651 0.202205896
f 74/74/74 73/73/73 72/72/72
v 88 -112 0
vn 0 0 1
vt 0.510763228 0.974264681
v 88 -96 0
vn 0 0 1
vt 0.510763228 0.98161763
v 128 -64 0
vn 0 0 1
vt 0.515655577 0.996323526
v 128 -288 0
vn 0 0 1
vt 0.515655577 0.89338237
v 88 -288 0
vn 0 0 1
vt 0.510763228 0.89338237
f 79/79/79 78/78/78 77/77/77 76/76/76 75/75/75
v 88 -336 0
vn 0 0 1
vt 0.0234833658 0.503676474
v 88 -288 0
vn 0 0 1
vt 0.0234833658 0.525735259
v 128 -288 0
vn 0 0 1
vt 0.0283757336 0.525735259
v 128 -388 0
vn 0 0 1
vt 0.0283757336 0.479779422
v 111.798988 -388 0
vn 0 0 1
vt 0.0263941996 0.479779422
v 88 -388 0
vn 0 0 1
vt 0.0234833658 0.479779422
f 85/85/85 84/84/84 83/83/83 82/82/82 81/81/81 80/80/80
v 72 -224 0
vn 0 0 1
vt 0.0313111544 0.474264681
v 72 -112 0
vn 0 0 1
vt 0.0313111544 0.525735259
v 88 -112 0
vn 0 0 1
vt 0.0332681015 0.525735259
f 88/88/88 87/87/87 86/86/86
v 88 -288 0
vn 0 0 1
vt 0.520547926 0.915441155
v 88 -336 0
vn 0 0 1
vt 0.520547926 0.89338237
v 72 -336 0
vn 0 0 1
vt 0.518590987 0.89338237
v 72 -224 0
vn 0 0 1
vt 0.518590987 0.944852948
v 88 -112 0
vn 0 0 1
vt 0.520547926 0.996323526
f 93/93/93 92/92/92 91/91/91 90/90/90 89/89/89
v 72 -388 0
vn 0 0 1
vt 0.861056745 0.332720578
v 72 -336 0
vn 0 0 1
vt 0.861056745 0.35661763
v 88 -336 0
vn 0 0 1
vt 0.863013685 0.35661763
v 88 -388 0
vn 0 0 1
vt 0.863013685 0.332720578
f 97/97/97 96/96/96 95/95/95 94/94/94
v 72 -112 0
vn 0 0 1
vt 0.0410958901 0.525735259
v 72 -224 0
vn 0 0 1
vt 0.0410958901 0.474264681
v 40 -224 0
vn 0 0 1
vt 0.0371819958 0.474264681
f 100/100/100 99/99/99 98/98/98
v 40 0 0
vn 0 0 1
vt 0.524461865 0.996323526
v 72 0 0
vn 0 0 1
vt 0.528375745 0.996323526
v 72 -8 0
vn 0 0 1
vt 0.528375745 0.992647052
v 72 -16 0
vn 0 0 1
vt 0.528375745 0.988970578
v 72 -24 0
vn 0 0 1
vt 0.528375745 0.985294104
v 72 -32 0
vn 0 0 1
vt 0.528375745 0.98161763
v 72 -40 0
vn 0 0 1
vt 0.528375745 0.977941155
v 72 -48 0
vn 0 0 1
vt 0.528375745 0.974264681
v 72 -56 0
vn 0 0 1
vt 0.528375745 0.970588207
v 72 -64 0
vn 0 0 1
vt 0.528375745 0.966911793
v 72 -96 0
vn 0 0 1
vt 0.528375745 0.952205896
v 72 -112 0
vn 0 0 1
vt 0.528375745 0.944852948
v 40 -224 0
vn 0 0 1
vt 0.524461865 0.89338237
f 113/113/113 112/112/112 111/111/111 110/110/110 109/109/109 108/108/108 107/107/107 106/106/106 105/105/105 104/104/104 103/103/103 102/102/102 101/101/101
v 72 -224 0
vn 0 0 1
vt 0.729941308 0.128676474
v 40 -240 0
vn 0 0 1
vt 0.726027369 0.121323526
v 40 -224 0
vn 0 0 1
vt 0.726027369 0.128676474
f 116/116/116 115/115/115 114/114/114
v 72 -336 0
vn 0 0 1
vt 0.988258302 0.819852948
v 72 -388 0
vn 0 0 1
vt 0.988258302 0.795955896
v 70.6690445 -388 0
vn 0 0 1
vt 0.988095522 0.795955896
v 40 -388 0
vn 0 0 1
vt 0.984344423 0.795955896
v 40 -240 0
vn 0 0 1
vt 0.984344423 0.863970578
v 72 -224 0
vn 0 0 1
vt 0.988258302 0.871323526
f 122/122/122 121/121/121 120/120/120 119/119/119 118/118/118 117/117/117
v 8 0 0
vn 0 0 1
vt 0.285714298 0.202205896
v 40 0 0
vn 0 0 1
vt 0.289628178 0.202205896
v 8 -32 0
vn 0 0 1
vt 0.285714298 0.1875
f 125/125/125 124/124/124 123/123/123
v 40 -224 0
vn 0 0 1
vt 0.686888456 0.422794104
v 8 -224 0
vn 0 0 1
vt 0.682974577 0.422794104
v 8 -140 0
vn 0 0 1
vt 0.682974577 0.461397052
f 128/128/128 127/127/127 126/126/126
v 8 -124 0
vn 0 0 1
vt 0.532289624 0.939338207
v 8 -32 0
vn 0 0 1
vt 0.532289624 0.98161763
v 40 0 0
vn 0 0 1
vt 0.536203504 0.996323526
v 40 -224 0
vn 0 0 1
vt 0.536203504 0.89338237
v 8 -140 0
vn 0 0 1
vt 0.532289624 0.931985319
f 133/133/133 132/132/132 131/131/131 130/130/130 129/129/129
v 40 -240 0
vn 0 0 1
vt 0.587084174 0.761029422
v 40 -388 0
vn 0 0 1
vt 0.587084174 0.693014741
v 8 -388 0
vn 0 0 1
vt 0.583170235 0.693014741
v 8 -240 0
vn 0 0 1
vt 0.583170235 0.761029422
f 137/137/137 136/136/136 135/135/135 134/134/134
v 8 -124 0
vn 0 0 1
vt 0.692759275 0.42463237
v -8 -124 0
vn 0 0 1
vt 0.690802336 0.42463237
v -8 -32 0
vn 0 0 1
vt 0.690802336 0.466911793
v 8 -32 0
vn 0 0 1
vt 0.692759275 0.466911793
f 141/141/141 140/140/140 139/139/139 138/138/138
v 8 -224 0
vn 0 0 1
vt 0.698630154 0.422794104
v -8 -224 0
vn 0 0 1
vt 0.696673214 0.422794104
v -8 -140 0
vn 0 0 1
vt 0.696673214 0.461397052
v 8 -140 0
vn 0 0 1
vt 0.698630154 0.461397052
f 145/145/145 144/144/144 143/143/143 142/142/142
v -128 -8 0
vn 0 0 1
vt 0.744618416 0.125
v -224 0 0
vn 0 0 1
vt 0.732876718 0.128676474
v -144 0 0
vn 0 0 1
vt 0.742661476 0.128676474
v -128 0 0
vn 0 0 1
vt 0.744618416 0.128676474
f 149/149/149 148/148/148 147/147/147 146/146/146
v -352 -8 0
vn 0 0 1
vt 0.746575356 0.125
v -352 0 0
vn 0 0 1
vt 0.746575356 0.128676474
v -336 0 0
vn 0 0 1
vt 0.748532295 0.128676474
f 152/152/152 151/151/151 150/150/150
v -293.597992 -8 0
vn 0 0 1
vt 0.757632315 0.125
v -352 -8 0
vn 0 0 1
vt 0.750489235 0.125
v -336 0 0
vn 0 0 1
vt 0.752446175 0.128676474
v -256 0 0
vn 0 0 1
vt 0.762230933 0.128676474
v -224 0 0
vn 0 0 1
vt 0.766144812 0.128676474
v -128 -8 0
vn 0 0 1
vt 0.77788651 0.125
f 158/158/158 157/157/157 156/156/156 155/155/155 154/154/154 153/153/153
v -128 -8 0
vn 0 0 1
vt 0.77984345 0.125
v -128 0 0
vn 0 0 1
vt 0.77984345 0.128676474
v -112 0 0
vn 0 0 1
vt 0.781800389 0.128676474
v -69.5979996 -8 0
vn 0 0 1
vt 0.78698653 0.125
f 162/162/162 161/161/161 160/160/160 159/159/159
v -32 0 0
vn 0 0 1
vt 0.799412906 0.128676474
v -16 0 0
vn 0 0 1
vt 0.801369846 0.128676474
v -16 -8 0
vn 0 0 1
vt 0.801369846 0.125
v -69.5979996 -8 0
vn 0 0 1
vt 0.794814289 0.125
v -112 0 0
vn 0 0 1
vt 0.789628208 0.128676474
f 167/167/167 166/166/166 165/165/165 164/164/164 163/163/163
v -8 -32 0
vn 0 0 1
vt 0.532289624 0.658088207
v -8 -124 0
vn 0 0 1
vt 0.532289624 0.615808845
v -69.5979996 -8 0
vn 0 0 1
vt 0.524755597 0.669117689
v -16 -8 0
vn 0 0 1
vt 0.531311154 0.669117689
v -8 -8 0
vn 0 0 1
vt 0.532289624 0.669117689
f 172/172/172 171/171/171 170/170/170 169/169/169 168/168/168
v -69.5979996 -232 0
vn 0 0 1
vt 0.019863259 0.889705896
v -69.5979996 -8 0
vn 0 0 1
vt 0.019863259 0.992647052
v -8 -124 0
vn 0 0 1
vt 0.0273972601 0.939338207
v -8 -140 0
vn 0 0 1
vt 0.0273972601 0.931985319
v -8 -224 0
vn 0 0 1
vt 0.0273972601 0.89338237
v -8 -232 0
vn 0 0 1
vt 0.0273972601 0.889705896
f 178/178/178 177/177/177 176/176/176 175/175/175 174/174/174 173/173/173
v -69.5979996 -232 0
vn 0 0 1
vt 0.0394327305 0.889705896
v -134.529877 -167.06813 0
vn 0 0 1
vt 0.031490963 0.919545889
v -69.5979996 -8 0
vn 0 0 1
vt 0.0394327305 0.992647052
f 181/181/181 180/180/180 179/179/179
v -128 -8 0
vn 0 0 1
vt 0.0225048922 0.757352948
v -69.5979996 -8 0
vn 0 0 1
vt 0.0296479948 0.757352948
v -134.529877 -167.06813 0
vn 0 0 1
vt 0.0217062291 0.684251785
v -163.754425 -137.843582 0
vn 0 0 1
vt 0.0181317981 0.697682142
v -243.078217 -58.5197906 0
vn 0 0 1
vt 0.0084297685 0.734136105
v -293.597992 -8 0
vn 0 0 1
vt 0.00225073495 0.757352948
f 187/187/187 186/186/186 185/185/185 184/184/184 183/183/183 182/182/182
v -55.2060852 -246.391922 0
vn 0 0 1
vt 0.0881597325 0.346327245
v -69.5979996 -232 0
vn 0 0 1
vt 0.0863994583 0.352941155
v -8 -232 0
vn 0 0 1
vt 0.0939334631 0.352941155
v -8 -240 0
vn 0 0 1
vt 0.0939334631 0.349264681
v -8 -293.597992 0
vn 0 0 1
vt 0.0939334631 0.324633241
f 192/192/192 191/191/191 190/190/190 189/189/189 188/188/188
v -69.5979996 -232 0
vn 0 0 1
vt 0.710665584 0.433823526
v -55.2060852 -246.391922 0
vn 0 0 1
vt 0.712425888 0.427209556
v -134.529877 -246.391922 0
vn 0 0 1
vt 0.702723861 0.427209556
v -134.529877 -217.167358 0
vn 0 0 1
vt 0.702723861 0.440639973
v -134.529877 -167.06813 0
vn 0 0 1
vt 0.702723861 0.463663578
f 197/197/197 196/196/196 195/195/195 194/194/194 193/193/193
v -243.078217 -58.5197906 0
vn 0 0 1
vt 0.716844678 0.46207732
v -163.754425 -137.843582 0
vn 0 0 1
vt 0.726546645 0.425623357
v -213.853653 -137.843582 0
vn 0 0 1
vt 0.720419109 0.425623357
v -243.078217 -137.843582 0
vn 0 0 1
vt 0.716844678 0.425623357
f 201/201/201 200/200/200 199/199/199 198/198/198
v -134.529877 -217.167358 0
vn 0 0 1
vt 0.499201357 0.264169395
v -134.529877 -246.391922 0
vn 0 0 1
vt 0.499201357 0.250738978
v -163.754425 -246.391922 0
vn 0 0 1
vt 0.495626897 0.250738978
f 204/204/204 203/203/203 202/202/202
v -243.078217 -167.06813 0
vn 0 0 1
vt 0.503537416 0.250428259
v -243.078217 -137.843582 0
vn 0 0 1
vt 0.503537416 0.263858616
v -213.853653 -137.843582 0
vn 0 0 1
vt 0.507111847 0.263858616
f 207/207/207 206/206/206 205/205/205
v -8 -293.597992 0
vn 0 0 1
vt 0.739726007 0.464339137
v -8 -372 0
vn 0 0 1
vt 0.739726007 0.428308845
v -88.245575 -372 0
vn 0 0 1
vt 0.729911268 0.428308845
f 210/210/210 209/209/209 208/208/208
v -128 -332.245575 0
vn 0 0 1
vt 0.0342465751 0.63040185
v -213.853653 -246.391922 0
vn 0 0 1
vt 0.0237458833 0.669856668
v -163.754425 -246.391922 0
vn 0 0 1
vt 0.029873481 0.669856668
v -134.529877 -246.391922 0
vn 0 0 1
vt 0.0334479101 0.669856668
v -55.2060852 -246.391922 0
vn 0 0 1
vt 0.0431499407 0.669856668
v -8 -293.597992 0
vn 0 0 1
vt 0.0489236787 0.648162663
v -88.245575 -372 0
vn 0 0 1
vt 0.0391089059 0.612132311
f 217/217/217 216/216/216 215/215/215 214/214/214 213/213/213 212/212/212 211/211/211
v -352 -108.245575 0
vn 0 0 1
vt 0.539138973 0.946578324
v -352 -8 0
vn 0 0 1
vt 0.539138973 0.992647052
v -293.597992 -8 0
vn 0 0 1
vt 0.546282053 0.992647052
v -243.078217 -58.5197906 0
vn 0 0 1
vt 0.552461088 0.969430268
v -243.078217 -137.843582 0
vn 0 0 1
vt 0.552461088 0.932976305
v -243.078217 -167.06813 0
vn 0 0 1
vt 0.552461088 0.919545889
v -243.078217 -217.167358 0
vn 0 0 1
vt 0.552461088 0.896522343
f 224/224/224 223/223/223 222/222/222 221/221/221 220/220/220 219/219/219 218/218/218
v -360 -16 0
vn 0 0 1
vt 0.804305255 0.121323526
v -360 -8 0
vn 0 0 1
vt 0.804305255 0.125
v -352 -8 0
vn 0 0 1
vt 0.805283785 0.125
f 227/227/227 226/226/226 225/225/225
v -352 -108.245575 0
vn 0 0 1
vt 0.0440313108 0.946578324
v -352 -232 0
vn 0 0 1
vt 0.0440313108 0.889705896
v -360 -232 0
vn 0 0 1
vt 0.0430528373 0.889705896
v -360 -16 0
vn 0 0 1
vt 0.0430528373 0.988970578
v -352 -8 0
vn 0 0 1
vt 0.0440313108 0.992647052
f 232/232/232 231/231/231 230/230/230 229/229/229 228/228/228
v -360 -236 0
vn 0 0 1
vt 0.808219194 0.123161793
v -360 -232 0
vn 0 0 1
vt 0.808219194 0.125
v -352 -232 0
vn 0 0 1
vt 0.809197664 0.125
f 235/235/235 234/234/234 233/233/233
v -352 -332.245575 0
vn 0 0 1
vt 0.591976523 0.711284161
v -352 -372 0
vn 0 0 1
vt 0.591976523 0.693014741
v -360 -372 0
vn 0 0 1
vt 0.590998054 0.693014741
v -360 -236 0
vn 0 0 1
vt 0.590998054 0.755514741
v -352 -232 0
vn 0 0 1
vt 0.591976523 0.757352948
f 240/240/240 239/239/239 238/238/238 237/237/237 236/236/236
v -352 -232 0
vn 0 0 1
vt 0.0518590994 0.610294104
v -352 -108.245575 0
vn 0 0 1
vt 0.0518590994 0.667166531
v -243.078217 -217.167358 0
vn 0 0 1
vt 0.065181233 0.61711061
f 243/243/243 242/242/242 241/241/241
v -213.853653 -246.391922 0
vn 0 0 1
vt 0.552121639 0.655150771
v -128 -332.245575 0
vn 0 0 1
vt 0.562622309 0.615695953
v -352 -332.245575 0
vn 0 0 1
vt 0.535225034 0.615695953
v -352 -232 0
vn 0 0 1
vt 0.535225034 0.661764741
v -243.078217 -217.167358 0
vn 0 0 1
vt 0.548547208 0.668581188
f 248/248/248 247/247/247 246/246/246 245/245/245 244/244/244
v -120 -372 0
vn 0 0 1
vt 0.866927564 0.332720578
v -128 -372 0
vn 0 0 1
vt 0.865949094 0.332720578
v -128 -332.245575 0
vn 0 0 1
vt 0.865949094 0.350990057
v -88.245575 -372 0
vn 0 0 1
vt 0.870811462 0.332720578
f 252/252/252 251/251/251 250/250/250 249/249/249
v -264 -372 0
vn 0 0 1
vt 0.884540141 0.332720578
v -352 -372 0
vn 0 0 1
vt 0.873776913 0.332720578
v -352 -332.245575 0
vn 0 0 1
vt 0.873776913 0.350990057
v -232 -372 0
vn 0 0 1
vt 0.88845402 0.332720578
f 256/256/256 255/255/255 254/254/254 253/253/253
v -128 -332.245575 0
vn 0 0 1
vt 0.918786705 0.350990057
v -128 -372 0
vn 0 0 1
vt 0.918786705 0.332720578
v -152 -372 0
vn 0 0 1
vt 0.915851295 0.332720578
v -232 -372 0
vn 0 0 1
vt 0.906066537 0.332720578
v -352 -332.245575 0
vn 0 0 1
vt 0.89138943 0.350990057
f 261/261/261 260/260/260 259/259/259 258/258/258 257/257/257
v -376 -142 0
vn 0 0 1
vt 0.107632093 0.320772052
v -456 -142 0
vn 0 0 1
vt 0.0978473574 0.320772052
v -456 -134 0
vn 0 0 1
vt 0.0978473574 0.324448526
v -456 -126 0
vn 0 0 1
vt 0.0978473574 0.328125
v -456 -118 0
vn 0 0 1
vt 0.0978473574 0.331801474
v -456 -110 0
vn 0 0 1
vt 0.0978473574 0.335477948
v -456 -102 0
vn 0 0 1
vt 0.0978473574 0.339154422
v -456 -94 0
vn 0 0 1
vt 0.0978473574 0.342830896
v -456 -86 0
vn 0 0 1
vt 0.0978473574 0.34650737
v -456 -78 0
vn 0 0 1
vt 0.0978473574 0.350183845
f 271/271/271 270/270/270 269/269/269 268/268/268 267/267/267 266/266/266 265/265/265 264/264/264 263/263/263 262/262/262
v -376 0 0
vn 0 0 1
vt 0.303326815 0.194852948
v -456 -6 0
vn 0 0 1
vt 0.293542087 0.192095578
v -456 0 0
vn 0 0 1
vt 0.293542087 0.194852948
v -456 2 0
vn 0 0 1
vt 0.293542087 0.195772052
v -456 10 0
vn 0 0 1
vt 0.293542087 0.199448526
v -376 16 0
vn 0 0 1
vt 0.303326815 0.202205896
f 277/277/277 276/276/276 275/275/275 274/274/274 273/273/273 272/272/272
v -456 10 0
vn 0 0 1
vt 0.812133074 0.125919104
v -456 16 0
vn 0 0 1
vt 0.812133074 0.128676474
v -376 16 0
vn 0 0 1
vt 0.821917832 0.128676474
f 280/280/280 279/279/279 278/278/278
v -376 -16 0
vn 0 0 1
vt 0.0782778859 0.665441155
v -376 -142 0
vn 0 0 1
vt 0.0782778859 0.607536793
v -456 -78 0
vn 0 0 1
vt 0.0684931502 0.636948526
v -456 -70 0
vn 0 0 1
vt 0.0684931502 0.640625
v -456 -62 0
vn 0 0 1
vt 0.0684931502 0.644301474
v -456 -54 0
vn 0 0 1
vt 0.0684931502 0.647977948
v -456 -46 0
vn 0 0 1
vt 0.0684931502 0.651654422
v -456 -38 0
vn 0 0 1
vt 0.0684931502 0.655330896
v -456 -30 0
vn 0 0 1
vt 0.0684931502 0.659007311
v -456 -22 0
vn 0 0 1
vt 0.0684931502 0.662683845
v -456 -14 0
vn 0 0 1
vt 0.0684931502 0.666360259
v -456 -6 0
vn 0 0 1
vt 0.0684931502 0.670036793
v -376 0 0
vn 0 0 1
vt 0.0782778859 0.672794104
f 293/293/293 292/292/292 291/291/291 290/290/290 289/289/289 288/288/288 287/287/287 286/286/286 285/285/285 284/284/284 283/283/283 282/282/282 281/281/281
v -232 -388 0
vn 0 0 1
vt 0.307240695 0.193014681
v -232 -372 0
vn 0 0 1
vt 0.307240695 0.20036763
v -152 -372 0
vn 0 0 1
vt 0.317025453 0.20036763
v -152 -388 0
vn 0 0 1
vt 0.317025453 0.193014681
f 297/297/297 296/296/296 295/295/295 294/294/294
v 107.843254 -400.974609 0
vn 0 0 1
vt 0.321409404 0.194405079
v 98.6292267 -401.169769 0
vn 0 0 1
vt 0.320282429 0.194315374
v 110.876991 -388.921997 0
vn 0 0 1
vt 0.321780443 0.19994396
v 117.948486 -388.921997 0
vn 0 0 1
vt 0.322645366 0.19994396
f 301/301/301 300/300/300 299/299/299 298/298/298
v 96.0363998 -413.36734 0
vn 0 0 1
vt 0.826814651 0.122533381
v 91.2340164 -408.564972 0
vn 0 0 1
vt 0.826227248 0.124740362
v 98.6292267 -401.169769 0
vn 0 0 1
vt 0.827131748 0.1281389
v 107.843254 -400.974609 0
vn 0 0 1
vt 0.828258693 0.128228605
v 108.578339 -400.959015 0
vn 0 0 1
vt 0.828348577 0.128235757
f 306/306/306 305/305/305 304/304/304 303/303/303 302/302/302
v 128 -388 0
vn 0 0 1
vt 0.832681 0.126838207
v 128 -388.921997 0
vn 0 0 1
vt 0.832681 0.126414537
v 120.744995 -388.921997 0
vn 0 0 1
vt 0.831793666 0.126414537
f 309/309/309 308/308/308 307/307/307
v 111.798988 -388 0
vn 0 0 1
vt 0.836570323 0.126838207
v 128 -388 0
vn 0 0 1
vt 0.838551879 0.126838207
v 120.744995 -388.921997 0
vn 0 0 1
vt 0.837664545 0.126414537
v 117.948486 -388.921997 0
vn 0 0 1
vt 0.837322414 0.126414537
v 110.876991 -388.921997 0
vn 0 0 1
vt 0.836457551 0.126414537
f 314/314/314 313/313/313 312/312/312 311/311/311 310/310/310
v 74.2634583 -391.594421 0
vn 0 0 1
vt 0.841764152 0.125186384
v 70.6690445 -388 0
vn 0 0 1
vt 0.841324508 0.126838207
v 72 -388 0
vn 0 0 1
vt 0.841487288 0.126838207
v 79.920311 -397.251251 0
vn 0 0 1
vt 0.842456043 0.122586727
f 318/318/318 317/317/317 316/316/316 315/315/315
v 98.6292267 -401.169769 0
vn 0 0 1
vt 0.846701264 0.1281389
v 91.2340164 -408.564972 0
vn 0 0 1
vt 0.845796704 0.124740362
v 85.5771637 -402.908112 0
vn 0 0 1
vt 0.845104814 0.127340019
f 321/321/321 320/320/320 319/319/319
v 88 -388 0
vn 0 0 1
vt 0.328767121 0.20036763
v 111.798988 -388 0
vn 0 0 1
vt 0.331677973 0.20036763
v 110.876991 -388.921997 0
vn 0 0 1
vt 0.331565171 0.19994396
v 98.6292267 -401.169769 0
vn 0 0 1
vt 0.330067158 0.194315374
v 85.5771637 -402.908112 0
vn 0 0 1
vt 0.328470796 0.193516493
v 79.920311 -397.251251 0
vn 0 0 1
vt 0.327778906 0.196116149
v 72 -388 0
vn 0 0 1
vt 0.326810181 0.20036763
f 328/328/328 327/327/327 326/326/326 325/325/325 324/324/324 323/323/323 322/322/322
v 70.6690445 -388 0
vn 0 0 1
vt 0.855023086 0.126838207
v 74.2634583 -391.594421 0
vn 0 0 1
vt 0.85546279 0.125186384
v 40 -388 0
vn 0 0 1
vt 0.851271987 0.126838207
f 331/331/331 330/330/330 329/329/329
v 23.3517685 -442.506104 0
vn 0 0 1
vt 0.927513659 0.32973063
v -31.1543293 -388 0
vn 0 0 1
vt 0.920847058 0.354779422
v -8 -388 0
vn 0 0 1
vt 0.923679054 0.354779422
v 8 -388 0
vn 0 0 1
vt 0.925635993 0.354779422
v 40 -388 0
vn 0 0 1
vt 0.929549873 0.354779422
v 74.2634583 -391.594421 0
vn 0 0 1
vt 0.933740675 0.353127539
f 337/337/337 336/336/336 335/335/335 334/334/334 333/333/333 332/332/332
v 8.35324669 -524 0
vn 0 0 1
vt 0.344465911 0.189338207
v -67 -524 0
vn 0 0 1
vt 0.335249513 0.189338207
v -67 -496 0
vn 0 0 1
vt 0.335249513 0.202205896
v 18.9762878 -496 0
vn 0 0 1
vt 0.345765203 0.202205896
v 18.6551228 -513.69812 0
vn 0 0 1
vt 0.345725894 0.194072545
f 342/342/342 341/341/341 340/340/340 339/339/339 338/338/338
v -120 -496 0
vn 0 0 1
vt 0.354207426 0.202205896
v -94 -496 0
vn 0 0 1
vt 0.357387483 0.202205896
v -94 -524 0
vn 0 0 1
vt 0.357387483 0.189338207
v -152 -524 0
vn 0 0 1
vt 0.350293547 0.189338207
v -152 -496 0
vn 0 0 1
vt 0.350293547 0.202205896
f 347/347/347 346/346/346 345/345/345 344/344/344 343/343/343
v 8.35324669 -524 0
vn 0 0 1
vt 0.947205603 0.351102948
v -38.0807343 -570.43396 0
vn 0 0 1
vt 0.941526353 0.32976383
v -67 -524 0
vn 0 0 1
vt 0.937989235 0.351102948
f 350/350/350 349/349/349 348/348/348
v -49.3944435 -581.747681 0
vn 0 0 1
vt 0.0458177067 0.72897625
v -152 -684.353271 0
vn 0 0 1
vt 0.0332681015 0.681822956
v -152 -524 0
vn 0 0 1
vt 0.0332681015 0.755514741
v -94 -524 0
vn 0 0 1
vt 0.040362034 0.755514741
v -67 -524 0
vn 0 0 1
vt 0.0436643846 0.755514741
v -38.0807343 -570.43396 0
vn 0 0 1
vt 0.0472014733 0.734175563
f 356/356/356 355/355/355 354/354/354 353/353/353 352/352/352 351/351/351
v -232 -480 0
vn 0 0 1
vt 0.747553825 0.422794104
v -260 -480 0
vn 0 0 1
vt 0.744129181 0.422794104
v -232 -388 0
vn 0 0 1
vt 0.747553825 0.465073526
v -152 -388 0
vn 0 0 1
vt 0.757338524 0.465073526
v -152 -480 0
vn 0 0 1
vt 0.757338524 0.422794104
f 361/361/361 360/360/360 359/359/359 358/358/358 357/357/357
v -120 -480 0
vn 0 0 1
vt 0.765166342 0.422794104
v -152 -480 0
vn 0 0 1
vt 0.761252463 0.422794104
v -120 -388 0
vn 0 0 1
vt 0.765166342 0.465073526
v -100 -388 0
vn 0 0 1
vt 0.767612517 0.465073526
v -100 -480 0
vn 0 0 1
vt 0.767612517 0.422794104
f 366/366/366 365/365/365 364/364/364 363/363/363 362/362/362
v -264 -388 0
vn 0 0 1
vt 0.771037161 0.465073526
v -232 -388 0
vn 0 0 1
vt 0.7749511 0.465073526
v -260 -480 0
vn 0 0 1
vt 0.771526396 0.422794104
f 369/369/369 368/368/368 367/367/367
v -152 -388 0
vn 0 0 1
vt 0.77886498 0.465073526
v -120 -388 0
vn 0 0 1
vt 0.782778859 0.465073526
v -152 -480 0
vn 0 0 1
vt 0.77886498 0.422794104
f 372/372/372 371/371/371 370/370/370
v -271 -480 0
vn 0 0 1
vt 0.793664396 0.422794104
v -324 -480 0
vn 0 0 1
vt 0.787181973 0.422794104
v -324 -388 0
vn 0 0 1
vt 0.787181973 0.465073526
v -264 -388 0
vn 0 0 1
vt 0.794520557 0.465073526
v -260 -480 0
vn 0 0 1
vt 0.795009792 0.422794104
f 377/377/377 376/376/376 375/375/375 374/374/374 373/373/373
v 40.3463364 -468.464081 0
vn 0 0 1
vt 0.512762487 0.251624942
v 23.3517685 -442.506104 0
vn 0 0 1
vt 0.510683894 0.263554156
v 29.0086212 -448.162964 0
vn 0 0 1
vt 0.511375844 0.260954499
v 34.6654778 -453.819794 0
vn 0 0 1
vt 0.512067676 0.258354843
v 40.3223305 -459.476654 0
vn 0 0 1
vt 0.512759566 0.255755186
v 44.852047 -464.006378 0
vn 0 0 1
vt 0.513313591 0.253673553
f 383/383/383 382/382/382 381/381/381 380/380/380 379/379/379 378/378/378
v -100 -388 0
vn 0 0 1
vt 0.798923671 0.465073526
v -31.1543293 -388 0
vn 0 0 1
vt 0.807344139 0.465073526
v -94 -480 0
vn 0 0 1
vt 0.799657524 0.422794104
v -100 -480 0
vn 0 0 1
vt 0.798923671 0.422794104
f 387/387/387 386/386/386 385/385/385 384/384/384
v 19.2666397 -480 0
vn 0 0 1
vt 0.825252771 0.422794104
v -94 -480 0
vn 0 0 1
vt 0.811399221 0.422794104
v -31.1543293 -388 0
vn 0 0 1
vt 0.819085836 0.465073526
v 23.3517685 -442.506104 0
vn 0 0 1
vt 0.825752378 0.440024793
v 40.3463364 -468.464081 0
vn 0 0 1
vt 0.82783097 0.42809552
v 30.8632469 -477.84613 0
vn 0 0 1
vt 0.826671124 0.423783898
v 29.0782108 -478.19574 0
vn 0 0 1
vt 0.826452792 0.423623264
v 19.8657246 -480 0
vn 0 0 1
vt 0.825326025 0.422794104
f 395/395/395 394/394/394 393/393/393 392/392/392 391/391/391 390/390/390 389/389/389 388/388/388
v -152 -496 0
vn 0 0 1
vt 0.868884563 0.121323526
v -232 -496 0
vn 0 0 1
vt 0.859099805 0.121323526
v -232 -480 0
vn 0 0 1
vt 0.859099805 0.128676474
v -152 -480 0
vn 0 0 1
vt 0.868884563 0.128676474
f 399/399/399 398/398/398 397/397/397 396/396/396
v -244 -720 0
vn 0 0 1
vt 0.566046953 0.613970578
v -244 -605 0
vn 0 0 1
vt 0.566046953 0.666819811
v -152 -684.353271 0
vn 0 0 1
vt 0.577299416 0.630352378
v -187.646759 -720 0
vn 0 0 1
vt 0.572939456 0.613970578
f 403/403/403 402/402/402 401/401/401 400/400/400
v -152 -524 0
vn 0 0 1
vt 0.354207426 0.858455896
v -152 -684.353271 0
vn 0 0 1
vt 0.354207426 0.784764111
v -244 -605 0
vn 0 0 1
vt 0.342954993 0.821231604
v -244 -496 0
vn 0 0 1
vt 0.342954993 0.871323526
v -232 -496 0
vn 0 0 1
vt 0.344422698 0.871323526
v -152 -496 0
vn 0 0 1
vt 0.354207426 0.871323526
f 409/409/409 408/408/408 407/407/407 406/406/406 405/405/405 404/404/404
v -244 -776.353271 0
vn 0 0 1
vt 0.951565564 0.330720007
v -244 -720 0
vn 0 0 1
vt 0.951565564 0.35661763
v -187.646759 -720 0
vn 0 0 1
vt 0.958458066 0.35661763
f 412/412/412 411/411/411 410/410/410
v -244 -496 0
vn 0 0 1
vt 0.0474559702 0.525735259
v -244 -605 0
vn 0 0 1
vt 0.0474559702 0.475643396
v -260 -605 0
vn 0 0 1
vt 0.0454990231 0.475643396
v -260 -496 0
vn 0 0 1
vt 0.0454990231 0.525735259
f 416/416/416 415/415/415 414/414/414 413/413/413
v -260 -605 0
vn 0 0 1
vt 0.58170253 0.666819811
v -260 -720 0
vn 0 0 1
vt 0.58170253 0.613970578
v -271 -720 0
vn 0 0 1
vt 0.580357134 0.613970578
f 419/419/419 418/418/418 417/417/417
v -271 -497 0
vn 0 0 1
vt 0.554916859 0.995863974
v -271 -496 0
vn 0 0 1
vt 0.554916859 0.996323526
v -260 -496 0
vn 0 0 1
vt 0.556262255 0.996323526
v -260 -605 0
vn 0 0 1
vt 0.556262255 0.946231604
v -271 -720 0
vn 0 0 1
vt 0.554916859 0.89338237
f 424/424/424 423/423/423 422/422/422 421/421/421 420/420/420
v -271 -721 0
vn 0 0 1
vt 0.830846369 0.466452181
v -271 -720 0
vn 0 0 1
vt 0.830846369 0.466911793
v -260 -720 0
vn 0 0 1
vt 0.832191765 0.466911793
v -260 -792.353271 0
vn 0 0 1
vt 0.832191765 0.433661163
v -271 -803.353271 0
vn 0 0 1
vt 0.830846369 0.428606033
f 429/429/429 428/428/428 427/427/427 426/426/426 425/425/425
v -271 -497 0
vn 0 0 1
vt 0.88368398 0.128216922
v -364 -497 0
vn 0 0 1
vt 0.872309208 0.128216922
v -364 -496 0
vn 0 0 1
vt 0.872309208 0.128676474
v -271 -496 0
vn 0 0 1
vt 0.88368398 0.128676474
f 433/433/433 432/432/432 431/431/431 430/430/430
v -363.477966 -721 0
vn 0 0 1
vt 0.0465413444 0.892922819
v -364 -721 0
vn 0 0 1
vt 0.0464774966 0.892922819
v -364 -603 0
vn 0 0 1
vt 0.0464774966 0.947150707
v -364 -497 0
vn 0 0 1
vt 0.0464774966 0.995863974
f 437/437/437 436/436/436 435/435/435 434/434/434
v -364 -816 0
vn 0 0 1
vt 0.357632101 0.827205896
v -364 -721 0
vn 0 0 1
vt 0.357632101 0.870863974
v -363.477966 -721 0
vn 0 0 1
vt 0.357695937 0.870863974
v -363 -895.353271 0
vn 0 0 1
vt 0.357754409 0.790738404
v -363.073242 -895.426514 0
vn 0 0 1
vt 0.357745439 0.790704727
v -364 -896.353271 0
vn 0 0 1
vt 0.357632101 0.790278792
f 443/443/443 442/442/442 441/441/441 440/440/440 439/439/439 438/438/438
v -271 -720 0
vn 0 0 1
vt 0.0617661439 0.89338237
v -271 -721 0
vn 0 0 1
vt 0.0617661439 0.892922819
v -363.477966 -721 0
vn 0 0 1
vt 0.0504552387 0.892922819
v -364 -497 0
vn 0 0 1
vt 0.0503913909 0.995863974
v -271 -497 0
vn 0 0 1
vt 0.0617661439 0.995863974
f 448/448/448 447/447/447 446/446/446 445/445/445 444/444/444
v -271 -721 0
vn 0 0 1
vt 0.0519814081 0.525275707
v -271 -803.353271 0
vn 0 0 1
vt 0.0519814081 0.487429559
v -287.646759 -820 0
vn 0 0 1
vt 0.0499453582 0.479779422
f 451/451/451 450/450/450 449/449/449
v -363.477966 -721 0
vn 0 0 1
vt 0.0504552387 0.76056987
v -271 -721 0
vn 0 0 1
vt 0.0617661439 0.76056987
v -287.646759 -820 0
vn 0 0 1
vt 0.0597300939 0.715073526
v -363 -895.353271 0
vn 0 0 1
vt 0.0505136997 0.680444241
v -363.073242 -895.426514 0
vn 0 0 1
vt 0.0505047403 0.680410624
v -363 -895.353271 0
vn 0 0 1
vt 0.0505136997 0.680444241
f 457/457/457 456/456/456 455/455/455 454/454/454 453/453/453 452/452/452
v -592 -496 0
vn 0 0 1
vt 0.0557729937 0.525735259
v -551 -496 0
vn 0 0 1
vt 0.0607876703 0.525735259
v -551 -603 0
vn 0 0 1
vt 0.0607876703 0.4765625
f 460/460/460 459/459/459 458/458/458
v -624 -603 0
vn 0 0 1
vt 0.0792563632 0.4765625
v -748 -603 0
vn 0 0 1
vt 0.064090021 0.4765625
v -748 -496 0
vn 0 0 1
vt 0.064090021 0.525735259
v -592 -496 0
vn 0 0 1
vt 0.0831702575 0.525735259
v -551 -603 0
vn 0 0 1
vt 0.0881849304 0.4765625
f 465/465/465 464/464/464 463/463/463 462/462/462 461/461/461
v -748 -320 0
vn 0 0 1
vt 0.835127175 0.422794104
v -748 -224 0
vn 0 0 1
vt 0.835127175 0.466911793
v -592 -320 0
vn 0 0 1
vt 0.854207456 0.422794104
f 468/468/468 467/467/467 466/466/466
v -592 -164 0
vn 0 0 1
vt 0.578277886 0.965073526
v -592 -320 0
vn 0 0 1
vt 0.578277886 0.89338237
v -748 -224 0
vn 0 0 1
vt 0.559197664 0.9375
v -748 -96 0
vn 0 0 1
vt 0.559197664 0.996323526
v -592 -96 0
vn 0 0 1
vt 0.578277886 0.996323526
f 473/473/473 472/472/472 471/471/471 470/470/470 469/469/469
v -748 0 0
vn 0 0 1
vt 0.091487281 0.518382311
v -748 16 0
vn 0 0 1
vt 0.091487281 0.525735259
v -592 0 0
vn 0 0 1
vt 0.110567518 0.518382311
v -592 -96 0
vn 0 0 1
vt 0.110567518 0.474264681
v -748 -96 0
vn 0 0 1
vt 0.091487281 0.474264681
f 478/478/478 477/477/477 476/476/476 475/475/475 474/474/474
v -600 128 0
vn 0 0 1
vt 0.602739751 0.672794104
v -592 128 0
vn 0 0 1
vt 0.603718221 0.672794104
v -592 19 0
vn 0 0 1
vt 0.603718221 0.622702241
v -592 16 0
vn 0 0 1
vt 0.603718221 0.621323526
v -592 0 0
vn 0 0 1
vt 0.603718221 0.613970578
v -748 16 0
vn 0 0 1
vt 0.58463794 0.621323526
v -748 128 0
vn 0 0 1
vt 0.58463794 0.672794104
f 485/485/485 484/484/484 483/483/483 482/482/482 481/481/481 480/480/480 479/479/479
v -592 -452 0
vn 0 0 1
vt 0.981409013 0.340073526
v -592 -479 0
vn 0 0 1
vt 0.981409013 0.327665448
v -748 -452 0
vn 0 0 1
vt 0.962328792 0.340073526
v -748 -421 0
vn 0 0 1
vt 0.962328792 0.35431987
v -592 -421 0
vn 0 0 1
vt 0.981409013 0.35431987
f 490/490/490 489/489/489 488/488/488 487/487/487 486/486/486
v -592 -388 0
vn 0 0 1
vt 0.132093936 0.494485319
v -592 -421 0
vn 0 0 1
vt 0.132093936 0.47931987
v -748 -388 0
vn 0 0 1
vt 0.1130137 0.494485319
v -748 -320 0
vn 0 0 1
vt 0.1130137 0.525735259
v -592 -320 0
vn 0 0 1
vt 0.132093936 0.525735259
f 495/495/495 494/494/494 493/493/493 492/492/492 491/491/491
v -748 -479 0
vn 0 0 1
vt 0.36154598 0.187959552
v -748 -452 0
vn 0 0 1
vt 0.36154598 0.20036763
v -592 -479 0
vn 0 0 1
vt 0.380626231 0.187959552
f 498/498/498 497/497/497 496/496/496
v -748 -421 0
vn 0 0 1
vt 0.516144812 0.251378655
v -748 -388 0
vn 0 0 1
vt 0.516144812 0.266544104
v -592 -421 0
vn 0 0 1
vt 0.535225034 0.251378655
f 501/501/501 500/500/500 499/499/499
v -592 -480 0
vn 0 0 1
vt 0.402152628 0.194852948
v -592 -496 0
vn 0 0 1
vt 0.402152628 0.1875
v -748 -496 0
vn 0 0 1
vt 0.383072406 0.1875
v -748 -480 0
vn 0 0 1
vt 0.383072406 0.194852948
v -748 -479 0
vn 0 0 1
vt 0.383072406 0.1953125
v -592 -479 0
vn 0 0 1
vt 0.402152628 0.1953125
f 507/507/507 506/506/506 505/505/505 504/504/504 503/503/503 502/502/502
v -380 -827 0
vn 0 0 1
vt 0.134540111 0.520680189
v -380 -816 0
vn 0 0 1
vt 0.134540111 0.525735259
v -364 -816 0
vn 0 0 1
vt 0.136497065 0.525735259
v -364 -896.353271 0
vn 0 0 1
vt 0.136497065 0.488808215
v -380 -912.353271 0
vn 0 0 1
vt 0.134540111 0.481455326
f 512/512/512 511/511/511 510/510/510 509/509/509 508/508/508
v -380 -816 0
vn 0 0 1
vt 0.557240725 0.253676474
v -380 -827 0
vn 0 0 1
vt 0.557240725 0.248621345
v -540 -827 0
vn 0 0 1
vt 0.537671208 0.248621345
v -540 -792 0
vn 0 0 1
vt 0.537671208 0.264705896
f 516/516/516 515/515/515 514/514/514 513/513/513
v -540 -717 0
vn 0 0 1
vt 0.580724061 0.938878655
v -540 -603 0
vn 0 0 1
vt 0.580724061 0.991268396
v -535 -603 0
vn 0 0 1
vt 0.581335604 0.991268396
v -527 -603 0
vn 0 0 1
vt 0.582314074 0.991268396
v -519 -603 0
vn 0 0 1
vt 0.583292544 0.991268396
v -511 -603 0
vn 0 0 1
vt 0.584271014 0.991268396
v -503 -603 0
vn 0 0 1
vt 0.585249484 0.991268396
v -495 -603 0
vn 0 0 1
vt 0.586228013 0.991268396
v -487 -603 0
vn 0 0 1
vt 0.587206483 0.991268396
v -479 -603 0
vn 0 0 1
vt 0.588184953 0.991268396
v -471 -603 0
vn 0 0 1
vt 0.589163423 0.991268396
v -463 -603 0
vn 0 0 1
vt 0.590141892 0.991268396
v -455 -603 0
vn 0 0 1
vt 0.591120362 0.991268396
v -447 -603 0
vn 0 0 1
vt 0.592098832 0.991268396
v -439 -603 0
vn 0 0 1
vt 0.593077302 0.991268396
v -431 -603 0
vn 0 0 1
vt 0.594055772 0.991268396
v -423 -603 0
vn 0 0 1
vt 0.595034242 0.991268396
v -415 -603 0
vn 0 0 1
vt 0.596012712 0.991268396
v -407 -603 0
vn 0 0 1
vt 0.596991181 0.991268396
v -399 -603 0
vn 0 0 1
vt 0.597969651 0.991268396
v -391 -603 0
vn 0 0 1
vt 0.598948121 0.991268396
v -380 -603 0
vn 0 0 1
vt 0.600293517 0.991268396
v -380 -816 0
vn 0 0 1
vt 0.600293517 0.89338237
v -540 -792 0
vn 0 0 1
vt 0.580724061 0.904411793
f 540/540/540 539/539/539 538/538/538 537/537/537 536/536/536 535/535/535 534/534/534 533/533/533 532/532/532 531/531/531 530/530/530 529/529/529 528/528/528 527/527/527 526/526/526 525/525/525 524/524/524 523/523/523 522/522/522 521/521/521 520/520/520 519/519/519 518/518/518 517/517/517
v -391.663116 -924.016357 0
vn 0 0 1
vt 0.158553928 0.476095438
v -540 -922.83374 0
vn 0 0 1
vt 0.14041096 0.476638913
v -540 -827 0
vn 0 0 1
vt 0.14041096 0.520680189
v -380 -827 0
vn 0 0 1
vt 0.159980431 0.520680189
v -380 -912.353271 0
vn 0 0 1
vt 0.159980431 0.481455326
f 545/545/545 544/544/544 543/543/543 542/542/542 541/541/541
v -624 -603 0
vn 0 0 1
vt 0.605675161 0.667738974
v -551 -603 0
vn 0 0 1
vt 0.614603698 0.667738974
v -624 -713 0
vn 0 0 1
vt 0.605675161 0.6171875
f 548/548/548 547/547/547 546/546/546
v -540 -717 0
vn 0 0 1
vt 0.627690792 0.615349293
v -624 -713 0
vn 0 0 1
vt 0.617416859 0.6171875
v -551 -603 0
vn 0 0 1
vt 0.626345396 0.667738974
v -543 -603 0
vn 0 0 1
vt 0.627323866 0.667738974
v -540 -603 0
vn 0 0 1
vt 0.627690792 0.667738974
f 553/553/553 552/552/552 551/551/551 550/550/550 549/549/549
v -540 -827 0
vn 0 0 1
vt 0.173679054 0.520680189
v -540 -922.83374 0
vn 0 0 1
vt 0.173679054 0.476638913
v -624 -922.164001 0
vn 0 0 1
vt 0.163405091 0.476946652
f 556/556/556 555/555/555 554/554/554
v -624 -827 0
vn 0 0 1
vt 0.0812133104 0.653033078
v -624 -788 0
vn 0 0 1
vt 0.0812133104 0.670955896
v -540 -792 0
vn 0 0 1
vt 0.091487281 0.669117689
v -540 -827 0
vn 0 0 1
vt 0.091487281 0.653033078
v -624 -922.164001 0
vn 0 0 1
vt 0.0812133104 0.60929966
f 561/561/561 560/560/560 559/559/559 558/558/558 557/557/557
v -748 -603 0
vn 0 0 1
vt 0.631604671 0.667738974
v -624 -603 0
vn 0 0 1
vt 0.646771014 0.667738974
v -624 -713 0
vn 0 0 1
vt 0.646771014 0.6171875
f 564/564/564 563/563/563 562/562/562
v -748 -827 0
vn 0 0 1
vt 0.0660469681 0.888327181
v -748 -603 0
vn 0 0 1
vt 0.0660469681 0.991268396
v -624 -713 0
vn 0 0 1
vt 0.0812133104 0.940716922
v -624 -788 0
vn 0 0 1
vt 0.0812133104 0.90625
v -624 -827 0
vn 0 0 1
vt 0.0812133104 0.888327181
f 569/569/569 568/568/568 567/567/567 566/566/566 565/565/565
v -624 -827 0
vn 0 0 1
vt 0.19275929 0.520680189
v -624 -922.164001 0
vn 0 0 1
vt 0.19275929 0.476946652
v -748 -921.175415 0
vn 0 0 1
vt 0.177592948 0.477401018
v -748 -827 0
vn 0 0 1
vt 0.177592948 0.520680189
f 573/573/573 572/572/572 571/571/571 570/570/570
v 39.804039 -626.078186 0
vn 0 0 1
vt 0.407021046 0.193897903
v 29.0782108 -636.804016 0
vn 0 0 1
vt 0.405709177 0.188968778
v 29.0782108 -617.540833 0
vn 0 0 1
vt 0.405709177 0.197821319
v 29.0782108 -615.568542 0
vn 0 0 1
vt 0.405709177 0.198727667
v 29.0782108 -615.352356 0
vn 0 0 1
vt 0.405709177 0.198827088
f 578/578/578 577/577/577 576/576/576 575/575/575 574/574/574
v 28.1205692 -615.595093 0
vn 0 0 1
vt 0.888957977 0.125186086
v 29.0782108 -615.568542 0
vn 0 0 1
vt 0.8890751 0.125198245
v 29.0782108 -617.540833 0
vn 0 0 1
vt 0.8890751 0.124291897
v 28.0782108 -617.568542 0
vn 0 0 1
vt 0.888952792 0.124279141
f 582/582/582 581/581/581 580/580/580 579/579/579
v 16.6326618 -625.1474 0
vn 0 0 1
vt 0.410057813 0.194325626
v 16.7645016 -617.882263 0
vn 0 0 1
vt 0.410073936 0.19766438
v 28.0782108 -617.568542 0
vn 0 0 1
vt 0.411457688 0.197808564
v 29.0782108 -617.540833 0
vn 0 0 1
vt 0.411579996 0.197821319
v 29.0782108 -636.804016 0
vn 0 0 1
vt 0.411579996 0.188968778
v 28.6837654 -637.198486 0
vn 0 0 1
vt 0.411531776 0.18878746
f 588/588/588 587/587/587 586/586/586 585/585/585 584/584/584 583/583/583
v -38.0807343 -570.43396 0
vn 0 0 1
vt 0.111780733 0.351822615
v 16.7645016 -617.882263 0
vn 0 0 1
vt 0.118488811 0.330017328
v 16.6326618 -625.1474 0
vn 0 0 1
vt 0.118472688 0.326678574
f 591/591/591 590/590/590 589/589/589
v 17.4040585 -582.639038 0
vn 0 0 1
vt 0.202715755 0.493272483
v 16.7645016 -617.882263 0
vn 0 0 1
vt 0.202637538 0.477076113
v -38.0807343 -570.43396 0
vn 0 0 1
vt 0.195929468 0.498881459
v 8.35324669 -524 0
vn 0 0 1
vt 0.201608762 0.520220578
v 18.6551228 -513.69812 0
vn 0 0 1
vt 0.202868775 0.524954915
f 596/596/596 595/595/595 594/594/594 593/593/593 592/592/592
v 29.9081173 -638.422852 0
vn 0 0 1
vt 0.893090546 0.122048318
v 28.6837654 -637.198486 0
vn 0 0 1
vt 0.89294076 0.122610986
v 29.0782108 -636.804016 0
vn 0 0 1
vt 0.89298898 0.122792304
f 599/599/599 598/598/598 597/597/597
v 35.5649719 -632.765991 0
vn 0 0 1
vt 0.897696316 0.124647975
v 29.9081173 -638.422852 0
vn 0 0 1
vt 0.897004426 0.122048318
v 29.0782108 -636.804016 0
vn 0 0 1
vt 0.896902919 0.122792304
v 39.804039 -626.078186 0
vn 0 0 1
vt 0.898214817 0.127721429
v 41.0283928 -627.302551 0
vn 0 0 1
vt 0.898364544 0.127158761
f 604/604/604 603/603/603 602/602/602 601/601/601 600/600/600
v 69.5060959 -700.648254 0
vn 0 0 1
vt 0.218873054 0.519922733
v 108 -716.514709 0
vn 0 0 1
vt 0.22358121 0.512631178
v 108 -791 0
vn 0 0 1
vt 0.22358121 0.478400707
v 9 -791 0
vn 0 0 1
vt 0.211472601 0.478400707
v -20 -790.154358 0
vn 0 0 1
vt 0.207925633 0.478789389
f 609/609/609 608/608/608 607/607/607 606/606/606 605/605/605
v -18 -791 0
vn 0 0 1
vt 0.90288651 0.125459552
v -20.8456707 -791 0
vn 0 0 1
vt 0.902538419 0.125459552
v -20 -790.154358 0
vn 0 0 1
vt 0.902641892 0.125848234
v 9 -791 0
vn 0 0 1
vt 0.906188846 0.125459552
f 613/613/613 612/612/612 611/611/611 610/610/610
v 106.988129 -693.262268 0
vn 0 0 1
vt 0.565923214 0.258611143
v 107.327324 -693.601501 0
vn 0 0 1
vt 0.565964699 0.258455157
v 108 -705.731262 0
vn 0 0 1
vt 0.566046953 0.252880871
v 108 -716.514709 0
vn 0 0 1
vt 0.566046953 0.247925282
v 69.5060959 -700.648254 0
vn 0 0 1
vt 0.561338782 0.255216837
v 75.1629486 -694.991394 0
vn 0 0 1
vt 0.562030733 0.257816434
v 80.819809 -689.334534 0
vn 0 0 1
vt 0.562722564 0.26041615
v 86.4766617 -683.677673 0
vn 0 0 1
vt 0.563414454 0.263015747
v 91.9400787 -678.214233 0
vn 0 0 1
vt 0.564082682 0.265526533
f 622/622/622 621/621/621 620/620/620 619/619/619 618/618/618 617/617/617 616/616/616 615/615/615 614/614/614
v 28.6837654 -637.198486 0
vn 0 0 1
vt 0.415445685 0.196140409
v 29.9081173 -638.422852 0
vn 0 0 1
vt 0.415595412 0.195577741
v 24.2512627 -644.079712 0
vn 0 0 1
vt 0.414903522 0.192978084
v 18.594408 -649.736572 0
vn 0 0 1
vt 0.414211661 0.190378428
f 626/626/626 625/625/625 624/624/624 623/623/623
v -20 -611.142151 0
vn 0 0 1
vt 0.988747537 0.333114862
v -49.3944435 -581.747681 0
vn 0 0 1
vt 0.985152304 0.346623302
v -38.0807343 -570.43396 0
vn 0 0 1
vt 0.986536145 0.351822615
f 629/629/629 628/628/628 627/627/627
v 16.6326618 -625.1474 0
vn 0 0 1
vt 0.864069581 0.436972678
v 28.6837654 -637.198486 0
vn 0 0 1
vt 0.865543485 0.431434512
v 18.594408 -649.736572 0
vn 0 0 1
vt 0.86430949 0.425672531
v -20 -611.142151 0
vn 0 0 1
vt 0.85958904 0.443408966
v -38.0807343 -570.43396 0
vn 0 0 1
vt 0.857377648 0.462116718
f 634/634/634 633/633/633 632/632/632 631/631/631 630/630/630
v -244 -791 0
vn 0 0 1
vt 0.123776905 0.323988974
v -244 -776.353271 0
vn 0 0 1
vt 0.123776905 0.330720007
v -187.646759 -720 0
vn 0 0 1
vt 0.13066943 0.35661763
f 637/637/637 636/636/636 635/635/635
v -152 -684.353271 0
vn 0 0 1
vt 0.616438329 0.946528852
v -49.3944435 -581.747681 0
vn 0 0 1
vt 0.628987968 0.993682146
v -20 -611.142151 0
vn 0 0 1
vt 0.632583141 0.980173647
v -20 -790.154358 0
vn 0 0 1
vt 0.632583141 0.897907019
v -20.8456707 -791 0
vn 0 0 1
vt 0.632479727 0.897518396
v -244 -791 0
vn 0 0 1
vt 0.605185926 0.897518396
v -187.646759 -720 0
vn 0 0 1
vt 0.612078428 0.930147052
f 644/644/644 643/643/643 642/642/642 641/641/641 640/640/640 639/639/639 638/638/638
v 18.594408 -649.736572 0
vn 0 0 1
vt 0.367244929 0.852143109
v 69.5060959 -700.648254 0
vn 0 0 1
vt 0.373471886 0.8287462
v -20 -790.154358 0
vn 0 0 1
vt 0.36252445 0.787612915
v -20 -611.142151 0
vn 0 0 1
vt 0.36252445 0.869879544
f 648/648/648 647/647/647 646/646/646 645/645/645
v 85 -820 0
vn 0 0 1
vt 0.57888943 0.251838207
v 9 -820 0
vn 0 0 1
vt 0.569593906 0.251838207
v 9 -791 0
vn 0 0 1
vt 0.569593906 0.265165448
v 108 -791 0
vn 0 0 1
vt 0.58170253 0.265165448
v 108 -820 0
vn 0 0 1
vt 0.58170253 0.251838207
f 653/653/653 652/652/652 651/651/651 650/650/650 649/649/649
v -20.8456707 -791 0
vn 0 0 1
vt 0.585512996 0.265165448
v -18 -791 0
vn 0 0 1
vt 0.585861027 0.265165448
v -18 -820 0
vn 0 0 1
vt 0.585861027 0.251838207
f 656/656/656 655/655/655 654/654/654
v -139 -820 0
vn 0 0 1
vt 0.602372825 0.251838207
v -244 -820 0
vn 0 0 1
vt 0.589530349 0.251838207
v -244 -791 0
vn 0 0 1
vt 0.589530349 0.265165448
v -20.8456707 -791 0
vn 0 0 1
vt 0.61682415 0.265165448
v -18 -820 0
vn 0 0 1
vt 0.617172182 0.251838207
f 661/661/661 660/660/660 659/659/659 658/658/658 657/657/657
v -271 -803.353271 0
vn 0 0 1
vt 0.621453047 0.259488404
v -260 -792.353271 0
vn 0 0 1
vt 0.622798443 0.264543533
v -260 -820 0
vn 0 0 1
vt 0.622798443 0.251838207
v -287.646759 -820 0
vn 0 0 1
vt 0.619416952 0.251838207
f 665/665/665 664/664/664 663/663/663 662/662/662
v 9 -820 0
vn 0 0 1
vt 0.227128178 0.523897052
v 85 -820 0
vn 0 0 1
vt 0.236423686 0.523897052
v 85 -927.81665 0
vn 0 0 1
vt 0.236423686 0.474348962
f 668/668/668 667/667/667 666/666/666
v -20 -926.979492 0
vn 0 0 1
vt 0.254892379 0.47473371
v -139 -926.030762 0
vn 0 0 1
vt 0.24033758 0.475169659
v -139 -820 0
vn 0 0 1
vt 0.24033758 0.523897052
v -18 -820 0
vn 0 0 1
vt 0.255136997 0.523897052
v 9 -820 0
vn 0 0 1
vt 0.258439332 0.523897052
v 85 -927.81665 0
vn 0 0 1
vt 0.267734826 0.474348962
f 674/674/674 673/673/673 672/672/672 671/671/671 670/670/670 669/669/669
v -363 -924.244873 0
vn 0 0 1
vt 0.625856161 0.248049259
v -363.073242 -895.426514 0
vn 0 0 1
vt 0.62584722 0.261292934
v -363 -895.353271 0
vn 0 0 1
vt 0.625856161 0.261326611
f 677/677/677 676/676/676 675/675/675
v -244 -925.193604 0
vn 0 0 1
vt 0.286203533 0.475554407
v -363 -924.244873 0
vn 0 0 1
vt 0.271648735 0.475990415
v -363 -895.353271 0
vn 0 0 1
vt 0.271648735 0.489267826
v -287.646759 -820 0
vn 0 0 1
vt 0.280865133 0.523897052
v -260 -820 0
vn 0 0 1
vt 0.284246564 0.523897052
v -244 -820 0
vn 0 0 1
vt 0.286203533 0.523897052
v -139 -820 0
vn 0 0 1
vt 0.29904598 0.523897052
v -139 -926.030762 0
vn 0 0 1
vt 0.29904598 0.475169659
f 685/685/685 684/684/684 683/683/683 682/682/682 681/681/681 680/680/680 679/679/679 678/678/678
v 108 -820 0
vn 0 0 1
vt 0.30577299 0.523897052
v 108 -928 0
vn 0 0 1
vt 0.30577299 0.474264681
v 85 -927.81665 0
vn 0 0 1
vt 0.302959889 0.474348962
v 85 -820 0
vn 0 0 1
vt 0.302959889 0.523897052
f 689/689/689 688/688/688 687/687/687 686/686/686
v -363 -924.244873 0
vn 0 0 1
vt 0.63368398 0.248049259
v -391.663116 -924.016357 0
vn 0 0 1
vt 0.630178213 0.248154223
v -380 -912.353271 0
vn 0 0 1
vt 0.631604671 0.253514111
v -364 -896.353271 0
vn 0 0 1
vt 0.633561671 0.260867059
v -363.073242 -895.426514 0
vn 0 0 1
vt 0.633674979 0.261292934
v -363 -895.353271 0
vn 0 0 1
vt 0.63368398 0.261326611
v -363.073242 -895.426514 0
vn 0 0 1
vt 0.633674979 0.261292934
f 696/696/696 695/695/695 694/694/694 693/693/693 692/692/692 691/691/691 690/690/690
v 121 -388 128
vn 0 1 0
vt 0.909858108 0.125
v 128 -388 128
vn 0 1 0
vt 0.909001946 0.125
v 128 -388 124
vn 0 1 0
vt 0.909001946 0.123161793
v 121 -388 124
vn 0 1 0
vt 0.909858108 0.123161793
f 700/700/700 699/699/699 698/698/698 697/697/697
v -8 -388 128
vn 0 1 0
vt 0.420743644 0.1875
v -8 -388 156
vn 0 1 0
vt 0.420743644 0.20036763
v 8 -388 156
vn 0 1 0
vt 0.418786705 0.20036763
v 8 -388 128
vn 0 1 0
vt 0.418786705 0.1875
f 704/704/704 703/703/703 702/702/702 701/701/701
v 8 -388 92
vn 0 1 0
vt 0.645792544 0.248161793
v 8 -388 124
vn 0 1 0
vt 0.645792544 0.26286763
v 29 -388 124
vn 0 1 0
vt 0.643224061 0.26286763
v 68.6690445 -388 124
vn 0 1 0
vt 0.638372183 0.26286763
f 708/708/708 707/707/707 706/706/706 705/705/705
v 128 -388 92
vn 0 1 0
vt 0.648728013 0.248161793
v 8 -388 92
vn 0 1 0
vt 0.663405061 0.248161793
v 68.6690445 -388 124
vn 0 1 0
vt 0.6559847 0.26286763
v 107.798988 -388 124
vn 0 1 0
vt 0.651198745 0.26286763
v 121 -388 124
vn 0 1 0
vt 0.649584174 0.26286763
v 128 -388 124
vn 0 1 0
vt 0.648728013 0.26286763
f 714/714/714 713/713/713 712/712/712 711/711/711 710/710/710 709/709/709
v 8 -388 92
vn 0 1 0
vt 0.649706483 0.65625
v 8 -388 0
vn 0 1 0
vt 0.649706483 0.613970578
v -8 -388 0
vn 0 1 0
vt 0.651663423 0.613970578
v -8 -388 124
vn 0 1 0
vt 0.651663423 0.670955896
v 8 -388 124
vn 0 1 0
vt 0.649706483 0.670955896
f 719/719/719 718/718/718 717/717/717 716/716/716 715/715/715
v -152 -388 132
vn 0 1 0
vt 0.916829765 0.123161793
v -120 -388 132
vn 0 1 0
vt 0.912915826 0.123161793
v -120 -388 128
vn 0 1 0
vt 0.912915826 0.121323526
v -152 -388 128
vn 0 1 0
vt 0.916829765 0.121323526
f 723/723/723 722/722/722 721/721/721 720/720/720
v -8 -388 156
vn 0 1 0
vt 0.423679054 0.20036763
v -8 -388 128
vn 0 1 0
vt 0.423679054 0.1875
v -33.1543274 -388 128
vn 0 1 0
vt 0.426755667 0.1875
f 726/726/726 725/725/725 724/724/724
v -40.1177483 -388 128
vn 0 1 0
vt 0.433478177 0.1875
v -120 -388 128
vn 0 1 0
vt 0.44324854 0.1875
v -120 -388 132
vn 0 1 0
vt 0.44324854 0.189338207
v -120 -388 156
vn 0 1 0
vt 0.44324854 0.20036763
v -8 -388 156
vn 0 1 0
vt 0.429549903 0.20036763
v -33.1543274 -388 128
vn 0 1 0
vt 0.432626516 0.1875
f 732/732/732 731/731/731 730/730/730 729/729/729 728/728/728 727/727/727
v -120 -388 0
vn 0 1 0
vt 0.66634053 0.246323526
v -152 -388 0
vn 0 1 0
vt 0.670254409 0.246323526
v -152 -388 44
vn 0 1 0
vt 0.670254409 0.266544104
f 735/735/735 734/734/734 733/733/733
v -152 -388 80
vn 0 1 0
vt 0.658512712 0.650735259
v -152 -388 124
vn 0 1 0
vt 0.658512712 0.670955896
v -120 -388 124
vn 0 1 0
vt 0.654598832 0.670955896
v -120 -388 0
vn 0 1 0
vt 0.654598832 0.613970578
v -152 -388 44
vn 0 1 0
vt 0.658512712 0.634191155
f 740/740/740 739/739/739 738/738/738 737/737/737 736/736/736
v -31.1543293 -388 0
vn 0 1 0
vt 0.663301647 0.613970578
v -40.1177483 -388 124
vn 0 1 0
vt 0.664397955 0.670955896
v -33.1543274 -388 124
vn 0 1 0
vt 0.663546264 0.670955896
v -8 -388 124
vn 0 1 0
vt 0.660469651 0.670955896
v -8 -388 0
vn 0 1 0
vt 0.660469651 0.613970578
f 745/745/745 744/744/744 743/743/743 742/742/742 741/741/741
v -100 -388 0
vn 0 1 0
vt 0.677592933 0.613970578
v -120 -388 0
vn 0 1 0
vt 0.680039167 0.613970578
v -120 -388 124
vn 0 1 0
vt 0.680039167 0.670955896
v -91.2444458 -388 124
vn 0 1 0
vt 0.676522076 0.670955896
v -40.1177483 -388 124
vn 0 1 0
vt 0.670268774 0.670955896
v -31.1543293 -388 0
vn 0 1 0
vt 0.669172466 0.613970578
f 751/751/751 750/750/750 749/749/749 748/748/748 747/747/747 746/746/746
v -264 -388 132
vn 0 1 0
vt 0.922700584 0.123161793
v -232 -388 132
vn 0 1 0
vt 0.918786705 0.123161793
v -232 -388 128
vn 0 1 0
vt 0.918786705 0.121323526
v -264 -388 128
vn 0 1 0
vt 0.922700584 0.121323526
f 755/755/755 754/754/754 753/753/753 752/752/752
v -232 -388 132
vn 0 1 0
vt 0.924657524 0.126838207
v -152 -388 132
vn 0 1 0
vt 0.934442282 0.126838207
v -152 -388 128
vn 0 1 0
vt 0.934442282 0.128676474
v -232 -388 128
vn 0 1 0
vt 0.924657524 0.128676474
f 759/759/759 758/758/758 757/757/757 756/756/756
v -264 -388 124
vn 0 1 0
vt 0.681996107 0.670955896
v -264 -388 0
vn 0 1 0
vt 0.681996107 0.613970578
v -324 -388 0
vn 0 1 0
vt 0.689334631 0.613970578
v -324 -388 124
vn 0 1 0
vt 0.689334631 0.670955896
f 763/763/763 762/762/762 761/761/761 760/760/760
v -264 -388 124
vn 0 1 0
vt 0.13796477 0.354779422
v -232 -388 124
vn 0 1 0
vt 0.134050876 0.354779422
v -232 -388 80
vn 0 1 0
vt 0.134050876 0.334558845
v -232 -388 52
vn 0 1 0
vt 0.134050876 0.321691155
f 767/767/767 766/766/766 765/765/765 764/764/764
v -264 -388 0
vn 0 1 0
vt 0.695694745 0.613970578
v -264 -388 124
vn 0 1 0
vt 0.695694745 0.670955896
v -232 -388 52
vn 0 1 0
vt 0.691780806 0.637867689
v -232 -388 44
vn 0 1 0
vt 0.691780806 0.634191155
v -232 -388 0
vn 0 1 0
vt 0.691780806 0.613970578
f 772/772/772 771/771/771 770/770/770 769/769/769 768/768/768
v -232 -388 80
vn 0 1 0
vt 0.44520548 0.202205896
v -208 -388 76
vn 0 1 0
vt 0.448140889 0.20036763
v -216 -388 68
vn 0 1 0
vt 0.44716242 0.196691155
v -224 -388 60
vn 0 1 0
vt 0.44618395 0.193014681
v -232 -388 52
vn 0 1 0
vt 0.44520548 0.189338207
f 777/777/777 776/776/776 775/775/775 774/774/774 773/773/773
v -232 -388 44
vn 0 1 0
vt 0.451076329 0.193014681
v -232 -388 52
vn 0 1 0
vt 0.451076329 0.196691155
v -224 -388 60
vn 0 1 0
vt 0.452054799 0.20036763
f 780/780/780 779/779/779 778/778/778
v -196 -388 80
vn 0 1 0
vt 0.937866926 0.128676474
v -208 -388 76
vn 0 1 0
vt 0.939334631 0.126838207
v -232 -388 80
vn 0 1 0
vt 0.942270041 0.128676474
f 783/783/783 782/782/782 781/781/781
v -152 -388 80
vn 0 1 0
vt 0.454990208 0.202205896
v -160 -388 60
vn 0 1 0
vt 0.455968678 0.193014681
v -168 -388 68
vn 0 1 0
vt 0.456947148 0.196691155
v -176 -388 76
vn 0 1 0
vt 0.457925647 0.20036763
f 787/787/787 786/786/786 785/785/785 784/784/784
v -152 -388 80
vn 0 1 0
vt 0.94422698 0.128676474
v -176 -388 76
vn 0 1 0
vt 0.947162449 0.126838207
v -188 -388 80
vn 0 1 0
vt 0.948630154 0.128676474
f 790/790/790 789/789/789 788/788/788
v -160 -388 60
vn 0 1 0
vt 0.673189819 0.259191155
v -152 -388 80
vn 0 1 0
vt 0.672211349 0.26838237
v -152 -388 44
vn 0 1 0
vt 0.672211349 0.251838207
f 793/793/793 792/792/792 791/791/791
v -152 -388 124
vn 0 1 0
vt 0.681996107 0.248161793
v -152 -388 80
vn 0 1 0
vt 0.681996107 0.26838237
v -188 -388 80
vn 0 1 0
vt 0.677592933 0.26838237
f 796/796/796 795/795/795 794/794/794
v -196 -388 80
vn 0 1 0
vt 0.688356161 0.26838237
v -232 -388 80
vn 0 1 0
vt 0.683953047 0.26838237
v -232 -388 124
vn 0 1 0
vt 0.683953047 0.248161793
v -152 -388 124
vn 0 1 0
vt 0.693737745 0.248161793
v -188 -388 80
vn 0 1 0
vt 0.689334631 0.26838237
f 801/801/801 800/800/800 799/799/799 798/798/798 797/797/797
v -376 -388 128
vn 0 1 0
vt 0.462817997 0.1875
v -376 -388 156
vn 0 1 0
vt 0.462817997 0.20036763
v -364 -388 128
vn 0 1 0
vt 0.461350292 0.1875
f 804/804/804 803/803/803 802/802/802
v -324 -388 128
vn 0 1 0
vt 0.47211349 0.1875
v -364 -388 128
vn 0 1 0
vt 0.477005869 0.1875
v -376 -388 156
vn 0 1 0
vt 0.478473574 0.20036763
v -264 -388 156
vn 0 1 0
vt 0.464774936 0.20036763
v -264 -388 132
vn 0 1 0
vt 0.464774936 0.189338207
v -264 -388 128
vn 0 1 0
vt 0.464774936 0.1875
f 810/810/810 809/809/809 808/808/808 807/807/807 806/806/806 805/805/805
v 128 0 68
vn 0 1 0
vt 0.959882557 0.123161793
v 72 0 68
vn 0 1 0
vt 0.953033268 0.123161793
v 72 0 64
vn 0 1 0
vt 0.953033268 0.121323526
v 128 0 64
vn 0 1 0
vt 0.959882557 0.121323526
f 814/814/814 813/813/813 812/812/812 811/811/811
v 8 0 76
vn 0 1 0
vt 0.698630154 0.648897052
v 8 0 128
vn 0 1 0
vt 0.698630154 0.672794104
v 0 0 128
vn 0 1 0
vt 0.697651684 0.672794104
v 0 0 0
vn 0 1 0
vt 0.697651684 0.613970578
v 8 0 0
vn 0 1 0
vt 0.698630154 0.613970578
f 819/819/819 818/818/818 817/817/817 816/816/816 815/815/815
v -328 0 208
vn 0 1 0
vt 0.994129181 0.327205896
v -344 0 208
vn 0 1 0
vt 0.992172182 0.327205896
v -328 0 227.199997
vn 0 1 0
vt 0.994129181 0.33602941
v -304 0 256
vn 0 1 0
vt 0.99706459 0.349264681
v -288 0 272
vn 0 1 0
vt 0.99902153 0.35661763
f 824/824/824 823/823/823 822/822/822 821/821/821 820/820/820
v -248 0 208
vn 0 1 0
vt 0.00587084144 0.275735319
v -288 0 272
vn 0 1 0
vt 0.000978473574 0.305147052
v -272 0 256
vn 0 1 0
vt 0.00293542072 0.297794104
v -248 0 227.199997
vn 0 1 0
vt 0.00587084144 0.284558773
v -232 0 208
vn 0 1 0
vt 0.00782778859 0.275735319
f 829/829/829 828/828/828 827/827/827 826/826/826 825/825/825
v -120 0 208
vn 0 1 0
vt 0.481409013 0.1875
v -136 0 208
vn 0 1 0
vt 0.483365953 0.1875
v -120 0 227.199997
vn 0 1 0
vt 0.481409013 0.196323514
f 832/832/832 831/831/831 830/830/830
v -112 0 220.800003
vn 0 1 0
vt 0.0146771036 0.281617641
v -120 0 208
vn 0 1 0
vt 0.0156555772 0.275735319
v -120 0 227.199997
vn 0 1 0
vt 0.0156555772 0.284558773
v -112 0 236.800003
vn 0 1 0
vt 0.0146771036 0.28897059
v -96 0 256
vn 0 1 0
vt 0.0127201565 0.297794104
v -80 0 272
vn 0 1 0
vt 0.0107632093 0.305147052
f 838/838/838 837/837/837 836/836/836 835/835/835 834/834/834 833/833/833
v -40 0 208
vn 0 1 0
vt 0.0215264186 0.275735319
v -80 0 272
vn 0 1 0
vt 0.0264187865 0.305147052
v -64 0 256
vn 0 1 0
vt 0.0244618393 0.297794104
v -40 0 227.199997
vn 0 1 0
vt 0.0215264186 0.284558773
v -24 0 208
vn 0 1 0
vt 0.0195694715 0.275735319
f 843/843/843 842/842/842 841/841/841 840/840/840 839/839/839
v -24 0 152
vn 0 1 0
vt 0.696673214 0.25
v -24 0 184
vn 0 1 0
vt 0.696673214 0.264705896
v -16 0 152
vn 0 1 0
vt 0.697651684 0.25
f 846/846/846 845/845/845 844/844/844
v -8 0 152
vn 0 1 0
vt 0.702544034 0.25
v -16 0 152
vn 0 1 0
vt 0.701565564 0.25
v -24 0 184
vn 0 1 0
vt 0.700587094 0.264705896
v 8 0 184
vn 0 1 0
vt 0.704500973 0.264705896
v 8 0 152
vn 0 1 0
vt 0.704500973 0.25
f 851/851/851 850/850/850 849/849/849 848/848/848 847/847/847
v -352 0 128
vn 0 1 0
vt 0.488258302 0.202205896
v -336 0 128
vn 0 1 0
vt 0.486301363 0.202205896
v -336 0 96
vn 0 1 0
vt 0.486301363 0.1875
f 854/854/854 853/853/853 852/852/852
v -336 0 60
vn 0 1 0
vt 0.701565564 0.641544104
v -336 0 0
vn 0 1 0
vt 0.701565564 0.613970578
v -352 0 0
vn 0 1 0
vt 0.703522503 0.613970578
v -352 0 128
vn 0 1 0
vt 0.703522503 0.672794104
v -336 0 96
vn 0 1 0
vt 0.701565564 0.658088207
f 859/859/859 858/858/858 857/857/857 856/856/856 855/855/855
v -336 0 96
vn 0 1 0
vt 0.707436383 0.26838237
v -319.384613 0 93.2307663
vn 0 1 0
vt 0.709468603 0.267109692
v -328 0 76
vn 0 1 0
vt 0.708414853 0.259191155
v -336 0 60
vn 0 1 0
vt 0.707436383 0.251838207
f 863/863/863 862/862/862 861/861/861 860/860/860
v -319.384613 0 93.2307663
vn 0 1 0
vt 0.492247492 0.200933218
v -312 0 92
vn 0 1 0
vt 0.493150681 0.20036763
v -320 0 84
vn 0 1 0
vt 0.492172211 0.196691155
v -328 0 76
vn 0 1 0
vt 0.491193742 0.193014681
f 867/867/867 866/866/866 865/865/865 864/864/864
v -300 0 96
vn 0 1 0
vt 0.963307261 0.128676474
v -312 0 92
vn 0 1 0
vt 0.964774966 0.126838207
v -319.384613 0 93.2307663
vn 0 1 0
vt 0.965678155 0.127403796
v -336 0 96
vn 0 1 0
vt 0.967710376 0.128676474
f 871/871/871 870/870/870 869/869/869 868/868/868
v -272.615387 0 93.2307663
vn 0 1 0
vt 0.498118341 0.200933218
v -264 0 76
vn 0 1 0
vt 0.49706459 0.193014681
v -272 0 84
vn 0 1 0
vt 0.49804306 0.196691155
v -280 0 92
vn 0 1 0
vt 0.49902153 0.20036763
f 875/875/875 874/874/874 873/873/873 872/872/872
v -256 0 96
vn 0 1 0
vt 0.713307261 0.26838237
v -256 0 60
vn 0 1 0
vt 0.713307261 0.251838207
v -264 0 76
vn 0 1 0
vt 0.714285731 0.259191155
v -272.615387 0 93.2307663
vn 0 1 0
vt 0.715339422 0.267109692
f 879/879/879 878/878/878 877/877/877 876/876/876
v -272.615387 0 93.2307663
vn 0 1 0
vt 0.971699536 0.127403796
v -280 0 92
vn 0 1 0
vt 0.972602725 0.126838207
v -292 0 96
vn 0 1 0
vt 0.97407043 0.128676474
v -256 0 96
vn 0 1 0
vt 0.969667315 0.128676474
f 883/883/883 882/882/882 881/881/881 880/880/880
v -256 0 128
vn 0 1 0
vt 0.50195694 0.202205896
v -256 0 96
vn 0 1 0
vt 0.50195694 0.1875
v -292 0 96
vn 0 1 0
vt 0.506360054 0.1875
f 886/886/886 885/885/885 884/884/884
v -300 0 96
vn 0 1 0
vt 0.515166342 0.1875
v -336 0 96
vn 0 1 0
vt 0.519569457 0.1875
v -336 0 128
vn 0 1 0
vt 0.519569457 0.202205896
v -256 0 128
vn 0 1 0
vt 0.509784758 0.202205896
v -292 0 96
vn 0 1 0
vt 0.514187872 0.1875
f 891/891/891 890/890/890 889/889/889 888/888/888 887/887/887
v -224 0 96
vn 0 1 0
vt 0.0283757336 0.290441155
v -224 0 68
vn 0 1 0
vt 0.0283757336 0.277573526
v -256 0 96
vn 0 1 0
vt 0.0322896279 0.290441155
v -256 0 128
vn 0 1 0
vt 0.0322896279 0.305147052
v -224 0 128
vn 0 1 0
vt 0.0283757336 0.305147052
f 896/896/896 895/895/895 894/894/894 893/893/893 892/892/892
v -256 0 60
vn 0 1 0
vt 0.871819973 0.45036763
v -256 0 96
vn 0 1 0
vt 0.871819973 0.466911793
v -224 0 68
vn 0 1 0
vt 0.867906094 0.454044104
v -224 0 60
vn 0 1 0
vt 0.867906094 0.45036763
v -224 0 0
vn 0 1 0
vt 0.867906094 0.422794104
v -256 0 0
vn 0 1 0
vt 0.871819973 0.422794104
f 902/902/902 901/901/901 900/900/900 899/899/899 898/898/898 897/897/897
v -224 0 96
vn 0 1 0
vt 0.521526396 0.202205896
v -200 0 92
vn 0 1 0
vt 0.524461865 0.20036763
v -208 0 84
vn 0 1 0
vt 0.523483396 0.196691155
v -216 0 76
vn 0 1 0
vt 0.522504866 0.193014681
v -224 0 68
vn 0 1 0
vt 0.521526396 0.189338207
f 907/907/907 906/906/906 905/905/905 904/904/904 903/903/903
v -224 0 60
vn 0 1 0
vt 0.527397275 0.193014681
v -224 0 68
vn 0 1 0
vt 0.527397275 0.196691155
v -216 0 76
vn 0 1 0
vt 0.528375745 0.20036763
f 910/910/910 909/909/909 908/908/908
v -158.399994 0 88.8000031
vn 0 1 0
vt 0.533072412 0.198897064
v -152 0 76
vn 0 1 0
vt 0.532289624 0.193014681
v -160 0 84
vn 0 1 0
vt 0.533268094 0.196691155
v -168 0 92
vn 0 1 0
vt 0.534246564 0.20036763
f 914/914/914 913/913/913 912/912/912 911/911/911
v -144 0 84
vn 0 1 0
vt 0.719178081 0.26286763
v -144 0 60
vn 0 1 0
vt 0.719178081 0.251838207
v -152 0 76
vn 0 1 0
vt 0.72015655 0.259191155
v -158.399994 0 88.8000031
vn 0 1 0
vt 0.720939338 0.265073538
f 918/918/918 917/917/917 916/916/916 915/915/915
v -144 0 96
vn 0 1 0
vt 0.977495134 0.128676474
v -144 0 84
vn 0 1 0
vt 0.977495134 0.123161793
v -158.399994 0 88.8000031
vn 0 1 0
vt 0.979256332 0.125367641
v -168 0 92
vn 0 1 0
vt 0.980430543 0.126838207
v -180 0 96
vn 0 1 0
vt 0.981898248 0.128676474
f 923/923/923 922/922/922 921/921/921 920/920/920 919/919/919
v -188 0 96
vn 0 1 0
vt 0.986790597 0.128676474
v -200 0 92
vn 0 1 0
vt 0.988258302 0.126838207
v -224 0 96
vn 0 1 0
vt 0.991193712 0.128676474
f 926/926/926 925/925/925 924/924/924
v -144 0 96
vn 0 1 0
vt 0.99706459 0.128676474
v -112 0 96
vn 0 1 0
vt 0.993150711 0.128676474
v -144 0 84
vn 0 1 0
vt 0.99706459 0.123161793
f 929/929/929 928/928/928 927/927/927
v -128 0 0
vn 0 1 0
vt 0.0342465751 0.275735319
v -144 0 0
vn 0 1 0
vt 0.0362035222 0.275735319
v -144 0 60
vn 0 1 0
vt 0.0362035222 0.303308845
f 932/932/932 931/931/931 930/930/930
v -112 0 60
vn 0 1 0
vt 0.873776913 0.45036763
v -112 0 0
vn 0 1 0
vt 0.873776913 0.422794104
v -128 0 0
vn 0 1 0
vt 0.875733852 0.422794104
v -144 0 60
vn 0 1 0
vt 0.877690792 0.45036763
v -144 0 84
vn 0 1 0
vt 0.877690792 0.461397052
v -112 0 96
vn 0 1 0
vt 0.873776913 0.466911793
f 938/938/938 937/937/937 936/936/936 935/935/935 934/934/934 933/933/933
v -344 0 152
vn 0 1 0
vt 0.00195694715 0.102941155
v -344 0 144
vn 0 1 0
vt 0.00195694715 0.0992646813
v -352 0 144
vn 0 1 0
vt 0.00293542072 0.0992646813
v -352 0 152
vn 0 1 0
vt 0.00293542072 0.102941155
f 942/942/942 941/941/941 940/940/940 939/939/939
v -328 0 144
vn 0 1 0
vt 0.00782778859 0.0992646813
v -344 0 144
vn 0 1 0
vt 0.00587084144 0.0992646813
v -344 0 152
vn 0 1 0
vt 0.00587084144 0.102941155
f 945/945/945 944/944/944 943/943/943
v -344 0 184
vn 0 1 0
vt 0.039138943 0.29411763
v -344 0 208
vn 0 1 0
vt 0.039138943 0.305147052
v -328 0 208
vn 0 1 0
vt 0.0410958901 0.305147052
v -328 0 144
vn 0 1 0
vt 0.0410958901 0.275735319
v -344 0 152
vn 0 1 0
vt 0.039138943 0.279411793
f 950/950/950 949/949/949 948/948/948 947/947/947 946/946/946
v -248 0 144
vn 0 1 0
vt 0.0450097844 0.275735319
v -248 0 208
vn 0 1 0
vt 0.0450097844 0.305147052
v -232 0 208
vn 0 1 0
vt 0.0469667315 0.305147052
v -232 0 144
vn 0 1 0
vt 0.0469667315 0.275735319
f 954/954/954 953/953/953 952/952/952 951/951/951
v -128 0 144
vn 0 1 0
vt 0.0518590994 0.275735319
v -136 0 144
vn 0 1 0
vt 0.0508806258 0.275735319
v -136 0 208
vn 0 1 0
vt 0.0508806258 0.305147052
v -120 0 208
vn 0 1 0
vt 0.052837573 0.305147052
v -120 0 144
vn 0 1 0
vt 0.052837573 0.275735319
f 959/959/959 958/958/958 957/957/957 956/956/956 955/955/955
v -112 0 96
vn 0 1 0
vt 0.72309196 0.26838237
v -95.384613 0 93.2307663
vn 0 1 0
vt 0.72512418 0.267109692
v -104 0 76
vn 0 1 0
vt 0.72407043 0.259191155
v -112 0 60
vn 0 1 0
vt 0.72309196 0.251838207
f 963/963/963 962/962/962 961/961/961 960/960/960
v -95.384613 0 93.2307663
vn 0 1 0
vt 0.539214194 0.200933218
v -88 0 92
vn 0 1 0
vt 0.540117443 0.20036763
v -96 0 84
vn 0 1 0
vt 0.539138973 0.196691155
v -104 0 76
vn 0 1 0
vt 0.538160443 0.193014681
f 967/967/967 966/966/966 965/965/965 964/964/964
v -76 0 96
vn 0 1 0
vt 0.0122309197 0.10661763
v -88 0 92
vn 0 1 0
vt 0.01369863 0.104779422
v -95.384613 0 93.2307663
vn 0 1 0
vt 0.014601836 0.105345011
v -112 0 96
vn 0 1 0
vt 0.0166340508 0.10661763
f 971/971/971 970/970/970 969/969/969 968/968/968
v -32 0 96
vn 0 1 0
vt 0.543052852 0.202205896
v -40 0 76
vn 0 1 0
vt 0.544031322 0.193014681
v -48 0 84
vn 0 1 0
vt 0.545009792 0.196691155
v -56 0 92
vn 0 1 0
vt 0.545988262 0.20036763
f 975/975/975 974/974/974 973/973/973 972/972/972
v -32 0 96
vn 0 1 0
vt 0.0185909979 0.10661763
v -56 0 92
vn 0 1 0
vt 0.0215264186 0.104779422
v -68 0 96
vn 0 1 0
vt 0.022994129 0.10661763
f 978/978/978 977/977/977 976/976/976
v -40 0 76
vn 0 1 0
vt 0.729941308 0.259191155
v -32 0 96
vn 0 1 0
vt 0.728962839 0.26838237
v -32 0 60
vn 0 1 0
vt 0.728962839 0.251838207
f 981/981/981 980/980/980 979/979/979
v -32 0 128
vn 0 1 0
vt 0.548923671 0.202205896
v -32 0 96
vn 0 1 0
vt 0.548923671 0.1875
v -68 0 96
vn 0 1 0
vt 0.553326786 0.1875
v -76 0 96
vn 0 1 0
vt 0.554305255 0.1875
f 985/985/985 984/984/984 983/983/983 982/982/982
v -188 0 96
vn 0 1 0
vt 0.558219194 0.1875
v -224 0 96
vn 0 1 0
vt 0.562622309 0.1875
v -224 0 128
vn 0 1 0
vt 0.562622309 0.202205896
v -180 0 96
vn 0 1 0
vt 0.557240725 0.1875
f 989/989/989 988/988/988 987/987/987 986/986/986
v -128 0 128
vn 0 1 0
vt 0.576320946 0.202205896
v -32 0 128
vn 0 1 0
vt 0.564579248 0.202205896
v -76 0 96
vn 0 1 0
vt 0.569960833 0.1875
v -112 0 96
vn 0 1 0
vt 0.574364007 0.1875
v -144 0 96
vn 0 1 0
vt 0.578277886 0.1875
v -180 0 96
vn 0 1 0
vt 0.582681 0.1875
v -224 0 128
vn 0 1 0
vt 0.588062644 0.202205896
f 996/996/996 995/995/995 994/994/994 993/993/993 992/992/992 991/991/991 990/990/990
v -32 0 128
vn 0 1 0
vt 0.591976523 0.202205896
v -16 0 128
vn 0 1 0
vt 0.590019584 0.202205896
v -32 0 96
vn 0 1 0
vt 0.591976523 0.1875
f 999/999/999 998/998/998 997/997/997
v -32 0 60
vn 0 1 0
vt 0.707436383 0.641544104
v -32 0 96
vn 0 1 0
vt 0.707436383 0.658088207
v -16 0 128
vn 0 1 0
vt 0.705479443 0.672794104
v -16 0 0
vn 0 1 0
vt 0.705479443 0.613970578
v -32 0 0
vn 0 1 0
vt 0.707436383 0.613970578
f 1004/1004/1004 1003/1003/1003 1002/1002/1002 1001/1001/1001 1000/1000/1000
v -136 0 144
vn 0 1 0
vt 0.039138943 0.10661763
v -128 0 144
vn 0 1 0
vt 0.0401174165 0.10661763
v -128 0 128
vn 0 1 0
vt 0.0401174165 0.0992646813
v -224 0 128
vn 0 1 0
vt 0.0283757336 0.0992646813
v -232 0 144
vn 0 1 0
vt 0.0273972601 0.10661763
f 1009/1009/1009 1008/1008/1008 1007/1007/1007 1006/1006/1006 1005/1005/1005
v -344 0 144
vn 0 1 0
vt 0.0430528373 0.10661763
v -328 0 144
vn 0 1 0
vt 0.0450097844 0.10661763
v -336 0 128
vn 0 1 0
vt 0.0440313108 0.0992646813
v -352 0 128
vn 0 1 0
vt 0.0420743637 0.0992646813
v -352 0 144
vn 0 1 0
vt 0.0420743637 0.10661763
f 1014/1014/1014 1013/1013/1013 1012/1012/1012 1011/1011/1011 1010/1010/1010
v -256 0 128
vn 0 1 0
vt 0.0577299409 0.0992646813
v -336 0 128
vn 0 1 0
vt 0.0479452051 0.0992646813
v -328 0 144
vn 0 1 0
vt 0.0489236787 0.10661763
v -248 0 144
vn 0 1 0
vt 0.0587084144 0.10661763
v -232 0 144
vn 0 1 0
vt 0.0606653616 0.10661763
v -224 0 128
vn 0 1 0
vt 0.0616438352 0.0992646813
f 1020/1020/1020 1019/1019/1019 1018/1018/1018 1017/1017/1017 1016/1016/1016 1015/1015/1015
v -128 0 128
vn 0 1 0
vt 0.063600786 0.0992646813
v -128 0 144
vn 0 1 0
vt 0.063600786 0.10661763
v -120 0 144
vn 0 1 0
vt 0.0645792559 0.10661763
v -112 0 144
vn 0 1 0
vt 0.0655577332 0.10661763
f 1024/1024/1024 1023/1023/1023 1022/1022/1022 1021/1021/1021
v -16 0 144
vn 0 1 0
vt 0.0694716275 0.10661763
v -16 0 128
vn 0 1 0
vt 0.0694716275 0.0992646813
v -24 0 144
vn 0 1 0
vt 0.0684931502 0.10661763
f 1027/1027/1027 1026/1026/1026 1025/1025/1025
v -32 0 128
vn 0 1 0
vt 0.0831702575 0.0992646813
v -128 0 128
vn 0 1 0
vt 0.0714285746 0.0992646813
v -112 0 144
vn 0 1 0
vt 0.0733855218 0.10661763
v -40 0 144
vn 0 1 0
vt 0.0821917802 0.10661763
v -24 0 144
vn 0 1 0
vt 0.0841487274 0.10661763
v -16 0 128
vn 0 1 0
vt 0.0851272047 0.0992646813
f 1033/1033/1033 1032/1032/1032 1031/1031/1031 1030/1030/1030 1029/1029/1029 1028/1028/1028
v -24 0 144
vn 0 1 0
vt 0.0900195688 0.0992646813
v -40 0 144
vn 0 1 0
vt 0.0880626217 0.0992646813
v -24 0 152
vn 0 1 0
vt 0.0900195688 0.102941155
f 1036/1036/1036 1035/1035/1035 1034/1034/1034
v -24 0 184
vn 0 1 0
vt 0.0587084144 0.29411763
v -24 0 152
vn 0 1 0
vt 0.0587084144 0.279411793
v -40 0 144
vn 0 1 0
vt 0.0567514673 0.275735319
v -40 0 208
vn 0 1 0
vt 0.0567514673 0.305147052
v -24 0 208
vn 0 1 0
vt 0.0587084144 0.305147052
f 1041/1041/1041 1040/1040/1040 1039/1039/1039 1038/1038/1038 1037/1037/1037
v -16 0 144
vn 0 1 0
vt 0.0949119404 0.0992646813
v -24 0 144
vn 0 1 0
vt 0.0939334631 0.0992646813
v -24 0 152
vn 0 1 0
vt 0.0939334631 0.102941155
v -16 0 152
vn 0 1 0
vt 0.0949119404 0.102941155
f 1045/1045/1045 1044/1044/1044 1043/1043/1043 1042/1042/1042
v -360 0 152
vn 0 1 0
vt 0.733855188 0.25
v -376 0 152
vn 0 1 0
vt 0.735812128 0.25
v -376 0 184
vn 0 1 0
vt 0.735812128 0.264705896
f 1048/1048/1048 1047/1047/1047 1046/1046/1046
v -344 0 184
vn 0 1 0
vt 0.739726007 0.264705896
v -344 0 152
vn 0 1 0
vt 0.739726007 0.25
v -352 0 152
vn 0 1 0
vt 0.740704477 0.25
v -360 0 152
vn 0 1 0
vt 0.741682947 0.25
v -376 0 184
vn 0 1 0
vt 0.743639946 0.264705896
f 1053/1053/1053 1052/1052/1052 1051/1051/1051 1050/1050/1050 1049/1049/1049
v 128 128 144
vn 1 0 0
vt 0.635029376 0.915441155
v 128 128 320
vn 1 0 0
vt 0.635029376 0.996323526
v 128 64 320
vn 1 0 0
vt 0.642857134 0.996323526
v 128 64 96
vn 1 0 0
vt 0.642857134 0.89338237
v 128 128 96
vn 1 0 0
vt 0.635029376 0.89338237
f 1058/1058/1058 1057/1057/1057 1056/1056/1056 1055/1055/1055 1054/1054/1054
v 128 64 36
vn 1 0 0
vt 0.0694716275 0.277573526
v 128 64 32
vn 1 0 0
vt 0.0694716275 0.275735319
v 128 128 32
vn 1 0 0
vt 0.0616438352 0.275735319
v 128 128 96
vn 1 0 0
vt 0.0616438352 0.305147052
v 128 64 96
vn 1 0 0
vt 0.0694716275 0.305147052
f 1063/1063/1063 1062/1062/1062 1061/1061/1061 1060/1060/1060 1059/1059/1059
v 128 64 320
vn 1 0 0
vt 0.644814074 0.996323526
v 128 56 320
vn 1 0 0
vt 0.645792544 0.996323526
v 128 56 96
vn 1 0 0
vt 0.645792544 0.89338237
v 128 64 96
vn 1 0 0
vt 0.644814074 0.89338237
f 1067/1067/1067 1066/1066/1066 1065/1065/1065 1064/1064/1064
v 128 56 40
vn 1 0 0
vt 0.0724070445 0.279411793
v 128 56 36
vn 1 0 0
vt 0.0724070445 0.277573526
v 128 64 36
vn 1 0 0
vt 0.0714285746 0.277573526
v 128 64 96
vn 1 0 0
vt 0.0714285746 0.305147052
v 128 56 96
vn 1 0 0
vt 0.0724070445 0.305147052
f 1072/1072/1072 1071/1071/1071 1070/1070/1070 1069/1069/1069 1068/1068/1068
v 128 56 320
vn 1 0 0
vt 0.649706483 0.996323526
v 128 48 320
vn 1 0 0
vt 0.650684953 0.996323526
v 128 48 96
vn 1 0 0
vt 0.650684953 0.89338237
v 128 56 96
vn 1 0 0
vt 0.649706483 0.89338237
f 1076/1076/1076 1075/1075/1075 1074/1074/1074 1073/1073/1073
v 128 48 44
vn 1 0 0
vt 0.0772994161 0.28125
v 128 48 40
vn 1 0 0
vt 0.0772994161 0.279411793
v 128 56 40
vn 1 0 0
vt 0.0763209388 0.279411793
v 128 56 96
vn 1 0 0
vt 0.0763209388 0.305147052
v 128 48 96
vn 1 0 0
vt 0.0772994161 0.305147052
f 1081/1081/1081 1080/1080/1080 1079/1079/1079 1078/1078/1078 1077/1077/1077
v 128 48 320
vn 1 0 0
vt 0.652641892 0.996323526
v 128 40 320
vn 1 0 0
vt 0.653620362 0.996323526
v 128 40 96
vn 1 0 0
vt 0.653620362 0.89338237
v 128 48 96
vn 1 0 0
vt 0.652641892 0.89338237
f 1085/1085/1085 1084/1084/1084 1083/1083/1083 1082/1082/1082
v 128 40 48
vn 1 0 0
vt 0.0802348331 0.283088207
v 128 40 44
vn 1 0 0
vt 0.0802348331 0.28125
v 128 48 44
vn 1 0 0
vt 0.0792563632 0.28125
v 128 48 96
vn 1 0 0
vt 0.0792563632 0.305147052
v 128 40 96
vn 1 0 0
vt 0.0802348331 0.305147052
f 1090/1090/1090 1089/1089/1089 1088/1088/1088 1087/1087/1087 1086/1086/1086
v 128 40 320
vn 1 0 0
vt 0.657534242 0.996323526
v 128 32 320
vn 1 0 0
vt 0.658512712 0.996323526
v 128 32 96
vn 1 0 0
vt 0.658512712 0.89338237
v 128 40 96
vn 1 0 0
vt 0.657534242 0.89338237
f 1094/1094/1094 1093/1093/1093 1092/1092/1092 1091/1091/1091
v 128 32 52
vn 1 0 0
vt 0.748532295 0.248161793
v 128 32 48
vn 1 0 0
vt 0.748532295 0.246323526
v 128 40 48
vn 1 0 0
vt 0.747553825 0.246323526
v 128 40 96
vn 1 0 0
vt 0.747553825 0.26838237
v 128 32 96
vn 1 0 0
vt 0.748532295 0.26838237
f 1099/1099/1099 1098/1098/1098 1097/1097/1097 1096/1096/1096 1095/1095/1095
v 128 32 320
vn 1 0 0
vt 0.660469651 0.996323526
v 128 24 320
vn 1 0 0
vt 0.661448121 0.996323526
v 128 24 96
vn 1 0 0
vt 0.661448121 0.89338237
v 128 32 96
vn 1 0 0
vt 0.660469651 0.89338237
f 1103/1103/1103 1102/1102/1102 1101/1101/1101 1100/1100/1100
v 128 24 56
vn 1 0 0
vt 0.751467705 0.25
v 128 24 52
vn 1 0 0
vt 0.751467705 0.248161793
v 128 32 52
vn 1 0 0
vt 0.750489235 0.248161793
v 128 32 96
vn 1 0 0
vt 0.750489235 0.26838237
v 128 24 96
vn 1 0 0
vt 0.751467705 0.26838237
f 1108/1108/1108 1107/1107/1107 1106/1106/1106 1105/1105/1105 1104/1104/1104
v 128 24 320
vn 1 0 0
vt 0.66536206 0.996323526
v 128 16 320
vn 1 0 0
vt 0.66634053 0.996323526
v 128 16 96
vn 1 0 0
vt 0.66634053 0.89338237
v 128 24 96
vn 1 0 0
vt 0.66536206 0.89338237
f 1112/1112/1112 1111/1111/1111 1110/1110/1110 1109/1109/1109
v 128 16 60
vn 1 0 0
vt 0.756360054 0.251838207
v 128 16 56
vn 1 0 0
vt 0.756360054 0.25
v 128 24 56
vn 1 0 0
vt 0.755381584 0.25
v 128 24 96
vn 1 0 0
vt 0.755381584 0.26838237
v 128 16 96
vn 1 0 0
vt 0.756360054 0.26838237
f 1117/1117/1117 1116/1116/1116 1115/1115/1115 1114/1114/1114 1113/1113/1113
v 128 16 320
vn 1 0 0
vt 0.66829747 0.996323526
v 128 8 320
vn 1 0 0
vt 0.669275939 0.996323526
v 128 8 96
vn 1 0 0
vt 0.669275939 0.89338237
v 128 16 96
vn 1 0 0
vt 0.66829747 0.89338237
f 1121/1121/1121 1120/1120/1120 1119/1119/1119 1118/1118/1118
v 128 8 64
vn 1 0 0
vt 0.759295523 0.253676474
v 128 8 60
vn 1 0 0
vt 0.759295523 0.251838207
v 128 16 60
vn 1 0 0
vt 0.758317053 0.251838207
v 128 16 96
vn 1 0 0
vt 0.758317053 0.26838237
v 128 8 96
vn 1 0 0
vt 0.759295523 0.26838237
f 1126/1126/1126 1125/1125/1125 1124/1124/1124 1123/1123/1123 1122/1122/1122
v 128 8 320
vn 1 0 0
vt 0.205479458 0.871323526
v 128 0 320
vn 1 0 0
vt 0.206457928 0.871323526
v 128 0 112
vn 1 0 0
vt 0.206457928 0.775735259
f 1129/1129/1129 1128/1128/1128 1127/1127/1127
v 128 8 96
vn 1 0 0
vt 0.673189819 0.89338237
v 128 8 320
vn 1 0 0
vt 0.673189819 0.996323526
v 128 0 112
vn 1 0 0
vt 0.674168289 0.900735319
v 128 0 108
vn 1 0 0
vt 0.674168289 0.898897052
v 128 0 104
vn 1 0 0
vt 0.674168289 0.897058845
v 128 0 100
vn 1 0 0
vt 0.674168289 0.895220578
v 128 0 96
vn 1 0 0
vt 0.674168289 0.89338237
f 1136/1136/1136 1135/1135/1135 1134/1134/1134 1133/1133/1133 1132/1132/1132 1131/1131/1131 1130/1130/1130
v 128 8 96
vn 1 0 0
vt 0.0978473574 0.10661763
v 128 0 96
vn 1 0 0
vt 0.0988258347 0.10661763
v 128 0 92
vn 1 0 0
vt 0.0988258347 0.104779422
f 1139/1139/1139 1138/1138/1138 1137/1137/1137
v 128 0 68
vn 1 0 0
vt 0.595890403 0.189338207
v 128 0 64
vn 1 0 0
vt 0.595890403 0.1875
v 128 8 64
vn 1 0 0
vt 0.594911933 0.1875
v 128 8 96
vn 1 0 0
vt 0.594911933 0.202205896
v 128 0 92
vn 1 0 0
vt 0.595890403 0.20036763
f 1144/1144/1144 1143/1143/1143 1142/1142/1142 1141/1141/1141 1140/1140/1140
v -112 0 0
vn 1 0 0
vt 0.0851272047 0.275735319
v -112 0 60
vn 1 0 0
vt 0.0851272047 0.303308845
v -112 16 60
vn 1 0 0
vt 0.0831702575 0.303308845
v -112 16 0
vn 1 0 0
vt 0.0831702575 0.275735319
f 1148/1148/1148 1147/1147/1147 1146/1146/1146 1145/1145/1145
v 8 128 184
vn 0 1 0
vt 0.0802348331 0.698529422
v 8 128 320
vn 0 1 0
vt 0.0802348331 0.761029422
v 29 128 320
vn 0 1 0
vt 0.0776663423 0.761029422
v 128 128 320
vn 0 1 0
vt 0.0655577332 0.761029422
v 128 128 144
vn 0 1 0
vt 0.0655577332 0.680147052
v 72 128 144
vn 0 1 0
vt 0.0724070445 0.680147052
v 8 128 144
vn 0 1 0
vt 0.0802348331 0.680147052
f 1155/1155/1155 1154/1154/1154 1153/1153/1153 1152/1152/1152 1151/1151/1151 1150/1150/1150 1149/1149/1149
v -24 128 208
vn 0 1 0
vt 0.0998043045 0.621323526
v -24 128 320
vn 0 1 0
vt 0.0998043045 0.672794104
v 8 128 320
vn 0 1 0
vt 0.0958904102 0.672794104
v 8 128 184
vn 0 1 0
vt 0.0958904102 0.610294104
v -24 128 184
vn 0 1 0
vt 0.0998043045 0.610294104
f 1160/1160/1160 1159/1159/1159 1158/1158/1158 1157/1157/1157 1156/1156/1156
v -40 128 232
vn 0 1 0
vt 0.311154604 0.485294104
v -40 128 320
vn 0 1 0
vt 0.311154604 0.525735259
v -24 128 320
vn 0 1 0
vt 0.309197664 0.525735259
v -24 128 208
vn 0 1 0
vt 0.309197664 0.474264681
v -40 128 227.199997
vn 0 1 0
vt 0.311154604 0.483088195
f 1165/1165/1165 1164/1164/1164 1163/1163/1163 1162/1162/1162 1161/1161/1161
v -81.1428604 128 273.828583
vn 0 1 0
vt 0.885658383 0.445693314
v -110 128 320
vn 0 1 0
vt 0.889187872 0.466911793
v -40 128 320
vn 0 1 0
vt 0.880626202 0.466911793
v -40 128 232
vn 0 1 0
vt 0.880626202 0.426470578
v -64 128 256
vn 0 1 0
vt 0.883561671 0.4375
v -80 128 272
vn 0 1 0
vt 0.88551861 0.444852948
f 1171/1171/1171 1170/1170/1170 1169/1169/1169 1168/1168/1168 1167/1167/1167 1166/1166/1166
v -64 128 256
vn 0 1 0
vt 0.601761281 0.202205896
v -40 128 232
vn 0 1 0
vt 0.598825812 0.191176474
v -40 128 227.199997
vn 0 1 0
vt 0.598825812 0.188970566
f 1174/1174/1174 1173/1173/1173 1172/1172/1172
v -96 128 256
vn 0 1 0
vt 0.605675161 0.1875
v -81.1428604 128 273.828583
vn 0 1 0
vt 0.603857994 0.195693314
v -80 128 272
vn 0 1 0
vt 0.603718221 0.194852948
f 1177/1177/1177 1176/1176/1176 1175/1175/1175
v -112 128 320
vn 0 1 0
vt 0.895303309 0.466911793
v -110 128 320
vn 0 1 0
vt 0.895058692 0.466911793
v -81.1428604 128 273.828583
vn 0 1 0
vt 0.891529262 0.445693314
v -96 128 256
vn 0 1 0
vt 0.893346369 0.4375
v -112 128 236.800003
vn 0 1 0
vt 0.895303309 0.428676486
f 1182/1182/1182 1181/1181/1181 1180/1180/1180 1179/1179/1179 1178/1178/1178
v 128 128 96
vn 0 1 0
vt 0.314090014 0.503676474
v 128 128 32
vn 0 1 0
vt 0.314090014 0.474264681
v 72 128 32
vn 0 1 0
vt 0.320939332 0.474264681
v 72 128 144
vn 0 1 0
vt 0.320939332 0.525735259
v 128 128 144
vn 0 1 0
vt 0.314090014 0.525735259
f 1187/1187/1187 1186/1186/1186 1185/1185/1185 1184/1184/1184 1183/1183/1183
v 8 128 144
vn 0 1 0
vt 0.10958904 0.10661763
v 72 128 144
vn 0 1 0
vt 0.101761252 0.10661763
v 8 128 128
vn 0 1 0
vt 0.10958904 0.0992646813
f 1190/1190/1190 1189/1189/1189 1188/1188/1188
v 72 128 32
vn 0 1 0
vt 0.710371792 0.621323526
v 72 128 28
vn 0 1 0
vt 0.710371792 0.619485259
v 64 128 28
vn 0 1 0
vt 0.711350322 0.619485259
v 8 128 28
vn 0 1 0
vt 0.718199611 0.619485259
v 8 128 128
vn 0 1 0
vt 0.718199611 0.665441155
v 72 128 144
vn 0 1 0
vt 0.710371792 0.672794104
f 1196/1196/1196 1195/1195/1195 1194/1194/1194 1193/1193/1193 1192/1192/1192 1191/1191/1191
v 8 128 28
vn 0 1 0
vt 0.324853241 0.479779422
v -112 128 28
vn 0 1 0
vt 0.339530319 0.479779422
v -112 128 128
vn 0 1 0
vt 0.339530319 0.525735259
v 8 128 128
vn 0 1 0
vt 0.324853241 0.525735259
f 1200/1200/1200 1199/1199/1199 1198/1198/1198 1197/1197/1197
v 64 128 28
vn 0 1 0
vt 0.112524465 0.104779422
v 64 128 24
vn 0 1 0
vt 0.112524465 0.102941155
v 56 128 24
vn 0 1 0
vt 0.113502935 0.102941155
f 1203/1203/1203 1202/1202/1202 1201/1201/1201
v 8 128 28
vn 0 1 0
vt 0.12328767 0.104779422
v 64 128 28
vn 0 1 0
vt 0.116438359 0.104779422
v 56 128 24
vn 0 1 0
vt 0.117416829 0.102941155
v -112 128 24
vn 0 1 0
vt 0.13796477 0.102941155
v -112 128 28
vn 0 1 0
vt 0.13796477 0.104779422
f 1208/1208/1208 1207/1207/1207 1206/1206/1206 1205/1205/1205 1204/1204/1204
v 48 128 20
vn 0 1 0
vt 0.141878664 0.101102948
v -112 128 20
vn 0 1 0
vt 0.161448136 0.101102948
v -112 128 24
vn 0 1 0
vt 0.161448136 0.102941155
v 56 128 24
vn 0 1 0
vt 0.140900195 0.102941155
v 56 128 20
vn 0 1 0
vt 0.140900195 0.101102948
f 1213/1213/1213 1212/1212/1212 1211/1211/1211 1210/1210/1210 1209/1209/1209
v 40 128 16
vn 0 1 0
vt 0.16438356 0.0992646813
v -112 128 16
vn 0 1 0
vt 0.182974562 0.0992646813
v -112 128 20
vn 0 1 0
vt 0.182974562 0.101102948
v 48 128 20
vn 0 1 0
vt 0.163405091 0.101102948
v 48 128 16
vn 0 1 0
vt 0.163405091 0.0992646813
f 1218/1218/1218 1217/1217/1217 1216/1216/1216 1215/1215/1215 1214/1214/1214
v 32 128 12
vn 0 1 0
vt 0.186888456 0.104779422
v -112 128 12
vn 0 1 0
vt 0.204500973 0.104779422
v -112 128 16
vn 0 1 0
vt 0.204500973 0.10661763
v 40 128 16
vn 0 1 0
vt 0.185909986 0.10661763
v 40 128 12
vn 0 1 0
vt 0.185909986 0.104779422
f 1223/1223/1223 1222/1222/1222 1221/1221/1221 1220/1220/1220 1219/1219/1219
v 24 128 8
vn 0 1 0
vt 0.207436398 0.102941155
v -112 128 8
vn 0 1 0
vt 0.224070445 0.102941155
v -112 128 12
vn 0 1 0
vt 0.224070445 0.104779422
v 32 128 12
vn 0 1 0
vt 0.206457928 0.104779422
v 32 128 8
vn 0 1 0
vt 0.206457928 0.102941155
f 1228/1228/1228 1227/1227/1227 1226/1226/1226 1225/1225/1225 1224/1224/1224
v 16 128 4
vn 0 1 0
vt 0.227984339 0.101102948
v -112 128 4
vn 0 1 0
vt 0.243639916 0.101102948
v -112 128 8
vn 0 1 0
vt 0.243639916 0.102941155
v 24 128 8
vn 0 1 0
vt 0.227005869 0.102941155
v 24 128 4
vn 0 1 0
vt 0.227005869 0.101102948
f 1233/1233/1233 1232/1232/1232 1231/1231/1231 1230/1230/1230 1229/1229/1229
v 16 128 0
vn 0 1 0
vt 0.245596871 0.0992646813
v -112 128 0
vn 0 1 0
vt 0.261252433 0.0992646813
v -112 128 4
vn 0 1 0
vt 0.261252433 0.101102948
v 16 128 4
vn 0 1 0
vt 0.245596871 0.101102948
f 1237/1237/1237 1236/1236/1236 1235/1235/1235 1234/1234/1234
v 128 64 36
vn 0 1 0
vt 0.271037191 0.101102948
v 72 64 36
vn 0 1 0
vt 0.264187872 0.101102948
v 72 64 32
vn 0 1 0
vt 0.264187872 0.0992646813
v 128 64 32
vn 0 1 0
vt 0.271037191 0.0992646813
f 1241/1241/1241 1240/1240/1240 1239/1239/1239 1238/1238/1238
v 24 64 4
vn 0 1 0
vt 0.27984345 0.101102948
v 72 64 4
vn 0 1 0
vt 0.273972601 0.101102948
v 72 64 0
vn 0 1 0
vt 0.273972601 0.0992646813
v 16 64 0
vn 0 1 0
vt 0.280821919 0.0992646813
v 16 64 4
vn 0 1 0
vt 0.280821919 0.101102948
f 1246/1246/1246 1245/1245/1245 1244/1244/1244 1243/1243/1243 1242/1242/1242
v 32 64 8
vn 0 1 0
vt 0.288649708 0.102941155
v 72 64 8
vn 0 1 0
vt 0.283757329 0.102941155
v 72 64 4
vn 0 1 0
vt 0.283757329 0.101102948
v 24 64 4
vn 0 1 0
vt 0.289628178 0.101102948
v 24 64 8
vn 0 1 0
vt 0.289628178 0.102941155
f 1251/1251/1251 1250/1250/1250 1249/1249/1249 1248/1248/1248 1247/1247/1247
v 40 64 12
vn 0 1 0
vt 0.297455966 0.104779422
v 72 64 12
vn 0 1 0
vt 0.293542087 0.104779422
v 72 64 8
vn 0 1 0
vt 0.293542087 0.102941155
v 32 64 8
vn 0 1 0
vt 0.298434436 0.102941155
v 32 64 12
vn 0 1 0
vt 0.298434436 0.104779422
f 1256/1256/1256 1255/1255/1255 1254/1254/1254 1253/1253/1253 1252/1252/1252
v 48 64 16
vn 0 1 0
vt 0.304305285 0.10661763
v 72 64 16
vn 0 1 0
vt 0.301369876 0.10661763
v 72 64 12
vn 0 1 0
vt 0.301369876 0.104779422
v 40 64 12
vn 0 1 0
vt 0.305283755 0.104779422
v 40 64 16
vn 0 1 0
vt 0.305283755 0.10661763
f 1261/1261/1261 1260/1260/1260 1259/1259/1259 1258/1258/1258 1257/1257/1257
v 56 64 20
vn 0 1 0
vt 0.311154604 0.101102948
v 72 64 20
vn 0 1 0
vt 0.309197664 0.101102948
v 72 64 16
vn 0 1 0
vt 0.309197664 0.0992646813
v 48 64 16
vn 0 1 0
vt 0.312133074 0.0992646813
v 48 64 20
vn 0 1 0
vt 0.312133074 0.101102948
f 1266/1266/1266 1265/1265/1265 1264/1264/1264 1263/1263/1263 1262/1262/1262
v 64 64 24
vn 0 1 0
vt 0.316046953 0.102941155
v 72 64 24
vn 0 1 0
vt 0.315068483 0.102941155
v 72 64 20
vn 0 1 0
vt 0.315068483 0.101102948
v 56 64 20
vn 0 1 0
vt 0.317025453 0.101102948
v 56 64 24
vn 0 1 0
vt 0.317025453 0.102941155
f 1271/1271/1271 1270/1270/1270 1269/1269/1269 1268/1268/1268 1267/1267/1267
v 72 64 28
vn 0 1 0
vt 0.320939332 0.104779422
v 72 64 24
vn 0 1 0
vt 0.320939332 0.102941155
v 64 64 24
vn 0 1 0
vt 0.321917802 0.102941155
v 64 64 28
vn 0 1 0
vt 0.321917802 0.104779422
f 1275/1275/1275 1274/1274/1274 1273/1273/1273 1272/1272/1272
v 56 64 24
vn 0 0 1
vt 0.0880626217 0.275735319
v 56 128 24
vn 0 0 1
vt 0.0880626217 0.305147052
v 64 128 24
vn 0 0 1
vt 0.089041099 0.305147052
v 64 64 24
vn 0 0 1
vt 0.089041099 0.275735319
f 1279/1279/1279 1278/1278/1278 1277/1277/1277 1276/1276/1276
v 72 64 320
vn 0 0 1
vt 0.0994373783 0.275735319
v 128 64 320
vn 0 0 1
vt 0.0925880596 0.275735319
v 128 128 320
vn 0 0 1
vt 0.0925880596 0.305147052
v 29 128 320
vn 0 0 1
vt 0.104696676 0.305147052
v 29 64 320
vn 0 0 1
vt 0.104696676 0.275735319
f 1284/1284/1284 1283/1283/1283 1282/1282/1282 1281/1281/1281 1280/1280/1280
v -112 64 320
vn 0 0 1
vt 0.116560668 0.275735319
v -40 128 320
vn 0 0 1
vt 0.107754402 0.305147052
v -110 128 320
vn 0 0 1
vt 0.11631605 0.305147052
v -112 128 320
vn 0 0 1
vt 0.116560668 0.305147052
f 1288/1288/1288 1287/1287/1287 1286/1286/1286 1285/1285/1285
v 29 64 320
vn 0 0 1
vt 0.120841488 0.275735319
v 29 128 320
vn 0 0 1
vt 0.120841488 0.305147052
v 8 128 320
vn 0 0 1
vt 0.123409979 0.305147052
v -24 128 320
vn 0 0 1
vt 0.127323881 0.305147052
v -40 128 320
vn 0 0 1
vt 0.12928082 0.305147052
v -112 64 320
vn 0 0 1
vt 0.138087079 0.275735319
f 1294/1294/1294 1293/1293/1293 1292/1292/1292 1291/1291/1291 1290/1290/1290 1289/1289/1289
v -24 64 208
vn 1 0 0
vt 0.607632101 0.202205896
v -24 128 208
vn 1 0 0
vt 0.615459859 0.202205896
v -24 128 184
vn 1 0 0
vt 0.615459859 0.191176474
v -24 64 184
vn 1 0 0
vt 0.607632101 0.191176474
f 1298/1298/1298 1297/1297/1297 1296/1296/1296 1295/1295/1295
v 8 64 144
vn 1 0 0
vt 0.762230933 0.246323526
v 8 64 184
vn 1 0 0
vt 0.762230933 0.264705896
v 8 128 184
vn 1 0 0
vt 0.770058692 0.264705896
v 8 128 144
vn 1 0 0
vt 0.770058692 0.246323526
f 1302/1302/1302 1301/1301/1301 1300/1300/1300 1299/1299/1299
v -24 128 184
vn 0 0 1
vt 0.142857149 0.305147052
v 8 128 184
vn 0 0 1
vt 0.146771044 0.305147052
v 8 64 184
vn 0 0 1
vt 0.146771044 0.275735319
v -24 64 184
vn 0 0 1
vt 0.142857149 0.275735319
f 1306/1306/1306 1305/1305/1305 1304/1304/1304 1303/1303/1303
v -24 64 208
vn 0.768221259 -0 0.640184402
vt 0.625244617 0.1875
v -40 64 227.199997
vn 0.768221259 -0 0.640184402
vt 0.625244617 0.196323514
v -40 128 227.199997
vn 0.768221259 -0 0.640184402
vt 0.617416859 0.196323514
v -24 128 208
vn 0.768221259 -0 0.640184402
vt 0.617416859 0.1875
f 1310/1310/1310 1309/1309/1309 1308/1308/1308 1307/1307/1307
v -80 64 272
vn 0.707106769 -0 0.707106769
vt 0.151663408 0.275735319
v -80 128 272
vn 0.707106769 -0 0.707106769
vt 0.151663408 0.305147052
v -64 128 256
vn 0.707106769 -0 0.707106769
vt 0.149706453 0.305147052
v -64 64 256
vn 0.707106769 -0 0.707106769
vt 0.149706453 0.275735319
f 1314/1314/1314 1313/1313/1313 1312/1312/1312 1311/1311/1311
v -40 64 227.199997
vn 0.768221259 -0 0.640184402
vt 0.635029376 0.188970566
v -64 64 256
vn 0.768221259 -0 0.640184402
vt 0.635029376 0.202205896
v -64 128 256
vn 0.768221259 -0 0.640184402
vt 0.627201557 0.202205896
v -40 128 227.199997
vn 0.768221259 -0 0.640184402
vt 0.627201557 0.188970566
f 1318/1318/1318 1317/1317/1317 1316/1316/1316 1315/1315/1315
v -96 128 256
vn 0.768221259 0 -0.640184402
vt 0.644814074 0.202205896
v -96 64 256
vn 0.768221259 0 -0.640184402
vt 0.636986315 0.202205896
v -112 64 236.800003
vn 0.768221259 0 -0.640184402
vt 0.636986315 0.193382382
v -112 128 236.800003
vn 0.768221259 0 -0.640184402
vt 0.644814074 0.193382382
f 1322/1322/1322 1321/1321/1321 1320/1320/1320 1319/1319/1319
v -80 64 272
vn 0.707106769 -0 -0.707106769
vt 0.153620347 0.275735319
v -96 64 256
vn 0.707106769 -0 -0.707106769
vt 0.155577302 0.275735319
v -96 128 256
vn 0.707106769 -0 -0.707106769
vt 0.155577302 0.305147052
v -80 128 272
vn 0.707106769 -0 -0.707106769
vt 0.153620347 0.305147052
f 1326/1326/1326 1325/1325/1325 1324/1324/1324 1323/1323/1323
v 64 64 28
vn 0 0 1
vt 0.157534242 0.275735319
v 64 128 28
vn 0 0 1
vt 0.157534242 0.305147052
v 72 128 28
vn 0 0 1
vt 0.158512726 0.305147052
v 72 64 28
vn 0 0 1
vt 0.158512726 0.275735319
f 1330/1330/1330 1329/1329/1329 1328/1328/1328 1327/1327/1327
v 72 64 32
vn 1 0 0
vt 0.323874742 0.10661763
v 72 64 28
vn 1 0 0
vt 0.323874742 0.104779422
v 72 128 28
vn 1 0 0
vt 0.33170253 0.104779422
v 72 128 32
vn 1 0 0
vt 0.33170253 0.10661763
f 1334/1334/1334 1333/1333/1333 1332/1332/1332 1331/1331/1331
v 72 64 32
vn 0 0 1
vt 0.162426621 0.275735319
v 72 128 32
vn 0 0 1
vt 0.162426621 0.305147052
v 128 128 32
vn 0 0 1
vt 0.169275925 0.305147052
v 128 64 32
vn 0 0 1
vt 0.169275925 0.275735319
f 1338/1338/1338 1337/1337/1337 1336/1336/1336 1335/1335/1335
v 8 64 144
vn 1 0 0
vt 0.3336595 0.10661763
v 8 128 144
vn 1 0 0
vt 0.341487288 0.10661763
v 8 128 128
vn 1 0 0
vt 0.341487288 0.0992646813
v 8 64 128
vn 1 0 0
vt 0.3336595 0.0992646813
f 1342/1342/1342 1341/1341/1341 1340/1340/1340 1339/1339/1339
v 8 64 128
vn 0 0 1
vt 0.172211349 0.275735319
v 8 128 128
vn 0 0 1
vt 0.172211349 0.305147052
v -112 128 128
vn 0 0 1
vt 0.186888456 0.305147052
v -112 64 128
vn 0 0 1
vt 0.186888456 0.275735319
f 1346/1346/1346 1345/1345/1345 1344/1344/1344 1343/1343/1343
v 64 64 28
vn 1 0 0
vt 0.343444228 0.104779422
v 64 64 24
vn 1 0 0
vt 0.343444228 0.102941155
v 64 128 24
vn 1 0 0
vt 0.351272017 0.102941155
v 64 128 28
vn 1 0 0
vt 0.351272017 0.104779422
f 1350/1350/1350 1349/1349/1349 1348/1348/1348 1347/1347/1347
v 32 64 12
vn 0 0 1
vt 0.188845396 0.275735319
v 32 128 12
vn 0 0 1
vt 0.188845396 0.305147052
v 40 128 12
vn 0 0 1
vt 0.189823881 0.305147052
v 40 64 12
vn 0 0 1
vt 0.189823881 0.275735319
f 1354/1354/1354 1353/1353/1353 1352/1352/1352 1351/1351/1351
v 40 64 16
vn 0 0 1
vt 0.193737775 0.275735319
v 40 128 16
vn 0 0 1
vt 0.193737775 0.305147052
v 48 128 16
vn 0 0 1
vt 0.194716245 0.305147052
v 48 64 16
vn 0 0 1
vt 0.194716245 0.275735319
f 1358/1358/1358 1357/1357/1357 1356/1356/1356 1355/1355/1355
v 48 64 20
vn 0 0 1
vt 0.196673185 0.275735319
v 48 128 20
vn 0 0 1
vt 0.196673185 0.305147052
v 56 128 20
vn 0 0 1
vt 0.197651669 0.305147052
v 56 64 20
vn 0 0 1
vt 0.197651669 0.275735319
f 1362/1362/1362 1361/1361/1361 1360/1360/1360 1359/1359/1359
v 56 64 24
vn 1 0 0
vt 0.353228956 0.102941155
v 56 64 20
vn 1 0 0
vt 0.353228956 0.101102948
v 56 128 20
vn 1 0 0
vt 0.361056745 0.101102948
v 56 128 24
vn 1 0 0
vt 0.361056745 0.102941155
f 1366/1366/1366 1365/1365/1365 1364/1364/1364 1363/1363/1363
v 48 64 20
vn 1 0 0
vt 0.363013685 0.101102948
v 48 64 16
vn 1 0 0
vt 0.363013685 0.0992646813
v 48 128 16
vn 1 0 0
vt 0.370841473 0.0992646813
v 48 128 20
vn 1 0 0
vt 0.370841473 0.101102948
f 1370/1370/1370 1369/1369/1369 1368/1368/1368 1367/1367/1367
v 40 64 16
vn 1 0 0
vt 0.372798443 0.10661763
v 40 64 12
vn 1 0 0
vt 0.372798443 0.104779422
v 40 128 12
vn 1 0 0
vt 0.380626231 0.104779422
v 40 128 16
vn 1 0 0
vt 0.380626231 0.10661763
f 1374/1374/1374 1373/1373/1373 1372/1372/1372 1371/1371/1371
v 16 64 4
vn 0 0 1
vt 0.200587079 0.275735319
v 16 128 4
vn 0 0 1
vt 0.200587079 0.305147052
v 24 128 4
vn 0 0 1
vt 0.201565564 0.305147052
v 24 64 4
vn 0 0 1
vt 0.201565564 0.275735319
f 1378/1378/1378 1377/1377/1377 1376/1376/1376 1375/1375/1375
v 24 64 8
vn 0 0 1
vt 0.205479458 0.275735319
v 24 128 8
vn 0 0 1
vt 0.205479458 0.305147052
v 32 128 8
vn 0 0 1
vt 0.206457928 0.305147052
v 32 64 8
vn 0 0 1
vt 0.206457928 0.275735319
f 1382/1382/1382 1381/1381/1381 1380/1380/1380 1379/1379/1379
v 32 64 12
vn 1 0 0
vt 0.382583171 0.104779422
v 32 64 8
vn 1 0 0
vt 0.382583171 0.102941155
v 32 128 8
vn 1 0 0
vt 0.39041096 0.102941155
v 32 128 12
vn 1 0 0
vt 0.39041096 0.104779422
f 1386/1386/1386 1385/1385/1385 1384/1384/1384 1383/1383/1383
v 24 64 8
vn 1 0 0
vt 0.392367899 0.102941155
v 24 64 4
vn 1 0 0
vt 0.392367899 0.101102948
v 24 128 4
vn 1 0 0
vt 0.400195688 0.101102948
v 24 128 8
vn 1 0 0
vt 0.400195688 0.102941155
f 1390/1390/1390 1389/1389/1389 1388/1388/1388 1387/1387/1387
v 16 128 4
vn 1 0 0
vt 0.409980416 0.101102948
v 16 64 4
vn 1 0 0
vt 0.402152628 0.101102948
v 16 64 0
vn 1 0 0
vt 0.402152628 0.0992646813
v 16 128 0
vn 1 0 0
vt 0.409980416 0.0992646813
f 1394/1394/1394 1393/1393/1393 1392/1392/1392 1391/1391/1391
v 72 24 52
vn 1 0 0
vt 0.209393352 0.29963237
v 72 24 56
vn 1 0 0
vt 0.209393352 0.301470578
v 72 16 56
vn 1 0 0
vt 0.208414868 0.301470578
v 72 16 0
vn 1 0 0
vt 0.208414868 0.275735319
v 72 24 0
vn 1 0 0
vt 0.209393352 0.275735319
f 1399/1399/1399 1398/1398/1398 1397/1397/1397 1396/1396/1396 1395/1395/1395
v 72 32 48
vn 1 0 0
vt 0.214285716 0.297794104
v 72 32 52
vn 1 0 0
vt 0.214285716 0.29963237
v 72 24 52
vn 1 0 0
vt 0.213307247 0.29963237
v 72 24 0
vn 1 0 0
vt 0.213307247 0.275735319
v 72 32 0
vn 1 0 0
vt 0.214285716 0.275735319
f 1404/1404/1404 1403/1403/1403 1402/1402/1402 1401/1401/1401 1400/1400/1400
v 72 40 44
vn 1 0 0
vt 0.772994101 0.266544104
v 72 40 48
vn 1 0 0
vt 0.772994101 0.26838237
v 72 32 48
vn 1 0 0
vt 0.772015631 0.26838237
v 72 32 0
vn 1 0 0
vt 0.772015631 0.246323526
v 72 40 0
vn 1 0 0
vt 0.772994101 0.246323526
f 1409/1409/1409 1408/1408/1408 1407/1407/1407 1406/1406/1406 1405/1405/1405
v 72 48 40
vn 1 0 0
vt 0.77788651 0.264705896
v 72 48 44
vn 1 0 0
vt 0.77788651 0.266544104
v 72 40 44
vn 1 0 0
vt 0.77690804 0.266544104
v 72 40 0
vn 1 0 0
vt 0.77690804 0.246323526
v 72 48 0
vn 1 0 0
vt 0.77788651 0.246323526
f 1414/1414/1414 1413/1413/1413 1412/1412/1412 1411/1411/1411 1410/1410/1410
v 72 56 36
vn 1 0 0
vt 0.780821919 0.26286763
v 72 56 40
vn 1 0 0
vt 0.780821919 0.264705896
v 72 48 40
vn 1 0 0
vt 0.77984345 0.264705896
v 72 48 0
vn 1 0 0
vt 0.77984345 0.246323526
v 72 56 0
vn 1 0 0
vt 0.780821919 0.246323526
f 1419/1419/1419 1418/1418/1418 1417/1417/1417 1416/1416/1416 1415/1415/1415
v 72 56 36
vn 1 0 0
vt 0.647749484 0.196691155
v 72 64 20
vn 1 0 0
vt 0.648728013 0.189338207
v 72 64 24
vn 1 0 0
vt 0.648728013 0.191176474
v 72 64 28
vn 1 0 0
vt 0.648728013 0.193014681
v 72 64 32
vn 1 0 0
vt 0.648728013 0.194852948
v 72 64 36
vn 1 0 0
vt 0.648728013 0.196691155
f 1425/1425/1425 1424/1424/1424 1423/1423/1423 1422/1422/1422 1421/1421/1421 1420/1420/1420
v 72 56 0
vn 1 0 0
vt 0.784735799 0.246323526
v 72 64 0
vn 1 0 0
vt 0.785714269 0.246323526
v 72 64 4
vn 1 0 0
vt 0.785714269 0.248161793
v 72 64 8
vn 1 0 0
vt 0.785714269 0.25
v 72 64 12
vn 1 0 0
vt 0.785714269 0.251838207
v 72 64 16
vn 1 0 0
vt 0.785714269 0.253676474
v 72 64 20
vn 1 0 0
vt 0.785714269 0.255514681
v 72 56 36
vn 1 0 0
vt 0.784735799 0.26286763
f 1433/1433/1433 1432/1432/1432 1431/1431/1431 1430/1430/1430 1429/1429/1429 1428/1428/1428 1427/1427/1427 1426/1426/1426
v 72 8 60
vn 1 0 0
vt 0.217221141 0.303308845
v 72 8 64
vn 1 0 0
vt 0.217221141 0.305147052
v 72 0 64
vn 1 0 0
vt 0.216242656 0.305147052
v 72 0 0
vn 1 0 0
vt 0.216242656 0.275735319
v 72 8 0
vn 1 0 0
vt 0.217221141 0.275735319
f 1438/1438/1438 1437/1437/1437 1436/1436/1436 1435/1435/1435 1434/1434/1434
v 72 16 56
vn 1 0 0
vt 0.222113505 0.301470578
v 72 16 60
vn 1 0 0
vt 0.222113505 0.303308845
v 72 8 60
vn 1 0 0
vt 0.221135035 0.303308845
v 72 8 0
vn 1 0 0
vt 0.221135035 0.275735319
v 72 16 0
vn 1 0 0
vt 0.222113505 0.275735319
f 1443/1443/1443 1442/1442/1442 1441/1441/1441 1440/1440/1440 1439/1439/1439
v 72 32 48
vn 0 1 0
vt 0.412915856 0.0992646813
v 128 32 48
vn 0 1 0
vt 0.419765174 0.0992646813
v 128 32 52
vn 0 1 0
vt 0.419765174 0.101102948
v 72 32 52
vn 0 1 0
vt 0.412915856 0.101102948
f 1447/1447/1447 1446/1446/1446 1445/1445/1445 1444/1444/1444
v 72 48 40
vn 0 1 0
vt 0.422700584 0.102941155
v 128 48 40
vn 0 1 0
vt 0.429549903 0.102941155
v 128 48 44
vn 0 1 0
vt 0.429549903 0.104779422
v 72 48 44
vn 0 1 0
vt 0.422700584 0.104779422
f 1451/1451/1451 1450/1450/1450 1449/1449/1449 1448/1448/1448
v 72 56 36
vn 0 1 0
vt 0.432485312 0.101102948
v 128 56 36
vn 0 1 0
vt 0.439334631 0.101102948
v 128 56 40
vn 0 1 0
vt 0.439334631 0.102941155
v 72 56 40
vn 0 1 0
vt 0.432485312 0.102941155
f 1455/1455/1455 1454/1454/1454 1453/1453/1453 1452/1452/1452
v 72 56 36
vn 0 0 1
vt 0.44227007 0.102941155
v 72 64 36
vn 0 0 1
vt 0.44227007 0.10661763
v 128 64 36
vn 0 0 1
vt 0.449119359 0.10661763
v 128 56 36
vn 0 0 1
vt 0.449119359 0.102941155
f 1459/1459/1459 1458/1458/1458 1457/1457/1457 1456/1456/1456
v 72 64 320
vn 0 0 1
vt 0.459515661 0.10661763
v 72 56 320
vn 0 0 1
vt 0.459515661 0.102941155
v 128 56 320
vn 0 0 1
vt 0.452666342 0.102941155
v 128 64 320
vn 0 0 1
vt 0.452666342 0.10661763
f 1463/1463/1463 1462/1462/1462 1461/1461/1461 1460/1460/1460
v 72 48 40
vn 0 0 1
vt 0.463796467 0.0992646813
v 72 56 40
vn 0 0 1
vt 0.463796467 0.102941155
v 128 56 40
vn 0 0 1
vt 0.470645785 0.102941155
v 128 48 40
vn 0 0 1
vt 0.470645785 0.0992646813
f 1467/1467/1467 1466/1466/1466 1465/1465/1465 1464/1464/1464
v 72 56 320
vn 0 0 1
vt 0.481042087 0.102941155
v 72 48 320
vn 0 0 1
vt 0.481042087 0.0992646813
v 128 48 320
vn 0 0 1
vt 0.474192768 0.0992646813
v 128 56 320
vn 0 0 1
vt 0.474192768 0.102941155
f 1471/1471/1471 1470/1470/1470 1469/1469/1469 1468/1468/1468
v 72 40 44
vn 0 1 0
vt 0.485322893 0.104779422
v 128 40 44
vn 0 1 0
vt 0.492172211 0.104779422
v 128 40 48
vn 0 1 0
vt 0.492172211 0.10661763
v 72 40 48
vn 0 1 0
vt 0.485322893 0.10661763
f 1475/1475/1475 1474/1474/1474 1473/1473/1473 1472/1472/1472
v 72 40 44
vn 0 0 1
vt 0.495107621 0.102941155
v 72 48 44
vn 0 0 1
vt 0.495107621 0.10661763
v 128 48 44
vn 0 0 1
vt 0.50195694 0.10661763
v 128 40 44
vn 0 0 1
vt 0.50195694 0.102941155
f 1479/1479/1479 1478/1478/1478 1477/1477/1477 1476/1476/1476
v 72 48 320
vn 0 0 1
vt 0.512353241 0.10661763
v 72 40 320
vn 0 0 1
vt 0.512353241 0.102941155
v 128 40 320
vn 0 0 1
vt 0.505503893 0.102941155
v 128 48 320
vn 0 0 1
vt 0.505503893 0.10661763
f 1483/1483/1483 1482/1482/1482 1481/1481/1481 1480/1480/1480
v 72 32 48
vn 0 0 1
vt 0.516634047 0.0992646813
v 72 40 48
vn 0 0 1
vt 0.516634047 0.102941155
v 128 40 48
vn 0 0 1
vt 0.523483396 0.102941155
v 128 32 48
vn 0 0 1
vt 0.523483396 0.0992646813
f 1487/1487/1487 1486/1486/1486 1485/1485/1485 1484/1484/1484
v 72 40 320
vn 0 0 1
vt 0.533879638 0.102941155
v 72 32 320
vn 0 0 1
vt 0.533879638 0.0992646813
v 128 32 320
vn 0 0 1
vt 0.527030349 0.0992646813
v 128 40 320
vn 0 0 1
vt 0.527030349 0.102941155
f 1491/1491/1491 1490/1490/1490 1489/1489/1489 1488/1488/1488
v 72 16 56
vn 0 1 0
vt 0.538160443 0.102941155
v 128 16 56
vn 0 1 0
vt 0.545009792 0.102941155
v 128 16 60
vn 0 1 0
vt 0.545009792 0.104779422
v 72 16 60
vn 0 1 0
vt 0.538160443 0.104779422
f 1495/1495/1495 1494/1494/1494 1493/1493/1493 1492/1492/1492
v 72 24 52
vn 0 1 0
vt 0.547945201 0.101102948
v 128 24 52
vn 0 1 0
vt 0.55479455 0.101102948
v 128 24 56
vn 0 1 0
vt 0.55479455 0.102941155
v 72 24 56
vn 0 1 0
vt 0.547945201 0.102941155
f 1499/1499/1499 1498/1498/1498 1497/1497/1497 1496/1496/1496
v 72 24 52
vn 0 0 1
vt 0.557729959 0.102941155
v 72 32 52
vn 0 0 1
vt 0.557729959 0.10661763
v 128 32 52
vn 0 0 1
vt 0.564579248 0.10661763
v 128 24 52
vn 0 0 1
vt 0.564579248 0.102941155
f 1503/1503/1503 1502/1502/1502 1501/1501/1501 1500/1500/1500
v 72 32 320
vn 0 0 1
vt 0.57497555 0.10661763
v 72 24 320
vn 0 0 1
vt 0.57497555 0.102941155
v 128 24 320
vn 0 0 1
vt 0.568126202 0.102941155
v 128 32 320
vn 0 0 1
vt 0.568126202 0.10661763
f 1507/1507/1507 1506/1506/1506 1505/1505/1505 1504/1504/1504
v 72 16 56
vn 0 0 1
vt 0.579256356 0.0992646813
v 72 24 56
vn 0 0 1
vt 0.579256356 0.102941155
v 128 24 56
vn 0 0 1
vt 0.586105704 0.102941155
v 128 16 56
vn 0 0 1
vt 0.586105704 0.0992646813
f 1511/1511/1511 1510/1510/1510 1509/1509/1509 1508/1508/1508
v 72 24 320
vn 0 0 1
vt 0.596501946 0.102941155
v 72 16 320
vn 0 0 1
vt 0.596501946 0.0992646813
v 128 16 320
vn 0 0 1
vt 0.589652658 0.0992646813
v 128 24 320
vn 0 0 1
vt 0.589652658 0.102941155
f 1515/1515/1515 1514/1514/1514 1513/1513/1513 1512/1512/1512
v 72 8 60
vn 0 1 0
vt 0.600782752 0.104779422
v 128 8 60
vn 0 1 0
vt 0.607632101 0.104779422
v 128 8 64
vn 0 1 0
vt 0.607632101 0.10661763
v 72 8 64
vn 0 1 0
vt 0.600782752 0.10661763
f 1519/1519/1519 1518/1518/1518 1517/1517/1517 1516/1516/1516
v 72 8 60
vn 0 0 1
vt 0.61056751 0.102941155
v 72 16 60
vn 0 0 1
vt 0.61056751 0.10661763
v 128 16 60
vn 0 0 1
vt 0.617416859 0.10661763
v 128 8 60
vn 0 0 1
vt 0.617416859 0.102941155
f 1523/1523/1523 1522/1522/1522 1521/1521/1521 1520/1520/1520
v 72 16 320
vn 0 0 1
vt 0.627813101 0.10661763
v 72 8 320
vn 0 0 1
vt 0.627813101 0.102941155
v 128 8 320
vn 0 0 1
vt 0.620963812 0.102941155
v 128 16 320
vn 0 0 1
vt 0.620963812 0.10661763
f 1527/1527/1527 1526/1526/1526 1525/1525/1525 1524/1524/1524
v 72 8 64
vn 0 0 1
vt 0.632093906 0.102941155
v 128 8 64
vn 0 0 1
vt 0.638943255 0.102941155
v 128 0 64
vn 0 0 1
vt 0.638943255 0.0992646813
v 72 0 64
vn 0 0 1
vt 0.632093906 0.0992646813
f 1531/1531/1531 1530/1530/1530 1529/1529/1529 1528/1528/1528
v 128 8 320
vn 0 0 1
vt 0.642490208 0.102941155
v 72 8 320
vn 0 0 1
vt 0.649339557 0.102941155
v 72 0 320
vn 0 0 1
vt 0.649339557 0.0992646813
v 128 0 320
vn 0 0 1
vt 0.642490208 0.0992646813
f 1535/1535/1535 1534/1534/1534 1533/1533/1533 1532/1532/1532
v -112 8 144
vn 0 0 1
vt 0.652641892 0.102941155
v -40 8 144
vn 0 0 1
vt 0.661448121 0.102941155
v -40 0 144
vn 0 0 1
vt 0.661448121 0.0992646813
v -112 0 144
vn 0 0 1
vt 0.652641892 0.0992646813
f 1539/1539/1539 1538/1538/1538 1537/1537/1537 1536/1536/1536
v 29 64 320
vn 0 0 1
vt 0.656555772 0.202205896
v 72 32 320
vn 0 0 1
vt 0.651296496 0.1875
v 72 40 320
vn 0 0 1
vt 0.651296496 0.191176474
v 72 48 320
vn 0 0 1
vt 0.651296496 0.194852948
v 72 56 320
vn 0 0 1
vt 0.651296496 0.198529422
v 72 64 320
vn 0 0 1
vt 0.651296496 0.202205896
f 1545/1545/1545 1544/1544/1544 1543/1543/1543 1542/1542/1542 1541/1541/1541 1540/1540/1540
v 29 0 320
vn 0 0 1
vt 0.229941294 0.275735319
v 72 0 320
vn 0 0 1
vt 0.224682003 0.275735319
v 72 8 320
vn 0 0 1
vt 0.224682003 0.279411793
v 72 16 320
vn 0 0 1
vt 0.224682003 0.283088207
v 72 24 320
vn 0 0 1
vt 0.224682003 0.286764681
v 72 32 320
vn 0 0 1
vt 0.224682003 0.290441155
v 29 64 320
vn 0 0 1
vt 0.229941294 0.305147052
f 1552/1552/1552 1551/1551/1551 1550/1550/1550 1549/1549/1549 1548/1548/1548 1547/1547/1547 1546/1546/1546
v -112 64 320
vn 0 0 1
vt 0.24571918 0.305147052
v -112 0 320
vn 0 0 1
vt 0.24571918 0.275735319
v -8 0 320
vn 0 0 1
vt 0.232999027 0.275735319
f 1555/1555/1555 1554/1554/1554 1553/1553/1553
v 29 64 320
vn 0 0 1
vt 0.25 0.305147052
v -112 64 320
vn 0 0 1
vt 0.267245591 0.305147052
v -8 0 320
vn 0 0 1
vt 0.254525453 0.275735319
v 8 0 320
vn 0 0 1
vt 0.252568483 0.275735319
v 29 0 320
vn 0 0 1
vt 0.25 0.275735319
f 1560/1560/1560 1559/1559/1559 1558/1558/1558 1557/1557/1557 1556/1556/1556
v -24 0 208
vn 1 0 0
vt 0.658512712 0.202205896
v -24 64 208
vn 1 0 0
vt 0.66634053 0.202205896
v -24 64 184
vn 1 0 0
vt 0.66634053 0.191176474
v -24 0 184
vn 1 0 0
vt 0.658512712 0.191176474
f 1564/1564/1564 1563/1563/1563 1562/1562/1562 1561/1561/1561
v 8 16 144
vn 1 0 0
vt 0.789628208 0.246323526
v 8 0 144
vn 1 0 0
vt 0.787671208 0.246323526
v 8 0 152
vn 1 0 0
vt 0.787671208 0.25
v 8 0 184
vn 1 0 0
vt 0.787671208 0.264705896
v 8 64 184
vn 1 0 0
vt 0.795499027 0.264705896
v 8 64 144
vn 1 0 0
vt 0.795499027 0.246323526
f 1570/1570/1570 1569/1569/1569 1568/1568/1568 1567/1567/1567 1566/1566/1566 1565/1565/1565
v -24 64 184
vn 0 0 1
vt 0.272015661 0.305147052
v 8 64 184
vn 0 0 1
vt 0.27592954 0.305147052
v 8 0 184
vn 0 0 1
vt 0.27592954 0.275735319
v -24 0 184
vn 0 0 1
vt 0.272015661 0.275735319
f 1574/1574/1574 1573/1573/1573 1572/1572/1572 1571/1571/1571
v -40 0 208
vn 1 0 0
vt 0.280821919 0.305147052
v -40 0 144
vn 1 0 0
vt 0.280821919 0.275735319
v -40 8 144
vn 1 0 0
vt 0.27984345 0.275735319
v -40 8 208
vn 1 0 0
vt 0.27984345 0.305147052
f 1578/1578/1578 1577/1577/1577 1576/1576/1576 1575/1575/1575
v -24 0 208
vn 0.768221259 -0 0.640184402
vt 0.676125228 0.1875
v -40 0 227.199997
vn 0.768221259 -0 0.640184402
vt 0.676125228 0.196323514
v -40 64 227.199997
vn 0.768221259 -0 0.640184402
vt 0.66829747 0.196323514
v -24 64 208
vn 0.768221259 -0 0.640184402
vt 0.66829747 0.1875
f 1582/1582/1582 1581/1581/1581 1580/1580/1580 1579/1579/1579
v -80 0 272
vn 0.847998321 0 0.529998958
vt 0.282778859 0.305147052
v -40 0 208
vn 0.847998321 0 0.529998958
vt 0.282778859 0.275735319
v -40 8 208
vn 0.847998321 0 0.529998958
vt 0.283757329 0.275735319
v -80 8 272
vn 0.847998321 0 0.529998958
vt 0.283757329 0.305147052
f 1586/1586/1586 1585/1585/1585 1584/1584/1584 1583/1583/1583
v -80 8 272
vn 0.707106769 -0 0.707106769
vt 0.288649708 0.279411793
v -80 64 272
vn 0.707106769 -0 0.707106769
vt 0.288649708 0.305147052
v -64 64 256
vn 0.707106769 -0 0.707106769
vt 0.286692768 0.305147052
v -64 0 256
vn 0.707106769 -0 0.707106769
vt 0.286692768 0.275735319
v -80 0 272
vn 0.707106769 -0 0.707106769
vt 0.288649708 0.275735319
f 1591/1591/1591 1590/1590/1590 1589/1589/1589 1588/1588/1588 1587/1587/1587
v -40 0 227.199997
vn 0.768221259 -0 0.640184402
vt 0.685909986 0.188970566
v -64 0 256
vn 0.768221259 -0 0.640184402
vt 0.685909986 0.202205896
v -64 64 256
vn 0.768221259 -0 0.640184402
vt 0.678082168 0.202205896
v -40 64 227.199997
vn 0.768221259 -0 0.640184402
vt 0.678082168 0.188970566
f 1595/1595/1595 1594/1594/1594 1593/1593/1593 1592/1592/1592
v -80 8 272
vn 0.847998321 0 -0.529998958
vt 0.291585118 0.305147052
v -112 8 220.800003
vn 0.847998321 0 -0.529998958
vt 0.291585118 0.281617641
v -112 0 220.800003
vn 0.847998321 0 -0.529998958
vt 0.292563587 0.281617641
v -80 0 272
vn 0.847998321 0 -0.529998958
vt 0.292563587 0.305147052
f 1599/1599/1599 1598/1598/1598 1597/1597/1597 1596/1596/1596
v -40 8 144
vn 0 1 0
vt 0.303326815 0.275735319
v -112 8 144
vn 0 1 0
vt 0.294520557 0.275735319
v -112 8 208
vn 0 1 0
vt 0.294520557 0.305147052
v -40 8 208
vn 0 1 0
vt 0.303326815 0.305147052
f 1603/1603/1603 1602/1602/1602 1601/1601/1601 1600/1600/1600
v -112 8 208
vn 0 1 0
vt 0.316046953 0.275735319
v -112 8 220.800003
vn 0 1 0
vt 0.316046953 0.281617641
v -80 8 272
vn 0 1 0
vt 0.312133074 0.305147052
v -40 8 208
vn 0 1 0
vt 0.307240695 0.275735319
f 1607/1607/1607 1606/1606/1606 1605/1605/1605 1604/1604/1604
v -112 0 236.800003
vn 0.768221259 0 -0.640184402
vt 0.687866926 0.193382382
v -112 64 236.800003
vn 0.768221259 0 -0.640184402
vt 0.695694745 0.193382382
v -96 64 256
vn 0.768221259 0 -0.640184402
vt 0.695694745 0.202205896
v -96 0 256
vn 0.768221259 0 -0.640184402
vt 0.687866926 0.202205896
f 1611/1611/1611 1610/1610/1610 1609/1609/1609 1608/1608/1608
v -80 8 272
vn 0.707106769 -0 -0.707106769
vt 0.318003923 0.279411793
v -80 0 272
vn 0.707106769 -0 -0.707106769
vt 0.318003923 0.275735319
v -96 0 256
vn 0.707106769 -0 -0.707106769
vt 0.319960862 0.275735319
v -96 64 256
vn 0.707106769 -0 -0.707106769
vt 0.319960862 0.305147052
v -80 64 272
vn 0.707106769 -0 -0.707106769
vt 0.318003923 0.305147052
f 1616/1616/1616 1615/1615/1615 1614/1614/1614 1613/1613/1613 1612/1612/1612
v -112 16 96
vn 0 1 0
vt 0.801369846 0.26838237
v -112 16 60
vn 0 1 0
vt 0.801369846 0.251838207
v -104 16 76
vn 0 1 0
vt 0.800391376 0.259191155
v -95.384613 16 93.2307663
vn 0 1 0
vt 0.799337685 0.267109692
f 1620/1620/1620 1619/1619/1619 1618/1618/1618 1617/1617/1617
v -95.384613 16 93.2307663
vn 0 1 0
vt 0.699533343 0.200933218
v -104 16 76
vn 0 1 0
vt 0.700587094 0.193014681
v -96 16 84
vn 0 1 0
vt 0.699608624 0.196691155
v -88 16 92
vn 0 1 0
vt 0.698630154 0.20036763
f 1624/1624/1624 1623/1623/1623 1622/1622/1622 1621/1621/1621
v -76 16 96
vn 0 1 0
vt 0.668786705 0.10661763
v -112 16 96
vn 0 1 0
vt 0.66438359 0.10661763
v -95.384613 16 93.2307663
vn 0 1 0
vt 0.666415751 0.105345011
v -88 16 92
vn 0 1 0
vt 0.667319 0.104779422
f 1628/1628/1628 1627/1627/1627 1626/1626/1626 1625/1625/1625
v -32 16 96
vn 0 1 0
vt 0.707436383 0.202205896
v -56 16 92
vn 0 1 0
vt 0.704500973 0.20036763
v -48 16 84
vn 0 1 0
vt 0.705479443 0.196691155
v -40 16 76
vn 0 1 0
vt 0.706457913 0.193014681
f 1632/1632/1632 1631/1631/1631 1630/1630/1630 1629/1629/1629
v -56 16 92
vn 0 1 0
vt 0.675146759 0.104779422
v -32 16 96
vn 0 1 0
vt 0.678082168 0.10661763
v -68 16 96
vn 0 1 0
vt 0.673679054 0.10661763
f 1635/1635/1635 1634/1634/1634 1633/1633/1633
v -32 16 96
vn 0 1 0
vt 0.805283785 0.26838237
v -40 16 76
vn 0 1 0
vt 0.804305255 0.259191155
v -32 16 60
vn 0 1 0
vt 0.805283785 0.251838207
f 1638/1638/1638 1637/1637/1637 1636/1636/1636
v -112 16 128
vn 0 1 0
vt 0.709393322 0.202205896
v -112 16 96
vn 0 1 0
vt 0.709393322 0.1875
v -76 16 96
vn 0 1 0
vt 0.713796496 0.1875
f 1641/1641/1641 1640/1640/1640 1639/1639/1639
v -68 16 96
vn 0 1 0
vt 0.722602725 0.1875
v -32 16 96
vn 0 1 0
vt 0.727005899 0.1875
v -32 16 128
vn 0 1 0
vt 0.727005899 0.202205896
v -112 16 128
vn 0 1 0
vt 0.717221141 0.202205896
v -76 16 96
vn 0 1 0
vt 0.721624255 0.1875
f 1646/1646/1646 1645/1645/1645 1644/1644/1644 1643/1643/1643 1642/1642/1642
v 0 16 128
vn 0 1 0
vt 0.732876718 0.202205896
v -32 16 128
vn 0 1 0
vt 0.728962839 0.202205896
v -32 16 96
vn 0 1 0
vt 0.728962839 0.1875
f 1649/1649/1649 1648/1648/1648 1647/1647/1647
v -32 16 60
vn 0 1 0
vt 0.72113502 0.641544104
v -32 16 0
vn 0 1 0
vt 0.72113502 0.613970578
v 0 16 0
vn 0 1 0
vt 0.7250489 0.613970578
v 0 16 128
vn 0 1 0
vt 0.7250489 0.672794104
v -32 16 96
vn 0 1 0
vt 0.72113502 0.658088207
f 1654/1654/1654 1653/1653/1653 1652/1652/1652 1651/1651/1651 1650/1650/1650
v 8 16 144
vn 1 0 0
vt 0.680039167 0.10661763
v 8 64 144
vn 1 0 0
vt 0.685909986 0.10661763
v 8 64 128
vn 1 0 0
vt 0.685909986 0.0992646813
v 8 16 128
vn 1 0 0
vt 0.680039167 0.0992646813
f 1658/1658/1658 1657/1657/1657 1656/1656/1656 1655/1655/1655
v -112 16 128
vn 0 0 1
vt 0.817025423 0.246323526
v -32 16 128
vn 0 0 1
vt 0.807240725 0.246323526
v -112 64 128
vn 0 0 1
vt 0.817025423 0.26838237
f 1661/1661/1661 1660/1660/1660 1659/1659/1659
v 8 64 128
vn 0 0 1
vt 0.819960833 0.26838237
v -112 64 128
vn 0 0 1
vt 0.83463794 0.26838237
v -32 16 128
vn 0 0 1
vt 0.824853241 0.246323526
v 0 16 128
vn 0 0 1
vt 0.820939362 0.246323526
v 8 16 128
vn 0 0 1
vt 0.819960833 0.246323526
f 1666/1666/1666 1665/1665/1665 1664/1664/1664 1663/1663/1663 1662/1662/1662
v 8 0 128
vn 0 0 1
vt 0.688845396 0.0992646813
v 8 16 128
vn 0 0 1
vt 0.688845396 0.10661763
v 0 16 128
vn 0 0 1
vt 0.689823866 0.10661763
v 0 0 128
vn 0 0 1
vt 0.689823866 0.0992646813
f 1670/1670/1670 1669/1669/1669 1668/1668/1668 1667/1667/1667
v 8 16 128
vn 1 0 0
vt 0.693737745 0.0992646813
v 8 0 128
vn 1 0 0
vt 0.691780806 0.0992646813
v 8 0 144
vn 1 0 0
vt 0.691780806 0.10661763
v 8 16 144
vn 1 0 0
vt 0.693737745 0.10661763
f 1674/1674/1674 1673/1673/1673 1672/1672/1672 1671/1671/1671
v -32 16 60
vn 1 0 0
vt 0.323874742 0.303308845
v -32 0 60
vn 1 0 0
vt 0.321917802 0.303308845
v -32 0 0
vn 1 0 0
vt 0.321917802 0.275735319
v -32 16 0
vn 1 0 0
vt 0.323874742 0.275735319
f 1678/1678/1678 1677/1677/1677 1676/1676/1676 1675/1675/1675
v 0 0 128
vn 1 0 0
vt 0.728962839 0.672794104
v 0 16 128
vn 1 0 0
vt 0.727005899 0.672794104
v 0 16 0
vn 1 0 0
vt 0.727005899 0.613970578
v 0 0 0
vn 1 0 0
vt 0.728962839 0.613970578
f 1682/1682/1682 1681/1681/1681 1680/1680/1680 1679/1679/1679
v -68 0 96
vn 0 0 1
vt 0.69618398 0.0992646813
v -68 16 96
vn 0 0 1
vt 0.69618398 0.10661763
v -76 16 96
vn 0 0 1
vt 0.697162449 0.10661763
v -76 0 96
vn 0 0 1
vt 0.697162449 0.0992646813
f 1686/1686/1686 1685/1685/1685 1684/1684/1684 1683/1683/1683
v -48 16 84
vn 0.707106769 0 0.707106769
vt 0.701076329 0.10661763
v -48 0 84
vn 0.707106769 0 0.707106769
vt 0.701076329 0.0992646813
v -40 0 76
vn 0.707106769 0 0.707106769
vt 0.702054799 0.0992646813
v -40 16 76
vn 0.707106769 0 0.707106769
vt 0.702054799 0.10661763
f 1690/1690/1690 1689/1689/1689 1688/1688/1688 1687/1687/1687
v -56 16 92
vn 0.707106769 0 0.707106769
vt 0.706457913 0.10661763
v -56 0 92
vn 0.707106769 0 0.707106769
vt 0.706457913 0.0992646813
v -48 0 84
vn 0.707106769 0 0.707106769
vt 0.705479443 0.0992646813
v -48 16 84
vn 0.707106769 0 0.707106769
vt 0.705479443 0.10661763
f 1694/1694/1694 1693/1693/1693 1692/1692/1692 1691/1691/1691
v -112 16 60
vn 0.89442718 0 -0.44721359
vt 0.711839557 0.10661763
v -112 0 60
vn 0.89442718 0 -0.44721359
vt 0.711839557 0.0992646813
v -104 0 76
vn 0.89442718 0 -0.44721359
vt 0.709882557 0.0992646813
v -104 16 76
vn 0.89442718 0 -0.44721359
vt 0.709882557 0.10661763
f 1698/1698/1698 1697/1697/1697 1696/1696/1696 1695/1695/1695
v -104 0 76
vn 0.707106769 0 -0.707106769
vt 0.717710376 0.0992646813
v -96 0 84
vn 0.707106769 0 -0.707106769
vt 0.716731906 0.0992646813
v -96 16 84
vn 0.707106769 0 -0.707106769
vt 0.716731906 0.10661763
v -104 16 76
vn 0.707106769 0 -0.707106769
vt 0.717710376 0.10661763
f 1702/1702/1702 1701/1701/1701 1700/1700/1700 1699/1699/1699
v -88 0 92
vn 0.707106769 0 -0.707106769
vt 0.72211349 0.0992646813
v -88 16 92
vn 0.707106769 0 -0.707106769
vt 0.72211349 0.10661763
v -96 16 84
vn 0.707106769 0 -0.707106769
vt 0.72113502 0.10661763
v -96 0 84
vn 0.707106769 0 -0.707106769
vt 0.72113502 0.0992646813
f 1706/1706/1706 1705/1705/1705 1704/1704/1704 1703/1703/1703
v -40 0 76
vn 0.89442718 0 0.44721359
vt 0.725538135 0.0992646813
v -32 0 60
vn 0.89442718 0 0.44721359
vt 0.727495134 0.0992646813
v -32 16 60
vn 0.89442718 0 0.44721359
vt 0.727495134 0.10661763
v -40 16 76
vn 0.89442718 0 0.44721359
vt 0.725538135 0.10661763
f 1710/1710/1710 1709/1709/1709 1708/1708/1708 1707/1707/1707
v -56 16 92
vn 0.316227764 0 0.948683321
vt 0.736790597 0.191176474
v -68 16 96
vn 0.316227764 0 0.948683321
vt 0.736790597 0.196691155
v -68 0 96
vn 0.316227764 0 0.948683321
vt 0.734833658 0.196691155
v -56 0 92
vn 0.316227764 0 0.948683321
vt 0.734833658 0.191176474
f 1714/1714/1714 1713/1713/1713 1712/1712/1712 1711/1711/1711
v -76 16 96
vn -0.316227764 -0 0.948683321
vt 0.738747537 0.196691155
v -88 16 92
vn -0.316227764 -0 0.948683321
vt 0.738747537 0.191176474
v -88 0 92
vn -0.316227764 -0 0.948683321
vt 0.740704477 0.191176474
v -76 0 96
vn -0.316227764 -0 0.948683321
vt 0.740704477 0.196691155
f 1718/1718/1718 1717/1717/1717 1716/1716/1716 1715/1715/1715
v -112 0 144
vn 0 0 1
vt 0.732876718 0.0992646813
v -120 0 144
vn 0 0 1
vt 0.731898248 0.0992646813
v -120 8 144
vn 0 0 1
vt 0.731898248 0.102941155
v -112 8 144
vn 0 0 1
vt 0.732876718 0.102941155
f 1722/1722/1722 1721/1721/1721 1720/1720/1720 1719/1719/1719
v -136 0 144
vn 0 0 1
vt 0.747553825 0.0992646813
v -232 0 144
vn 0 0 1
vt 0.735812128 0.0992646813
v -232 8 144
vn 0 0 1
vt 0.735812128 0.102941155
v -136 8 144
vn 0 0 1
vt 0.747553825 0.102941155
f 1726/1726/1726 1725/1725/1725 1724/1724/1724 1723/1723/1723
v -328 0 144
vn 0 0 1
vt 0.751467705 0.0992646813
v -328 8 144
vn 0 0 1
vt 0.751467705 0.102941155
v -248 8 144
vn 0 0 1
vt 0.761252463 0.102941155
v -248 0 144
vn 0 0 1
vt 0.761252463 0.0992646813
f 1730/1730/1730 1729/1729/1729 1728/1728/1728 1727/1727/1727
v -112 64 320
vn 0 0 1
vt 0.32595402 0.275735319
v -112 128 320
vn 0 0 1
vt 0.32595402 0.305147052
v -120 128 320
vn 0 0 1
vt 0.32693249 0.305147052
v -192 128 320
vn 0 0 1
vt 0.335738748 0.305147052
f 1734/1734/1734 1733/1733/1733 1732/1732/1732 1731/1731/1731
v -336 0 320
vn 0 0 1
vt 0.734955966 0.613970578
v -318 128 320
vn 0 0 1
vt 0.732754409 0.672794104
v -336 128 320
vn 0 0 1
vt 0.734955966 0.672794104
f 1737/1737/1737 1736/1736/1736 1735/1735/1735
v -232 0 320
vn 0 0 1
vt 0.753546953 0.613970578
v -112 0 320
vn 0 0 1
vt 0.738869846 0.613970578
v -112 64 320
vn 0 0 1
vt 0.738869846 0.643382311
v -192 128 320
vn 0 0 1
vt 0.748654604 0.672794104
v -248 128 320
vn 0 0 1
vt 0.755503893 0.672794104
v -318 128 320
vn 0 0 1
vt 0.764065564 0.672794104
v -336 0 320
vn 0 0 1
vt 0.766267121 0.613970578
f 1744/1744/1744 1743/1743/1743 1742/1742/1742 1741/1741/1741 1740/1740/1740 1739/1739/1739 1738/1738/1738
v -336 0 320
vn 0 0 1
vt 0.770181 0.613970578
v -336 128 320
vn 0 0 1
vt 0.770181 0.672794104
v -344 128 320
vn 0 0 1
vt 0.77115947 0.672794104
v -376 128 320
vn 0 0 1
vt 0.775073409 0.672794104
f 1748/1748/1748 1747/1747/1747 1746/1746/1746 1745/1745/1745
v -456 0 320
vn 0 0 1
vt 0.792685926 0.613970578
v -336 0 320
vn 0 0 1
vt 0.778008819 0.613970578
v -376 128 320
vn 0 0 1
vt 0.782901168 0.672794104
v -576 128 320
vn 0 0 1
vt 0.807363033 0.672794104
v -576 19 320
vn 0 0 1
vt 0.807363033 0.622702241
v -576 0 320
vn 0 0 1
vt 0.807363033 0.613970578
f 1754/1754/1754 1753/1753/1753 1752/1752/1752 1751/1751/1751 1750/1750/1750 1749/1749/1749
v -576 128 320
vn 0 0 1
vt 0.341609597 0.525735259
v -592 128 320
vn 0 0 1
vt 0.343566537 0.525735259
v -592 19 320
vn 0 0 1
vt 0.343566537 0.475643396
v -576 19 320
vn 0 0 1
vt 0.341609597 0.475643396
f 1758/1758/1758 1757/1757/1757 1756/1756/1756 1755/1755/1755
v -600 128 320
vn 0 0 1
vt 0.812255383 0.672794104
v -748 128 320
vn 0 0 1
vt 0.830357134 0.672794104
v -748 0 320
vn 0 0 1
vt 0.830357134 0.613970578
v -592 0 320
vn 0 0 1
vt 0.811276913 0.613970578
v -592 19 320
vn 0 0 1
vt 0.811276913 0.622702241
v -592 128 320
vn 0 0 1
vt 0.811276913 0.672794104
f 1764/1764/1764 1763/1763/1763 1762/1762/1762 1761/1761/1761 1760/1760/1760 1759/1759/1759
v -248 8 144
vn 1 0 0
vt 0.340508819 0.275735319
v -248 8 208
vn 1 0 0
vt 0.340508819 0.305147052
v -248 0 208
vn 1 0 0
vt 0.341487288 0.305147052
v -248 0 144
vn 1 0 0
vt 0.341487288 0.275735319
f 1768/1768/1768 1767/1767/1767 1766/1766/1766 1765/1765/1765
v -120 8 208
vn 1 0 0
vt 0.344422698 0.305147052
v -120 8 144
vn 1 0 0
vt 0.344422698 0.275735319
v -120 0 144
vn 1 0 0
vt 0.343444228 0.275735319
v -120 0 208
vn 1 0 0
vt 0.343444228 0.305147052
f 1772/1772/1772 1771/1771/1771 1770/1770/1770 1769/1769/1769
v -112 128 236.800003
vn 0 1 0
vt 0.897260249 0.428676486
v -120 128 227.199997
vn 0 1 0
vt 0.898238719 0.424264669
v -120 128 320
vn 0 1 0
vt 0.898238719 0.466911793
v -112 128 320
vn 0 1 0
vt 0.897260249 0.466911793
f 1776/1776/1776 1775/1775/1775 1774/1774/1774 1773/1773/1773
v -120 0 208
vn 0.847998321 0 -0.529998958
vt 0.766144812 0.0992646813
v -112 0 220.800003
vn 0.847998321 0 -0.529998958
vt 0.766144812 0.105147064
v -112 8 220.800003
vn 0.847998321 0 -0.529998958
vt 0.765166342 0.105147064
v -120 8 208
vn 0.847998321 0 -0.529998958
vt 0.765166342 0.0992646813
f 1780/1780/1780 1779/1779/1779 1778/1778/1778 1777/1777/1777
v -112 8 144
vn 0 1 0
vt 0.349315077 0.275735319
v -120 8 144
vn 0 1 0
vt 0.348336607 0.275735319
v -120 8 208
vn 0 1 0
vt 0.348336607 0.305147052
v -112 8 208
vn 0 1 0
vt 0.349315077 0.305147052
f 1784/1784/1784 1783/1783/1783 1782/1782/1782 1781/1781/1781
v -112 8 208
vn 0 1 0
vt 0.768101752 0.0992646813
v -120 8 208
vn 0 1 0
vt 0.769080222 0.0992646813
v -112 8 220.800003
vn 0 1 0
vt 0.768101752 0.105147064
f 1787/1787/1787 1786/1786/1786 1785/1785/1785
v -120 0 227.199997
vn 0.768221259 0 -0.640184402
vt 0.772015631 0.100735247
v -120 1.60000002 227.199997
vn 0.768221259 0 -0.640184402
vt 0.772211373 0.100735247
v -112 0 236.800003
vn 0.768221259 0 -0.640184402
vt 0.772015631 0.105147064
f 1790/1790/1790 1789/1789/1789 1788/1788/1788
v -112 64 236.800003
vn 0.768221259 0 -0.640184402
vt 0.783757329 0.105147064
v -112 0 236.800003
vn 0.768221259 0 -0.640184402
vt 0.77592957 0.105147064
v -120 1.60000002 227.199997
vn 0.768221259 0 -0.640184402
vt 0.776125252 0.100735247
v -120 128 227.199997
vn 0.768221259 0 -0.640184402
vt 0.791585147 0.100735247
v -112 128 236.800003
vn 0.768221259 0 -0.640184402
vt 0.791585147 0.105147064
f 1795/1795/1795 1794/1794/1794 1793/1793/1793 1792/1792/1792 1791/1791/1791
v -184 8 304
vn 0.89442718 0 0.44721359
vt 0.902152658 0.466911793
v -184 0 304
vn 0.89442718 0 0.44721359
vt 0.901174188 0.466911793
v -136 0 208
vn 0.89442718 0 0.44721359
vt 0.901174188 0.422794104
v -136 8 208
vn 0.89442718 0 0.44721359
vt 0.902152658 0.422794104
f 1799/1799/1799 1798/1798/1798 1797/1797/1797 1796/1796/1796
v -184 128 304
vn 0 1 0
vt 0.356164396 0.518382311
v -192 128 320
vn 0 1 0
vt 0.357142866 0.525735259
v -120 128 320
vn 0 1 0
vt 0.348336607 0.525735259
v -120 128 227.199997
vn 0 1 0
vt 0.348336607 0.483088195
v -126 128 220
vn 0 1 0
vt 0.34907046 0.479779422
f 1804/1804/1804 1803/1803/1803 1802/1802/1802 1801/1801/1801 1800/1800/1800
v -120 1.60000002 227.199997
vn 0.768221259 0 -0.640184402
vt 0.742857158 0.196323514
v -126 1 220
vn 0.768221259 0 -0.640184402
vt 0.742783785 0.193014681
v -126 128 220
vn 0.768221259 0 -0.640184402
vt 0.758317053 0.193014681
v -120 128 227.199997
vn 0.768221259 0 -0.640184402
vt 0.758317053 0.196323514
f 1808/1808/1808 1807/1807/1807 1806/1806/1806 1805/1805/1805
v -120 0 227.199997
vn 0.768221259 0 -0.640184402
vt 0.760273993 0.196323514
v -136 0 208
vn 0.768221259 0 -0.640184402
vt 0.760273993 0.1875
v -126 1 220
vn 0.768221259 0 -0.640184402
vt 0.760396302 0.193014681
v -120 1.60000002 227.199997
vn 0.768221259 0 -0.640184402
vt 0.760469675 0.196323514
f 1812/1812/1812 1811/1811/1811 1810/1810/1810 1809/1809/1809
v -126 1 220
vn -0.0623479672 0.997567475 -0.0311739836
vt 0.906800389 0.428308845
v -136 0 208
vn -0.0623479672 0.997567475 -0.0311739836
vt 0.908023477 0.422794104
v -184 0 304
vn -0.0623479672 0.997567475 -0.0311739836
vt 0.913894296 0.466911793
f 1815/1815/1815 1814/1814/1814 1813/1813/1813
v -184 8 304
vn 0.822896898 -0 0.568190694
vt 0.832681 0.617647052
v -184 128 304
vn 0.822896898 -0 0.568190694
vt 0.832681 0.672794104
v -126 128 220
vn 0.822896898 -0 0.568190694
vt 0.842954993 0.672794104
v -126 1 220
vn 0.822896898 -0 0.568190694
vt 0.842954993 0.614430189
v -184 0 304
vn 0.822896898 -0 0.568190694
vt 0.832681 0.613970578
f 1820/1820/1820 1819/1819/1819 1818/1818/1818 1817/1817/1817 1816/1816/1816
v -136 0 208
vn 1 0 0
vt 0.353228956 0.305147052
v -136 0 144
vn 1 0 0
vt 0.353228956 0.275735319
v -136 8 144
vn 1 0 0
vt 0.352250487 0.275735319
v -136 8 208
vn 1 0 0
vt 0.352250487 0.305147052
f 1824/1824/1824 1823/1823/1823 1822/1822/1822 1821/1821/1821
v -184 0 304
vn 0.89442718 0 -0.44721359
vt 0.916829765 0.466911793
v -184 8 304
vn 0.89442718 0 -0.44721359
vt 0.917808235 0.466911793
v -232 8 208
vn 0.89442718 0 -0.44721359
vt 0.917808235 0.422794104
v -232 0 208
vn 0.89442718 0 -0.44721359
vt 0.916829765 0.422794104
f 1828/1828/1828 1827/1827/1827 1826/1826/1826 1825/1825/1825
v -232 0 144
vn 1 0 0
vt 0.355185896 0.275735319
v -232 0 208
vn 1 0 0
vt 0.355185896 0.305147052
v -232 8 208
vn 1 0 0
vt 0.356164396 0.305147052
v -232 8 144
vn 1 0 0
vt 0.356164396 0.275735319
f 1832/1832/1832 1831/1831/1831 1830/1830/1830 1829/1829/1829
v -136 8 144
vn 0 1 0
vt 0.371819973 0.275735319
v -232 8 144
vn 0 1 0
vt 0.360078275 0.275735319
v -232 8 208
vn 0 1 0
vt 0.360078275 0.305147052
v -136 8 208
vn 0 1 0
vt 0.371819973 0.305147052
f 1836/1836/1836 1835/1835/1835 1834/1834/1834 1833/1833/1833
v -136 8 208
vn 0 1 0
vt 0.933463812 0.422794104
v -232 8 208
vn 0 1 0
vt 0.921722114 0.422794104
v -184 8 304
vn 0 1 0
vt 0.927592933 0.466911793
f 1839/1839/1839 1838/1838/1838 1837/1837/1837
v -248 1.60000002 227.199997
vn 0.768221259 0 0.640184402
vt 0.764383554 0.196323514
v -248 128 227.199997
vn 0.768221259 0 0.640184402
vt 0.77984345 0.196323514
v -242 128 220
vn 0.768221259 0 0.640184402
vt 0.77984345 0.193014681
v -242 1 220
vn 0.768221259 0 0.640184402
vt 0.764310181 0.193014681
f 1843/1843/1843 1842/1842/1842 1841/1841/1841 1840/1840/1840
v -248 0 227.199997
vn 0.768221259 0 0.640184402
vt 0.781800389 0.196323514
v -248 1.60000002 227.199997
vn 0.768221259 0 0.640184402
vt 0.781996071 0.196323514
v -242 1 220
vn 0.768221259 0 0.640184402
vt 0.781922698 0.193014681
v -232 0 208
vn 0.768221259 0 0.640184402
vt 0.781800389 0.1875
f 1847/1847/1847 1846/1846/1846 1845/1845/1845 1844/1844/1844
v -184 0 304
vn 0.0623479672 0.997567475 -0.0311739836
vt 0.94520545 0.466911793
v -232 0 208
vn 0.0623479672 0.997567475 -0.0311739836
vt 0.939334631 0.422794104
v -242 1 220
vn 0.0623479672 0.997567475 -0.0311739836
vt 0.938111544 0.428308845
f 1850/1850/1850 1849/1849/1849 1848/1848/1848
v -184 8 304
vn 0.822896898 -0 -0.568190694
vt 0.846379638 0.617647052
v -184 0 304
vn 0.822896898 -0 -0.568190694
vt 0.846379638 0.613970578
v -242 1 220
vn 0.822896898 -0 -0.568190694
vt 0.856653631 0.614430189
v -242 128 220
vn 0.822896898 -0 -0.568190694
vt 0.856653631 0.672794104
v -184 128 304
vn 0.822896898 -0 -0.568190694
vt 0.846379638 0.672794104
f 1855/1855/1855 1854/1854/1854 1853/1853/1853 1852/1852/1852 1851/1851/1851
v -248 128 320
vn 0 1 0
vt 0.802348316 0.10661763
v -192 128 320
vn 0 1 0
vt 0.795499027 0.10661763
v -184 128 304
vn 0 1 0
vt 0.794520557 0.0992646813
f 1858/1858/1858 1857/1857/1857 1856/1856/1856
v -248 128 232
vn 0 1 0
vt 0.367906064 0.485294104
v -248 128 320
vn 0 1 0
vt 0.367906064 0.525735259
v -184 128 304
vn 0 1 0
vt 0.360078275 0.518382311
v -242 128 220
vn 0 1 0
vt 0.367172211 0.479779422
v -248 128 227.199997
vn 0 1 0
vt 0.367906064 0.483088195
f 1863/1863/1863 1862/1862/1862 1861/1861/1861 1860/1860/1860 1859/1859/1859
v -289.142853 128 273.828583
vn 0 1 0
vt 0.954151571 0.445693314
v -318 128 320
vn 0 1 0
vt 0.957681 0.466911793
v -248 128 320
vn 0 1 0
vt 0.949119389 0.466911793
v -248 128 232
vn 0 1 0
vt 0.949119389 0.426470578
v -272 128 256
vn 0 1 0
vt 0.952054799 0.4375
v -288 128 272
vn 0 1 0
vt 0.954011738 0.444852948
f 1869/1869/1869 1868/1868/1868 1867/1867/1867 1866/1866/1866 1865/1865/1865 1864/1864/1864
v -272 128 256
vn 0 1 0
vt 0.789628208 0.202205896
v -248 128 232
vn 0 1 0
vt 0.786692739 0.191176474
v -248 128 227.199997
vn 0 1 0
vt 0.786692739 0.188970566
f 1872/1872/1872 1871/1871/1871 1870/1870/1870
v -304 128 256
vn 0 1 0
vt 0.793542087 0.1875
v -289.142853 128 273.828583
vn 0 1 0
vt 0.79172492 0.195693314
v -288 128 272
vn 0 1 0
vt 0.791585147 0.194852948
f 1875/1875/1875 1874/1874/1874 1873/1873/1873
v -344 128 208
vn 0 1 0
vt 0.373776913 0.474264681
v -344 128 320
vn 0 1 0
vt 0.373776913 0.525735259
v -328 128 227.199997
vn 0 1 0
vt 0.371819973 0.483088195
f 1878/1878/1878 1877/1877/1877 1876/1876/1876
v -304 128 256
vn 0 1 0
vt 0.961839557 0.4375
v -328 128 227.199997
vn 0 1 0
vt 0.964774966 0.424264669
v -344 128 320
vn 0 1 0
vt 0.966731906 0.466911793
v -336 128 320
vn 0 1 0
vt 0.965753436 0.466911793
v -318 128 320
vn 0 1 0
vt 0.963551879 0.466911793
v -289.142853 128 273.828583
vn 0 1 0
vt 0.96002239 0.445693314
f 1884/1884/1884 1883/1883/1883 1882/1882/1882 1881/1881/1881 1880/1880/1880 1879/1879/1879
v -344 128 208
vn 0 1 0
vt 0.103718199 0.621323526
v -344 128 184
vn 0 1 0
vt 0.103718199 0.610294104
v -376 128 184
vn 0 1 0
vt 0.107632093 0.610294104
v -376 128 320
vn 0 1 0
vt 0.107632093 0.672794104
v -344 128 320
vn 0 1 0
vt 0.103718199 0.672794104
f 1889/1889/1889 1888/1888/1888 1887/1887/1887 1886/1886/1886 1885/1885/1885
v -576 128 320
vn 0 1 0
vt 0.136007831 0.672794104
v -376 128 320
vn 0 1 0
vt 0.111545987 0.672794104
v -376 128 184
vn 0 1 0
vt 0.111545987 0.610294104
f 1892/1892/1892 1891/1891/1891 1890/1890/1890
v -600 128 144
vn 0 1 0
vt 0.111545987 0.680147052
v -600 128 320
vn 0 1 0
vt 0.111545987 0.761029422
v -592 128 320
vn 0 1 0
vt 0.110567518 0.761029422
v -576 128 320
vn 0 1 0
vt 0.10861057 0.761029422
v -376 128 184
vn 0 1 0
vt 0.0841487274 0.698529422
v -376 128 144
vn 0 1 0
vt 0.0841487274 0.680147052
f 1898/1898/1898 1897/1897/1897 1896/1896/1896 1895/1895/1895 1894/1894/1894 1893/1893/1893
v -748 128 320
vn 0 1 0
vt 0.133561641 0.761029422
v -600 128 320
vn 0 1 0
vt 0.115459882 0.761029422
v -600 128 144
vn 0 1 0
vt 0.115459882 0.680147052
v -748 128 144
vn 0 1 0
vt 0.133561641 0.680147052
f 1902/1902/1902 1901/1901/1901 1900/1900/1900 1899/1899/1899
v -344 0 184
vn 1 0 0
vt 0.811154604 0.191176474
v -344 128 184
vn 1 0 0
vt 0.795499027 0.191176474
v -344 128 208
vn 1 0 0
vt 0.795499027 0.202205896
v -344 0 208
vn 1 0 0
vt 0.811154604 0.202205896
f 1906/1906/1906 1905/1905/1905 1904/1904/1904 1903/1903/1903
v -328 0 144
vn 1 0 0
vt 0.374755383 0.275735319
v -328 0 208
vn 1 0 0
vt 0.374755383 0.305147052
v -328 8 208
vn 1 0 0
vt 0.375733852 0.305147052
v -328 8 144
vn 1 0 0
vt 0.375733852 0.275735319
f 1910/1910/1910 1909/1909/1909 1908/1908/1908 1907/1907/1907
v -288 0 272
vn 0.847998321 0 0.529998958
vt 0.380626231 0.305147052
v -248 0 208
vn 0.847998321 0 0.529998958
vt 0.380626231 0.275735319
v -248 8 208
vn 0.847998321 0 0.529998958
vt 0.379647762 0.275735319
v -288 8 272
vn 0.847998321 0 0.529998958
vt 0.379647762 0.305147052
f 1914/1914/1914 1913/1913/1913 1912/1912/1912 1911/1911/1911
v -288 8 272
vn 0.707106769 -0 0.707106769
vt 0.860078275 0.617647052
v -288 128 272
vn 0.707106769 -0 0.707106769
vt 0.860078275 0.672794104
v -272 128 256
vn 0.707106769 -0 0.707106769
vt 0.862035215 0.672794104
v -272 0 256
vn 0.707106769 -0 0.707106769
vt 0.862035215 0.613970578
v -288 0 272
vn 0.707106769 -0 0.707106769
vt 0.860078275 0.613970578
f 1919/1919/1919 1918/1918/1918 1917/1917/1917 1916/1916/1916 1915/1915/1915
v -248 1.60000002 227.199997
vn 0.768221259 0 0.640184402
vt 0.813307226 0.188970566
v -248 0 227.199997
vn 0.768221259 0 0.640184402
vt 0.813111544 0.188970566
v -272 0 256
vn 0.768221259 0 0.640184402
vt 0.813111544 0.202205896
v -272 128 256
vn 0.768221259 0 0.640184402
vt 0.828767121 0.202205896
v -248 128 227.199997
vn 0.768221259 0 0.640184402
vt 0.828767121 0.188970566
f 1924/1924/1924 1923/1923/1923 1922/1922/1922 1921/1921/1921 1920/1920/1920
v -328 0 208
vn 0.847998321 0 -0.529998958
vt 0.382583171 0.275735319
v -288 0 272
vn 0.847998321 0 -0.529998958
vt 0.382583171 0.305147052
v -288 8 272
vn 0.847998321 0 -0.529998958
vt 0.383561641 0.305147052
v -328 8 208
vn 0.847998321 0 -0.529998958
vt 0.383561641 0.275735319
f 1928/1928/1928 1927/1927/1927 1926/1926/1926 1925/1925/1925
v -248 8 144
vn 0 1 0
vt 0.397260278 0.275735319
v -328 8 144
vn 0 1 0
vt 0.38747555 0.275735319
v -328 8 208
vn 0 1 0
vt 0.38747555 0.305147052
v -248 8 208
vn 0 1 0
vt 0.397260278 0.305147052
f 1932/1932/1932 1931/1931/1931 1930/1930/1930 1929/1929/1929
v -248 8 208
vn 0 1 0
vt 0.410958916 0.275735319
v -328 8 208
vn 0 1 0
vt 0.401174158 0.275735319
v -288 8 272
vn 0 1 0
vt 0.406066537 0.305147052
f 1935/1935/1935 1934/1934/1934 1933/1933/1933
v -304 0 256
vn 0.768221259 -0 -0.640184402
vt 0.846379638 0.202205896
v -328 0 227.199997
vn 0.768221259 -0 -0.640184402
vt 0.846379638 0.188970566
v -328 128 227.199997
vn 0.768221259 -0 -0.640184402
vt 0.830724061 0.188970566
v -304 128 256
vn 0.768221259 -0 -0.640184402
vt 0.830724061 0.202205896
f 1939/1939/1939 1938/1938/1938 1937/1937/1937 1936/1936/1936
v -288 8 272
vn 0.707106769 -0 -0.707106769
vt 0.865949094 0.617647052
v -288 0 272
vn 0.707106769 -0 -0.707106769
vt 0.865949094 0.613970578
v -304 0 256
vn 0.707106769 -0 -0.707106769
vt 0.863992155 0.613970578
v -304 128 256
vn 0.707106769 -0 -0.707106769
vt 0.863992155 0.672794104
v -288 128 272
vn 0.707106769 -0 -0.707106769
vt 0.865949094 0.672794104
f 1944/1944/1944 1943/1943/1943 1942/1942/1942 1941/1941/1941 1940/1940/1940
v -328 0 227.199997
vn 0.768221259 -0 -0.640184402
vt 0.863992155 0.196323514
v -344 0 208
vn 0.768221259 -0 -0.640184402
vt 0.863992155 0.1875
v -344 128 208
vn 0.768221259 -0 -0.640184402
vt 0.848336577 0.1875
v -328 128 227.199997
vn 0.768221259 -0 -0.640184402
vt 0.848336577 0.196323514
f 1948/1948/1948 1947/1947/1947 1946/1946/1946 1945/1945/1945
v -376 16 144
vn 1 0 0
vt 0.838551879 0.246323526
v -376 128 144
vn 1 0 0
vt 0.852250516 0.246323526
v -376 128 184
vn 1 0 0
vt 0.852250516 0.264705896
v -376 0 184
vn 1 0 0
vt 0.836594939 0.264705896
v -376 0 152
vn 1 0 0
vt 0.836594939 0.25
v -376 0 144
vn 1 0 0
vt 0.836594939 0.246323526
f 1954/1954/1954 1953/1953/1953 1952/1952/1952 1951/1951/1951 1950/1950/1950 1949/1949/1949
v -376 128 184
vn 0 0 1
vt 0.872798443 0.672794104
v -344 128 184
vn 0 0 1
vt 0.868884563 0.672794104
v -344 0 184
vn 0 0 1
vt 0.868884563 0.613970578
v -376 0 184
vn 0 0 1
vt 0.872798443 0.613970578
f 1958/1958/1958 1957/1957/1957 1956/1956/1956 1955/1955/1955
v -592 16 144
vn 1 0 0
vt 0.13796477 0.680147052
v -592 19 144
vn 1 0 0
vt 0.138331696 0.680147052
v -592 19 320
vn 1 0 0
vt 0.138331696 0.761029422
v -592 0 320
vn 1 0 0
vt 0.136007831 0.761029422
v -592 0 144
vn 1 0 0
vt 0.136007831 0.680147052
f 1963/1963/1963 1962/1962/1962 1961/1961/1961 1960/1960/1960 1959/1959/1959
v -576 2 144
vn 1 0 0
vt 0.143591002 0.680147052
v -576 0 144
vn 1 0 0
vt 0.143835619 0.680147052
v -576 0 320
vn 1 0 0
vt 0.143835619 0.761029422
v -576 10 144
vn 1 0 0
vt 0.142612532 0.680147052
f 1967/1967/1967 1966/1966/1966 1965/1965/1965 1964/1964/1964
v -576 19 320
vn 1 0 0
vt 0.147382587 0.761029422
v -576 19 144
vn 1 0 0
vt 0.147382587 0.680147052
v -576 18 144
vn 1 0 0
vt 0.147504896 0.680147052
v -576 16 144
vn 1 0 0
vt 0.147749513 0.680147052
v -576 10 144
vn 1 0 0
vt 0.148483366 0.680147052
v -576 0 320
vn 1 0 0
vt 0.149706453 0.761029422
f 1973/1973/1973 1972/1972/1972 1971/1971/1971 1970/1970/1970 1969/1969/1969 1968/1968/1968
v -592 19 144
vn 0 1 0
vt 0.152641878 0.680147052
v -576 19 144
vn 0 1 0
vt 0.154598832 0.680147052
v -576 19 320
vn 0 1 0
vt 0.154598832 0.761029422
v -592 19 320
vn 0 1 0
vt 0.152641878 0.761029422
f 1977/1977/1977 1976/1976/1976 1975/1975/1975 1974/1974/1974
v -748 16 144
vn 1 0 0
vt 0.171722114 0.680147052
v -748 0 144
vn 1 0 0
vt 0.173679054 0.680147052
v -748 0 320
vn 1 0 0
vt 0.173679054 0.761029422
v -748 128 320
vn 1 0 0
vt 0.158023477 0.761029422
v -748 128 144
vn 1 0 0
vt 0.158023477 0.680147052
f 1982/1982/1982 1981/1981/1981 1980/1980/1980 1979/1979/1979 1978/1978/1978
v -336 16 96
vn 0 1 0
vt 0.871819973 0.1875
v -336 16 128
vn 0 1 0
vt 0.871819973 0.202205896
v -376 16 128
vn 0 1 0
vt 0.866927564 0.202205896
f 1985/1985/1985 1984/1984/1984 1983/1983/1983
v -336 16 60
vn 0 1 0
vt 0.881604671 0.641544104
v -336 16 96
vn 0 1 0
vt 0.881604671 0.658088207
v -376 16 128
vn 0 1 0
vt 0.876712322 0.672794104
v -376 16 0
vn 0 1 0
vt 0.876712322 0.613970578
v -352 16 0
vn 0 1 0
vt 0.879647732 0.613970578
v -336 16 0
vn 0 1 0
vt 0.881604671 0.613970578
f 1991/1991/1991 1990/1990/1990 1989/1989/1989 1988/1988/1988 1987/1987/1987 1986/1986/1986
v -336 16 96
vn 0 1 0
vt 0.858121336 0.26838237
v -336 16 60
vn 0 1 0
vt 0.858121336 0.251838207
v -328 16 76
vn 0 1 0
vt 0.857142866 0.259191155
v -319.384613 16 93.2307663
vn 0 1 0
vt 0.856089115 0.267109692
f 1995/1995/1995 1994/1994/1994 1993/1993/1993 1992/1992/1992
v -319.384613 16 93.2307663
vn 0 1 0
vt 0.875658631 0.200933218
v -328 16 76
vn 0 1 0
vt 0.876712322 0.193014681
v -320 16 84
vn 0 1 0
vt 0.875733852 0.196691155
v -312 16 92
vn 0 1 0
vt 0.874755383 0.20036763
f 1999/1999/1999 1998/1998/1998 1997/1997/1997 1996/1996/1996
v -300 16 96
vn 0 1 0
vt 0.809686899 0.10661763
v -336 16 96
vn 0 1 0
vt 0.805283785 0.10661763
v -319.384613 16 93.2307663
vn 0 1 0
vt 0.807315946 0.105345011
v -312 16 92
vn 0 1 0
vt 0.808219194 0.104779422
f 2003/2003/2003 2002/2002/2002 2001/2001/2001 2000/2000/2000
v -272.615387 16 93.2307663
vn 0 1 0
vt 0.88152945 0.200933218
v -280 16 92
vn 0 1 0
vt 0.880626202 0.20036763
v -272 16 84
vn 0 1 0
vt 0.881604671 0.196691155
v -264 16 76
vn 0 1 0
vt 0.882583141 0.193014681
f 2007/2007/2007 2006/2006/2006 2005/2005/2005 2004/2004/2004
v -256 16 96
vn 0 1 0
vt 0.863992155 0.26838237
v -272.615387 16 93.2307663
vn 0 1 0
vt 0.861959994 0.267109692
v -264 16 76
vn 0 1 0
vt 0.863013685 0.259191155
v -256 16 60
vn 0 1 0
vt 0.863992155 0.251838207
f 2011/2011/2011 2010/2010/2010 2009/2009/2009 2008/2008/2008
v -292 16 96
vn 0 1 0
vt 0.814579248 0.10661763
v -280 16 92
vn 0 1 0
vt 0.816046953 0.104779422
v -272.615387 16 93.2307663
vn 0 1 0
vt 0.816950202 0.105345011
v -256 16 96
vn 0 1 0
vt 0.818982363 0.10661763
f 2015/2015/2015 2014/2014/2014 2013/2013/2013 2012/2012/2012
v -336 16 128
vn 0 1 0
vt 0.88551861 0.202205896
v -336 16 96
vn 0 1 0
vt 0.88551861 0.1875
v -300 16 96
vn 0 1 0
vt 0.889921725 0.1875
f 2018/2018/2018 2017/2017/2017 2016/2016/2016
v -292 16 96
vn 0 1 0
vt 0.898728013 0.1875
v -256 16 96
vn 0 1 0
vt 0.903131127 0.1875
v -256 16 128
vn 0 1 0
vt 0.903131127 0.202205896
v -336 16 128
vn 0 1 0
vt 0.893346369 0.202205896
v -300 16 96
vn 0 1 0
vt 0.897749484 0.1875
f 2023/2023/2023 2022/2022/2022 2021/2021/2021 2020/2020/2020 2019/2019/2019
v -224 16 60
vn 0 1 0
vt 0.143835619 0.347426474
v -224 16 68
vn 0 1 0
vt 0.143835619 0.351102948
v -256 16 60
vn 0 1 0
vt 0.139921725 0.347426474
v -256 16 0
vn 0 1 0
vt 0.139921725 0.319852948
v -224 16 0
vn 0 1 0
vt 0.143835619 0.319852948
f 2028/2028/2028 2027/2027/2027 2026/2026/2026 2025/2025/2025 2024/2024/2024
v -256 16 96
vn 0 1 0
vt 0.145792559 0.341911793
v -256 16 60
vn 0 1 0
vt 0.145792559 0.32536763
v -224 16 68
vn 0 1 0
vt 0.149706453 0.329044104
v -224 16 96
vn 0 1 0
vt 0.149706453 0.341911793
v -224 16 128
vn 0 1 0
vt 0.149706453 0.35661763
v -256 16 128
vn 0 1 0
vt 0.145792559 0.35661763
f 2034/2034/2034 2033/2033/2033 2032/2032/2032 2031/2031/2031 2030/2030/2030 2029/2029/2029
v -224 16 96
vn 0 1 0
vt 0.909001946 0.202205896
v -224 16 68
vn 0 1 0
vt 0.909001946 0.189338207
v -216 16 76
vn 0 1 0
vt 0.908023477 0.193014681
v -208 16 84
vn 0 1 0
vt 0.907045007 0.196691155
v -200 16 92
vn 0 1 0
vt 0.906066537 0.20036763
f 2039/2039/2039 2038/2038/2038 2037/2037/2037 2036/2036/2036 2035/2035/2035
v -216 16 76
vn 0 1 0
vt 0.911937356 0.20036763
v -224 16 68
vn 0 1 0
vt 0.912915826 0.196691155
v -224 16 60
vn 0 1 0
vt 0.912915826 0.193014681
f 2042/2042/2042 2041/2041/2041 2040/2040/2040
v -158.399994 16 88.8000031
vn 0 1 0
vt 0.917025447 0.198897064
v -168 16 92
vn 0 1 0
vt 0.915851295 0.20036763
v -160 16 84
vn 0 1 0
vt 0.916829765 0.196691155
v -152 16 76
vn 0 1 0
vt 0.917808235 0.193014681
f 2046/2046/2046 2045/2045/2045 2044/2044/2044 2043/2043/2043
v -152 16 76
vn 0 1 0
vt 0.866927564 0.259191155
v -144 16 60
vn 0 1 0
vt 0.867906094 0.251838207
v -144 16 84
vn 0 1 0
vt 0.867906094 0.26286763
v -158.399994 16 88.8000031
vn 0 1 0
vt 0.866144836 0.265073538
f 2050/2050/2050 2049/2049/2049 2048/2048/2048 2047/2047/2047
v -144 16 96
vn 0 1 0
vt 0.826810181 0.10661763
v -180 16 96
vn 0 1 0
vt 0.822407067 0.10661763
v -168 16 92
vn 0 1 0
vt 0.823874772 0.104779422
v -158.399994 16 88.8000031
vn 0 1 0
vt 0.825048923 0.103308856
v -144 16 84
vn 0 1 0
vt 0.826810181 0.101102948
f 2055/2055/2055 2054/2054/2054 2053/2053/2053 2052/2052/2052 2051/2051/2051
v -200 16 92
vn 0 1 0
vt 0.83170253 0.104779422
v -188 16 96
vn 0 1 0
vt 0.833170235 0.10661763
v -224 16 96
vn 0 1 0
vt 0.828767121 0.10661763
f 2058/2058/2058 2057/2057/2057 2056/2056/2056
v -112 16 96
vn 0 1 0
vt 0.873776913 0.26838237
v -144 16 96
vn 0 1 0
vt 0.869863033 0.26838237
v -144 16 84
vn 0 1 0
vt 0.869863033 0.26286763
v -112 16 60
vn 0 1 0
vt 0.873776913 0.251838207
f 2062/2062/2062 2061/2061/2061 2060/2060/2060 2059/2059/2059
v -144 16 60
vn 0 1 0
vt 0.969667315 0.45036763
v -144 16 0
vn 0 1 0
vt 0.969667315 0.422794104
v -112 16 0
vn 0 1 0
vt 0.973581195 0.422794104
v -112 16 60
vn 0 1 0
vt 0.973581195 0.45036763
v -144 16 84
vn 0 1 0
vt 0.969667315 0.461397052
f 2067/2067/2067 2066/2066/2066 2065/2065/2065 2064/2064/2064 2063/2063/2063
v -112 16 96
vn 0 1 0
vt 0.924657524 0.1875
v -112 16 128
vn 0 1 0
vt 0.924657524 0.202205896
v -144 16 96
vn 0 1 0
vt 0.920743644 0.1875
f 2070/2070/2070 2069/2069/2069 2068/2068/2068
v -224 16 128
vn 0 1 0
vt 0.926614463 0.202205896
v -224 16 96
vn 0 1 0
vt 0.926614463 0.1875
v -188 16 96
vn 0 1 0
vt 0.931017637 0.1875
f 2073/2073/2073 2072/2072/2072 2071/2071/2071
v -180 16 96
vn 0 1 0
vt 0.939823866 0.1875
v -144 16 96
vn 0 1 0
vt 0.94422698 0.1875
v -112 16 128
vn 0 1 0
vt 0.948140919 0.202205896
v -224 16 128
vn 0 1 0
vt 0.934442282 0.202205896
v -188 16 96
vn 0 1 0
vt 0.938845396 0.1875
f 2078/2078/2078 2077/2077/2077 2076/2076/2076 2075/2075/2075 2074/2074/2074
v -748 16 0
vn 1 0 0
vt 0.152152643 0.606617689
v -748 16 144
vn 1 0 0
vt 0.152152643 0.672794104
v -748 128 144
vn 1 0 0
vt 0.138454005 0.672794104
v -748 128 0
vn 1 0 0
vt 0.138454005 0.606617689
f 2082/2082/2082 2081/2081/2081 2080/2080/2080 2079/2079/2079
v -336 128 128
vn 0 1 0
vt 0.404109597 0.525735259
v -112 128 128
vn 0 1 0
vt 0.376712322 0.525735259
v -112 128 28
vn 0 1 0
vt 0.376712322 0.479779422
f 2085/2085/2085 2084/2084/2084 2083/2083/2083
v -336 128 0
vn 0 1 0
vt 0.910958886 0.613970578
v -336 128 128
vn 0 1 0
vt 0.910958886 0.672794104
v -112 128 28
vn 0 1 0
vt 0.883561671 0.626838207
v -112 128 24
vn 0 1 0
vt 0.883561671 0.625
v -112 128 20
vn 0 1 0
vt 0.883561671 0.623161793
v -112 128 16
vn 0 1 0
vt 0.883561671 0.621323526
v -112 128 12
vn 0 1 0
vt 0.883561671 0.619485259
v -112 128 8
vn 0 1 0
vt 0.883561671 0.617647052
v -112 128 4
vn 0 1 0
vt 0.883561671 0.615808845
v -112 128 0
vn 0 1 0
vt 0.883561671 0.613970578
f 2095/2095/2095 2094/2094/2094 2093/2093/2093 2092/2092/2092 2091/2091/2091 2090/2090/2090 2089/2089/2089 2088/2088/2088 2087/2087/2087 2086/2086/2086
v -352 128 0
vn 0 1 0
vt 0.914872825 0.613970578
v -376 128 0
vn 0 1 0
vt 0.917808235 0.613970578
v -376 128 128
vn 0 1 0
vt 0.917808235 0.672794104
v -336 128 128
vn 0 1 0
vt 0.912915826 0.672794104
v -336 128 0
vn 0 1 0
vt 0.912915826 0.613970578
f 2100/2100/2100 2099/2099/2099 2098/2098/2098 2097/2097/2097 2096/2096/2096
v -600 128 144
vn 0 1 0
vt 0.158512726 0.672794104
v -576 128 0
vn 0 1 0
vt 0.155577302 0.606617689
v -592 128 0
vn 0 1 0
vt 0.157534242 0.606617689
v -600 128 0
vn 0 1 0
vt 0.158512726 0.606617689
f 2104/2104/2104 2103/2103/2103 2102/2102/2102 2101/2101/2101
v -456 128 0
vn 0 1 0
vt 0.172211349 0.606617689
v -576 128 0
vn 0 1 0
vt 0.186888456 0.606617689
v -600 128 144
vn 0 1 0
vt 0.189823881 0.672794104
v -376 128 144
vn 0 1 0
vt 0.162426621 0.672794104
v -376 128 128
vn 0 1 0
vt 0.162426621 0.665441155
v -376 128 0
vn 0 1 0
vt 0.162426621 0.606617689
f 2110/2110/2110 2109/2109/2109 2108/2108/2108 2107/2107/2107 2106/2106/2106 2105/2105/2105
v -748 128 144
vn 0 1 0
vt 0.211839527 0.672794104
v -600 128 144
vn 0 1 0
vt 0.193737775 0.672794104
v -600 128 0
vn 0 1 0
vt 0.193737775 0.606617689
v -748 128 0
vn 0 1 0
vt 0.211839527 0.606617689
f 2114/2114/2114 2113/2113/2113 2112/2112/2112 2111/2111/2111
v -456 16 0
vn 1 0 0
vt 0.836839557 0.0992646813
v -456 16 4
vn 1 0 0
vt 0.836839557 0.101102948
v -456 18 4
vn 1 0 0
vt 0.836594939 0.101102948
v -456 18 0
vn 1 0 0
vt 0.836594939 0.0992646813
f 2118/2118/2118 2117/2117/2117 2116/2116/2116 2115/2115/2115
v -376 16 128
vn 1 0 0
vt 0.854207456 0.0992646813
v -376 128 128
vn 1 0 0
vt 0.840508819 0.0992646813
v -376 128 144
vn 1 0 0
vt 0.840508819 0.10661763
v -376 16 144
vn 1 0 0
vt 0.854207456 0.10661763
f 2122/2122/2122 2121/2121/2121 2120/2120/2120 2119/2119/2119
v -336 128 128
vn 0 0 1
vt 0.415851265 0.525735259
v -336 16 128
vn 0 0 1
vt 0.415851265 0.474264681
v -256 16 128
vn 0 0 1
vt 0.406066537 0.474264681
f 2125/2125/2125 2124/2124/2124 2123/2123/2123
v -224 16 128
vn 0 0 1
vt 0.431506842 0.474264681
v -112 16 128
vn 0 0 1
vt 0.417808205 0.474264681
v -112 64 128
vn 0 0 1
vt 0.417808205 0.496323526
v -112 128 128
vn 0 0 1
vt 0.417808205 0.525735259
v -336 128 128
vn 0 0 1
vt 0.44520548 0.525735259
v -256 16 128
vn 0 0 1
vt 0.435420752 0.474264681
f 2131/2131/2131 2130/2130/2130 2129/2129/2129 2128/2128/2128 2127/2127/2127 2126/2126/2126
v -376 128 128
vn 0 0 1
vt 0.452054799 0.525735259
v -376 16 128
vn 0 0 1
vt 0.452054799 0.474264681
v -336 16 128
vn 0 0 1
vt 0.44716242 0.474264681
v -336 128 128
vn 0 0 1
vt 0.44716242 0.525735259
f 2135/2135/2135 2134/2134/2134 2133/2133/2133 2132/2132/2132
v -576 18 4
vn 1 0 0
vt 0.215998039 0.608455896
v -576 18 144
vn 1 0 0
vt 0.215998039 0.672794104
v -576 19 144
vn 1 0 0
vt 0.21587573 0.672794104
v -576 19 0
vn 1 0 0
vt 0.21587573 0.606617689
v -576 18 0
vn 1 0 0
vt 0.215998039 0.606617689
f 2140/2140/2140 2139/2139/2139 2138/2138/2138 2137/2137/2137 2136/2136/2136
v -576 16 144
vn 1 0 0
vt 0.22015655 0.672794104
v -576 18 144
vn 1 0 0
vt 0.219911933 0.672794104
v -576 18 4
vn 1 0 0
vt 0.219911933 0.608455896
v -576 16 4
vn 1 0 0
vt 0.22015655 0.608455896
f 2144/2144/2144 2143/2143/2143 2142/2142/2142 2141/2141/2141
v -456 18 4
vn 0 1 0
vt 0.871819973 0.101102948
v -576 18 4
vn 0 1 0
vt 0.857142866 0.101102948
v -576 18 0
vn 0 1 0
vt 0.857142866 0.0992646813
v -456 18 0
vn 0 1 0
vt 0.871819973 0.0992646813
f 2148/2148/2148 2147/2147/2147 2146/2146/2146 2145/2145/2145
v -456 16 4
vn 0 0 1
vt 0.88943249 0.105698526
v -576 16 4
vn 0 0 1
vt 0.874755383 0.105698526
v -576 18 4
vn 0 0 1
vt 0.874755383 0.10661763
v -456 18 4
vn 0 0 1
vt 0.88943249 0.10661763
f 2152/2152/2152 2151/2151/2151 2150/2150/2150 2149/2149/2149
v -592 16 144
vn 1 0 0
vt 0.222113505 0.672794104
v -592 16 0
vn 1 0 0
vt 0.222113505 0.606617689
v -592 19 0
vn 1 0 0
vt 0.222480431 0.606617689
v -592 19 144
vn 1 0 0
vt 0.222480431 0.672794104
f 2156/2156/2156 2155/2155/2155 2154/2154/2154 2153/2153/2153
v -592 19 0
vn 0 1 0
vt 0.227005869 0.606617689
v -576 19 0
vn 0 1 0
vt 0.228962824 0.606617689
v -576 19 144
vn 0 1 0
vt 0.228962824 0.672794104
v -592 19 144
vn 0 1 0
vt 0.227005869 0.672794104
f 2160/2160/2160 2159/2159/2159 2158/2158/2158 2157/2157/2157
v -456 2 8
vn 1 0 0
vt 0.89138943 0.102941155
v -456 2 0
vn 1 0 0
vt 0.89138943 0.0992646813
v -456 0 0
vn 1 0 0
vt 0.891634047 0.0992646813
v -456 0 12
vn 1 0 0
vt 0.891634047 0.104779422
v -456 2 12
vn 1 0 0
vt 0.89138943 0.104779422
f 2165/2165/2165 2164/2164/2164 2163/2163/2163 2162/2162/2162 2161/2161/2161
v -456 10 4
vn 1 0 0
vt 0.895303309 0.101102948
v -456 10 0
vn 1 0 0
vt 0.895303309 0.0992646813
v -456 2 0
vn 1 0 0
vt 0.896281779 0.0992646813
v -456 2 8
vn 1 0 0
vt 0.896281779 0.102941155
v -456 10 8
vn 1 0 0
vt 0.895303309 0.102941155
f 2170/2170/2170 2169/2169/2169 2168/2168/2168 2167/2167/2167 2166/2166/2166
v -456 16 0
vn 1 0 0
vt 0.899461865 0.0992646813
v -456 10 0
vn 1 0 0
vt 0.900195718 0.0992646813
v -456 10 4
vn 1 0 0
vt 0.900195718 0.101102948
v -456 16 4
vn 1 0 0
vt 0.899461865 0.101102948
f 2174/2174/2174 2173/2173/2173 2172/2172/2172 2171/2171/2171
v -224 16 0
vn 1 0 0
vt 0.413894325 0.275735319
v -224 0 0
vn 1 0 0
vt 0.415851265 0.275735319
v -224 0 60
vn 1 0 0
vt 0.415851265 0.303308845
v -224 16 60
vn 1 0 0
vt 0.413894325 0.303308845
f 2178/2178/2178 2177/2177/2177 2176/2176/2176 2175/2175/2175
v -144 0 0
vn 1 0 0
vt 0.417808205 0.275735319
v -144 16 0
vn 1 0 0
vt 0.419765174 0.275735319
v -144 16 60
vn 1 0 0
vt 0.419765174 0.303308845
v -144 0 60
vn 1 0 0
vt 0.417808205 0.303308845
f 2182/2182/2182 2181/2181/2181 2180/2180/2180 2179/2179/2179
v -180 0 96
vn 0 0 1
vt 0.903620362 0.0992646813
v -180 16 96
vn 0 0 1
vt 0.903620362 0.10661763
v -188 16 96
vn 0 0 1
vt 0.904598832 0.10661763
v -188 0 96
vn 0 0 1
vt 0.904598832 0.0992646813
f 2186/2186/2186 2185/2185/2185 2184/2184/2184 2183/2183/2183
v -208 0 84
vn 0.707106769 0 -0.707106769
vt 0.908512712 0.0992646813
v -208 16 84
vn 0.707106769 0 -0.707106769
vt 0.908512712 0.10661763
v -216 16 76
vn 0.707106769 0 -0.707106769
vt 0.909491181 0.10661763
v -216 0 76
vn 0.707106769 0 -0.707106769
vt 0.909491181 0.0992646813
f 2190/2190/2190 2189/2189/2189 2188/2188/2188 2187/2187/2187
v -200 0 92
vn 0.707106769 0 -0.707106769
vt 0.913894296 0.0992646813
v -200 16 92
vn 0.707106769 0 -0.707106769
vt 0.913894296 0.10661763
v -208 16 84
vn 0.707106769 0 -0.707106769
vt 0.912915826 0.10661763
v -208 0 84
vn 0.707106769 0 -0.707106769
vt 0.912915826 0.0992646813
f 2194/2194/2194 2193/2193/2193 2192/2192/2192 2191/2191/2191
v -224 0 60
vn 0.89442718 0 -0.44721359
vt 0.919275939 0.0992646813
v -216 0 76
vn 0.89442718 0 -0.44721359
vt 0.917319 0.0992646813
v -216 16 76
vn 0.89442718 0 -0.44721359
vt 0.917319 0.10661763
v -224 16 60
vn 0.89442718 0 -0.44721359
vt 0.919275939 0.10661763
f 2198/2198/2198 2197/2197/2197 2196/2196/2196 2195/2195/2195
v -188 16 96
vn -0.316227764 -0 0.948683321
vt 0.950097859 0.196691155
v -200 16 92
vn -0.316227764 -0 0.948683321
vt 0.950097859 0.191176474
v -200 0 92
vn -0.316227764 -0 0.948683321
vt 0.952054799 0.191176474
v -188 0 96
vn -0.316227764 -0 0.948683321
vt 0.952054799 0.196691155
f 2202/2202/2202 2201/2201/2201 2200/2200/2200 2199/2199/2199
v -168 16 92
vn 0.316227764 0 0.948683321
vt 0.955968678 0.191176474
v -180 16 96
vn 0.316227764 0 0.948683321
vt 0.955968678 0.196691155
v -180 0 96
vn 0.316227764 0 0.948683321
vt 0.954011738 0.196691155
v -168 0 92
vn 0.316227764 0 0.948683321
vt 0.954011738 0.191176474
f 2206/2206/2206 2205/2205/2205 2204/2204/2204 2203/2203/2203
v -160 16 84
vn 0.707106769 0 0.707106769
vt 0.924168289 0.10661763
v -160 0 84
vn 0.707106769 0 0.707106769
vt 0.924168289 0.0992646813
v -152 0 76
vn 0.707106769 0 0.707106769
vt 0.925146759 0.0992646813
v -152 16 76
vn 0.707106769 0 0.707106769
vt 0.925146759 0.10661763
f 2210/2210/2210 2209/2209/2209 2208/2208/2208 2207/2207/2207
v -168 16 92
vn 0.707106769 0 0.707106769
vt 0.929549873 0.10661763
v -168 0 92
vn 0.707106769 0 0.707106769
vt 0.929549873 0.0992646813
v -160 0 84
vn 0.707106769 0 0.707106769
vt 0.928571403 0.0992646813
v -160 16 84
vn 0.707106769 0 0.707106769
vt 0.928571403 0.10661763
f 2214/2214/2214 2213/2213/2213 2212/2212/2212 2211/2211/2211
v -152 0 76
vn 0.89442718 0 0.44721359
vt 0.932974577 0.0992646813
v -144 0 60
vn 0.89442718 0 0.44721359
vt 0.934931517 0.0992646813
v -144 16 60
vn 0.89442718 0 0.44721359
vt 0.934931517 0.10661763
v -152 16 76
vn 0.89442718 0 0.44721359
vt 0.932974577 0.10661763
f 2218/2218/2218 2217/2217/2217 2216/2216/2216 2215/2215/2215
v -376 0 128
vn 1 0 0
vt 0.940313101 0.0992646813
v -376 16 128
vn 1 0 0
vt 0.938356161 0.0992646813
v -376 16 144
vn 1 0 0
vt 0.938356161 0.10661763
v -376 0 144
vn 1 0 0
vt 0.940313101 0.10661763
f 2222/2222/2222 2221/2221/2221 2220/2220/2220 2219/2219/2219
v -256 16 60
vn 1 0 0
vt 0.423679054 0.303308845
v -256 0 60
vn 1 0 0
vt 0.421722114 0.303308845
v -256 0 0
vn 1 0 0
vt 0.421722114 0.275735319
v -256 16 0
vn 1 0 0
vt 0.423679054 0.275735319
f 2226/2226/2226 2225/2225/2225 2224/2224/2224 2223/2223/2223
v -336 0 60
vn 1 0 0
vt 0.427592963 0.303308845
v -336 16 60
vn 1 0 0
vt 0.425635993 0.303308845
v -336 16 0
vn 1 0 0
vt 0.425635993 0.275735319
v -336 0 0
vn 1 0 0
vt 0.427592963 0.275735319
f 2230/2230/2230 2229/2229/2229 2228/2228/2228 2227/2227/2227
v -292 0 96
vn 0 0 1
vt 0.942759275 0.0992646813
v -292 16 96
vn 0 0 1
vt 0.942759275 0.10661763
v -300 16 96
vn 0 0 1
vt 0.943737745 0.10661763
v -300 0 96
vn 0 0 1
vt 0.943737745 0.0992646813
f 2234/2234/2234 2233/2233/2233 2232/2232/2232 2231/2231/2231
v -336 0 60
vn 0.89442718 0 -0.44721359
vt 0.948630154 0.0992646813
v -328 0 76
vn 0.89442718 0 -0.44721359
vt 0.946673214 0.0992646813
v -328 16 76
vn 0.89442718 0 -0.44721359
vt 0.946673214 0.10661763
v -336 16 60
vn 0.89442718 0 -0.44721359
vt 0.948630154 0.10661763
f 2238/2238/2238 2237/2237/2237 2236/2236/2236 2235/2235/2235
v -264 0 76
vn 0.89442718 0 0.44721359
vt 0.952544034 0.0992646813
v -256 0 60
vn 0.89442718 0 0.44721359
vt 0.954500973 0.0992646813
v -256 16 60
vn 0.89442718 0 0.44721359
vt 0.954500973 0.10661763
v -264 16 76
vn 0.89442718 0 0.44721359
vt 0.952544034 0.10661763
f 2242/2242/2242 2241/2241/2241 2240/2240/2240 2239/2239/2239
v -272 0 84
vn 0.707106769 0 0.707106769
vt 0.959393322 0.0992646813
v -264 0 76
vn 0.707106769 0 0.707106769
vt 0.960371792 0.0992646813
v -264 16 76
vn 0.707106769 0 0.707106769
vt 0.960371792 0.10661763
v -272 16 84
vn 0.707106769 0 0.707106769
vt 0.959393322 0.10661763
f 2246/2246/2246 2245/2245/2245 2244/2244/2244 2243/2243/2243
v -280 16 92
vn 0.707106769 0 0.707106769
vt 0.964774966 0.10661763
v -280 0 92
vn 0.707106769 0 0.707106769
vt 0.964774966 0.0992646813
v -272 0 84
vn 0.707106769 0 0.707106769
vt 0.963796496 0.0992646813
v -272 16 84
vn 0.707106769 0 0.707106769
vt 0.963796496 0.10661763
f 2250/2250/2250 2249/2249/2249 2248/2248/2248 2247/2247/2247
v -280 16 92
vn 0.316227764 0 0.948683321
vt 0.959882557 0.191176474
v -292 16 96
vn 0.316227764 0 0.948683321
vt 0.959882557 0.196691155
v -292 0 96
vn 0.316227764 0 0.948683321
vt 0.957925618 0.196691155
v -280 0 92
vn 0.316227764 0 0.948683321
vt 0.957925618 0.191176474
f 2254/2254/2254 2253/2253/2253 2252/2252/2252 2251/2251/2251
v -328 0 76
vn 0.707106769 0 -0.707106769
vt 0.97015655 0.0992646813
v -320 0 84
vn 0.707106769 0 -0.707106769
vt 0.969178081 0.0992646813
v -320 16 84
vn 0.707106769 0 -0.707106769
vt 0.969178081 0.10661763
v -328 16 76
vn 0.707106769 0 -0.707106769
vt 0.97015655 0.10661763
f 2258/2258/2258 2257/2257/2257 2256/2256/2256 2255/2255/2255
v -312 0 92
vn 0.707106769 0 -0.707106769
vt 0.974559665 0.0992646813
v -312 16 92
vn 0.707106769 0 -0.707106769
vt 0.974559665 0.10661763
v -320 16 84
vn 0.707106769 0 -0.707106769
vt 0.973581195 0.10661763
v -320 0 84
vn 0.707106769 0 -0.707106769
vt 0.973581195 0.0992646813
f 2262/2262/2262 2261/2261/2261 2260/2260/2260 2259/2259/2259
v -300 16 96
vn -0.316227764 -0 0.948683321
vt 0.961839557 0.196691155
v -312 16 92
vn -0.316227764 -0 0.948683321
vt 0.961839557 0.191176474
v -312 0 92
vn -0.316227764 -0 0.948683321
vt 0.963796496 0.191176474
v -300 0 96
vn -0.316227764 -0 0.948683321
vt 0.963796496 0.196691155
f 2266/2266/2266 2265/2265/2265 2264/2264/2264 2263/2263/2263
v -376 16 128
vn 1 0 0
vt 0.922700584 0.672794104
v -376 0 128
vn 1 0 0
vt 0.920743644 0.672794104
v -376 0 0
vn 1 0 0
vt 0.920743644 0.613970578
v -376 16 0
vn 1 0 0
vt 0.922700584 0.613970578
f 2270/2270/2270 2269/2269/2269 2268/2268/2268 2267/2267/2267
v -576 10 8
vn 1 0 0
vt 0.232632101 0.610294104
v -576 10 144
vn 1 0 0
vt 0.232632101 0.672794104
v -576 16 144
vn 1 0 0
vt 0.231898233 0.672794104
v -576 16 4
vn 1 0 0
vt 0.231898233 0.608455896
v -576 10 4
vn 1 0 0
vt 0.232632101 0.608455896
f 2275/2275/2275 2274/2274/2274 2273/2273/2273 2272/2272/2272 2271/2271/2271
v -576 2 12
vn 1 0 0
vt 0.237524465 0.612132311
v -576 2 144
vn 1 0 0
vt 0.237524465 0.672794104
v -576 10 144
vn 1 0 0
vt 0.236545995 0.672794104
v -576 10 8
vn 1 0 0
vt 0.236545995 0.610294104
v -576 2 8
vn 1 0 0
vt 0.237524465 0.610294104
f 2280/2280/2280 2279/2279/2279 2278/2278/2278 2277/2277/2277 2276/2276/2276
v -576 0 96
vn 1 0 0
vt 0.241682976 0.650735259
v -576 0 144
vn 1 0 0
vt 0.241682976 0.672794104
v -576 2 144
vn 1 0 0
vt 0.241438359 0.672794104
v -576 2 12
vn 1 0 0
vt 0.241438359 0.612132311
v -576 0 12
vn 1 0 0
vt 0.241682976 0.612132311
f 2285/2285/2285 2284/2284/2284 2283/2283/2283 2282/2282/2282 2281/2281/2281
v -456 2 12
vn 0 1 0
vt 0.993150711 0.104779422
v -576 2 12
vn 0 1 0
vt 0.978473604 0.104779422
v -576 2 8
vn 0 1 0
vt 0.978473604 0.102941155
v -456 2 8
vn 0 1 0
vt 0.993150711 0.102941155
f 2289/2289/2289 2288/2288/2288 2287/2287/2287 2286/2286/2286
v -456 10 8
vn 0 1 0
vt 0.0166340508 0.0882353187
v -576 10 8
vn 0 1 0
vt 0.00195694715 0.0882353187
v -576 10 4
vn 0 1 0
vt 0.00195694715 0.0863970518
v -456 10 4
vn 0 1 0
vt 0.0166340508 0.0863970518
f 2293/2293/2293 2292/2292/2292 2291/2291/2291 2290/2290/2290
v -456 10 4
vn 0 0 1
vt 0.0342465751 0.0882353187
v -576 10 4
vn 0 0 1
vt 0.0195694715 0.0882353187
v -576 16 4
vn 0 0 1
vt 0.0195694715 0.0909926295
v -456 16 4
vn 0 0 1
vt 0.0342465751 0.0909926295
f 2297/2297/2297 2296/2296/2296 2295/2295/2295 2294/2294/2294
v -456 2 8
vn 0 0 1
vt 0.0518590994 0.0882353187
v -576 2 8
vn 0 0 1
vt 0.0371819958 0.0882353187
v -576 10 8
vn 0 0 1
vt 0.0371819958 0.0919117928
v -456 10 8
vn 0 0 1
vt 0.0518590994 0.0919117928
f 2301/2301/2301 2300/2300/2300 2299/2299/2299 2298/2298/2298
v -456 0 12
vn 0 0 1
vt 0.0694716275 0.0909926295
v -576 0 12
vn 0 0 1
vt 0.0547945201 0.0909926295
v -576 2 12
vn 0 0 1
vt 0.0547945201 0.0919117928
v -456 2 12
vn 0 0 1
vt 0.0694716275 0.0919117928
f 2305/2305/2305 2304/2304/2304 2303/2303/2303 2302/2302/2302
v -592 0 144
vn 1 0 0
vt 0.875733852 0.26838237
v -592 0 96
vn 1 0 0
vt 0.875733852 0.246323526
v -592 16 144
vn 1 0 0
vt 0.877690792 0.26838237
f 2308/2308/2308 2307/2307/2307 2306/2306/2306
v -592 16 0
vn 1 0 0
vt 0.245596871 0.606617689
v -592 16 144
vn 1 0 0
vt 0.245596871 0.672794104
v -592 0 96
vn 1 0 0
vt 0.243639916 0.650735259
v -592 0 4
vn 1 0 0
vt 0.243639916 0.608455896
v -592 0 0
vn 1 0 0
vt 0.243639916 0.606617689
f 2313/2313/2313 2312/2312/2312 2311/2311/2311 2310/2310/2310 2309/2309/2309
v -748 16 0
vn 1 0 0
vt 0.0719178095 0.0845588446
v -748 0 0
vn 1 0 0
vt 0.0738747567 0.0845588446
v -748 0 4
vn 1 0 0
vt 0.0738747567 0.0863970518
f 2316/2316/2316 2315/2315/2315 2314/2314/2314
v -748 0 96
vn 1 0 0
vt 0.25 0.650735259
v -748 0 144
vn 1 0 0
vt 0.25 0.672794104
v -748 16 144
vn 1 0 0
vt 0.248043045 0.672794104
v -748 16 0
vn 1 0 0
vt 0.248043045 0.606617689
v -748 0 4
vn 1 0 0
vt 0.25 0.608455896
f 2321/2321/2321 2320/2320/2320 2319/2319/2319 2318/2318/2318 2317/2317/2317
v -8 -140 76
vn 1 0 0
vt 0.152152643 0.354779422
v -8 -140 0
vn 1 0 0
vt 0.152152643 0.319852948
v -8 -124 0
vn 1 0 0
vt 0.154109582 0.319852948
v -8 -124 76
vn 1 0 0
vt 0.154109582 0.354779422
f 2325/2325/2325 2324/2324/2324 2323/2323/2323 2322/2322/2322
v -8 -8 76
vn 1 0 0
vt 0.160469666 0.354779422
v -8 -32 76
vn 1 0 0
vt 0.157534242 0.354779422
v -8 -32 0
vn 1 0 0
vt 0.157534242 0.319852948
v -8 -8 0
vn 1 0 0
vt 0.160469666 0.319852948
f 2329/2329/2329 2328/2328/2328 2327/2327/2327 2326/2326/2326
v -8 -224 76
vn 1 0 0
vt 0.456947148 0.509191155
v -8 -224 100
vn 1 0 0
vt 0.456947148 0.520220578
v -8 -240 100
vn 1 0 0
vt 0.454990208 0.520220578
v -8 -240 0
vn 1 0 0
vt 0.454990208 0.474264681
v -8 -232 0
vn 1 0 0
vt 0.455968678 0.474264681
v -8 -224 0
vn 1 0 0
vt 0.456947148 0.474264681
f 2335/2335/2335 2334/2334/2334 2333/2333/2333 2332/2332/2332 2331/2331/2331 2330/2330/2330
v -8 -140 76
vn 1 0 0
vt 0.889921725 0.251838207
v -8 -124 76
vn 1 0 0
vt 0.891878664 0.251838207
v -8 -128 100
vn 1 0 0
vt 0.89138943 0.26286763
v -8 -144 100
vn 1 0 0
vt 0.88943249 0.26286763
v -8 -160 100
vn 1 0 0
vt 0.88747555 0.26286763
v -8 -176 100
vn 1 0 0
vt 0.88551861 0.26286763
v -8 -224 76
vn 1 0 0
vt 0.879647732 0.251838207
f 2342/2342/2342 2341/2341/2341 2340/2340/2340 2339/2339/2339 2338/2338/2338 2337/2337/2337 2336/2336/2336
v -8 -124 76
vn 1 0 0
vt 0.895792544 0.251838207
v -8 -80 100
vn 1 0 0
vt 0.901174188 0.26286763
v -8 -96 100
vn 1 0 0
vt 0.899217248 0.26286763
v -8 -112 100
vn 1 0 0
vt 0.897260249 0.26286763
v -8 -128 100
vn 1 0 0
vt 0.895303309 0.26286763
f 2347/2347/2347 2346/2346/2346 2345/2345/2345 2344/2344/2344 2343/2343/2343
v -8 -224 76
vn 1 0 0
vt 0.903131127 0.251838207
v -8 -176 100
vn 1 0 0
vt 0.909001946 0.26286763
v -8 -192 100
vn 1 0 0
vt 0.907045007 0.26286763
v -8 -208 100
vn 1 0 0
vt 0.905088067 0.26286763
v -8 -224 100
vn 1 0 0
vt 0.903131127 0.26286763
f 2352/2352/2352 2351/2351/2351 2350/2350/2350 2349/2349/2349 2348/2348/2348
v -8 -8 76
vn 1 0 0
vt 0.911937356 0.251838207
v -8 -8 100
vn 1 0 0
vt 0.911937356 0.26286763
v -8 -16 100
vn 1 0 0
vt 0.910958886 0.26286763
f 2355/2355/2355 2354/2354/2354 2353/2353/2353
v -8 -32 76
vn 1 0 0
vt 0.926614463 0.251838207
v -8 -8 76
vn 1 0 0
vt 0.929549873 0.251838207
v -8 -16 100
vn 1 0 0
vt 0.928571403 0.26286763
v -8 -32 100
vn 1 0 0
vt 0.926614463 0.26286763
v -8 -48 100
vn 1 0 0
vt 0.924657524 0.26286763
v -8 -64 100
vn 1 0 0
vt 0.922700584 0.26286763
v -8 -80 100
vn 1 0 0
vt 0.920743644 0.26286763
v -8 -124 76
vn 1 0 0
vt 0.91536206 0.251838207
f 2363/2363/2363 2362/2362/2362 2361/2361/2361 2360/2360/2360 2359/2359/2359 2358/2358/2358 2357/2357/2357 2356/2356/2356
v -8 -16 116
vn 1 0 0
vt 0.429549903 0.284926474
v -8 -16 100
vn 1 0 0
vt 0.429549903 0.277573526
v -8 -8 100
vn 1 0 0
vt 0.430528373 0.277573526
v -8 -8 152
vn 1 0 0
vt 0.430528373 0.301470578
v -8 -16 152
vn 1 0 0
vt 0.429549903 0.301470578
f 2368/2368/2368 2367/2367/2367 2366/2366/2366 2365/2365/2365 2364/2364/2364
v -8 -372 156
vn 1 0 0
vt 0.933953047 0.266544104
v -8 -240 116
vn 1 0 0
vt 0.950097859 0.248161793
v -8 -240 156
vn 1 0 0
vt 0.950097859 0.266544104
f 2371/2371/2371 2370/2370/2370 2369/2369/2369
v -8 -293.597992 0
vn 1 0 0
vt 0.604990423 0.6875
v -8 -240 0
vn 1 0 0
vt 0.61154598 0.6875
v -8 -240 100
vn 1 0 0
vt 0.61154598 0.733455896
v -8 -240 116
vn 1 0 0
vt 0.61154598 0.740808845
v -8 -372 156
vn 1 0 0
vt 0.595401168 0.759191155
v -8 -372 0
vn 1 0 0
vt 0.595401168 0.6875
f 2377/2377/2377 2376/2376/2376 2375/2375/2375 2374/2374/2374 2373/2373/2373 2372/2372/2372
v 8 -240 116
vn 1 0 0
vt 0.0772994161 0.0863970518
v 8 -240 112
vn 1 0 0
vt 0.0772994161 0.0845588446
v 8 -264 112
vn 1 0 0
vt 0.0802348331 0.0845588446
f 2380/2380/2380 2379/2379/2379 2378/2378/2378
v 8 -272 116
vn 1 0 0
vt 0.955968678 0.248161793
v 8 -272 156
vn 1 0 0
vt 0.955968678 0.266544104
v 8 -240 156
vn 1 0 0
vt 0.952054799 0.266544104
v 8 -240 116
vn 1 0 0
vt 0.952054799 0.248161793
v 8 -264 112
vn 1 0 0
vt 0.954990208 0.246323526
v 8 -272 112
vn 1 0 0
vt 0.955968678 0.246323526
f 2386/2386/2386 2385/2385/2385 2384/2384/2384 2383/2383/2383 2382/2382/2382 2381/2381/2381
v 8 -280 120
vn 1 0 0
vt 0.958904088 0.25
v 8 -280 156
vn 1 0 0
vt 0.958904088 0.266544104
v 8 -272 156
vn 1 0 0
vt 0.957925618 0.266544104
v 8 -272 116
vn 1 0 0
vt 0.957925618 0.248161793
v 8 -280 116
vn 1 0 0
vt 0.958904088 0.248161793
f 2391/2391/2391 2390/2390/2390 2389/2389/2389 2388/2388/2388 2387/2387/2387
v 8 -256 108
vn 1 0 0
vt 0.0851272047 0.0900735259
v 8 -264 108
vn 1 0 0
vt 0.0861056745 0.0900735259
v 8 -264 112
vn 1 0 0
vt 0.0861056745 0.0919117928
v 8 -240 112
vn 1 0 0
vt 0.0831702575 0.0919117928
v 8 -240 108
vn 1 0 0
vt 0.0831702575 0.0900735259
f 2396/2396/2396 2395/2395/2395 2394/2394/2394 2393/2393/2393 2392/2392/2392
v 8 -248 104
vn 1 0 0
vt 0.0900195688 0.0882353187
v 8 -256 104
vn 1 0 0
vt 0.0909980461 0.0882353187
v 8 -256 108
vn 1 0 0
vt 0.0909980461 0.0900735259
v 8 -240 108
vn 1 0 0
vt 0.089041099 0.0900735259
v 8 -240 104
vn 1 0 0
vt 0.089041099 0.0882353187
f 2401/2401/2401 2400/2400/2400 2399/2399/2399 2398/2398/2398 2397/2397/2397
v 8 -248 100
vn 1 0 0
vt 0.0939334631 0.0863970518
v 8 -248 104
vn 1 0 0
vt 0.0939334631 0.0882353187
v 8 -240 104
vn 1 0 0
vt 0.0929549932 0.0882353187
v 8 -240 100
vn 1 0 0
vt 0.0929549932 0.0863970518
f 2405/2405/2405 2404/2404/2404 2403/2403/2403 2402/2402/2402
v 8 -56 92
vn 1 0 0
vt 0.966731906 0.193014681
v 8 -56 100
vn 1 0 0
vt 0.966731906 0.196691155
v 8 -48 100
vn 1 0 0
vt 0.965753436 0.196691155
f 2408/2408/2408 2407/2407/2407 2406/2406/2406
v 8 -32 100
vn 1 0 0
vt 0.971624255 0.196691155
v 8 -16 100
vn 1 0 0
vt 0.969667315 0.196691155
v 8 -16 92
vn 1 0 0
vt 0.969667315 0.193014681
v 8 -56 92
vn 1 0 0
vt 0.974559665 0.193014681
v 8 -48 100
vn 1 0 0
vt 0.973581195 0.196691155
f 2413/2413/2413 2412/2412/2412 2411/2411/2411 2410/2410/2410 2409/2409/2409
v 8 -288 124
vn 1 0 0
vt 0.963796496 0.251838207
v 8 -288 156
vn 1 0 0
vt 0.963796496 0.266544104
v 8 -280 156
vn 1 0 0
vt 0.962818027 0.266544104
v 8 -280 120
vn 1 0 0
vt 0.962818027 0.25
v 8 -288 120
vn 1 0 0
vt 0.963796496 0.25
f 2418/2418/2418 2417/2417/2417 2416/2416/2416 2415/2415/2415 2414/2414/2414
v 8 -296 128
vn 1 0 0
vt 0.966731906 0.253676474
v 8 -296 156
vn 1 0 0
vt 0.966731906 0.266544104
v 8 -288 156
vn 1 0 0
vt 0.965753436 0.266544104
v 8 -288 124
vn 1 0 0
vt 0.965753436 0.251838207
v 8 -296 124
vn 1 0 0
vt 0.966731906 0.251838207
f 2423/2423/2423 2422/2422/2422 2421/2421/2421 2420/2420/2420 2419/2419/2419
v 8 -388 156
vn 1 0 0
vt 0.989726007 0.20036763
v 8 -296 156
vn 1 0 0
vt 0.978473604 0.20036763
v 8 -296 128
vn 1 0 0
vt 0.978473604 0.1875
v 8 -388 128
vn 1 0 0
vt 0.989726007 0.1875
f 2427/2427/2427 2426/2426/2426 2425/2425/2425 2424/2424/2424
v 8 -140 0
vn 1 0 0
vt 0.16682975 0.319852948
v 8 -140 76
vn 1 0 0
vt 0.16682975 0.354779422
v 8 -124 76
vn 1 0 0
vt 0.164872795 0.354779422
v 8 -124 0
vn 1 0 0
vt 0.164872795 0.319852948
f 2431/2431/2431 2430/2430/2430 2429/2429/2429 2428/2428/2428
v 8 -16 76
vn 1 0 0
vt 0.171232879 0.354779422
v 8 0 76
vn 1 0 0
vt 0.169275925 0.354779422
v 8 0 0
vn 1 0 0
vt 0.169275925 0.319852948
v 8 -32 0
vn 1 0 0
vt 0.173189819 0.319852948
v 8 -32 76
vn 1 0 0
vt 0.173189819 0.354779422
f 2436/2436/2436 2435/2435/2435 2434/2434/2434 2433/2433/2433 2432/2432/2432
v 8 0 76
vn 1 0 0
vt 0.969667315 0.251838207
v 8 -16 76
vn 1 0 0
vt 0.971624255 0.251838207
v 8 -16 92
vn 1 0 0
vt 0.971624255 0.259191155
v 8 -16 100
vn 1 0 0
vt 0.971624255 0.26286763
f 2440/2440/2440 2439/2439/2439 2438/2438/2438 2437/2437/2437
v 8 -16 152
vn 1 0 0
vt 0.0988258347 0.0882353187
v 8 0 152
vn 1 0 0
vt 0.0968688875 0.0882353187
v 8 0 144
vn 1 0 0
vt 0.0968688875 0.0845588446
f 2443/2443/2443 2442/2442/2442 2441/2441/2441
v 8 0 128
vn 1 0 0
vt 0.975538135 0.452205896
v 8 0 76
vn 1 0 0
vt 0.975538135 0.428308845
v 8 -16 100
vn 1 0 0
vt 0.977495134 0.439338207
v 8 -16 116
vn 1 0 0
vt 0.977495134 0.446691155
v 8 -16 152
vn 1 0 0
vt 0.977495134 0.463235319
v 8 0 144
vn 1 0 0
vt 0.975538135 0.459558845
f 2449/2449/2449 2448/2448/2448 2447/2447/2447 2446/2446/2446 2445/2445/2445 2444/2444/2444
v 8 -140 76
vn 1 0 0
vt 0.0102739725 0.163602948
v 8 -224 76
vn 1 0 0
vt 0.0205479451 0.163602948
v 8 -240 92
vn 1 0 0
vt 0.0225048922 0.170955896
v 8 -64 92
vn 1 0 0
vt 0.000978473574 0.170955896
v 8 -124 76
vn 1 0 0
vt 0.00831702538 0.163602948
f 2454/2454/2454 2453/2453/2453 2452/2452/2452 2451/2451/2451 2450/2450/2450
v 8 -240 76
vn 1 0 0
vt 0.0264187865 0.163602948
v 8 -240 92
vn 1 0 0
vt 0.0264187865 0.170955896
v 8 -224 76
vn 1 0 0
vt 0.0244618393 0.163602948
f 2457/2457/2457 2456/2456/2456 2455/2455/2455
v 8 -32 76
vn 1 0 0
vt 0.0303326808 0.163602948
v 8 -124 76
vn 1 0 0
vt 0.0415851288 0.163602948
v 8 -64 92
vn 1 0 0
vt 0.0342465751 0.170955896
v 8 -56 92
vn 1 0 0
vt 0.0332681015 0.170955896
v 8 -16 92
vn 1 0 0
vt 0.0283757336 0.170955896
v 8 -16 76
vn 1 0 0
vt 0.0283757336 0.163602948
f 2463/2463/2463 2462/2462/2462 2461/2461/2461 2460/2460/2460 2459/2459/2459 2458/2458/2458
v 8 -296 92
vn 1 0 0
vt 0.986301363 0.465073526
v 8 -240 0
vn 1 0 0
vt 0.979452074 0.422794104
v 8 -388 0
vn 1 0 0
vt 0.997553825 0.422794104
v 8 -388 92
vn 1 0 0
vt 0.997553825 0.465073526
f 2467/2467/2467 2466/2466/2466 2465/2465/2465 2464/2464/2464
v 8 -240 76
vn 1 0 0
vt 0.000978473574 0.398897052
v 8 -240 0
vn 1 0 0
vt 0.000978473574 0.363970578
v 8 -296 92
vn 1 0 0
vt 0.00782778859 0.40625
v 8 -288 92
vn 1 0 0
vt 0.00684931502 0.40625
v 8 -280 92
vn 1 0 0
vt 0.00587084144 0.40625
v 8 -240 92
vn 1 0 0
vt 0.000978473574 0.40625
f 2473/2473/2473 2472/2472/2472 2471/2471/2471 2470/2470/2470 2469/2469/2469 2468/2468/2468
v 128 0 112
vn 1 0 0
vt 0.208414868 0.775735259
v 128 0 320
vn 1 0 0
vt 0.208414868 0.871323526
v 128 -224 320
vn 1 0 0
vt 0.235812128 0.871323526
v 128 -224 112
vn 1 0 0
vt 0.235812128 0.775735259
f 2477/2477/2477 2476/2476/2476 2475/2475/2475 2474/2474/2474
v 128 -272 116
vn 1 0 0
vt 0.243639916 0.777573526
v 128 -272 112
vn 1 0 0
vt 0.243639916 0.775735259
v 128 -264 112
vn 1 0 0
vt 0.242661446 0.775735259
v 128 -224 112
vn 1 0 0
vt 0.237769082 0.775735259
v 128 -224 320
vn 1 0 0
vt 0.237769082 0.871323526
v 128 -272 320
vn 1 0 0
vt 0.243639916 0.871323526
f 2483/2483/2483 2482/2482/2482 2481/2481/2481 2480/2480/2480 2479/2479/2479 2478/2478/2478
v 128 -280 120
vn 1 0 0
vt 0.246575341 0.779411793
v 128 -280 116
vn 1 0 0
vt 0.246575341 0.777573526
v 128 -272 116
vn 1 0 0
vt 0.245596871 0.777573526
v 128 -272 320
vn 1 0 0
vt 0.245596871 0.871323526
v 128 -280 320
vn 1 0 0
vt 0.246575341 0.871323526
f 2488/2488/2488 2487/2487/2487 2486/2486/2486 2485/2485/2485 2484/2484/2484
v 128 0 108
vn 1 0 0
vt 0.100782782 0.0900735259
v 128 0 112
vn 1 0 0
vt 0.100782782 0.0919117928
v 128 -224 112
vn 1 0 0
vt 0.128180042 0.0919117928
v 128 -224 108
vn 1 0 0
vt 0.128180042 0.0900735259
f 2492/2492/2492 2491/2491/2491 2490/2490/2490 2489/2489/2489
v 128 -256 108
vn 1 0 0
vt 0.134050876 0.0900735259
v 128 -224 108
vn 1 0 0
vt 0.130136982 0.0900735259
v 128 -224 112
vn 1 0 0
vt 0.130136982 0.0919117928
v 128 -264 112
vn 1 0 0
vt 0.135029361 0.0919117928
v 128 -264 108
vn 1 0 0
vt 0.135029361 0.0900735259
f 2497/2497/2497 2496/2496/2496 2495/2495/2495 2494/2494/2494 2493/2493/2493
v 128 0 104
vn 1 0 0
vt 0.13796477 0.0882353187
v 128 0 108
vn 1 0 0
vt 0.13796477 0.0900735259
v 128 -224 108
vn 1 0 0
vt 0.16536203 0.0900735259
v 128 -224 104
vn 1 0 0
vt 0.16536203 0.0882353187
f 2501/2501/2501 2500/2500/2500 2499/2499/2499 2498/2498/2498
v 128 -248 104
vn 1 0 0
vt 0.170254409 0.0882353187
v 128 -224 104
vn 1 0 0
vt 0.167318985 0.0882353187
v 128 -224 108
vn 1 0 0
vt 0.167318985 0.0900735259
v 128 -256 108
vn 1 0 0
vt 0.171232879 0.0900735259
v 128 -256 104
vn 1 0 0
vt 0.171232879 0.0882353187
f 2506/2506/2506 2505/2505/2505 2504/2504/2504 2503/2503/2503 2502/2502/2502
v 128 -224 100
vn 1 0 0
vt 0.19275929 0.0863970518
v 128 -64 100
vn 1 0 0
vt 0.173189819 0.0863970518
v 128 -224 104
vn 1 0 0
vt 0.19275929 0.0882353187
f 2509/2509/2509 2508/2508/2508 2507/2507/2507
v 128 0 104
vn 1 0 0
vt 0.194716245 0.0882353187
v 128 -224 104
vn 1 0 0
vt 0.222113505 0.0882353187
v 128 -64 100
vn 1 0 0
vt 0.202544034 0.0863970518
v 128 -56 100
vn 1 0 0
vt 0.201565564 0.0863970518
v 128 0 100
vn 1 0 0
vt 0.194716245 0.0863970518
f 2514/2514/2514 2513/2513/2513 2512/2512/2512 2511/2511/2511 2510/2510/2510
v 128 -248 100
vn 1 0 0
vt 0.227005869 0.0863970518
v 128 -224 100
vn 1 0 0
vt 0.224070445 0.0863970518
v 128 -224 104
vn 1 0 0
vt 0.224070445 0.0882353187
v 128 -248 104
vn 1 0 0
vt 0.227005869 0.0882353187
f 2518/2518/2518 2517/2517/2517 2516/2516/2516 2515/2515/2515
v 128 -48 92
vn 1 0 0
vt 0.045988258 0.163602948
v 128 -40 92
vn 1 0 0
vt 0.0450097844 0.163602948
v 128 -56 100
vn 1 0 0
vt 0.0469667315 0.167279422
v 128 -56 96
vn 1 0 0
vt 0.0469667315 0.165441155
v 128 -56 92
vn 1 0 0
vt 0.0469667315 0.163602948
f 2523/2523/2523 2522/2522/2522 2521/2521/2521 2520/2520/2520 2519/2519/2519
v 128 -56 100
vn 1 0 0
vt 0.052837573 0.167279422
v 128 -40 92
vn 1 0 0
vt 0.0508806258 0.163602948
v 128 -32 92
vn 1 0 0
vt 0.0499021523 0.163602948
f 2526/2526/2526 2525/2525/2525 2524/2524/2524
v 128 -8 92
vn 1 0 0
vt 0.230919763 0.0900735259
v 128 0 92
vn 1 0 0
vt 0.229941294 0.0900735259
v 128 0 96
vn 1 0 0
vt 0.229941294 0.0919117928
f 2529/2529/2529 2528/2528/2528 2527/2527/2527
v 128 0 100
vn 1 0 0
vt 0.0557729937 0.167279422
v 128 -56 100
vn 1 0 0
vt 0.0626223087 0.167279422
v 128 -32 92
vn 1 0 0
vt 0.059686888 0.163602948
v 128 -24 92
vn 1 0 0
vt 0.0587084144 0.163602948
v 128 -16 92
vn 1 0 0
vt 0.0577299409 0.163602948
v 128 -8 92
vn 1 0 0
vt 0.0567514673 0.163602948
v 128 0 96
vn 1 0 0
vt 0.0557729937 0.165441155
f 2536/2536/2536 2535/2535/2535 2534/2534/2534 2533/2533/2533 2532/2532/2532 2531/2531/2531 2530/2530/2530
v 128 -56 100
vn 1 0 0
vt 0.234833658 0.0863970518
v 128 -64 100
vn 1 0 0
vt 0.235812128 0.0863970518
v 128 -64 96
vn 1 0 0
vt 0.235812128 0.0845588446
v 128 -56 96
vn 1 0 0
vt 0.234833658 0.0845588446
f 2540/2540/2540 2539/2539/2539 2538/2538/2538 2537/2537/2537
v 128 -288 124
vn 1 0 0
vt 0.251467705 0.78125
v 128 -288 120
vn 1 0 0
vt 0.251467705 0.779411793
v 128 -280 120
vn 1 0 0
vt 0.250489235 0.779411793
v 128 -280 320
vn 1 0 0
vt 0.250489235 0.871323526
v 128 -288 320
vn 1 0 0
vt 0.251467705 0.871323526
f 2545/2545/2545 2544/2544/2544 2543/2543/2543 2542/2542/2542 2541/2541/2541
v 128 -296 128
vn 1 0 0
vt 0.254403144 0.783088207
v 128 -296 124
vn 1 0 0
vt 0.254403144 0.78125
v 128 -288 124
vn 1 0 0
vt 0.253424644 0.78125
v 128 -288 320
vn 1 0 0
vt 0.253424644 0.871323526
v 128 -296 320
vn 1 0 0
vt 0.254403144 0.871323526
f 2550/2550/2550 2549/2549/2549 2548/2548/2548 2547/2547/2547 2546/2546/2546
v 128 -388 208
vn 1 0 0
vt 0.388943255 0.819852948
v 128 -388 128
vn 1 0 0
vt 0.388943255 0.783088207
v 128 -296 128
vn 1 0 0
vt 0.377690792 0.783088207
v 128 -296 320
vn 1 0 0
vt 0.377690792 0.871323526
v 128 -388 320
vn 1 0 0
vt 0.388943255 0.871323526
f 2555/2555/2555 2554/2554/2554 2553/2553/2553 2552/2552/2552 2551/2551/2551
v 128 -8 72
vn 1 0 0
vt 0.066536203 0.161764681
v 128 -8 68
vn 1 0 0
vt 0.066536203 0.159926474
v 128 0 68
vn 1 0 0
vt 0.0655577332 0.159926474
v 128 0 92
vn 1 0 0
vt 0.0655577332 0.170955896
v 128 -8 92
vn 1 0 0
vt 0.066536203 0.170955896
f 2560/2560/2560 2559/2559/2559 2558/2558/2558 2557/2557/2557 2556/2556/2556
v 128 -16 76
vn 1 0 0
vt 0.0714285746 0.163602948
v 128 -16 72
vn 1 0 0
vt 0.0714285746 0.161764681
v 128 -8 72
vn 1 0 0
vt 0.0704500973 0.161764681
v 128 -8 92
vn 1 0 0
vt 0.0704500973 0.170955896
v 128 -16 92
vn 1 0 0
vt 0.0714285746 0.170955896
f 2565/2565/2565 2564/2564/2564 2563/2563/2563 2562/2562/2562 2561/2561/2561
v 128 -24 80
vn 1 0 0
vt 0.0743639916 0.165441155
v 128 -24 76
vn 1 0 0
vt 0.0743639916 0.163602948
v 128 -16 76
vn 1 0 0
vt 0.0733855218 0.163602948
v 128 -16 92
vn 1 0 0
vt 0.0733855218 0.170955896
v 128 -24 92
vn 1 0 0
vt 0.0743639916 0.170955896
f 2570/2570/2570 2569/2569/2569 2568/2568/2568 2567/2567/2567 2566/2566/2566
v 128 -32 84
vn 1 0 0
vt 0.239726022 0.0863970518
v 128 -32 80
vn 1 0 0
vt 0.239726022 0.0845588446
v 128 -24 80
vn 1 0 0
vt 0.238747552 0.0845588446
v 128 -24 92
vn 1 0 0
vt 0.238747552 0.0900735259
v 128 -32 92
vn 1 0 0
vt 0.239726022 0.0900735259
f 2575/2575/2575 2574/2574/2574 2573/2573/2573 2572/2572/2572 2571/2571/2571
v 128 -40 88
vn 1 0 0
vt 0.242661446 0.0882353187
v 128 -40 84
vn 1 0 0
vt 0.242661446 0.0863970518
v 128 -32 84
vn 1 0 0
vt 0.241682976 0.0863970518
v 128 -32 92
vn 1 0 0
vt 0.241682976 0.0900735259
v 128 -40 92
vn 1 0 0
vt 0.242661446 0.0900735259
f 2580/2580/2580 2579/2579/2579 2578/2578/2578 2577/2577/2577 2576/2576/2576
v 128 -40 92
vn 1 0 0
vt 0.246575341 0.0900735259
v 128 -48 92
vn 1 0 0
vt 0.24755381 0.0900735259
v 128 -48 88
vn 1 0 0
vt 0.24755381 0.0882353187
v 128 -40 88
vn 1 0 0
vt 0.246575341 0.0882353187
f 2584/2584/2584 2583/2583/2583 2582/2582/2582 2581/2581/2581
v 128 -280 92
vn 1 0 0
vt 0.0371819958 0.40625
v 128 -288 92
vn 1 0 0
vt 0.0381604694 0.40625
v 128 -288 0
vn 1 0 0
vt 0.0381604694 0.363970578
v 128 -64 0
vn 1 0 0
vt 0.0107632093 0.363970578
v 128 -64 92
vn 1 0 0
vt 0.0107632093 0.40625
f 2589/2589/2589 2588/2588/2588 2587/2587/2587 2586/2586/2586 2585/2585/2585
v 128 -296 92
vn 1 0 0
vt 0.176125243 0.354779422
v 128 -388 92
vn 1 0 0
vt 0.187377691 0.354779422
v 128 -388 16
vn 1 0 0
vt 0.187377691 0.319852948
f 2592/2592/2592 2591/2591/2591 2590/2590/2590
v 128 -288 0
vn 1 0 0
vt 0.0401174165 0.363970578
v 128 -288 92
vn 1 0 0
vt 0.0401174165 0.40625
v 128 -296 92
vn 1 0 0
vt 0.0410958901 0.40625
v 128 -388 16
vn 1 0 0
vt 0.0523483381 0.371323526
v 128 -388 0
vn 1 0 0
vt 0.0523483381 0.363970578
f 2597/2597/2597 2596/2596/2596 2595/2595/2595 2594/2594/2594 2593/2593/2593
v 128 -56 92
vn 0 0 1
vt 0.257338554 0.0845588446
v 72 -56 92
vn 0 0 1
vt 0.250489235 0.0845588446
v 72 -48 92
vn 0 0 1
vt 0.250489235 0.0882353187
v 128 -48 92
vn 0 0 1
vt 0.257338554 0.0882353187
f 2601/2601/2601 2600/2600/2600 2599/2599/2599 2598/2598/2598
v 8 -64 92
vn 0 0 1
vt 0.268101752 0.0845588446
v 72 -64 92
vn 0 0 1
vt 0.260273963 0.0845588446
v 72 -56 92
vn 0 0 1
vt 0.260273963 0.0882353187
v 8 -56 92
vn 0 0 1
vt 0.268101752 0.0882353187
f 2605/2605/2605 2604/2604/2604 2603/2603/2603 2602/2602/2602
v 8 -388 92
vn 0 0 1
vt 0.926125228 0.617647052
v 128 -388 92
vn 0 0 1
vt 0.926125228 0.672794104
v 128 -296 92
vn 0 0 1
vt 0.937377691 0.672794104
v 8 -296 92
vn 0 0 1
vt 0.937377691 0.617647052
f 2609/2609/2609 2608/2608/2608 2607/2607/2607 2606/2606/2606
v 8 -296 92
vn 0 0 1
vt 0.940313101 0.617647052
v 128 -296 92
vn 0 0 1
vt 0.940313101 0.672794104
v 128 -288 92
vn 0 0 1
vt 0.941291571 0.672794104
v 8 -288 92
vn 0 0 1
vt 0.941291571 0.617647052
f 2613/2613/2613 2612/2612/2612 2611/2611/2611 2610/2610/2610
v 8 -288 92
vn 0 0 1
vt 0.94422698 0.617647052
v 128 -288 92
vn 0 0 1
vt 0.94422698 0.672794104
v 128 -280 92
vn 0 0 1
vt 0.94520545 0.672794104
v 8 -280 92
vn 0 0 1
vt 0.94520545 0.617647052
f 2617/2617/2617 2616/2616/2616 2615/2615/2615 2614/2614/2614
v 8 -240 92
vn 0 0 1
vt 0.690802336 0.915441155
v 8 -280 92
vn 0 0 1
vt 0.690802336 0.897058845
v 128 -280 92
vn 0 0 1
vt 0.676125228 0.897058845
v 128 -64 92
vn 0 0 1
vt 0.676125228 0.996323526
v 88 -64 92
vn 0 0 1
vt 0.681017637 0.996323526
v 72 -64 92
vn 0 0 1
vt 0.682974577 0.996323526
v 8 -64 92
vn 0 0 1
vt 0.690802336 0.996323526
f 2624/2624/2624 2623/2623/2623 2622/2622/2622 2621/2621/2621 2620/2620/2620 2619/2619/2619 2618/2618/2618
v 8 -280 116
vn 0 1 0
vt 0.272015661 0.0900735259
v 128 -280 116
vn 0 1 0
vt 0.286692768 0.0900735259
v 128 -280 120
vn 0 1 0
vt 0.286692768 0.0919117928
v 8 -280 120
vn 0 1 0
vt 0.272015661 0.0919117928
f 2628/2628/2628 2627/2627/2627 2626/2626/2626 2625/2625/2625
v 128 -224 100
vn 0 0 1
vt 0.408023477 0.797794104
v 128 -248 100
vn 0 0 1
vt 0.408023477 0.786764741
v 8 -240 100
vn 0 0 1
vt 0.393346369 0.790441155
v 8 -224 100
vn 0 0 1
vt 0.393346369 0.797794104
v 8 -208 100
vn 0 0 1
vt 0.393346369 0.805147052
v 8 -192 100
vn 0 0 1
vt 0.393346369 0.8125
v 8 -176 100
vn 0 0 1
vt 0.393346369 0.819852948
v 8 -160 100
vn 0 0 1
vt 0.393346369 0.827205896
v 128 -64 100
vn 0 0 1
vt 0.408023477 0.871323526
f 2637/2637/2637 2636/2636/2636 2635/2635/2635 2634/2634/2634 2633/2633/2633 2632/2632/2632 2631/2631/2631 2630/2630/2630 2629/2629/2629
v 128 -248 100
vn 0 0 1
vt 0.304305285 0.0882353187
v 8 -248 100
vn 0 0 1
vt 0.289628178 0.0882353187
v 8 -240 100
vn 0 0 1
vt 0.289628178 0.0919117928
f 2640/2640/2640 2639/2639/2639 2638/2638/2638
v 72 -64 100
vn 0 0 1
vt 0.0645792559 0.408088207
v 128 -64 100
vn 0 0 1
vt 0.0714285746 0.408088207
v 8 -160 100
vn 0 0 1
vt 0.0567514673 0.363970578
v 8 -144 100
vn 0 0 1
vt 0.0567514673 0.371323526
v 8 -128 100
vn 0 0 1
vt 0.0567514673 0.378676474
v 8 -112 100
vn 0 0 1
vt 0.0567514673 0.386029422
v 8 -96 100
vn 0 0 1
vt 0.0567514673 0.39338237
v 8 -80 100
vn 0 0 1
vt 0.0567514673 0.400735319
v 8 -64 100
vn 0 0 1
vt 0.0567514673 0.408088207
f 2649/2649/2649 2648/2648/2648 2647/2647/2647 2646/2646/2646 2645/2645/2645 2644/2644/2644 2643/2643/2643 2642/2642/2642 2641/2641/2641
v 8 -56 100
vn 0 0 1
vt 0.307240695 0.0882353187
v 72 -56 100
vn 0 0 1
vt 0.315068483 0.0882353187
v 72 -64 100
vn 0 0 1
vt 0.315068483 0.0845588446
v 8 -64 100
vn 0 0 1
vt 0.307240695 0.0845588446
f 2653/2653/2653 2652/2652/2652 2651/2651/2651 2650/2650/2650
v 8 -264 112
vn 0 0 1
vt 0.948140919 0.617647052
v 128 -264 112
vn 0 0 1
vt 0.948140919 0.672794104
v 128 -272 112
vn 0 0 1
vt 0.949119389 0.672794104
v 8 -272 112
vn 0 0 1
vt 0.949119389 0.617647052
f 2657/2657/2657 2656/2656/2656 2655/2655/2655 2654/2654/2654
v 29 0 320
vn 0 0 1
vt 0.69422698 0.996323526
v 8 0 320
vn 0 0 1
vt 0.696795523 0.996323526
v 8 -224 320
vn 0 0 1
vt 0.696795523 0.89338237
v 29 -224 320
vn 0 0 1
vt 0.69422698 0.89338237
f 2661/2661/2661 2660/2660/2660 2659/2659/2659 2658/2658/2658
v 29 -280 320
vn 0 0 1
vt 0.433953047 0.279411793
v 29 -224 320
vn 0 0 1
vt 0.433953047 0.305147052
v 8 -224 320
vn 0 0 1
vt 0.43652153 0.305147052
v 8 -280 320
vn 0 0 1
vt 0.43652153 0.279411793
f 2665/2665/2665 2664/2664/2664 2663/2663/2663 2662/2662/2662
v 72 0 320
vn 0 0 1
vt 0.708047926 0.996323526
v 29 0 320
vn 0 0 1
vt 0.713307261 0.996323526
v 29 -224 320
vn 0 0 1
vt 0.713307261 0.89338237
v 128 -224 320
vn 0 0 1
vt 0.701198637 0.89338237
v 128 0 320
vn 0 0 1
vt 0.701198637 0.996323526
f 2670/2670/2670 2669/2669/2669 2668/2668/2668 2667/2667/2667 2666/2666/2666
v 128 -272 320
vn 0 0 1
vt 0.440924644 0.283088207
v 128 -224 320
vn 0 0 1
vt 0.440924644 0.305147052
v 29 -224 320
vn 0 0 1
vt 0.453033268 0.305147052
v 29 -280 320
vn 0 0 1
vt 0.453033268 0.279411793
v 128 -280 320
vn 0 0 1
vt 0.440924644 0.279411793
f 2675/2675/2675 2674/2674/2674 2673/2673/2673 2672/2672/2672 2671/2671/2671
v 128 -272 112
vn 0 1 0
vt 0.3336595 0.0900735259
v 128 -272 116
vn 0 1 0
vt 0.3336595 0.0919117928
v 8 -272 116
vn 0 1 0
vt 0.318982393 0.0919117928
v 8 -272 112
vn 0 1 0
vt 0.318982393 0.0900735259
f 2679/2679/2679 2678/2678/2678 2677/2677/2677 2676/2676/2676
v 8 -280 116
vn 0 0 1
vt 0.954011738 0.617647052
v 8 -272 116
vn 0 0 1
vt 0.953033268 0.617647052
v 128 -272 116
vn 0 0 1
vt 0.953033268 0.672794104
v 128 -280 116
vn 0 0 1
vt 0.954011738 0.672794104
f 2683/2683/2683 2682/2682/2682 2681/2681/2681 2680/2680/2680
v 8 -248 104
vn 0 0 1
vt 0.955968678 0.617647052
v 128 -248 104
vn 0 0 1
vt 0.955968678 0.672794104
v 128 -256 104
vn 0 0 1
vt 0.956947148 0.672794104
v 8 -256 104
vn 0 0 1
vt 0.956947148 0.617647052
f 2687/2687/2687 2686/2686/2686 2685/2685/2685 2684/2684/2684
v 8 -256 108
vn 0 0 1
vt 0.960861027 0.617647052
v 128 -256 108
vn 0 0 1
vt 0.960861027 0.672794104
v 128 -264 108
vn 0 0 1
vt 0.961839557 0.672794104
v 8 -264 108
vn 0 0 1
vt 0.961839557 0.617647052
f 2691/2691/2691 2690/2690/2690 2689/2689/2689 2688/2688/2688
v 128 -264 108
vn 0 1 0
vt 0.351272017 0.0882353187
v 128 -264 112
vn 0 1 0
vt 0.351272017 0.0900735259
v 8 -264 112
vn 0 1 0
vt 0.336594909 0.0900735259
v 8 -264 108
vn 0 1 0
vt 0.336594909 0.0882353187
f 2695/2695/2695 2694/2694/2694 2693/2693/2693 2692/2692/2692
v 128 -256 104
vn 0 1 0
vt 0.368884534 0.0863970518
v 128 -256 108
vn 0 1 0
vt 0.368884534 0.0882353187
v 8 -256 108
vn 0 1 0
vt 0.354207426 0.0882353187
v 8 -256 104
vn 0 1 0
vt 0.354207426 0.0863970518
f 2699/2699/2699 2698/2698/2698 2697/2697/2697 2696/2696/2696
v 128 -248 100
vn 0 1 0
vt 0.386497051 0.0845588446
v 128 -248 104
vn 0 1 0
vt 0.386497051 0.0863970518
v 8 -248 104
vn 0 1 0
vt 0.371819973 0.0863970518
v 8 -248 100
vn 0 1 0
vt 0.371819973 0.0845588446
f 2703/2703/2703 2702/2702/2702 2701/2701/2701 2700/2700/2700
v 128 -64 100
vn 0 1 0
vt 0.396281809 0.0863970518
v 72 -64 100
vn 0 1 0
vt 0.38943249 0.0863970518
v 72 -64 96
vn 0 1 0
vt 0.38943249 0.0845588446
v 128 -64 96
vn 0 1 0
vt 0.396281809 0.0845588446
f 2707/2707/2707 2706/2706/2706 2705/2705/2705 2704/2704/2704
v 72 -64 100
vn 1 0 0
vt 0.400195688 0.0863970518
v 72 -56 100
vn 1 0 0
vt 0.399217218 0.0863970518
v 72 -56 96
vn 1 0 0
vt 0.399217218 0.0845588446
v 72 -64 96
vn 1 0 0
vt 0.400195688 0.0845588446
f 2711/2711/2711 2710/2710/2710 2709/2709/2709 2708/2708/2708
v 72 -56 92
vn 0 1 0
vt 0.403131127 0.0900735259
v 128 -56 92
vn 0 1 0
vt 0.409980416 0.0900735259
v 128 -56 96
vn 0 1 0
vt 0.409980416 0.0919117928
v 72 -56 96
vn 0 1 0
vt 0.403131127 0.0919117928
f 2715/2715/2715 2714/2714/2714 2713/2713/2713 2712/2712/2712
v 72 -64 96
vn 0 0 1
vt 0.412915856 0.0845588446
v 72 -56 96
vn 0 0 1
vt 0.412915856 0.0882353187
v 128 -56 96
vn 0 0 1
vt 0.419765174 0.0882353187
v 128 -64 96
vn 0 0 1
vt 0.419765174 0.0845588446
f 2719/2719/2719 2718/2718/2718 2717/2717/2717 2716/2716/2716
v 72 -56 96
vn 0 1 0
vt 0.0861056745 0.165441155
v 72 -56 100
vn 0 1 0
vt 0.0861056745 0.167279422
v 8 -56 100
vn 0 1 0
vt 0.0782778859 0.167279422
v 8 -56 92
vn 0 1 0
vt 0.0782778859 0.163602948
v 72 -56 92
vn 0 1 0
vt 0.0861056745 0.163602948
f 2724/2724/2724 2723/2723/2723 2722/2722/2722 2721/2721/2721 2720/2720/2720
v 29 -388 320
vn 0 0 1
vt 0.964285731 0.619485259
v 29 -280 320
vn 0 0 1
vt 0.964285731 0.669117689
v 8 -280 320
vn 0 0 1
vt 0.966854215 0.669117689
v 8 -388 320
vn 0 0 1
vt 0.966854215 0.619485259
f 2728/2728/2728 2727/2727/2727 2726/2726/2726 2725/2725/2725
v 107.798988 -388 320
vn 0 0 1
vt 0.462964892 0.479779422
v 128 -388 320
vn 0 0 1
vt 0.460494131 0.479779422
v 128 -296 320
vn 0 0 1
vt 0.460494131 0.522058845
f 2731/2731/2731 2730/2730/2730 2729/2729/2729
v 29 -280 320
vn 0 0 1
vt 0.983365953 0.669117689
v 29 -388 320
vn 0 0 1
vt 0.983365953 0.619485259
v 29.1994839 -388 320
vn 0 0 1
vt 0.983341515 0.619485259
v 30 -388 320
vn 0 0 1
vt 0.983243644 0.619485259
v 107.798988 -388 320
vn 0 0 1
vt 0.97372812 0.619485259
v 128 -296 320
vn 0 0 1
vt 0.971257329 0.661764741
v 128 -288 320
vn 0 0 1
vt 0.971257329 0.665441155
v 128 -280 320
vn 0 0 1
vt 0.971257329 0.669117689
f 2739/2739/2739 2738/2738/2738 2737/2737/2737 2736/2736/2736 2735/2735/2735 2734/2734/2734 2733/2733/2733 2732/2732/2732
v 128 -288 124
vn 0 1 0
vt 0.437377691 0.0863970518
v 8 -288 124
vn 0 1 0
vt 0.422700584 0.0863970518
v 8 -288 120
vn 0 1 0
vt 0.422700584 0.0845588446
v 128 -288 120
vn 0 1 0
vt 0.437377691 0.0845588446
f 2743/2743/2743 2742/2742/2742 2741/2741/2741 2740/2740/2740
v 8 -288 120
vn 0 0 1
vt 0.987279832 0.617647052
v 8 -280 120
vn 0 0 1
vt 0.986301363 0.617647052
v 128 -280 120
vn 0 0 1
vt 0.986301363 0.672794104
v 128 -288 120
vn 0 0 1
vt 0.987279832 0.672794104
f 2747/2747/2747 2746/2746/2746 2745/2745/2745 2744/2744/2744
v 128 -296 128
vn 0 1 0
vt 0.454990208 0.0882353187
v 8 -296 128
vn 0 1 0
vt 0.440313101 0.0882353187
v 8 -296 124
vn 0 1 0
vt 0.440313101 0.0863970518
v 128 -296 124
vn 0 1 0
vt 0.454990208 0.0863970518
f 2751/2751/2751 2750/2750/2750 2749/2749/2749 2748/2748/2748
v 8 -296 124
vn 0 0 1
vt 0.991193712 0.617647052
v 8 -288 124
vn 0 0 1
vt 0.990215242 0.617647052
v 128 -288 124
vn 0 0 1
vt 0.990215242 0.672794104
v 128 -296 124
vn 0 0 1
vt 0.991193712 0.672794104
f 2755/2755/2755 2754/2754/2754 2753/2753/2753 2752/2752/2752
v 8 -296 128
vn 0 0 1
vt 0.19178082 0.323529422
v 68.6690445 -388 128
vn 0 0 1
vt 0.203033268 0.351410389
v 29 -388 128
vn 0 0 1
vt 0.203033268 0.33318013
v 8 -388 128
vn 0 0 1
vt 0.203033268 0.323529422
f 2759/2759/2759 2758/2758/2758 2757/2757/2757 2756/2756/2756
v 128 -296 128
vn 0 0 1
vt 0.00195694715 0.591911793
v 128 -388 128
vn 0 0 1
vt 0.0132093932 0.591911793
v 121 -388 128
vn 0 0 1
vt 0.0132093932 0.588694811
v 107.798988 -388 128
vn 0 0 1
vt 0.0132093932 0.58262825
v 68.6690445 -388 128
vn 0 0 1
vt 0.0132093932 0.564645708
v 8 -296 128
vn 0 0 1
vt 0.00195694715 0.536764741
f 2765/2765/2765 2764/2764/2764 2763/2763/2763 2762/2762/2762 2761/2761/2761 2760/2760/2760
v 72 -96 0
vn 1 0 0
vt 0.0909980461 0.158088207
v 72 -96 28
vn 1 0 0
vt 0.0909980461 0.170955896
v 72 -112 28
vn 1 0 0
vt 0.089041099 0.170955896
v 72 -112 0
vn 1 0 0
vt 0.089041099 0.158088207
f 2769/2769/2769 2768/2768/2768 2767/2767/2767 2766/2766/2766
v 72 -64 28
vn 1 0 0
vt 0.0968688875 0.170955896
v 72 -96 28
vn 1 0 0
vt 0.0929549932 0.170955896
v 72 -96 0
vn 1 0 0
vt 0.0929549932 0.158088207
v 72 -64 0
vn 1 0 0
vt 0.0968688875 0.158088207
f 2773/2773/2773 2772/2772/2772 2771/2771/2771 2770/2770/2770
v 72 -64 28
vn 1 0 0
vt 0.0733855218 0.376838207
v 72 -64 0
vn 1 0 0
vt 0.0733855218 0.363970578
v 72 -56 0
vn 1 0 0
vt 0.0743639916 0.363970578
v 72 -56 92
vn 1 0 0
vt 0.0743639916 0.40625
v 72 -64 92
vn 1 0 0
vt 0.0733855218 0.40625
f 2778/2778/2778 2777/2777/2777 2776/2776/2776 2775/2775/2775 2774/2774/2774
v 72 -48 88
vn 1 0 0
vt 0.0782778859 0.404411793
v 72 -48 92
vn 1 0 0
vt 0.0782778859 0.40625
v 72 -56 92
vn 1 0 0
vt 0.0772994161 0.40625
v 72 -56 0
vn 1 0 0
vt 0.0772994161 0.363970578
v 72 -48 0
vn 1 0 0
vt 0.0782778859 0.363970578
f 2783/2783/2783 2782/2782/2782 2781/2781/2781 2780/2780/2780 2779/2779/2779
v 72 -40 84
vn 1 0 0
vt 0.0821917802 0.402573526
v 72 -40 88
vn 1 0 0
vt 0.0821917802 0.404411793
v 72 -48 88
vn 1 0 0
vt 0.0812133104 0.404411793
v 72 -48 0
vn 1 0 0
vt 0.0812133104 0.363970578
v 72 -40 0
vn 1 0 0
vt 0.0821917802 0.363970578
f 2788/2788/2788 2787/2787/2787 2786/2786/2786 2785/2785/2785 2784/2784/2784
v 72 -32 80
vn 1 0 0
vt 0.0861056745 0.400735319
v 72 -32 84
vn 1 0 0
vt 0.0861056745 0.402573526
v 72 -40 84
vn 1 0 0
vt 0.0851272047 0.402573526
v 72 -40 0
vn 1 0 0
vt 0.0851272047 0.363970578
v 72 -32 0
vn 1 0 0
vt 0.0861056745 0.363970578
f 2793/2793/2793 2792/2792/2792 2791/2791/2791 2790/2790/2790 2789/2789/2789
v 72 -24 76
vn 1 0 0
vt 0.207436398 0.354779422
v 72 -24 80
vn 1 0 0
vt 0.207436398 0.35661763
v 72 -32 80
vn 1 0 0
vt 0.206457928 0.35661763
v 72 -32 0
vn 1 0 0
vt 0.206457928 0.319852948
v 72 -24 0
vn 1 0 0
vt 0.207436398 0.319852948
f 2798/2798/2798 2797/2797/2797 2796/2796/2796 2795/2795/2795 2794/2794/2794
v 72 -16 72
vn 1 0 0
vt 0.212328762 0.352941155
v 72 -16 76
vn 1 0 0
vt 0.212328762 0.354779422
v 72 -24 76
vn 1 0 0
vt 0.211350292 0.354779422
v 72 -24 0
vn 1 0 0
vt 0.211350292 0.319852948
v 72 -16 0
vn 1 0 0
vt 0.212328762 0.319852948
f 2803/2803/2803 2802/2802/2802 2801/2801/2801 2800/2800/2800 2799/2799/2799
v 72 -8 68
vn 1 0 0
vt 0.215264186 0.351102948
v 72 -8 72
vn 1 0 0
vt 0.215264186 0.352941155
v 72 -16 72
vn 1 0 0
vt 0.214285716 0.352941155
v 72 -16 0
vn 1 0 0
vt 0.214285716 0.319852948
v 72 -8 0
vn 1 0 0
vt 0.215264186 0.319852948
f 2808/2808/2808 2807/2807/2807 2806/2806/2806 2805/2805/2805 2804/2804/2804
v 72 0 64
vn 1 0 0
vt 0.22015655 0.349264681
v 72 0 68
vn 1 0 0
vt 0.22015655 0.351102948
v 72 -8 68
vn 1 0 0
vt 0.219178081 0.351102948
v 72 -8 0
vn 1 0 0
vt 0.219178081 0.319852948
v 72 0 0
vn 1 0 0
vt 0.22015655 0.319852948
f 2813/2813/2813 2812/2812/2812 2811/2811/2811 2810/2810/2810 2809/2809/2809
v 72 -24 76
vn 0 1 0
vt 0.457925647 0.0900735259
v 128 -24 76
vn 0 1 0
vt 0.464774936 0.0900735259
v 128 -24 80
vn 0 1 0
vt 0.464774936 0.0919117928
v 72 -24 80
vn 0 1 0
vt 0.457925647 0.0919117928
f 2817/2817/2817 2816/2816/2816 2815/2815/2815 2814/2814/2814
v 72 -8 68
vn 0 1 0
vt 0.467710376 0.0863970518
v 128 -8 68
vn 0 1 0
vt 0.474559695 0.0863970518
v 128 -8 72
vn 0 1 0
vt 0.474559695 0.0882353187
v 72 -8 72
vn 0 1 0
vt 0.467710376 0.0882353187
f 2821/2821/2821 2820/2820/2820 2819/2819/2819 2818/2818/2818
v 72 -8 68
vn 0 0 1
vt 0.477495104 0.0882353187
v 72 0 68
vn 0 0 1
vt 0.477495104 0.0919117928
v 128 0 68
vn 0 0 1
vt 0.484344423 0.0919117928
v 128 -8 68
vn 0 0 1
vt 0.484344423 0.0882353187
f 2825/2825/2825 2824/2824/2824 2823/2823/2823 2822/2822/2822
v 72 -16 72
vn 0 1 0
vt 0.487279832 0.0882353187
v 128 -16 72
vn 0 1 0
vt 0.494129151 0.0882353187
v 128 -16 76
vn 0 1 0
vt 0.494129151 0.0900735259
v 72 -16 76
vn 0 1 0
vt 0.487279832 0.0900735259
f 2829/2829/2829 2828/2828/2828 2827/2827/2827 2826/2826/2826
v 72 -16 72
vn 0 0 1
vt 0.49706459 0.0845588446
v 72 -8 72
vn 0 0 1
vt 0.49706459 0.0882353187
v 128 -8 72
vn 0 0 1
vt 0.503913879 0.0882353187
v 128 -16 72
vn 0 0 1
vt 0.503913879 0.0845588446
f 2833/2833/2833 2832/2832/2832 2831/2831/2831 2830/2830/2830
v 72 -24 76
vn 0 0 1
vt 0.506849289 0.0882353187
v 72 -16 76
vn 0 0 1
vt 0.506849289 0.0919117928
v 128 -16 76
vn 0 0 1
vt 0.513698637 0.0919117928
v 128 -24 76
vn 0 0 1
vt 0.513698637 0.0882353187
f 2837/2837/2837 2836/2836/2836 2835/2835/2835 2834/2834/2834
v 72 -32 80
vn 0 1 0
vt 0.516634047 0.0845588446
v 128 -32 80
vn 0 1 0
vt 0.523483396 0.0845588446
v 128 -32 84
vn 0 1 0
vt 0.523483396 0.0863970518
v 72 -32 84
vn 0 1 0
vt 0.516634047 0.0863970518
f 2841/2841/2841 2840/2840/2840 2839/2839/2839 2838/2838/2838
v 72 -32 80
vn 0 0 1
vt 0.526418805 0.0845588446
v 72 -24 80
vn 0 0 1
vt 0.526418805 0.0882353187
v 128 -24 80
vn 0 0 1
vt 0.533268094 0.0882353187
v 128 -32 80
vn 0 0 1
vt 0.533268094 0.0845588446
f 2845/2845/2845 2844/2844/2844 2843/2843/2843 2842/2842/2842
v 88 -64 28
vn 0 1 0
vt 0.0939334631 0.376838207
v 88 -64 92
vn 0 1 0
vt 0.0939334631 0.40625
v 128 -64 92
vn 0 1 0
vt 0.089041099 0.40625
v 128 -64 0
vn 0 1 0
vt 0.089041099 0.363970578
v 88 -64 0
vn 0 1 0
vt 0.0939334631 0.363970578
f 2850/2850/2850 2849/2849/2849 2848/2848/2848 2847/2847/2847 2846/2846/2846
v 88 -64 28
vn 0 1 0
vt 0.223091975 0.32536763
v 72 -64 28
vn 0 1 0
vt 0.225048929 0.32536763
v 72 -64 92
vn 0 1 0
vt 0.225048929 0.354779422
v 88 -64 92
vn 0 1 0
vt 0.223091975 0.354779422
f 2854/2854/2854 2853/2853/2853 2852/2852/2852 2851/2851/2851
v 72 -48 88
vn 0 1 0
vt 0.536203504 0.0882353187
v 128 -48 88
vn 0 1 0
vt 0.543052852 0.0882353187
v 128 -48 92
vn 0 1 0
vt 0.543052852 0.0900735259
v 72 -48 92
vn 0 1 0
vt 0.536203504 0.0900735259
f 2858/2858/2858 2857/2857/2857 2856/2856/2856 2855/2855/2855
v 72 -40 84
vn 0 1 0
vt 0.545988262 0.0863970518
v 128 -40 84
vn 0 1 0
vt 0.552837551 0.0863970518
v 128 -40 88
vn 0 1 0
vt 0.552837551 0.0882353187
v 72 -40 88
vn 0 1 0
vt 0.545988262 0.0882353187
f 2862/2862/2862 2861/2861/2861 2860/2860/2860 2859/2859/2859
v 72 -40 84
vn 0 0 1
vt 0.55577302 0.0845588446
v 72 -32 84
vn 0 0 1
vt 0.55577302 0.0882353187
v 128 -32 84
vn 0 0 1
vt 0.562622309 0.0882353187
v 128 -40 84
vn 0 0 1
vt 0.562622309 0.0845588446
f 2866/2866/2866 2865/2865/2865 2864/2864/2864 2863/2863/2863
v 72 -48 88
vn 0 0 1
vt 0.565557718 0.0845588446
v 72 -40 88
vn 0 0 1
vt 0.565557718 0.0882353187
v 128 -40 88
vn 0 0 1
vt 0.572407067 0.0882353187
v 128 -48 88
vn 0 0 1
vt 0.572407067 0.0845588446
f 2870/2870/2870 2869/2869/2869 2868/2868/2868 2867/2867/2867
v 88 -112 0
vn 1 0 0
vt 0.100782782 0.158088207
v 88 -112 28
vn 1 0 0
vt 0.100782782 0.170955896
v 88 -96 28
vn 1 0 0
vt 0.0988258347 0.170955896
v 88 -96 0
vn 1 0 0
vt 0.0988258347 0.158088207
f 2874/2874/2874 2873/2873/2873 2872/2872/2872 2871/2871/2871
v 88 -64 0
vn 1 0 0
vt 0.102739729 0.158088207
v 88 -96 0
vn 1 0 0
vt 0.106653623 0.158088207
v 88 -96 28
vn 1 0 0
vt 0.106653623 0.170955896
v 88 -64 28
vn 1 0 0
vt 0.102739729 0.170955896
f 2878/2878/2878 2877/2877/2877 2876/2876/2876 2875/2875/2875
v 72 -96 28
vn 0 0 1
vt 0.575342476 0.0919117928
v 88 -96 28
vn 0 0 1
vt 0.577299416 0.0919117928
v 88 -112 28
vn 0 0 1
vt 0.577299416 0.0845588446
v 72 -112 28
vn 0 0 1
vt 0.575342476 0.0845588446
f 2882/2882/2882 2881/2881/2881 2880/2880/2880 2879/2879/2879
v 88 -64 28
vn 0 0 1
vt 0.111545987 0.172794104
v 88 -96 28
vn 0 0 1
vt 0.111545987 0.158088207
v 72 -96 28
vn 0 0 1
vt 0.10958904 0.158088207
v 72 -64 28
vn 0 0 1
vt 0.10958904 0.172794104
f 2886/2886/2886 2885/2885/2885 2884/2884/2884 2883/2883/2883
v 72 -112 28
vn 0 1 0
vt 0.117416829 0.170955896
v 88 -112 28
vn 0 1 0
vt 0.115459882 0.170955896
v 88 -112 0
vn 0 1 0
vt 0.115459882 0.158088207
v 72 -112 0
vn 0 1 0
vt 0.117416829 0.158088207
f 2890/2890/2890 2889/2889/2889 2888/2888/2888 2887/2887/2887
v 40 -224 0
vn 1 0 0
vt 0.227984339 0.319852948
v 40 -240 0
vn 1 0 0
vt 0.229941294 0.319852948
v 40 -240 76
vn 1 0 0
vt 0.229941294 0.354779422
v 40 -224 76
vn 1 0 0
vt 0.227984339 0.354779422
f 2894/2894/2894 2893/2893/2893 2892/2892/2892 2891/2891/2891
v 8 -240 76
vn 0 1 0
vt 0.236790612 0.354779422
v 40 -240 76
vn 0 1 0
vt 0.232876718 0.354779422
v 40 -240 0
vn 0 1 0
vt 0.232876718 0.319852948
v 8 -240 0
vn 0 1 0
vt 0.236790612 0.319852948
f 2898/2898/2898 2897/2897/2897 2896/2896/2896 2895/2895/2895
v 40 -224 76
vn 0 1 0
vt 0.244618401 0.354779422
v 8 -224 76
vn 0 1 0
vt 0.240704507 0.354779422
v 8 -224 0
vn 0 1 0
vt 0.240704507 0.319852948
v 40 -224 0
vn 0 1 0
vt 0.244618401 0.319852948
f 2902/2902/2902 2901/2901/2901 2900/2900/2900 2899/2899/2899
v 8 -240 76
vn 0 0 1
vt 0.581213295 0.0845588446
v 8 -224 76
vn 0 0 1
vt 0.581213295 0.0919117928
v 40 -224 76
vn 0 0 1
vt 0.585127175 0.0919117928
v 40 -240 76
vn 0 0 1
vt 0.585127175 0.0845588446
f 2906/2906/2906 2905/2905/2905 2904/2904/2904 2903/2903/2903
v -8 -32 100
vn 0 0 1
vt 0.589041114 0.0919117928
v 8 -32 100
vn 0 0 1
vt 0.590998054 0.0919117928
v 8 -48 100
vn 0 0 1
vt 0.590998054 0.0845588446
v -8 -48 100
vn 0 0 1
vt 0.589041114 0.0845588446
f 2910/2910/2910 2909/2909/2909 2908/2908/2908 2907/2907/2907
v -8 -64 100
vn 0 0 1
vt 0.594911933 0.0919117928
v 8 -64 100
vn 0 0 1
vt 0.596868873 0.0919117928
v 8 -80 100
vn 0 0 1
vt 0.596868873 0.0845588446
v -8 -80 100
vn 0 0 1
vt 0.594911933 0.0845588446
f 2914/2914/2914 2913/2913/2913 2912/2912/2912 2911/2911/2911
v -8 -96 100
vn 0 0 1
vt 0.600782752 0.0919117928
v 8 -96 100
vn 0 0 1
vt 0.602739751 0.0919117928
v 8 -112 100
vn 0 0 1
vt 0.602739751 0.0845588446
v -8 -112 100
vn 0 0 1
vt 0.600782752 0.0845588446
f 2918/2918/2918 2917/2917/2917 2916/2916/2916 2915/2915/2915
v -8 -128 100
vn 0 0 1
vt 0.606653631 0.0919117928
v 8 -128 100
vn 0 0 1
vt 0.60861057 0.0919117928
v 8 -144 100
vn 0 0 1
vt 0.60861057 0.0845588446
v -8 -144 100
vn 0 0 1
vt 0.606653631 0.0845588446
f 2922/2922/2922 2921/2921/2921 2920/2920/2920 2919/2919/2919
v -8 -160 100
vn 0 0 1
vt 0.61252445 0.0919117928
v 8 -160 100
vn 0 0 1
vt 0.61448139 0.0919117928
v 8 -176 100
vn 0 0 1
vt 0.61448139 0.0845588446
v -8 -176 100
vn 0 0 1
vt 0.61252445 0.0845588446
f 2926/2926/2926 2925/2925/2925 2924/2924/2924 2923/2923/2923
v -8 -192 100
vn 0 0 1
vt 0.618395329 0.0919117928
v 8 -192 100
vn 0 0 1
vt 0.620352268 0.0919117928
v 8 -208 100
vn 0 0 1
vt 0.620352268 0.0845588446
v -8 -208 100
vn 0 0 1
vt 0.618395329 0.0845588446
f 2930/2930/2930 2929/2929/2929 2928/2928/2928 2927/2927/2927
v -8 -224 100
vn 0 0 1
vt 0.624266148 0.0919117928
v 8 -224 100
vn 0 0 1
vt 0.626223087 0.0919117928
v 8 -240 100
vn 0 0 1
vt 0.626223087 0.0845588446
v -8 -240 100
vn 0 0 1
vt 0.624266148 0.0845588446
f 2934/2934/2934 2933/2933/2933 2932/2932/2932 2931/2931/2931
v 4 -220 116
vn 0 0 1
vt 0.631604671 0.0863970518
v -4 -220 116
vn 0 0 1
vt 0.630626202 0.0863970518
v -4 -212 116
vn 0 0 1
vt 0.630626202 0.0900735259
v 4 -212 116
vn 0 0 1
vt 0.631604671 0.0900735259
f 2938/2938/2938 2937/2937/2937 2936/2936/2936 2935/2935/2935
v 4 -188 116
vn 0 0 1
vt 0.63747555 0.0863970518
v -4 -188 116
vn 0 0 1
vt 0.63649708 0.0863970518
v -4 -180 116
vn 0 0 1
vt 0.63649708 0.0900735259
v 4 -180 116
vn 0 0 1
vt 0.63747555 0.0900735259
f 2942/2942/2942 2941/2941/2941 2940/2940/2940 2939/2939/2939
v 4 -156 116
vn 0 0 1
vt 0.643346369 0.0863970518
v -4 -156 116
vn 0 0 1
vt 0.642367899 0.0863970518
v -4 -148 116
vn 0 0 1
vt 0.642367899 0.0900735259
v 4 -148 116
vn 0 0 1
vt 0.643346369 0.0900735259
f 2946/2946/2946 2945/2945/2945 2944/2944/2944 2943/2943/2943
v 4 -124 116
vn 0 0 1
vt 0.649217248 0.0863970518
v -4 -124 116
vn 0 0 1
vt 0.648238719 0.0863970518
v -4 -116 116
vn 0 0 1
vt 0.648238719 0.0900735259
v 4 -116 116
vn 0 0 1
vt 0.649217248 0.0900735259
f 2950/2950/2950 2949/2949/2949 2948/2948/2948 2947/2947/2947
v 4 -92 116
vn 0 0 1
vt 0.655088067 0.0863970518
v -4 -92 116
vn 0 0 1
vt 0.654109597 0.0863970518
v -4 -84 116
vn 0 0 1
vt 0.654109597 0.0900735259
v 4 -84 116
vn 0 0 1
vt 0.655088067 0.0900735259
f 2954/2954/2954 2953/2953/2953 2952/2952/2952 2951/2951/2951
v 4 -60 116
vn 0 0 1
vt 0.660958886 0.0863970518
v -4 -60 116
vn 0 0 1
vt 0.659980416 0.0863970518
v -4 -52 116
vn 0 0 1
vt 0.659980416 0.0900735259
v 4 -52 116
vn 0 0 1
vt 0.660958886 0.0900735259
f 2958/2958/2958 2957/2957/2957 2956/2956/2956 2955/2955/2955
v 4 -28 116
vn 0 0 1
vt 0.666829765 0.0863970518
v -4 -28 116
vn 0 0 1
vt 0.665851295 0.0863970518
v -4 -20 116
vn 0 0 1
vt 0.665851295 0.0900735259
v 4 -20 116
vn 0 0 1
vt 0.666829765 0.0900735259
f 2962/2962/2962 2961/2961/2961 2960/2960/2960 2959/2959/2959
v 8 -388 156
vn 0 0 1
vt 0.469667315 0.479779422
v -8 -388 156
vn 0 0 1
vt 0.467710376 0.479779422
v -8 -372 156
vn 0 0 1
vt 0.467710376 0.48713237
v 8 -296 156
vn 0 0 1
vt 0.469667315 0.522058845
f 2966/2966/2966 2965/2965/2965 2964/2964/2964 2963/2963/2963
v -8 -240 156
vn 0 0 1
vt 0.254403144 0.672794104
v 8 -240 156
vn 0 0 1
vt 0.256360084 0.672794104
v 8 -272 156
vn 0 0 1
vt 0.256360084 0.658088207
v 8 -280 156
vn 0 0 1
vt 0.256360084 0.654411793
v 8 -288 156
vn 0 0 1
vt 0.256360084 0.650735259
v 8 -296 156
vn 0 0 1
vt 0.256360084 0.647058845
v -8 -372 156
vn 0 0 1
vt 0.254403144 0.612132311
f 2973/2973/2973 2972/2972/2972 2971/2971/2971 2970/2970/2970 2969/2969/2969 2968/2968/2968 2967/2967/2967
v 8 0 320
vn 0 0 1
vt 0.71636498 0.996323526
v -8 0 320
vn 0 0 1
vt 0.718321919 0.996323526
v -8 -224 320
vn 0 0 1
vt 0.718321919 0.89338237
v 8 -224 320
vn 0 0 1
vt 0.71636498 0.89338237
f 2977/2977/2977 2976/2976/2976 2975/2975/2975 2974/2974/2974
v 8 -280 320
vn 0 0 1
vt 0.456090987 0.279411793
v 8 -224 320
vn 0 0 1
vt 0.456090987 0.305147052
v -8 -224 320
vn 0 0 1
vt 0.458047956 0.305147052
f 2980/2980/2980 2979/2979/2979 2978/2978/2978
v -8 -372 320
vn 0 0 1
vt 0.180161446 0.693014741
v -8 -388 320
vn 0 0 1
vt 0.180161446 0.685661793
v 8 -388 320
vn 0 0 1
vt 0.178204507 0.685661793
v 8 -280 320
vn 0 0 1
vt 0.178204507 0.735294104
v -8 -224 320
vn 0 0 1
vt 0.180161446 0.761029422
f 2985/2985/2985 2984/2984/2984 2983/2983/2983 2982/2982/2982 2981/2981/2981
v 8 -16 152
vn 0 1 0
vt 0.974559665 0.264705896
v 8 -16 116
vn 0 1 0
vt 0.974559665 0.248161793
v 4 -16 116
vn 0 1 0
vt 0.9750489 0.248161793
f 2988/2988/2988 2987/2987/2987 2986/2986/2986
v -4 -16 116
vn 0 1 0
vt 0.979941308 0.248161793
v -8 -16 116
vn 0 1 0
vt 0.980430543 0.248161793
v -8 -16 152
vn 0 1 0
vt 0.980430543 0.264705896
v 8 -16 152
vn 0 1 0
vt 0.978473604 0.264705896
v 4 -16 116
vn 0 1 0
vt 0.978962839 0.248161793
f 2993/2993/2993 2992/2992/2992 2991/2991/2991 2990/2990/2990 2989/2989/2989
v -8 -8 152
vn 0 0 1
vt 0.671232879 0.0882353187
v -8 0 152
vn 0 0 1
vt 0.671232879 0.0919117928
v 8 0 152
vn 0 0 1
vt 0.673189819 0.0919117928
v 8 -16 152
vn 0 0 1
vt 0.673189819 0.0845588446
v -8 -16 152
vn 0 0 1
vt 0.671232879 0.0845588446
f 2998/2998/2998 2997/2997/2997 2996/2996/2996 2995/2995/2995 2994/2994/2994
v 4 -240 116
vn 0 1 0
vt 0.983855188 0.248161793
v 8 -240 116
vn 0 1 0
vt 0.984344423 0.248161793
v 8 -240 156
vn 0 1 0
vt 0.984344423 0.266544104
f 3001/3001/3001 3000/3000/3000 2999/2999/2999
v -8 -240 156
vn 0 1 0
vt 0.988258302 0.266544104
v -8 -240 116
vn 0 1 0
vt 0.988258302 0.248161793
v -4 -240 116
vn 0 1 0
vt 0.988747537 0.248161793
v 4 -240 116
vn 0 1 0
vt 0.989726007 0.248161793
v 8 -240 156
vn 0 1 0
vt 0.990215242 0.266544104
f 3006/3006/3006 3005/3005/3005 3004/3004/3004 3003/3003/3003 3002/3002/3002
v -4 -220 116
vn 0.970142484 -0 -0.242535621
vt 0.120841488 0.167279422
v -8 -224 100
vn 0.970142484 -0 -0.242535621
vt 0.120352253 0.159926474
v -8 -208 100
vn 0.970142484 -0 -0.242535621
vt 0.1223092 0.159926474
v -4 -212 116
vn 0.970142484 -0 -0.242535621
vt 0.121819958 0.167279422
f 3010/3010/3010 3009/3009/3009 3008/3008/3008 3007/3007/3007
v -4 -188 116
vn 0.970142484 -0 -0.242535621
vt 0.124755383 0.167279422
v -8 -192 100
vn 0.970142484 -0 -0.242535621
vt 0.124266148 0.159926474
v -8 -176 100
vn 0.970142484 -0 -0.242535621
vt 0.126223087 0.159926474
v -4 -180 116
vn 0.970142484 -0 -0.242535621
vt 0.125733852 0.167279422
f 3014/3014/3014 3013/3013/3013 3012/3012/3012 3011/3011/3011
v -4 -156 116
vn 0.970142484 -0 -0.242535621
vt 0.128669277 0.167279422
v -8 -160 100
vn 0.970142484 -0 -0.242535621
vt 0.128180042 0.159926474
v -8 -144 100
vn 0.970142484 -0 -0.242535621
vt 0.130136982 0.159926474
v -4 -148 116
vn 0.970142484 -0 -0.242535621
vt 0.129647747 0.167279422
f 3018/3018/3018 3017/3017/3017 3016/3016/3016 3015/3015/3015
v -4 -124 116
vn 0.970142484 -0 -0.242535621
vt 0.132583171 0.167279422
v -8 -128 100
vn 0.970142484 -0 -0.242535621
vt 0.132093936 0.159926474
v -8 -112 100
vn 0.970142484 -0 -0.242535621
vt 0.134050876 0.159926474
v -4 -116 116
vn 0.970142484 -0 -0.242535621
vt 0.133561641 0.167279422
f 3022/3022/3022 3021/3021/3021 3020/3020/3020 3019/3019/3019
v -4 -92 116
vn 0.970142484 -0 -0.242535621
vt 0.136497065 0.167279422
v -8 -96 100
vn 0.970142484 -0 -0.242535621
vt 0.136007831 0.159926474
v -8 -80 100
vn 0.970142484 -0 -0.242535621
vt 0.13796477 0.159926474
v -4 -84 116
vn 0.970142484 -0 -0.242535621
vt 0.137475535 0.167279422
f 3026/3026/3026 3025/3025/3025 3024/3024/3024 3023/3023/3023
v -4 -60 116
vn 0.970142484 -0 -0.242535621
vt 0.14041096 0.167279422
v -8 -64 100
vn 0.970142484 -0 -0.242535621
vt 0.139921725 0.159926474
v -8 -48 100
vn 0.970142484 -0 -0.242535621
vt 0.141878664 0.159926474
v -4 -52 116
vn 0.970142484 -0 -0.242535621
vt 0.14138943 0.167279422
f 3030/3030/3030 3029/3029/3029 3028/3028/3028 3027/3027/3027
v -4 -28 116
vn 0.970142484 -0 -0.242535621
vt 0.144324854 0.167279422
v -8 -32 100
vn 0.970142484 -0 -0.242535621
vt 0.143835619 0.159926474
v -8 -16 100
vn 0.970142484 -0 -0.242535621
vt 0.145792559 0.159926474
v -4 -20 116
vn 0.970142484 -0 -0.242535621
vt 0.145303324 0.167279422
f 3034/3034/3034 3033/3033/3033 3032/3032/3032 3031/3031/3031
v 8 -224 100
vn 0.970142484 0 0.242535621
vt 0.149706453 0.159926474
v 4 -220 116
vn 0.970142484 0 0.242535621
vt 0.149217218 0.167279422
v 4 -212 116
vn 0.970142484 0 0.242535621
vt 0.148238748 0.167279422
v 8 -208 100
vn 0.970142484 0 0.242535621
vt 0.147749513 0.159926474
f 3038/3038/3038 3037/3037/3037 3036/3036/3036 3035/3035/3035
v 8 -192 100
vn 0.970142484 0 0.242535621
vt 0.153620347 0.159926474
v 4 -188 116
vn 0.970142484 0 0.242535621
vt 0.153131112 0.167279422
v 4 -180 116
vn 0.970142484 0 0.242535621
vt 0.152152643 0.167279422
v 8 -176 100
vn 0.970142484 0 0.242535621
vt 0.151663408 0.159926474
f 3042/3042/3042 3041/3041/3041 3040/3040/3040 3039/3039/3039
v 8 -160 100
vn 0.970142484 0 0.242535621
vt 0.157534242 0.159926474
v 4 -156 116
vn 0.970142484 0 0.242535621
vt 0.157045007 0.167279422
v 4 -148 116
vn 0.970142484 0 0.242535621
vt 0.156066537 0.167279422
v 8 -144 100
vn 0.970142484 0 0.242535621
vt 0.155577302 0.159926474
f 3046/3046/3046 3045/3045/3045 3044/3044/3044 3043/3043/3043
v 8 -128 100
vn 0.970142484 0 0.242535621
vt 0.161448136 0.159926474
v 4 -124 116
vn 0.970142484 0 0.242535621
vt 0.160958901 0.167279422
v 4 -116 116
vn 0.970142484 0 0.242535621
vt 0.159980431 0.167279422
v 8 -112 100
vn 0.970142484 0 0.242535621
vt 0.159491196 0.159926474
f 3050/3050/3050 3049/3049/3049 3048/3048/3048 3047/3047/3047
v 8 -96 100
vn 0.970142484 0 0.242535621
vt 0.16536203 0.159926474
v 4 -92 116
vn 0.970142484 0 0.242535621
vt 0.164872795 0.167279422
v 4 -84 116
vn 0.970142484 0 0.242535621
vt 0.163894325 0.167279422
v 8 -80 100
vn 0.970142484 0 0.242535621
vt 0.163405091 0.159926474
f 3054/3054/3054 3053/3053/3053 3052/3052/3052 3051/3051/3051
v 8 -56 100
vn 0.970142484 0 0.242535621
vt 0.168297455 0.159926474
v 8 -64 100
vn 0.970142484 0 0.242535621
vt 0.169275925 0.159926474
v 4 -60 116
vn 0.970142484 0 0.242535621
vt 0.16878669 0.167279422
v 4 -52 116
vn 0.970142484 0 0.242535621
vt 0.16780822 0.167279422
v 8 -48 100
vn 0.970142484 0 0.242535621
vt 0.167318985 0.159926474
f 3059/3059/3059 3058/3058/3058 3057/3057/3057 3056/3056/3056 3055/3055/3055
v 8 -32 100
vn 0.970142484 0 0.242535621
vt 0.173189819 0.159926474
v 4 -28 116
vn 0.970142484 0 0.242535621
vt 0.172700584 0.167279422
v 4 -20 116
vn 0.970142484 0 0.242535621
vt 0.171722114 0.167279422
v 8 -16 100
vn 0.970142484 0 0.242535621
vt 0.171232879 0.159926474
f 3063/3063/3063 3062/3062/3062 3061/3061/3061 3060/3060/3060
v 8 -16 116
vn 0 1 0
vt 0.176125243 0.167279422
v 8 -16 100
vn 0 1 0
vt 0.176125243 0.159926474
v 4 -16 116
vn 0 1 0
vt 0.176614478 0.167279422
f 3066/3066/3066 3065/3065/3065 3064/3064/3064
v 4 -240 116
vn 0 1 0
vt 0.179549903 0.167279422
v 8 -240 100
vn 0 1 0
vt 0.180039138 0.159926474
v 8 -240 104
vn 0 1 0
vt 0.180039138 0.161764681
v 8 -240 108
vn 0 1 0
vt 0.180039138 0.163602948
v 8 -240 112
vn 0 1 0
vt 0.180039138 0.165441155
v 8 -240 116
vn 0 1 0
vt 0.180039138 0.167279422
f 3072/3072/3072 3071/3071/3071 3070/3070/3070 3069/3069/3069 3068/3068/3068 3067/3067/3067
v -4 -92 116
vn -0 0.970142484 -0.242535621
vt 0.185420737 0.167279422
v 4 -92 116
vn -0 0.970142484 -0.242535621
vt 0.184442267 0.167279422
v 8 -96 100
vn -0 0.970142484 -0.242535621
vt 0.183953032 0.159926474
v -8 -96 100
vn -0 0.970142484 -0.242535621
vt 0.185909986 0.159926474
f 3076/3076/3076 3075/3075/3075 3074/3074/3074 3073/3073/3073
v -4 -16 116
vn 0 1 0
vt 0.191291586 0.167279422
v 4 -16 116
vn 0 1 0
vt 0.190313116 0.167279422
v 8 -16 100
vn 0 1 0
vt 0.189823881 0.159926474
v -8 -16 100
vn 0 1 0
vt 0.19178082 0.159926474
f 3080/3080/3080 3079/3079/3079 3078/3078/3078 3077/3077/3077
v -4 -28 116
vn -0 0.970142484 -0.242535621
vt 0.19716242 0.167279422
v 4 -28 116
vn -0 0.970142484 -0.242535621
vt 0.19618395 0.167279422
v 8 -32 100
vn -0 0.970142484 -0.242535621
vt 0.195694715 0.159926474
v -8 -32 100
vn -0 0.970142484 -0.242535621
vt 0.197651669 0.159926474
f 3084/3084/3084 3083/3083/3083 3082/3082/3082 3081/3081/3081
v 8 -16 100
vn -0 0.970142484 0.242535621
vt 0.203522503 0.159926474
v 4 -20 116
vn -0 0.970142484 0.242535621
vt 0.203033268 0.167279422
v -4 -20 116
vn -0 0.970142484 0.242535621
vt 0.202054799 0.167279422
v -8 -16 100
vn -0 0.970142484 0.242535621
vt 0.201565564 0.159926474
f 3088/3088/3088 3087/3087/3087 3086/3086/3086 3085/3085/3085
v -4 -60 116
vn -0 0.970142484 -0.242535621
vt 0.208904102 0.167279422
v 4 -60 116
vn -0 0.970142484 -0.242535621
vt 0.207925633 0.167279422
v 8 -64 100
vn -0 0.970142484 -0.242535621
vt 0.207436398 0.159926474
v -8 -64 100
vn -0 0.970142484 -0.242535621
vt 0.209393352 0.159926474
f 3092/3092/3092 3091/3091/3091 3090/3090/3090 3089/3089/3089
v 4 -52 116
vn -0 0.970142484 0.242535621
vt 0.214774951 0.167279422
v -4 -52 116
vn -0 0.970142484 0.242535621
vt 0.213796481 0.167279422
v -8 -48 100
vn -0 0.970142484 0.242535621
vt 0.213307247 0.159926474
v 8 -48 100
vn -0 0.970142484 0.242535621
vt 0.215264186 0.159926474
f 3096/3096/3096 3095/3095/3095 3094/3094/3094 3093/3093/3093
v 4 -84 116
vn -0 0.970142484 0.242535621
vt 0.220645785 0.167279422
v -4 -84 116
vn -0 0.970142484 0.242535621
vt 0.219667315 0.167279422
v -8 -80 100
vn -0 0.970142484 0.242535621
vt 0.219178081 0.159926474
v 8 -80 100
vn -0 0.970142484 0.242535621
vt 0.221135035 0.159926474
f 3100/3100/3100 3099/3099/3099 3098/3098/3098 3097/3097/3097
v 4 -240 116
vn 0 1 0
vt 0.226516634 0.167279422
v -4 -240 116
vn 0 1 0
vt 0.225538164 0.167279422
v -8 -240 100
vn 0 1 0
vt 0.225048929 0.159926474
v 8 -240 100
vn 0 1 0
vt 0.227005869 0.159926474
f 3104/3104/3104 3103/3103/3103 3102/3102/3102 3101/3101/3101
v -4 -156 116
vn -0 0.970142484 -0.242535621
vt 0.232387468 0.167279422
v 4 -156 116
vn -0 0.970142484 -0.242535621
vt 0.231408998 0.167279422
v 8 -160 100
vn -0 0.970142484 -0.242535621
vt 0.230919763 0.159926474
v -8 -160 100
vn -0 0.970142484 -0.242535621
vt 0.232876718 0.159926474
f 3108/3108/3108 3107/3107/3107 3106/3106/3106 3105/3105/3105
v -4 -124 116
vn -0 0.970142484 -0.242535621
vt 0.238258317 0.167279422
v 4 -124 116
vn -0 0.970142484 -0.242535621
vt 0.237279847 0.167279422
v 8 -128 100
vn -0 0.970142484 -0.242535621
vt 0.236790612 0.159926474
v -8 -128 100
vn -0 0.970142484 -0.242535621
vt 0.238747552 0.159926474
f 3112/3112/3112 3111/3111/3111 3110/3110/3110 3109/3109/3109
v 4 -116 116
vn -0 0.970142484 0.242535621
vt 0.244129151 0.167279422
v -4 -116 116
vn -0 0.970142484 0.242535621
vt 0.243150681 0.167279422
v -8 -112 100
vn -0 0.970142484 0.242535621
vt 0.242661446 0.159926474
v 8 -112 100
vn -0 0.970142484 0.242535621
vt 0.244618401 0.159926474
f 3116/3116/3116 3115/3115/3115 3114/3114/3114 3113/3113/3113
v 4 -148 116
vn -0 0.970142484 0.242535621
vt 0.25 0.167279422
v -4 -148 116
vn -0 0.970142484 0.242535621
vt 0.24902153 0.167279422
v -8 -144 100
vn -0 0.970142484 0.242535621
vt 0.248532295 0.159926474
v 8 -144 100
vn -0 0.970142484 0.242535621
vt 0.250489235 0.159926474
f 3120/3120/3120 3119/3119/3119 3118/3118/3118 3117/3117/3117
v -4 -188 116
vn -0 0.970142484 -0.242535621
vt 0.255870849 0.167279422
v 4 -188 116
vn -0 0.970142484 -0.242535621
vt 0.254892379 0.167279422
v 8 -192 100
vn -0 0.970142484 -0.242535621
vt 0.254403144 0.159926474
v -8 -192 100
vn -0 0.970142484 -0.242535621
vt 0.256360084 0.159926474
f 3124/3124/3124 3123/3123/3123 3122/3122/3122 3121/3121/3121
v 4 -180 116
vn -0 0.970142484 0.242535621
vt 0.261741698 0.167279422
v -4 -180 116
vn -0 0.970142484 0.242535621
vt 0.260763198 0.167279422
v -8 -176 100
vn -0 0.970142484 0.242535621
vt 0.260273963 0.159926474
v 8 -176 100
vn -0 0.970142484 0.242535621
vt 0.262230933 0.159926474
f 3128/3128/3128 3127/3127/3127 3126/3126/3126 3125/3125/3125
v -4 -220 116
vn -0 0.970142484 -0.242535621
vt 0.267612517 0.167279422
v 4 -220 116
vn -0 0.970142484 -0.242535621
vt 0.266634047 0.167279422
v 8 -224 100
vn -0 0.970142484 -0.242535621
vt 0.266144812 0.159926474
v -8 -224 100
vn -0 0.970142484 -0.242535621
vt 0.268101752 0.159926474
f 3132/3132/3132 3131/3131/3131 3130/3130/3130 3129/3129/3129
v 4 -212 116
vn -0 0.970142484 0.242535621
vt 0.273483366 0.167279422
v -4 -212 116
vn -0 0.970142484 0.242535621
vt 0.272504896 0.167279422
v -8 -208 100
vn -0 0.970142484 0.242535621
vt 0.272015661 0.159926474
v 8 -208 100
vn -0 0.970142484 0.242535621
vt 0.273972601 0.159926474
f 3136/3136/3136 3135/3135/3135 3134/3134/3134 3133/3133/3133
v -8 -16 116
vn 0 1 0
vt 0.27788651 0.167279422
v -4 -16 116
vn 0 1 0
vt 0.277397275 0.167279422
v -8 -16 100
vn 0 1 0
vt 0.27788651 0.159926474
f 3139/3139/3139 3138/3138/3138 3137/3137/3137
v -8 -240 100
vn 0 1 0
vt 0.281800389 0.159926474
v -4 -240 116
vn 0 1 0
vt 0.282289624 0.167279422
v -8 -240 116
vn 0 1 0
vt 0.281800389 0.167279422
f 3142/3142/3142 3141/3141/3141 3140/3140/3140
v -8 -32 76
vn 0 0 1
vt 0.0998043045 0.408088207
v -8 -124 76
vn 0 0 1
vt 0.0998043045 0.365808845
v 8 -124 76
vn 0 0 1
vt 0.0978473574 0.365808845
v 8 -32 76
vn 0 0 1
vt 0.0978473574 0.408088207
f 3146/3146/3146 3145/3145/3145 3144/3144/3144 3143/3143/3143
v -8 -140 76
vn 0 0 1
vt 0.105675146 0.402573526
v -8 -224 76
vn 0 0 1
vt 0.105675146 0.363970578
v 8 -224 76
vn 0 0 1
vt 0.103718199 0.363970578
v 8 -140 76
vn 0 0 1
vt 0.103718199 0.402573526
f 3150/3150/3150 3149/3149/3149 3148/3148/3148 3147/3147/3147
v -8 -32 76
vn 0 1 0
vt 0.250489235 0.354779422
v 8 -32 76
vn 0 1 0
vt 0.248532295 0.354779422
v 8 -32 0
vn 0 1 0
vt 0.248532295 0.319852948
v -8 -32 0
vn 0 1 0
vt 0.250489235 0.319852948
f 3154/3154/3154 3153/3153/3153 3152/3152/3152 3151/3151/3151
v -8 -140 76
vn 0 1 0
vt 0.256360084 0.354779422
v 8 -140 76
vn 0 1 0
vt 0.254403144 0.354779422
v 8 -140 0
vn 0 1 0
vt 0.254403144 0.319852948
v -8 -140 0
vn 0 1 0
vt 0.256360084 0.319852948
f 3158/3158/3158 3157/3157/3157 3156/3156/3156 3155/3155/3155
v 8 -124 76
vn 0 1 0
vt 0.262230933 0.354779422
v -8 -124 76
vn 0 1 0
vt 0.260273963 0.354779422
v -8 -124 0
vn 0 1 0
vt 0.260273963 0.319852948
v 8 -124 0
vn 0 1 0
vt 0.262230933 0.319852948
f 3162/3162/3162 3161/3161/3161 3160/3160/3160 3159/3159/3159
v 8 -224 76
vn 0 1 0
vt 0.268101752 0.354779422
v -8 -224 76
vn 0 1 0
vt 0.266144812 0.354779422
v -8 -224 0
vn 0 1 0
vt 0.266144812 0.319852948
v 8 -224 0
vn 0 1 0
vt 0.268101752 0.319852948
f 3166/3166/3166 3165/3165/3165 3164/3164/3164 3163/3163/3163
v -456 -134 76
vn 1 0 0
vt 0.272015661 0.354779422
v -456 -134 0
vn 1 0 0
vt 0.272015661 0.319852948
v -456 -142 0
vn 1 0 0
vt 0.272994131 0.319852948
v -456 -142 80
vn 1 0 0
vt 0.272994131 0.35661763
v -456 -134 80
vn 1 0 0
vt 0.272015661 0.35661763
f 3171/3171/3171 3170/3170/3170 3169/3169/3169 3168/3168/3168 3167/3167/3167
v -456 -126 72
vn 1 0 0
vt 0.274951071 0.352941155
v -456 -126 0
vn 1 0 0
vt 0.274951071 0.319852948
v -456 -134 0
vn 1 0 0
vt 0.27592954 0.319852948
v -456 -134 76
vn 1 0 0
vt 0.27592954 0.354779422
v -456 -126 76
vn 1 0 0
vt 0.274951071 0.354779422
f 3176/3176/3176 3175/3175/3175 3174/3174/3174 3173/3173/3173 3172/3172/3172
v -456 -118 68
vn 1 0 0
vt 0.27984345 0.351102948
v -456 -118 0
vn 1 0 0
vt 0.27984345 0.319852948
v -456 -126 0
vn 1 0 0
vt 0.280821919 0.319852948
v -456 -126 72
vn 1 0 0
vt 0.280821919 0.352941155
v -456 -118 72
vn 1 0 0
vt 0.27984345 0.352941155
f 3181/3181/3181 3180/3180/3180 3179/3179/3179 3178/3178/3178 3177/3177/3177
v -456 -110 64
vn 1 0 0
vt 0.282778859 0.349264681
v -456 -110 0
vn 1 0 0
vt 0.282778859 0.319852948
v -456 -118 0
vn 1 0 0
vt 0.283757329 0.319852948
v -456 -118 68
vn 1 0 0
vt 0.283757329 0.351102948
v -456 -110 68
vn 1 0 0
vt 0.282778859 0.351102948
f 3186/3186/3186 3185/3185/3185 3184/3184/3184 3183/3183/3183 3182/3182/3182
v -456 -102 60
vn 1 0 0
vt 0.461839527 0.303308845
v -456 -102 0
vn 1 0 0
vt 0.461839527 0.275735319
v -456 -110 0
vn 1 0 0
vt 0.462817997 0.275735319
v -456 -110 64
vn 1 0 0
vt 0.462817997 0.305147052
v -456 -102 64
vn 1 0 0
vt 0.461839527 0.305147052
f 3191/3191/3191 3190/3190/3190 3189/3189/3189 3188/3188/3188 3187/3187/3187
v -456 -94 56
vn 1 0 0
vt 0.464774936 0.301470578
v -456 -94 0
vn 1 0 0
vt 0.464774936 0.275735319
v -456 -102 0
vn 1 0 0
vt 0.465753436 0.275735319
v -456 -102 60
vn 1 0 0
vt 0.465753436 0.303308845
v -456 -94 60
vn 1 0 0
vt 0.464774936 0.303308845
f 3196/3196/3196 3195/3195/3195 3194/3194/3194 3193/3193/3193 3192/3192/3192
v -456 -86 52
vn 1 0 0
vt 0.469667315 0.29963237
v -456 -86 0
vn 1 0 0
vt 0.469667315 0.275735319
v -456 -94 0
vn 1 0 0
vt 0.470645785 0.275735319
v -456 -94 56
vn 1 0 0
vt 0.470645785 0.301470578
v -456 -86 56
vn 1 0 0
vt 0.469667315 0.301470578
f 3201/3201/3201 3200/3200/3200 3199/3199/3199 3198/3198/3198 3197/3197/3197
v -456 -78 48
vn 1 0 0
vt 0.472602725 0.297794104
v -456 -78 0
vn 1 0 0
vt 0.472602725 0.275735319
v -456 -86 0
vn 1 0 0
vt 0.473581225 0.275735319
v -456 -86 52
vn 1 0 0
vt 0.473581225 0.29963237
v -456 -78 52
vn 1 0 0
vt 0.472602725 0.29963237
f 3206/3206/3206 3205/3205/3205 3204/3204/3204 3203/3203/3203 3202/3202/3202
v -456 -70 44
vn 1 0 0
vt 0.994129181 0.266544104
v -456 -70 0
vn 1 0 0
vt 0.994129181 0.246323526
v -456 -78 0
vn 1 0 0
vt 0.995107651 0.246323526
v -456 -78 48
vn 1 0 0
vt 0.995107651 0.26838237
v -456 -70 48
vn 1 0 0
vt 0.994129181 0.26838237
f 3211/3211/3211 3210/3210/3210 3209/3209/3209 3208/3208/3208 3207/3207/3207
v -456 -62 40
vn 1 0 0
vt 0.99706459 0.264705896
v -456 -62 0
vn 1 0 0
vt 0.99706459 0.246323526
v -456 -70 0
vn 1 0 0
vt 0.99804306 0.246323526
v -456 -70 44
vn 1 0 0
vt 0.99804306 0.266544104
v -456 -62 44
vn 1 0 0
vt 0.99706459 0.266544104
f 3216/3216/3216 3215/3215/3215 3214/3214/3214 3213/3213/3213 3212/3212/3212
v -456 -54 36
vn 1 0 0
vt 0.00195694715 0.226102948
v -456 -54 0
vn 1 0 0
vt 0.00195694715 0.209558845
v -456 -62 0
vn 1 0 0
vt 0.00293542072 0.209558845
v -456 -62 40
vn 1 0 0
vt 0.00293542072 0.227941155
v -456 -54 40
vn 1 0 0
vt 0.00195694715 0.227941155
f 3221/3221/3221 3220/3220/3220 3219/3219/3219 3218/3218/3218 3217/3217/3217
v -456 -46 32
vn 1 0 0
vt 0.00489236787 0.224264681
v -456 -46 0
vn 1 0 0
vt 0.00489236787 0.209558845
v -456 -54 0
vn 1 0 0
vt 0.00587084144 0.209558845
v -456 -54 36
vn 1 0 0
vt 0.00587084144 0.226102948
v -456 -46 36
vn 1 0 0
vt 0.00489236787 0.226102948
f 3226/3226/3226 3225/3225/3225 3224/3224/3224 3223/3223/3223 3222/3222/3222
v -456 -38 28
vn 1 0 0
vt 0.284735799 0.170955896
v -456 -38 0
vn 1 0 0
vt 0.284735799 0.158088207
v -456 -46 0
vn 1 0 0
vt 0.285714298 0.158088207
v -456 -46 32
vn 1 0 0
vt 0.285714298 0.172794104
v -456 -38 32
vn 1 0 0
vt 0.284735799 0.172794104
f 3231/3231/3231 3230/3230/3230 3229/3229/3229 3228/3228/3228 3227/3227/3227
v -456 -30 24
vn 1 0 0
vt 0.288649708 0.16911763
v -456 -30 0
vn 1 0 0
vt 0.288649708 0.158088207
v -456 -38 0
vn 1 0 0
vt 0.289628178 0.158088207
v -456 -38 28
vn 1 0 0
vt 0.289628178 0.170955896
v -456 -30 28
vn 1 0 0
vt 0.288649708 0.170955896
f 3236/3236/3236 3235/3235/3235 3234/3234/3234 3233/3233/3233 3232/3232/3232
v -456 -22 20
vn 1 0 0
vt 0.292563587 0.167279422
v -456 -22 0
vn 1 0 0
vt 0.292563587 0.158088207
v -456 -30 0
vn 1 0 0
vt 0.293542087 0.158088207
v -456 -30 24
vn 1 0 0
vt 0.293542087 0.16911763
v -456 -22 24
vn 1 0 0
vt 0.292563587 0.16911763
f 3241/3241/3241 3240/3240/3240 3239/3239/3239 3238/3238/3238 3237/3237/3237
v -456 -14 16
vn 1 0 0
vt 0.296477497 0.165441155
v -456 -14 0
vn 1 0 0
vt 0.296477497 0.158088207
v -456 -22 0
vn 1 0 0
vt 0.297455966 0.158088207
v -456 -22 20
vn 1 0 0
vt 0.297455966 0.167279422
v -456 -14 20
vn 1 0 0
vt 0.296477497 0.167279422
f 3246/3246/3246 3245/3245/3245 3244/3244/3244 3243/3243/3243 3242/3242/3242
v -456 -6 12
vn 1 0 0
vt 0.676125228 0.0900735259
v -456 -6 0
vn 1 0 0
vt 0.676125228 0.0845588446
v -456 -14 0
vn 1 0 0
vt 0.677103698 0.0845588446
v -456 -14 16
vn 1 0 0
vt 0.677103698 0.0919117928
v -456 -6 16
vn 1 0 0
vt 0.676125228 0.0919117928
f 3251/3251/3251 3250/3250/3250 3249/3249/3249 3248/3248/3248 3247/3247/3247
v -456 0 0
vn 1 0 0
vt 0.680283785 0.0845588446
v -456 -6 0
vn 1 0 0
vt 0.681017637 0.0845588446
v -456 -6 12
vn 1 0 0
vt 0.681017637 0.0900735259
v -456 0 12
vn 1 0 0
vt 0.680283785 0.0900735259
f 3255/3255/3255 3254/3254/3254 3253/3253/3253 3252/3252/3252
v -352 -372 0
vn 0 1 0
vt 0.260273963 0.606617689
v -264 -372 0
vn 0 1 0
vt 0.271037191 0.606617689
v -264 -372 132
vn 0 1 0
vt 0.271037191 0.667279422
f 3258/3258/3258 3257/3257/3257 3256/3256/3256
v -360 -372 156
vn 0 1 0
vt 0.61350292 0.759191155
v -360 -372 0
vn 0 1 0
vt 0.61350292 0.6875
v -352 -372 0
vn 0 1 0
vt 0.61448139 0.6875
v -264 -372 132
vn 0 1 0
vt 0.625244617 0.748161793
v -264 -372 156
vn 0 1 0
vt 0.625244617 0.759191155
f 3263/3263/3263 3262/3262/3262 3261/3261/3261 3260/3260/3260 3259/3259/3259
v -264 -372 0
vn 0 1 0
vt 0.476516634 0.275735319
v -232 -372 0
vn 0 1 0
vt 0.480430514 0.275735319
v -232 -372 44
vn 0 1 0
vt 0.480430514 0.295955896
v -232 -372 52
vn 0 1 0
vt 0.480430514 0.29963237
f 3267/3267/3267 3266/3266/3266 3265/3265/3265 3264/3264/3264
v -264 -372 132
vn 0 1 0
vt 0.272994131 0.667279422
v -264 -372 0
vn 0 1 0
vt 0.272994131 0.606617689
v -232 -372 52
vn 0 1 0
vt 0.27690801 0.630514741
v -232 -372 80
vn 0 1 0
vt 0.27690801 0.643382311
v -232 -372 132
vn 0 1 0
vt 0.27690801 0.667279422
f 3272/3272/3272 3271/3271/3271 3270/3270/3270 3269/3269/3269 3268/3268/3268
v -232 -372 80
vn 0 1 0
vt 0.304305285 0.172794104
v -232 -372 52
vn 0 1 0
vt 0.304305285 0.159926474
v -224 -372 60
vn 0 1 0
vt 0.303326815 0.163602948
v -216 -372 68
vn 0 1 0
vt 0.302348346 0.167279422
v -208 -372 76
vn 0 1 0
vt 0.301369876 0.170955896
f 3277/3277/3277 3276/3276/3276 3275/3275/3275 3274/3274/3274 3273/3273/3273
v -224 -372 60
vn 0 1 0
vt 0.307240695 0.170955896
v -232 -372 52
vn 0 1 0
vt 0.308219165 0.167279422
v -232 -372 44
vn 0 1 0
vt 0.308219165 0.163602948
f 3280/3280/3280 3279/3279/3279 3278/3278/3278
v -208 -372 76
vn 0 1 0
vt 0.686888456 0.0900735259
v -196 -372 80
vn 0 1 0
vt 0.688356161 0.0919117928
v -232 -372 80
vn 0 1 0
vt 0.683953047 0.0919117928
f 3283/3283/3283 3282/3282/3282 3281/3281/3281
v -152 -372 80
vn 0 1 0
vt 0.314090014 0.172794104
v -176 -372 76
vn 0 1 0
vt 0.311154604 0.170955896
v -168 -372 68
vn 0 1 0
vt 0.312133074 0.167279422
v -160 -372 60
vn 0 1 0
vt 0.313111544 0.163602948
f 3287/3287/3287 3286/3286/3286 3285/3285/3285 3284/3284/3284
v -152 -372 80
vn 0 1 0
vt 0.697651684 0.0919117928
v -188 -372 80
vn 0 1 0
vt 0.69324851 0.0919117928
v -176 -372 76
vn 0 1 0
vt 0.694716215 0.0900735259
f 3290/3290/3290 3289/3289/3289 3288/3288/3288
v -152 -372 44
vn 0 1 0
vt 0.0107632093 0.215073526
v -152 -372 80
vn 0 1 0
vt 0.0107632093 0.23161763
v -160 -372 60
vn 0 1 0
vt 0.00978473574 0.222426474
f 3293/3293/3293 3292/3292/3292 3291/3291/3291
v -232 -372 132
vn 0 1 0
vt 0.482387483 0.29963237
v -232 -372 80
vn 0 1 0
vt 0.482387483 0.275735319
v -196 -372 80
vn 0 1 0
vt 0.486790597 0.275735319
f 3296/3296/3296 3295/3295/3295 3294/3294/3294
v -188 -372 80
vn 0 1 0
vt 0.495596856 0.275735319
v -152 -372 80
vn 0 1 0
vt 0.5 0.275735319
v -152 -372 132
vn 0 1 0
vt 0.5 0.29963237
v -232 -372 132
vn 0 1 0
vt 0.490215272 0.29963237
v -196 -372 80
vn 0 1 0
vt 0.494618386 0.275735319
f 3301/3301/3301 3300/3300/3300 3299/3299/3299 3298/3298/3298 3297/3297/3297
v -120 -372 132
vn 0 1 0
vt 0.282778859 0.667279422
v -152 -372 132
vn 0 1 0
vt 0.27886498 0.667279422
v -152 -372 80
vn 0 1 0
vt 0.27886498 0.643382311
v -120 -372 0
vn 0 1 0
vt 0.282778859 0.606617689
f 3305/3305/3305 3304/3304/3304 3303/3303/3303 3302/3302/3302
v -152 -372 44
vn 0 1 0
vt 0.286692768 0.340073526
v -152 -372 0
vn 0 1 0
vt 0.286692768 0.319852948
v -128 -372 0
vn 0 1 0
vt 0.289628178 0.319852948
v -120 -372 0
vn 0 1 0
vt 0.290606648 0.319852948
v -152 -372 80
vn 0 1 0
vt 0.286692768 0.35661763
f 3310/3310/3310 3309/3309/3309 3308/3308/3308 3307/3307/3307 3306/3306/3306
v -120 -372 132
vn 0 1 0
vt 0.627201557 0.748161793
v -120 -372 0
vn 0 1 0
vt 0.627201557 0.6875
v -88.245575 -372 0
vn 0 1 0
vt 0.631085396 0.6875
v -8 -372 0
vn 0 1 0
vt 0.640900195 0.6875
v -8 -372 156
vn 0 1 0
vt 0.640900195 0.759191155
v -120 -372 156
vn 0 1 0
vt 0.627201557 0.759191155
f 3316/3316/3316 3315/3315/3315 3314/3314/3314 3313/3313/3313 3312/3312/3312 3311/3311/3311
v -360 -236 156
vn 0 0 1
vt 0.318982393 0.167279422
v -360 -248 156
vn 0 0 1
vt 0.318982393 0.161764681
v -376 -248 156
vn 0 0 1
vt 0.317025453 0.161764681
f 3319/3319/3319 3318/3318/3318 3317/3317/3317
v -376 -142 156
vn 0 0 1
vt 0.00195694715 0.931066155
v -376 -12 156
vn 0 0 1
vt 0.00195694715 0.990808845
v -360 -12 156
vn 0 0 1
vt 0.0039138943 0.990808845
v -360 -236 156
vn 0 0 1
vt 0.0039138943 0.88786763
v -376 -248 156
vn 0 0 1
vt 0.00195694715 0.882352948
f 3324/3324/3324 3323/3323/3323 3322/3322/3322 3321/3321/3321 3320/3320/3320
v -376 -372 156
vn 0 0 1
vt 0.0176125243 0.538602948
v -376 -264 156
vn 0 0 1
vt 0.0176125243 0.588235259
v -360 -264 156
vn 0 0 1
vt 0.0195694715 0.588235259
v -360 -372 156
vn 0 0 1
vt 0.0195694715 0.538602948
f 3328/3328/3328 3327/3327/3327 3326/3326/3326 3325/3325/3325
v -359 -264 156
vn 0 0 1
vt 0.702544034 0.0882353187
v -359 -248 156
vn 0 0 1
vt 0.700587094 0.0882353187
v -360 -248 156
vn 0 0 1
vt 0.700587094 0.0886948705
v -360 -264 156
vn 0 0 1
vt 0.702544034 0.0886948705
f 3332/3332/3332 3331/3331/3331 3330/3330/3330 3329/3329/3329
v -431 -248 156
vn 0 0 1
vt 0.322896272 0.158088207
v -456 -248 156
vn 0 0 1
vt 0.322896272 0.169577181
v -456 -264 156
vn 0 0 1
vt 0.324853241 0.169577181
v -431 -264 156
vn 0 0 1
vt 0.324853241 0.158088207
f 3336/3336/3336 3335/3335/3335 3334/3334/3334 3333/3333/3333
v -376 -248 156
vn 0 0 1
vt 0.50293541 0.279871345
v -431 -248 156
vn 0 0 1
vt 0.50293541 0.305147052
v -431 -264 156
vn 0 0 1
vt 0.504892349 0.305147052
v -376 -264 156
vn 0 0 1
vt 0.504892349 0.279871345
f 3340/3340/3340 3339/3339/3339 3338/3338/3338 3337/3337/3337
v -375 -264 180
vn 0 0 1
vt 0.328767121 0.161764681
v -399 -264 180
vn 0 0 1
vt 0.328767121 0.172794104
v -399 -248 180
vn 0 0 1
vt 0.330724061 0.172794104
v -375 -248 180
vn 0 0 1
vt 0.330724061 0.161764681
f 3344/3344/3344 3343/3343/3343 3342/3342/3342 3341/3341/3341
v -415 -248 180
vn 0 0 1
vt 0.708414853 0.0845588446
v -415 -264 180
vn 0 0 1
vt 0.706457913 0.0845588446
v -431 -264 180
vn 0 0 1
vt 0.706457913 0.0919117928
v -431 -248 180
vn 0 0 1
vt 0.708414853 0.0919117928
f 3348/3348/3348 3347/3347/3347 3346/3346/3346 3345/3345/3345
v -456 -248 180
vn 0 0 1
vt 0.714285731 0.0886948705
v -447 -248 180
vn 0 0 1
vt 0.714285731 0.0845588446
v -447 -264 180
vn 0 0 1
vt 0.712328792 0.0845588446
v -456 -264 180
vn 0 0 1
vt 0.712328792 0.0886948705
f 3352/3352/3352 3351/3351/3351 3350/3350/3350 3349/3349/3349
v -435 -252 196
vn 0 0 1
vt 0.719667315 0.0863970518
v -435 -260 196
vn 0 0 1
vt 0.718688846 0.0863970518
v -443 -260 196
vn 0 0 1
vt 0.718688846 0.0900735259
v -443 -252 196
vn 0 0 1
vt 0.719667315 0.0900735259
f 3356/3356/3356 3355/3355/3355 3354/3354/3354 3353/3353/3353
v -403 -252 196
vn 0 0 1
vt 0.725538135 0.0863970518
v -403 -260 196
vn 0 0 1
vt 0.724559665 0.0863970518
v -411 -260 196
vn 0 0 1
vt 0.724559665 0.0900735259
v -411 -252 196
vn 0 0 1
vt 0.725538135 0.0900735259
f 3360/3360/3360 3359/3359/3359 3358/3358/3358 3357/3357/3357
v -363 -252 196
vn 0 0 1
vt 0.731409013 0.0863970518
v -363 -260 196
vn 0 0 1
vt 0.730430543 0.0863970518
v -371 -260 196
vn 0 0 1
vt 0.730430543 0.0900735259
v -371 -252 196
vn 0 0 1
vt 0.731409013 0.0900735259
f 3364/3364/3364 3363/3363/3363 3362/3362/3362 3361/3361/3361
v -336 0 320
vn 0 0 1
vt 0.734955966 0.996323526
v -456 0 320
vn 0 0 1
vt 0.749633074 0.996323526
v -456 -6 320
vn 0 0 1
vt 0.749633074 0.993566155
v -456 -14 320
vn 0 0 1
vt 0.749633074 0.989889681
v -456 -22 320
vn 0 0 1
vt 0.749633074 0.986213207
v -456 -30 320
vn 0 0 1
vt 0.749633074 0.982536793
v -456 -38 320
vn 0 0 1
vt 0.749633074 0.978860319
v -456 -46 320
vn 0 0 1
vt 0.749633074 0.975183845
v -456 -54 320
vn 0 0 1
vt 0.749633074 0.97150737
v -456 -62 320
vn 0 0 1
vt 0.749633074 0.967830896
v -456 -70 320
vn 0 0 1
vt 0.749633074 0.964154422
v -456 -78 320
vn 0 0 1
vt 0.749633074 0.960477948
v -456 -86 320
vn 0 0 1
vt 0.749633074 0.956801474
v -456 -224 320
vn 0 0 1
vt 0.749633074 0.89338237
v -232 -224 320
vn 0 0 1
vt 0.722235799 0.89338237
v -232 0 320
vn 0 0 1
vt 0.722235799 0.996323526
f 3380/3380/3380 3379/3379/3379 3378/3378/3378 3377/3377/3377 3376/3376/3376 3375/3375/3375 3374/3374/3374 3373/3373/3373 3372/3372/3372 3371/3371/3371 3370/3370/3370 3369/3369/3369 3368/3368/3368 3367/3367/3367 3366/3366/3366 3365/3365/3365
v -112 0 320
vn 0 0 1
vt 0.766267121 0.996323526
v -232 0 320
vn 0 0 1
vt 0.780944228 0.996323526
v -232 -224 320
vn 0 0 1
vt 0.780944228 0.89338237
v -8 -224 320
vn 0 0 1
vt 0.753546953 0.89338237
v -8 0 320
vn 0 0 1
vt 0.753546953 0.996323526
f 3385/3385/3385 3384/3384/3384 3383/3383/3383 3382/3382/3382 3381/3381/3381
v -232 -224 320
vn 0 0 1
vt 0.653742671 0.761029422
v -232 -372 320
vn 0 0 1
vt 0.653742671 0.693014741
v -152 -372 320
vn 0 0 1
vt 0.643957913 0.693014741
f 3388/3388/3388 3387/3387/3387 3386/3386/3386
v -120 -372 320
vn 0 0 1
vt 0.671355188 0.693014741
v -8 -372 320
vn 0 0 1
vt 0.65765655 0.693014741
v -8 -224 320
vn 0 0 1
vt 0.65765655 0.761029422
v -232 -224 320
vn 0 0 1
vt 0.685053825 0.761029422
v -152 -372 320
vn 0 0 1
vt 0.675269067 0.693014741
f 3393/3393/3393 3392/3392/3392 3391/3391/3391 3390/3390/3390 3389/3389/3389
v -264 -372 320
vn 0 0 1
vt 0.692881584 0.693014741
v -232 -372 320
vn 0 0 1
vt 0.688967705 0.693014741
v -232 -224 320
vn 0 0 1
vt 0.688967705 0.761029422
f 3396/3396/3396 3395/3395/3395 3394/3394/3394
v -376 -372 320
vn 0 0 1
vt 0.71440804 0.693014741
v -264 -372 320
vn 0 0 1
vt 0.700709403 0.693014741
v -232 -224 320
vn 0 0 1
vt 0.696795523 0.761029422
v -456 -224 320
vn 0 0 1
vt 0.724192739 0.761029422
v -456 -310 320
vn 0 0 1
vt 0.724192739 0.721507311
v -456 -372 320
vn 0 0 1
vt 0.724192739 0.693014741
f 3402/3402/3402 3401/3401/3401 3400/3400/3400 3399/3399/3399 3398/3398/3398 3397/3397/3397
v -435 -260 196
vn -0 0.970142484 -0.242535621
vt 0.334148735 0.167279422
v -431 -264 180
vn -0 0.970142484 -0.242535621
vt 0.3336595 0.159926474
v -447 -264 180
vn -0 0.970142484 -0.242535621
vt 0.33561644 0.159926474
v -443 -260 196
vn -0 0.970142484 -0.242535621
vt 0.335127205 0.167279422
f 3406/3406/3406 3405/3405/3405 3404/3404/3404 3403/3403/3403
v -403 -260 196
vn -0 0.970142484 -0.242535621
vt 0.338062614 0.167279422
v -399 -264 180
vn -0 0.970142484 -0.242535621
vt 0.337573379 0.159926474
v -415 -264 180
vn -0 0.970142484 -0.242535621
vt 0.339530319 0.159926474
v -411 -260 196
vn -0 0.970142484 -0.242535621
vt 0.339041084 0.167279422
f 3410/3410/3410 3409/3409/3409 3408/3408/3408 3407/3407/3407
v -363 -260 196
vn -0 0.970142484 -0.242535621
vt 0.341976523 0.167279422
v -359 -264 180
vn -0 0.970142484 -0.242535621
vt 0.341487288 0.159926474
v -375 -264 180
vn -0 0.970142484 -0.242535621
vt 0.343444228 0.159926474
v -371 -260 196
vn -0 0.970142484 -0.242535621
vt 0.342954993 0.167279422
f 3414/3414/3414 3413/3413/3413 3412/3412/3412 3411/3411/3411
v -431 -248 180
vn -0 0.970142484 0.242535621
vt 0.347358108 0.159926474
v -435 -252 196
vn -0 0.970142484 0.242535621
vt 0.346868873 0.167279422
v -443 -252 196
vn -0 0.970142484 0.242535621
vt 0.345890403 0.167279422
v -447 -248 180
vn -0 0.970142484 0.242535621
vt 0.345401168 0.159926474
f 3418/3418/3418 3417/3417/3417 3416/3416/3416 3415/3415/3415
v -399 -248 180
vn -0 0.970142484 0.242535621
vt 0.351272017 0.159926474
v -403 -252 196
vn -0 0.970142484 0.242535621
vt 0.350782782 0.167279422
v -411 -252 196
vn -0 0.970142484 0.242535621
vt 0.349804312 0.167279422
v -415 -248 180
vn -0 0.970142484 0.242535621
vt 0.349315077 0.159926474
f 3422/3422/3422 3421/3421/3421 3420/3420/3420 3419/3419/3419
v -359 -248 180
vn -0 0.970142484 0.242535621
vt 0.355185896 0.159926474
v -363 -252 196
vn -0 0.970142484 0.242535621
vt 0.354696661 0.167279422
v -371 -252 196
vn -0 0.970142484 0.242535621
vt 0.353718191 0.167279422
v -375 -248 180
vn -0 0.970142484 0.242535621
vt 0.353228956 0.159926474
f 3426/3426/3426 3425/3425/3425 3424/3424/3424 3423/3423/3423
v -431 -248 180
vn 0.970142484 0 0.242535621
vt 0.358121336 0.159926474
v -431 -264 180
vn 0.970142484 0 0.242535621
vt 0.360078275 0.159926474
v -435 -260 196
vn 0.970142484 0 0.242535621
vt 0.35958904 0.167279422
v -435 -252 196
vn 0.970142484 0 0.242535621
vt 0.35861057 0.167279422
f 3430/3430/3430 3429/3429/3429 3428/3428/3428 3427/3427/3427
v -375 -264 180
vn 0.970142484 -0 -0.242535621
vt 0.363992184 0.159926474
v -375 -248 180
vn 0.970142484 -0 -0.242535621
vt 0.365949124 0.159926474
v -371 -252 196
vn 0.970142484 -0 -0.242535621
vt 0.365459889 0.167279422
v -371 -260 196
vn 0.970142484 -0 -0.242535621
vt 0.364481419 0.167279422
f 3434/3434/3434 3433/3433/3433 3432/3432/3432 3431/3431/3431
v -363 -260 196
vn 0.970142484 0 0.242535621
vt 0.371330738 0.167279422
v -363 -252 196
vn 0.970142484 0 0.242535621
vt 0.370352238 0.167279422
v -359 -248 180
vn 0.970142484 0 0.242535621
vt 0.369863003 0.159926474
v -359 -264 180
vn 0.970142484 0 0.242535621
vt 0.371819973 0.159926474
f 3438/3438/3438 3437/3437/3437 3436/3436/3436 3435/3435/3435
v -415 -264 180
vn 0.970142484 -0 -0.242535621
vt 0.375733852 0.159926474
v -415 -248 180
vn 0.970142484 -0 -0.242535621
vt 0.377690792 0.159926474
v -411 -252 196
vn 0.970142484 -0 -0.242535621
vt 0.377201557 0.167279422
v -411 -260 196
vn 0.970142484 -0 -0.242535621
vt 0.376223087 0.167279422
f 3442/3442/3442 3441/3441/3441 3440/3440/3440 3439/3439/3439
v -403 -260 196
vn 0.970142484 0 0.242535621
vt 0.383072406 0.167279422
v -403 -252 196
vn 0.970142484 0 0.242535621
vt 0.382093936 0.167279422
v -399 -248 180
vn 0.970142484 0 0.242535621
vt 0.381604701 0.159926474
v -399 -264 180
vn 0.970142484 0 0.242535621
vt 0.383561641 0.159926474
f 3446/3446/3446 3445/3445/3445 3444/3444/3444 3443/3443/3443
v -443 -252 196
vn 0.970142484 -0 -0.242535621
vt 0.388943255 0.167279422
v -443 -260 196
vn 0.970142484 -0 -0.242535621
vt 0.387964785 0.167279422
v -447 -264 180
vn 0.970142484 -0 -0.242535621
vt 0.38747555 0.159926474
v -447 -248 180
vn 0.970142484 -0 -0.242535621
vt 0.38943249 0.159926474
f 3450/3450/3450 3449/3449/3449 3448/3448/3448 3447/3447/3447
v -447 -264 180
vn 0 1 0
vt 0.0146771036 0.226102948
v -431 -264 180
vn 0 1 0
vt 0.0127201565 0.226102948
v -431 -264 156
vn 0 1 0
vt 0.0127201565 0.215073526
v -456 -264 156
vn 0 1 0
vt 0.0157778859 0.215073526
v -456 -264 180
vn 0 1 0
vt 0.0157778859 0.226102948
f 3455/3455/3455 3454/3454/3454 3453/3453/3453 3452/3452/3452 3451/3451/3451
v -431 -264 156
vn 0 1 0
vt 0.0264187865 0.215073526
v -431 -264 180
vn 0 1 0
vt 0.0264187865 0.226102948
v -415 -264 180
vn 0 1 0
vt 0.0244618393 0.226102948
v -399 -264 180
vn 0 1 0
vt 0.0225048922 0.226102948
v -376 -264 156
vn 0 1 0
vt 0.0196917802 0.215073526
f 3460/3460/3460 3459/3459/3459 3458/3458/3458 3457/3457/3457 3456/3456/3456
v -359 -264 180
vn 0 1 0
vt 0.0293542072 0.226102948
v -359 -264 156
vn 0 1 0
vt 0.0293542072 0.215073526
v -360 -264 156
vn 0 1 0
vt 0.0294765159 0.215073526
f 3463/3463/3463 3462/3462/3462 3461/3461/3461
v -375 -264 180
vn 0 1 0
vt 0.0352250487 0.226102948
v -359 -264 180
vn 0 1 0
vt 0.0332681015 0.226102948
v -360 -264 156
vn 0 1 0
vt 0.0333904102 0.215073526
v -376 -264 156
vn 0 1 0
vt 0.0353473574 0.215073526
v -399 -264 180
vn 0 1 0
vt 0.0381604694 0.226102948
f 3468/3468/3468 3467/3467/3467 3466/3466/3466 3465/3465/3465 3464/3464/3464
v -447 -248 180
vn 0 1 0
vt 0.0420743637 0.226102948
v -456 -248 180
vn 0 1 0
vt 0.0409735814 0.226102948
v -456 -248 156
vn 0 1 0
vt 0.0409735814 0.215073526
v -431 -248 156
vn 0 1 0
vt 0.0440313108 0.215073526
v -431 -248 180
vn 0 1 0
vt 0.0440313108 0.226102948
f 3473/3473/3473 3472/3472/3472 3471/3471/3471 3470/3470/3470 3469/3469/3469
v -431 -248 156
vn 0 1 0
vt 0.045988258 0.215073526
v -376 -248 156
vn 0 1 0
vt 0.0527152643 0.215073526
v -399 -248 180
vn 0 1 0
vt 0.0499021523 0.226102948
v -415 -248 180
vn 0 1 0
vt 0.0479452051 0.226102948
v -431 -248 180
vn 0 1 0
vt 0.045988258 0.226102948
f 3478/3478/3478 3477/3477/3477 3476/3476/3476 3475/3475/3475 3474/3474/3474
v -375 -248 180
vn 0 1 0
vt 0.0587084144 0.226102948
v -399 -248 180
vn 0 1 0
vt 0.0557729937 0.226102948
v -376 -248 156
vn 0 1 0
vt 0.0585861057 0.215073526
f 3481/3481/3481 3480/3480/3480 3479/3479/3479
v -360 -248 156
vn 0 1 0
vt 0.0644569471 0.215073526
v -359 -248 156
vn 0 1 0
vt 0.0645792559 0.215073526
v -359 -248 180
vn 0 1 0
vt 0.0645792559 0.226102948
v -375 -248 180
vn 0 1 0
vt 0.0626223087 0.226102948
v -376 -248 156
vn 0 1 0
vt 0.0625 0.215073526
f 3486/3486/3486 3485/3485/3485 3484/3484/3484 3483/3483/3483 3482/3482/3482
v -359 -248 156
vn 1 0 0
vt 0.0684931502 0.215073526
v -359 -264 156
vn 1 0 0
vt 0.0704500973 0.215073526
v -359 -264 180
vn 1 0 0
vt 0.0704500973 0.226102948
v -359 -248 180
vn 1 0 0
vt 0.0684931502 0.226102948
f 3490/3490/3490 3489/3489/3489 3488/3488/3488 3487/3487/3487
v -360 -8 0
vn 1 0 0
vt 0.727984369 0.6875
v -360 -16 0
vn 1 0 0
vt 0.727005899 0.6875
v -360 -12.1025639 152
vn 1 0 0
vt 0.727482557 0.757352948
v -360 -8 152
vn 1 0 0
vt 0.727984369 0.757352948
f 3494/3494/3494 3493/3493/3493 3492/3492/3492 3491/3491/3491
v -360 -236 156
vn 1 0 0
vt 0.763698637 0.0900735259
v -360 -12 156
vn 1 0 0
vt 0.736301363 0.0900735259
v -360 -12.1025639 152
vn 1 0 0
vt 0.736313939 0.0882353187
f 3497/3497/3497 3496/3496/3496 3495/3495/3495
v -360 -232 0
vn 1 0 0
vt 0.759295523 0.6875
v -360 -236 0
vn 1 0 0
vt 0.759784758 0.6875
v -360 -236 156
vn 1 0 0
vt 0.759784758 0.759191155
v -360 -12.1025639 152
vn 1 0 0
vt 0.7324 0.757352948
v -360 -16 0
vn 1 0 0
vt 0.732876718 0.6875
f 3502/3502/3502 3501/3501/3501 3500/3500/3500 3499/3499/3499 3498/3498/3498
v -360 -372 0
vn 1 0 0
vt 0.776418805 0.6875
v -360 -372 156
vn 1 0 0
vt 0.776418805 0.759191155
v -360 -264 156
vn 1 0 0
vt 0.763209403 0.759191155
f 3505/3505/3505 3504/3504/3504 3503/3503/3503
v -360 -236 0
vn 1 0 0
vt 0.781311154 0.6875
v -360 -372 0
vn 1 0 0
vt 0.797945201 0.6875
v -360 -264 156
vn 1 0 0
vt 0.784735799 0.759191155
v -360 -248 156
vn 1 0 0
vt 0.782778859 0.759191155
v -360 -236 156
vn 1 0 0
vt 0.781311154 0.759191155
f 3510/3510/3510 3509/3509/3509 3508/3508/3508 3507/3507/3507 3506/3506/3506
v -16 -8 152
vn 0 1 0
vt 0.509784758 0.301470578
v -8 -8 152
vn 0 1 0
vt 0.508806288 0.301470578
v -8 -8 100
vn 0 1 0
vt 0.508806288 0.277573526
f 3513/3513/3513 3512/3512/3512 3511/3511/3511
v -8 -8 76
vn 0 1 0
vt 0.802348316 0.722426474
v -8 -8 0
vn 0 1 0
vt 0.802348316 0.6875
v -16 -8 0
vn 0 1 0
vt 0.803326786 0.6875
v -16 -8 152
vn 0 1 0
vt 0.803326786 0.757352948
v -8 -8 100
vn 0 1 0
vt 0.802348316 0.733455896
f 3518/3518/3518 3517/3517/3517 3516/3516/3516 3515/3515/3515 3514/3514/3514
v -352 -8 0
vn 0 1 0
vt 0.807240725 0.6875
v -360 -8 0
vn 0 1 0
vt 0.806262255 0.6875
v -360 -8 152
vn 0 1 0
vt 0.806262255 0.757352948
v -352 -8 152
vn 0 1 0
vt 0.807240725 0.757352948
f 3522/3522/3522 3521/3521/3521 3520/3520/3520 3519/3519/3519
v -360 -8 152
vn 0 0 1
vt 0.767123282 0.0882353187
v -360 0 152
vn 0 0 1
vt 0.767123282 0.0919117928
v -352 0 152
vn 0 0 1
vt 0.766144812 0.0919117928
v -352 -8 152
vn 0 0 1
vt 0.766144812 0.0882353187
f 3526/3526/3526 3525/3525/3525 3524/3524/3524 3523/3523/3523
v -16 -8 152
vn 0 0 1
vt 0.770058692 0.0882353187
v -16 0 152
vn 0 0 1
vt 0.770058692 0.0919117928
v -8 0 152
vn 0 0 1
vt 0.771037161 0.0919117928
v -8 -8 152
vn 0 0 1
vt 0.771037161 0.0882353187
f 3530/3530/3530 3529/3529/3529 3528/3528/3528 3527/3527/3527
v -16 0 0
vn 1 0 0
vt 0.0244618393 0.533088207
v -16 0 128
vn 1 0 0
vt 0.0244618393 0.591911793
v -16 -8 0
vn 1 0 0
vt 0.0234833658 0.533088207
f 3533/3533/3533 3532/3532/3532 3531/3531/3531
v -16 -8 152
vn 1 0 0
vt 0.810176134 0.757352948
v -16 -8 0
vn 1 0 0
vt 0.810176134 0.6875
v -16 0 128
vn 1 0 0
vt 0.811154604 0.746323526
v -16 0 144
vn 1 0 0
vt 0.811154604 0.753676474
v -16 0 152
vn 1 0 0
vt 0.811154604 0.757352948
f 3538/3538/3538 3537/3537/3537 3536/3536/3536 3535/3535/3535 3534/3534/3534
v -352 -8 152
vn 1 0 0
vt 0.7749511 0.0882353187
v -352 0 152
vn 1 0 0
vt 0.77592957 0.0882353187
v -352 0 144
vn 1 0 0
vt 0.77592957 0.0845588446
f 3541/3541/3541 3540/3540/3540 3539/3539/3539
v -352 0 128
vn 1 0 0
vt 0.815068483 0.746323526
v -352 0 0
vn 1 0 0
vt 0.815068483 0.6875
v -352 -8 0
vn 1 0 0
vt 0.814090014 0.6875
v -352 -8 152
vn 1 0 0
vt 0.814090014 0.757352948
v -352 0 144
vn 1 0 0
vt 0.815068483 0.753676474
f 3546/3546/3546 3545/3545/3545 3544/3544/3544 3543/3543/3543 3542/3542/3542
v -213.853653 -246.391922 21.9042511
vn 0.707106769 0.707106769 -5.87200983e-14
vt 0.513698637 0.3030141
v -213.853653 -246.391922 0
vn 0.707106769 0.707106769 -5.87200983e-14
vt 0.513698637 0.275735319
v -243.078217 -217.167358 0
vn 0.707106769 0.707106769 -5.87200983e-14
vt 0.527397275 0.275735319
v -243.078217 -217.167358 21.9042511
vn 0.707106769 0.707106769 -5.87200983e-14
vt 0.527397275 0.3030141
f 3550/3550/3550 3549/3549/3549 3548/3548/3548 3547/3547/3547
v -134.529877 -167.06813 0
vn 0.707106769 0.707106769 -5.56005925e-13
vt 0.531311154 0.275735319
v -134.529877 -167.06813 21.9042511
vn 0.707106769 0.707106769 -5.56005925e-13
vt 0.531311154 0.3030141
v -163.754425 -137.843582 21.9042511
vn 0.707106769 0.707106769 -5.56005925e-13
vt 0.545009792 0.3030141
v -163.754425 -137.843582 0
vn 0.707106769 0.707106769 -5.56005925e-13
vt 0.545009792 0.275735319
f 3554/3554/3554 3553/3553/3553 3552/3552/3552 3551/3551/3551
v -243.078217 -198.281677 21.9042511
vn 1 0 0
vt 0.556239188 0.3030141
v -243.078217 -217.167358 21.9042511
vn 1 0 0
vt 0.560665369 0.3030141
v -243.078217 -217.167358 0
vn 1 0 0
vt 0.560665369 0.275735319
v -243.078217 -167.06813 0
vn 1 0 0
vt 0.548923671 0.275735319
v -243.078217 -167.06813 21.9042511
vn 1 0 0
vt 0.548923671 0.3030141
f 3559/3559/3559 3558/3558/3558 3557/3557/3557 3556/3556/3556 3555/3555/3555
v -194.967972 -246.391922 21.9042511
vn 0 1 0
vt 0.56704849 0.3030141
v -163.754425 -246.391922 21.9042511
vn 0 1 0
vt 0.574364007 0.3030141
v -163.754425 -246.391922 0
vn 0 1 0
vt 0.574364007 0.275735319
v -213.853653 -246.391922 0
vn 0 1 0
vt 0.562622309 0.275735319
v -213.853653 -246.391922 21.9042511
vn 0 1 0
vt 0.562622309 0.3030141
f 3564/3564/3564 3563/3563/3563 3562/3562/3562 3561/3561/3561 3560/3560/3560
v -134.529877 -185.953827 21.9042511
vn 1 0 0
vt 0.582704067 0.3030141
v -134.529877 -167.06813 21.9042511
vn 1 0 0
vt 0.578277886 0.3030141
v -134.529877 -167.06813 0
vn 1 0 0
vt 0.578277886 0.275735319
v -134.529877 -217.167358 0
vn 1 0 0
vt 0.590019584 0.275735319
v -134.529877 -217.167358 21.9042511
vn 1 0 0
vt 0.590019584 0.3030141
f 3569/3569/3569 3568/3568/3568 3567/3567/3567 3566/3566/3566 3565/3565/3565
v -182.640121 -137.843582 21.9042511
vn 0 1 0
vt 0.59929198 0.3030141
v -213.853653 -137.843582 21.9042511
vn 0 1 0
vt 0.591976523 0.3030141
v -213.853653 -137.843582 0
vn 0 1 0
vt 0.591976523 0.275735319
v -163.754425 -137.843582 0
vn 0 1 0
vt 0.603718221 0.275735319
v -163.754425 -137.843582 21.9042511
vn 0 1 0
vt 0.603718221 0.3030141
f 3574/3574/3574 3573/3573/3573 3572/3572/3572 3571/3571/3571 3570/3570/3570
v -212 -168 120
vn 0 0 1
vt 0.0748532265 0.23161763
v -164 -168 120
vn 0 0 1
vt 0.080724068 0.23161763
v -164 -212 120
vn 0 0 1
vt 0.080724068 0.211397052
v -212 -212 120
vn 0 0 1
vt 0.0748532265 0.211397052
f 3578/3578/3578 3577/3577/3577 3576/3576/3576 3575/3575/3575
v -134.529877 -217.167358 21.9042511
vn 0.707106769 -0.707106769 -2.34880393e-13
vt 0.61350292 0.3030141
v -134.529877 -217.167358 0
vn 0.707106769 -0.707106769 -2.34880393e-13
vt 0.61350292 0.275735319
v -148.373444 -231.010941 21.9042511
vn 0.707106769 -0.707106769 -2.34880393e-13
vt 0.607013941 0.3030141
f 3581/3581/3581 3580/3580/3580 3579/3579/3579
v -149.910843 -232.54834 21.9042511
vn 0.707106769 -0.707106769 -2.34880393e-13
vt 0.623905838 0.3030141
v -148.373444 -231.010941 21.9042511
vn 0.707106769 -0.707106769 -2.34880393e-13
vt 0.624626458 0.3030141
v -134.529877 -217.167358 0
vn 0.707106769 -0.707106769 -2.34880393e-13
vt 0.631115437 0.275735319
v -163.754425 -246.391922 0
vn 0.707106769 -0.707106769 -2.34880393e-13
vt 0.617416859 0.275735319
v -163.754425 -246.391922 21.9042511
vn 0.707106769 -0.707106769 -2.34880393e-13
vt 0.617416859 0.3030141
f 3586/3586/3586 3585/3585/3585 3584/3584/3584 3583/3583/3583 3582/3582/3582
v -212 -229.359879 44.689209
vn 0.707106769 0.707106769 -4.48328779e-14
vt 0.112529077 0.403510571
v -208.811539 -232.54834 44.689209
vn 0.707106769 0.707106769 -4.48328779e-14
vt 0.110567518 0.403510571
v -208.811539 -232.54834 21.9042511
vn 0.707106769 0.707106769 -4.48328779e-14
vt 0.110567518 0.366268218
v -231.078217 -210.281677 21.9042511
vn 0.707106769 0.707106769 -4.48328779e-14
vt 0.124266148 0.366268218
v -231.078217 -210.281677 44.689209
vn 0.707106769 0.707106769 -4.48328779e-14
vt 0.124266148 0.403510571
f 3591/3591/3591 3590/3590/3590 3589/3589/3589 3588/3588/3588 3587/3587/3587
v -152.483688 -168 44.689209
vn 0.707106769 0.707106769 -4.72846751e-13
vt 0.132665649 0.403510571
v -170.640121 -149.843582 44.689209
vn 0.707106769 0.707106769 -4.72846751e-13
vt 0.143835619 0.403510571
v -170.640121 -149.843582 21.9042511
vn 0.707106769 0.707106769 -4.72846751e-13
vt 0.143835619 0.366268218
v -148.373444 -172.110245 21.9042511
vn 0.707106769 0.707106769 -4.72846751e-13
vt 0.130136982 0.366268218
v -148.373444 -172.110245 44.689209
vn 0.707106769 0.707106769 -4.72846751e-13
vt 0.130136982 0.403510571
f 3596/3596/3596 3595/3595/3595 3594/3594/3594 3593/3593/3593 3592/3592/3592
v -134.529877 -185.953827 21.9042511
vn 0 0 1
vt 0.294008225 0.325280905
v -148.373444 -172.110245 21.9042511
vn 0 0 1
vt 0.294008225 0.349662364
v -134.529877 -167.06813 21.9042511
vn 0 0 1
vt 0.298434436 0.341911793
f 3599/3599/3599 3598/3598/3598 3597/3597/3597
v -163.754425 -137.843582 21.9042511
vn 0 0 1
vt 0.822896302 0.738970578
v -134.529877 -167.06813 21.9042511
vn 0 0 1
vt 0.822896302 0.6875
v -148.373444 -172.110245 21.9042511
vn 0 0 1
vt 0.81847012 0.69525063
v -170.640121 -149.843582 21.9042511
vn 0 0 1
vt 0.81847012 0.73446691
v -182.640121 -137.843582 21.9042511
vn 0 0 1
vt 0.81847012 0.755601406
f 3604/3604/3604 3603/3603/3603 3602/3602/3602 3601/3601/3601 3600/3600/3600
v -177.598007 -232.54834 21.9042511
vn 0 1 0
vt 0.157350913 0.366268218
v -208.811539 -232.54834 21.9042511
vn 0 1 0
vt 0.147749513 0.366268218
v -208.811539 -232.54834 44.689209
vn 0 1 0
vt 0.147749513 0.403510571
v -170.640121 -232.54834 44.689209
vn 0 1 0
vt 0.159491196 0.403510571
v -170.640121 -232.54834 21.9042511
vn 0 1 0
vt 0.159491196 0.366268218
f 3609/3609/3609 3608/3608/3608 3607/3607/3607 3606/3606/3606 3605/3605/3605
v -148.373444 -203.323792 21.9042511
vn 1 0 0
vt 0.17104955 0.366268218
v -148.373444 -210.281677 21.9042511
vn 1 0 0
vt 0.173189819 0.366268218
v -148.373444 -210.281677 44.689209
vn 1 0 0
vt 0.173189819 0.403510571
v -148.373444 -172.110245 44.689209
vn 1 0 0
vt 0.161448136 0.403510571
v -148.373444 -172.110245 21.9042511
vn 1 0 0
vt 0.161448136 0.366268218
f 3614/3614/3614 3613/3613/3613 3612/3612/3612 3611/3611/3611 3610/3610/3610
v -148.373444 -210.281677 21.9042511
vn 0 0 1
vt 0.64122647 0.293989599
v -148.373444 -203.323792 21.9042511
vn 0 0 1
vt 0.642857134 0.300116777
v -134.529877 -217.167358 21.9042511
vn 0 0 1
vt 0.642857134 0.275735319
v -148.373444 -231.010941 21.9042511
vn 0 0 1
vt 0.636368155 0.275735319
f 3618/3618/3618 3617/3617/3617 3616/3616/3616 3615/3615/3615
v -148.373444 -203.323792 21.9042511
vn 0 0 1
vt 0.0264187939 0.557469666
v -148.373444 -172.110245 21.9042511
vn 0 0 1
vt 0.033734262 0.584956527
v -134.529877 -185.953827 21.9042511
vn 0 0 1
vt 0.033734262 0.560575008
v -134.529877 -217.167358 21.9042511
vn 0 0 1
vt 0.0264187939 0.533088207
f 3622/3622/3622 3621/3621/3621 3620/3620/3620 3619/3619/3619
v -208.811539 -149.843582 21.9042511
vn 0 0 1
vt 0.0874103904 0.216610253
v -225.853653 -149.843582 21.9042511
vn 0 0 1
vt 0.0834162533 0.23161763
v -213.853653 -137.843582 21.9042511
vn 0 0 1
vt 0.0890411064 0.23161763
v -201.853653 -149.843582 21.9042511
vn 0 0 1
vt 0.0890411064 0.210483074
f 3626/3626/3626 3625/3625/3625 3624/3624/3624 3623/3623/3623
v -182.640121 -137.843582 21.9042511
vn 0 0 1
vt 0.479918212 0.498248518
v -170.640121 -149.843582 21.9042511
vn 0 0 1
vt 0.479918212 0.477113962
v -201.853653 -149.843582 21.9042511
vn 0 0 1
vt 0.472602725 0.504600763
v -213.853653 -137.843582 21.9042511
vn 0 0 1
vt 0.472602725 0.525735259
f 3630/3630/3630 3629/3629/3629 3628/3628/3628 3627/3627/3627
v -164 -225.908218 21.9042511
vn 0 0 1
vt 0.0976981744 0.227813125
v -148.373444 -210.281677 21.9042511
vn 0 0 1
vt 0.105022915 0.227813125
v -148.373444 -231.010941 21.9042511
vn 0 0 1
vt 0.10016463 0.209558845
v -149.910843 -232.54834 21.9042511
vn 0 0 1
vt 0.0994439945 0.209558845
v -170.640121 -232.54834 21.9042511
vn 0 0 1
vt 0.0945857018 0.227813125
f 3635/3635/3635 3634/3634/3634 3633/3633/3633 3632/3632/3632 3631/3631/3631
v -212 -153.032028 21.9042511
vn 0 0 1
vt 0.657344401 0.282786787
v -231.078217 -172.110245 21.9042511
vn 0 0 1
vt 0.648401737 0.282786787
v -231.078217 -155.06813 21.9042511
vn 0 0 1
vt 0.652395904 0.297794104
v -225.853653 -149.843582 21.9042511
vn 0 0 1
vt 0.65484482 0.297794104
v -208.811539 -149.843582 21.9042511
vn 0 0 1
vt 0.658838987 0.282786727
f 3640/3640/3640 3639/3639/3639 3638/3638/3638 3637/3637/3637 3636/3636/3636
v -243.078217 -198.281677 21.9042511
vn 0 0 1
vt 0.0435189903 0.557072043
v -243.078217 -167.06813 21.9042511
vn 0 0 1
vt 0.0362035148 0.584558845
v -231.078217 -179.06813 21.9042511
vn 0 0 1
vt 0.0362035148 0.563424349
v -231.078217 -210.281677 21.9042511
vn 0 0 1
vt 0.0435189903 0.535937548
f 3644/3644/3644 3643/3643/3643 3642/3642/3642 3641/3641/3641
v -243.078217 -167.06813 21.9042511
vn 0 0 1
vt 0.662426591 0.297794104
v -231.078217 -155.06813 21.9042511
vn 0 0 1
vt 0.668051481 0.297794104
v -231.078217 -172.110245 21.9042511
vn 0 0 1
vt 0.664057314 0.282786787
v -231.078217 -179.06813 21.9042511
vn 0 0 1
vt 0.662426591 0.276659608
f 3648/3648/3648 3647/3647/3647 3646/3646/3646 3645/3645/3645
v -231.078217 -179.06813 21.9042511
vn 1 0 0
vt 0.181200936 0.366268218
v -231.078217 -172.110245 21.9042511
vn 1 0 0
vt 0.179060668 0.366268218
v -231.078217 -172.110245 44.689209
vn 1 0 0
vt 0.179060668 0.403510571
v -231.078217 -210.281677 44.689209
vn 1 0 0
vt 0.190802351 0.403510571
v -231.078217 -210.281677 21.9042511
vn 1 0 0
vt 0.190802351 0.366268218
f 3653/3653/3653 3652/3652/3652 3651/3651/3651 3650/3650/3650 3649/3649/3649
v -201.853653 -149.843582 21.9042511
vn 0 1 0
vt 0.194899574 0.366268218
v -170.640121 -149.843582 21.9042511
vn 0 1 0
vt 0.204500973 0.366268218
v -170.640121 -149.843582 44.689209
vn 0 1 0
vt 0.204500973 0.403510571
v -208.811539 -149.843582 44.689209
vn 0 1 0
vt 0.19275929 0.403510571
v -208.811539 -149.843582 21.9042511
vn 0 1 0
vt 0.19275929 0.366268218
f 3658/3658/3658 3657/3657/3657 3656/3656/3656 3655/3655/3655 3654/3654/3654
v -212 -191.188461 44.689209
vn 1 0 0
vt 0.303426057 0.320169687
v -212 -168 44.689209
vn 1 0 0
vt 0.306262225 0.320169687
v -212 -168 120
vn 1 0 0
vt 0.306262225 0.354779422
v -212 -212 120
vn 1 0 0
vt 0.300880641 0.354779422
v -212 -212 44.689209
vn 1 0 0
vt 0.300880641 0.320169687
f 3663/3663/3663 3662/3662/3662 3661/3661/3661 3660/3660/3660 3659/3659/3659
v -212 -153.032028 21.9042511
vn 0.707106769 -0.707106769 1.40803249e-13
vt 0.208419487 0.366268218
v -208.811539 -149.843582 21.9042511
vn 0.707106769 -0.707106769 1.40803249e-13
vt 0.206457928 0.366268218
v -208.811539 -149.843582 44.689209
vn 0.707106769 -0.707106769 1.40803249e-13
vt 0.206457928 0.403510571
v -212 -153.032028 44.689209
vn 0.707106769 -0.707106769 1.40803249e-13
vt 0.208419487 0.403510571
f 3667/3667/3667 3666/3666/3666 3665/3665/3665 3664/3664/3664
v -190.655121 -168 44.689209
vn 0 1 0
vt 0.312297583 0.320169687
v -164 -168 44.689209
vn 0 1 0
vt 0.315557718 0.320169687
v -164 -168 120
vn 0 1 0
vt 0.315557718 0.354779422
v -212 -168 120
vn 0 1 0
vt 0.309686899 0.354779422
v -212 -168 44.689209
vn 0 1 0
vt 0.309686899 0.320169687
f 3672/3672/3672 3671/3671/3671 3670/3670/3670 3669/3669/3669 3668/3668/3668
v -212 -168 44.689209
vn 0 0 1
vt 0.483649492 0.501082659
v -212 -153.032028 44.689209
vn 0 0 1
vt 0.488253713 0.518382311
v -208.811539 -149.843582 44.689209
vn 0 0 1
vt 0.490215272 0.518382311
v -190.655121 -168 44.689209
vn 0 0 1
vt 0.490215272 0.476412833
f 3676/3676/3676 3675/3675/3675 3674/3674/3674 3673/3673/3673
v -170.640121 -149.843582 44.689209
vn 0 0 1
vt 0.421722114 0.827205896
v -152.483688 -168 44.689209
vn 0 0 1
vt 0.421722114 0.785236359
v -164 -168 44.689209
vn 0 0 1
vt 0.418179661 0.798546612
v -190.655121 -168 44.689209
vn 0 0 1
vt 0.409980416 0.829353988
v -208.811539 -149.843582 44.689209
vn 0 0 1
vt 0.409980416 0.871323526
f 3681/3681/3681 3680/3680/3680 3679/3679/3679 3678/3678/3678 3677/3677/3677
v -164 -194.655121 44.689209
vn 1 0 0
vt 0.321264058 0.320169687
v -164 -212 44.689209
vn 1 0 0
vt 0.323385507 0.320169687
v -164 -212 120
vn 1 0 0
vt 0.323385507 0.354779422
v -164 -168 120
vn 1 0 0
vt 0.318003923 0.354779422
v -164 -168 44.689209
vn 1 0 0
vt 0.318003923 0.320169687
f 3686/3686/3686 3685/3685/3685 3684/3684/3684 3683/3683/3683 3682/3682/3682
v -164 -212 44.689209
vn 0 0 1
vt 0.216778159 0.387398303
v -164 -194.655121 44.689209
vn 0 0 1
vt 0.222113505 0.407445133
v -148.373444 -210.281677 44.689209
vn 0 0 1
vt 0.222113505 0.371323526
v -164 -225.908218 44.689209
vn 0 0 1
vt 0.212499931 0.371323526
f 3690/3690/3690 3689/3689/3689 3688/3688/3688 3687/3687/3687
v -148.373444 -172.110245 44.689209
vn 0 0 1
vt 0.194716245 0.731617689
v -148.373444 -210.281677 44.689209
vn 0 0 1
vt 0.182974562 0.6875
v -164 -194.655121 44.689209
vn 0 0 1
vt 0.182974562 0.723621607
v -164 -168 44.689209
vn 0 0 1
vt 0.191173792 0.754428983
v -152.483688 -168 44.689209
vn 0 0 1
vt 0.194716245 0.74111867
f 3695/3695/3695 3694/3694/3694 3693/3693/3693 3692/3692/3692 3691/3691/3691
v -164 -225.908218 21.9042511
vn -0.707106769 0.707106769 2.17859761e-13
vt 0.224241614 0.366268218
v -164 -225.908218 44.689209
vn -0.707106769 0.707106769 2.17859761e-13
vt 0.224241614 0.403510571
v -148.373444 -210.281677 44.689209
vn -0.707106769 0.707106769 2.17859761e-13
vt 0.233855188 0.403510571
v -148.373444 -210.281677 21.9042511
vn -0.707106769 0.707106769 2.17859761e-13
vt 0.233855188 0.366268218
f 3699/3699/3699 3698/3698/3698 3697/3697/3697 3696/3696/3696
v -164 -225.908218 44.689209
vn -0.707106769 0.707106769 2.17859761e-13
vt 0.239897192 0.403510571
v -164 -225.908218 21.9042511
vn -0.707106769 0.707106769 2.17859761e-13
vt 0.239897192 0.366268218
v -170.640121 -232.54834 21.9042511
vn -0.707106769 0.707106769 2.17859761e-13
vt 0.235812128 0.366268218
v -170.640121 -232.54834 44.689209
vn -0.707106769 0.707106769 2.17859761e-13
vt 0.235812128 0.403510571
f 3703/3703/3703 3702/3702/3702 3701/3701/3701 3700/3700/3700
v -191.188461 -212 44.689209
vn 0 1 0
vt 0.329646349 0.320169687
v -212 -212 44.689209
vn 0 1 0
vt 0.332191795 0.320169687
v -212 -212 120
vn 0 1 0
vt 0.332191795 0.354779422
v -164 -212 120
vn 0 1 0
vt 0.326320946 0.354779422
v -164 -212 44.689209
vn 0 1 0
vt 0.326320946 0.320169687
f 3708/3708/3708 3707/3707/3707 3706/3706/3706 3705/3705/3705 3704/3704/3704
v -208.811539 -232.54834 44.689209
vn 0 0 1
vt 0.838551879 0.731617689
v -212 -229.359879 44.689209
vn 0 0 1
vt 0.838551879 0.738987923
v -212 -212 44.689209
vn 0 0 1
vt 0.833211899 0.759052098
v -191.188461 -212 44.689209
vn 0 0 1
vt 0.826810181 0.734998584
v -170.640121 -232.54834 44.689209
vn 0 0 1
vt 0.826810181 0.6875
f 3713/3713/3713 3712/3712/3712 3711/3711/3711 3710/3710/3710 3709/3709/3709
v -164 -212 44.689209
vn 0 0 1
vt 0.500535488 0.490339518
v -164 -225.908218 44.689209
vn 0 0 1
vt 0.496257275 0.474264681
v -170.640121 -232.54834 44.689209
vn 0 0 1
vt 0.492172211 0.474264681
v -191.188461 -212 44.689209
vn 0 0 1
vt 0.492172211 0.521763325
f 3717/3717/3717 3716/3716/3716 3715/3715/3715 3714/3714/3714
v -231.078217 -210.281677 44.689209
vn 0 0 1
vt 0.271037191 0.819852948
v -231.078217 -172.110245 44.689209
vn 0 0 1
vt 0.259295493 0.863970578
v -212 -191.188461 44.689209
vn 0 0 1
vt 0.259295493 0.819870293
v -212 -212 44.689209
vn 0 0 1
vt 0.265697211 0.795816779
v -212 -229.359879 44.689209
vn 0 0 1
vt 0.271037191 0.775752664
f 3722/3722/3722 3721/3721/3721 3720/3720/3720 3719/3719/3719 3718/3718/3718
v -231.078217 -172.110245 44.689209
vn 0 0 1
vt 0.503913879 0.518382311
v -212 -153.032028 44.689209
vn 0 0 1
vt 0.515650988 0.518382311
v -212 -168 44.689209
vn 0 0 1
vt 0.511046767 0.501082659
v -212 -191.188461 44.689209
vn 0 0 1
vt 0.503913879 0.474282026
f 3726/3726/3726 3725/3725/3725 3724/3724/3724 3723/3723/3723
v -212 -153.032028 44.689209
vn 0.707106769 -0.707106769 1.40803249e-13
vt 0.243644536 0.403510571
v -231.078217 -172.110245 44.689209
vn 0.707106769 -0.707106769 1.40803249e-13
vt 0.255381614 0.403510571
v -231.078217 -172.110245 21.9042511
vn 0.707106769 -0.707106769 1.40803249e-13
vt 0.255381614 0.366268218
v -212 -153.032028 21.9042511
vn 0.707106769 -0.707106769 1.40803249e-13
vt 0.243644536 0.366268218
f 3730/3730/3730 3729/3729/3729 3728/3728/3728 3727/3727/3727
v -213.853653 -137.843582 0
vn 0.707106769 -0.707106769 2.42220388e-13
vt 0.672211349 0.275735319
v -213.853653 -137.843582 21.9042511
vn 0.707106769 -0.707106769 2.42220388e-13
vt 0.672211349 0.3030141
v -225.853653 -149.843582 21.9042511
vn 0.707106769 -0.707106769 2.42220388e-13
vt 0.67783618 0.3030141
f 3733/3733/3733 3732/3732/3732 3731/3731/3731
v -243.078217 -167.06813 0
vn 0.707106769 -0.707106769 2.42220388e-13
vt 0.695694745 0.275735319
v -213.853653 -137.843582 0
vn 0.707106769 -0.707106769 2.42220388e-13
vt 0.681996107 0.275735319
v -225.853653 -149.843582 21.9042511
vn 0.707106769 -0.707106769 2.42220388e-13
vt 0.687620938 0.3030141
v -231.078217 -155.06813 21.9042511
vn 0.707106769 -0.707106769 2.42220388e-13
vt 0.690069854 0.3030141
v -243.078217 -167.06813 21.9042511
vn 0.707106769 -0.707106769 2.42220388e-13
vt 0.695694745 0.3030141
f 3738/3738/3738 3737/3737/3737 3736/3736/3736 3735/3735/3735 3734/3734/3734
v -194.967972 -246.391922 21.9042511
vn 0 0 1
vt 0.0533037297 0.560575068
v -208.811539 -232.54834 21.9042511
vn 0 0 1
vt 0.0533037223 0.584956467
v -177.598007 -232.54834 21.9042511
vn 0 0 1
vt 0.0459882505 0.557469666
v -163.754425 -246.391922 21.9042511
vn 0 0 1
vt 0.0459882505 0.533088207
f 3742/3742/3742 3741/3741/3741 3740/3740/3740 3739/3739/3739
v -170.640121 -232.54834 21.9042511
vn 0 0 1
vt 0.699282348 0.293989599
v -149.910843 -232.54834 21.9042511
vn 0 0 1
vt 0.704140663 0.275735319
v -163.754425 -246.391922 21.9042511
vn 0 0 1
vt 0.697651684 0.275735319
v -177.598007 -232.54834 21.9042511
vn 0 0 1
vt 0.697651684 0.300116777
f 3746/3746/3746 3745/3745/3745 3744/3744/3744 3743/3743/3743
v -208.811539 -232.54834 21.9042511
vn 0 0 1
vt 0.337061077 0.349662364
v -194.967972 -246.391922 21.9042511
vn 0 0 1
vt 0.337061077 0.325280905
v -213.853653 -246.391922 21.9042511
vn 0 0 1
vt 0.341487288 0.341911793
f 3749/3749/3749 3748/3748/3748 3747/3747/3747
v -243.078217 -217.167358 21.9042511
vn 0 0 1
vt 0.202544034 0.738970578
v -243.078217 -198.281677 21.9042511
vn 0 0 1
vt 0.198117822 0.755601406
v -231.078217 -210.281677 21.9042511
vn 0 0 1
vt 0.198117822 0.73446691
v -208.811539 -232.54834 21.9042511
vn 0 0 1
vt 0.198117822 0.69525063
v -213.853653 -246.391922 21.9042511
vn 0 0 1
vt 0.202544034 0.6875
f 3754/3754/3754 3753/3753/3753 3752/3752/3752 3751/3751/3751 3750/3750/3750
v -376 -16 0
vn 1 0 0
vt 0.0577299409 0.533088207
v -376 0 0
vn 1 0 0
vt 0.0557729937 0.533088207
v -376 0 128
vn 1 0 0
vt 0.0557729937 0.591911793
f 3757/3757/3757 3756/3756/3756 3755/3755/3755
v -376 -12.1025639 152
vn 1 0 0
vt 0.84198904 0.757352948
v -376 -16 0
vn 1 0 0
vt 0.842465758 0.6875
v -376 0 128
vn 1 0 0
vt 0.840508819 0.746323526
v -376 0 144
vn 1 0 0
vt 0.840508819 0.753676474
v -376 0 152
vn 1 0 0
vt 0.840508819 0.757352948
f 3762/3762/3762 3761/3761/3761 3760/3760/3760 3759/3759/3759 3758/3758/3758
v -376 -142 84
vn 1 0 0
vt 0.257583171 0.402573526
v -376 -142 0
vn 1 0 0
vt 0.257583171 0.363970578
v -376 -16 0
vn 1 0 0
vt 0.272994131 0.363970578
f 3765/3765/3765 3764/3764/3764 3763/3763/3763
v -376 -12.1025639 152
vn 1 0 0
vt 0.860554993 0.757352948
v -376 -12 156
vn 1 0 0
vt 0.86056751 0.759191155
v -376 -142 156
vn 1 0 0
vt 0.844667315 0.759191155
v -376 -142 84
vn 1 0 0
vt 0.844667315 0.726102948
v -376 -16 0
vn 1 0 0
vt 0.860078275 0.6875
f 3770/3770/3770 3769/3769/3769 3768/3768/3768 3767/3767/3767 3766/3766/3766
v -376 -264 156
vn 1 0 0
vt 0.358121336 0.354779422
v -376 -372 156
vn 1 0 0
vt 0.344911933 0.354779422
v -376 -372 84
vn 1 0 0
vt 0.344911933 0.321691155
f 3773/3773/3773 3772/3772/3772 3771/3771/3771
v -376 -142 84
vn 1 0 0
vt 0.390655577 0.321691155
v -376 -142 156
vn 1 0 0
vt 0.390655577 0.354779422
v -376 -248 156
vn 1 0 0
vt 0.377690792 0.354779422
v -376 -264 156
vn 1 0 0
vt 0.375733852 0.354779422
v -376 -372 84
vn 1 0 0
vt 0.36252445 0.321691155
f 3778/3778/3778 3777/3777/3777 3776/3776/3776 3775/3775/3775 3774/3774/3774
v -360 -8 152
vn 0 0 1
vt 0.77886498 0.0882353187
v -360 -12.1025639 152
vn 0 0 1
vt 0.77886498 0.0863499641
v -376 -12.1025639 152
vn 0 0 1
vt 0.780821919 0.0863499641
v -376 0 152
vn 0 0 1
vt 0.780821919 0.0919117928
v -360 0 152
vn 0 0 1
vt 0.77886498 0.0919117928
f 3783/3783/3783 3782/3782/3782 3781/3781/3781 3780/3780/3780 3779/3779/3779
v -376 -12.1025639 152
vn 0 0.999671459 -0.0256326012
vt 0.784735799 0.0882353187
v -360 -12.1025639 152
vn 0 0.999671459 -0.0256326012
vt 0.786692739 0.0882353187
v -360 -12 156
vn 0 0.999671459 -0.0256326012
vt 0.786692739 0.0900735259
v -376 -12 156
vn 0 0.999671459 -0.0256326012
vt 0.784735799 0.0900735259
f 3787/3787/3787 3786/3786/3786 3785/3785/3785 3784/3784/3784
v -456 -142 80
vn 0 1 0
vt 0.274951071 0.400735319
v -456 -142 0
vn 0 1 0
vt 0.274951071 0.363970578
v -376 -142 0
vn 0 1 0
vt 0.284735799 0.363970578
v -376 -142 84
vn 0 1 0
vt 0.284735799 0.402573526
v -456 -142 84
vn 0 1 0
vt 0.274951071 0.402573526
f 3792/3792/3792 3791/3791/3791 3790/3790/3790 3789/3789/3789 3788/3788/3788
v -456 -366 84
vn 0 0 1
vt 0.00684931502 0.886948526
v -456 -142 84
vn 0 0 1
vt 0.00684931502 0.989889681
v -376 -142 84
vn 0 0 1
vt 0.0166340508 0.989889681
v -376 -372 84
vn 0 0 1
vt 0.0166340508 0.884191155
v -377 -372 84
vn 0 0 1
vt 0.016511742 0.884191155
v -385 -372 84
vn 0 0 1
vt 0.0155332685 0.884191155
v -456 -372 84
vn 0 0 1
vt 0.00684931502 0.884191155
f 3799/3799/3799 3798/3798/3798 3797/3797/3797 3796/3796/3796 3795/3795/3795 3794/3794/3794 3793/3793/3793
v -232 -372 0
vn 1 0 0
vt 0.10861057 0.209558845
v -232 -388 0
vn 1 0 0
vt 0.110567518 0.209558845
v -232 -388 44
vn 1 0 0
vt 0.110567518 0.229779422
v -232 -372 44
vn 1 0 0
vt 0.10861057 0.229779422
f 3803/3803/3803 3802/3802/3802 3801/3801/3801 3800/3800/3800
v -152 -388 0
vn 1 0 0
vt 0.112524465 0.209558845
v -152 -372 0
vn 1 0 0
vt 0.114481412 0.209558845
v -152 -372 44
vn 1 0 0
vt 0.114481412 0.229779422
v -152 -388 44
vn 1 0 0
vt 0.112524465 0.229779422
f 3807/3807/3807 3806/3806/3806 3805/3805/3805 3804/3804/3804
v -120 -388 132
vn 1 0 0
vt 0.393346369 0.159926474
v -120 -372 132
vn 1 0 0
vt 0.395303339 0.159926474
v -120 -372 156
vn 1 0 0
vt 0.395303339 0.170955896
v -120 -388 156
vn 1 0 0
vt 0.393346369 0.170955896
f 3811/3811/3811 3810/3810/3810 3809/3809/3809 3808/3808/3808
v -120 -372 156
vn 0 0 1
vt 0.518590987 0.474264681
v -8 -372 156
vn 0 0 1
vt 0.518590987 0.525735259
v -8 -388 156
vn 0 0 1
vt 0.520547926 0.525735259
v -120 -388 156
vn 0 0 1
vt 0.520547926 0.474264681
f 3815/3815/3815 3814/3814/3814 3813/3813/3813 3812/3812/3812
v -40.1177483 -388 320
vn 0 0 1
vt 0.403267831 0.163602948
v -8 -388 320
vn 0 0 1
vt 0.399339527 0.163602948
v -8 -372 320
vn 0 0 1
vt 0.399339527 0.170955896
v -120 -372 320
vn 0 0 1
vt 0.413038164 0.170955896
v -120 -388 320
vn 0 0 1
vt 0.413038164 0.163602948
f 3820/3820/3820 3819/3819/3819 3818/3818/3818 3817/3817/3817 3816/3816/3816
v -152 -372 132
vn 0 0 1
vt 0.789628208 0.0919117928
v -120 -372 132
vn 0 0 1
vt 0.793542087 0.0919117928
v -120 -388 132
vn 0 0 1
vt 0.793542087 0.0845588446
v -152 -388 132
vn 0 0 1
vt 0.789628208 0.0845588446
f 3824/3824/3824 3823/3823/3823 3822/3822/3822 3821/3821/3821
v -120 -372 320
vn 0 0 1
vt 0.416952044 0.170955896
v -152 -372 320
vn 0 0 1
vt 0.420865953 0.170955896
v -152 -388 320
vn 0 0 1
vt 0.420865953 0.163602948
v -120 -388 320
vn 0 0 1
vt 0.416952044 0.163602948
f 3828/3828/3828 3827/3827/3827 3826/3826/3826 3825/3825/3825
v -188 -388 80
vn 0 0 1
vt 0.796966732 0.0845588446
v -188 -372 80
vn 0 0 1
vt 0.796966732 0.0919117928
v -196 -372 80
vn 0 0 1
vt 0.795988262 0.0919117928
v -196 -388 80
vn 0 0 1
vt 0.795988262 0.0845588446
f 3832/3832/3832 3831/3831/3831 3830/3830/3830 3829/3829/3829
v -152 -372 320
vn 0 0 1
vt 0.424779832 0.170955896
v -232 -372 320
vn 0 0 1
vt 0.43456459 0.170955896
v -232 -388 320
vn 0 0 1
vt 0.43456459 0.163602948
v -152 -388 320
vn 0 0 1
vt 0.424779832 0.163602948
f 3836/3836/3836 3835/3835/3835 3834/3834/3834 3833/3833/3833
v -232 -372 132
vn 0 0 1
vt 0.799412906 0.0919117928
v -152 -372 132
vn 0 0 1
vt 0.809197664 0.0919117928
v -152 -388 132
vn 0 0 1
vt 0.809197664 0.0845588446
v -232 -388 132
vn 0 0 1
vt 0.799412906 0.0845588446
f 3840/3840/3840 3839/3839/3839 3838/3838/3838 3837/3837/3837
v -216 -388 68
vn 0.707106769 0 -0.707106769
vt 0.812622309 0.0845588446
v -216 -372 68
vn 0.707106769 0 -0.707106769
vt 0.812622309 0.0919117928
v -224 -372 60
vn 0.707106769 0 -0.707106769
vt 0.813600779 0.0919117928
v -224 -388 60
vn 0.707106769 0 -0.707106769
vt 0.813600779 0.0845588446
f 3844/3844/3844 3843/3843/3843 3842/3842/3842 3841/3841/3841
v -208 -388 76
vn 0.707106769 0 -0.707106769
vt 0.818003893 0.0845588446
v -208 -372 76
vn 0.707106769 0 -0.707106769
vt 0.818003893 0.0919117928
v -216 -372 68
vn 0.707106769 0 -0.707106769
vt 0.817025423 0.0919117928
v -216 -388 68
vn 0.707106769 0 -0.707106769
vt 0.817025423 0.0845588446
f 3848/3848/3848 3847/3847/3847 3846/3846/3846 3845/3845/3845
v -160 -388 60
vn 0.89442718 0 0.44721359
vt 0.821428597 0.0845588446
v -152 -388 44
vn 0.89442718 0 0.44721359
vt 0.823385537 0.0845588446
v -152 -372 44
vn 0.89442718 0 0.44721359
vt 0.823385537 0.0919117928
v -160 -372 60
vn 0.89442718 0 0.44721359
vt 0.821428597 0.0919117928
f 3852/3852/3852 3851/3851/3851 3850/3850/3850 3849/3849/3849
v -196 -372 80
vn -0.316227764 -0 0.948683321
vt 0.437377691 0.167279422
v -208 -372 76
vn -0.316227764 -0 0.948683321
vt 0.437377691 0.161764681
v -208 -388 76
vn -0.316227764 -0 0.948683321
vt 0.439334631 0.161764681
v -196 -388 80
vn -0.316227764 -0 0.948683321
vt 0.439334631 0.167279422
f 3856/3856/3856 3855/3855/3855 3854/3854/3854 3853/3853/3853
v -232 -388 44
vn 0.89442718 0 -0.44721359
vt 0.829256356 0.0845588446
v -224 -388 60
vn 0.89442718 0 -0.44721359
vt 0.827299416 0.0845588446
v -224 -372 60
vn 0.89442718 0 -0.44721359
vt 0.827299416 0.0919117928
v -232 -372 44
vn 0.89442718 0 -0.44721359
vt 0.829256356 0.0919117928
f 3860/3860/3860 3859/3859/3859 3858/3858/3858 3857/3857/3857
v -168 -388 68
vn 0.707106769 0 0.707106769
vt 0.834148705 0.0845588446
v -160 -388 60
vn 0.707106769 0 0.707106769
vt 0.835127175 0.0845588446
v -160 -372 60
vn 0.707106769 0 0.707106769
vt 0.835127175 0.0919117928
v -168 -372 68
vn 0.707106769 0 0.707106769
vt 0.834148705 0.0919117928
f 3864/3864/3864 3863/3863/3863 3862/3862/3862 3861/3861/3861
v -176 -372 76
vn 0.707106769 0 0.707106769
vt 0.839530349 0.0919117928
v -176 -388 76
vn 0.707106769 0 0.707106769
vt 0.839530349 0.0845588446
v -168 -388 68
vn 0.707106769 0 0.707106769
vt 0.838551879 0.0845588446
v -168 -372 68
vn 0.707106769 0 0.707106769
vt 0.838551879 0.0919117928
f 3868/3868/3868 3867/3867/3867 3866/3866/3866 3865/3865/3865
v -176 -372 76
vn 0.316227764 0 0.948683321
vt 0.44324854 0.161764681
v -188 -372 80
vn 0.316227764 0 0.948683321
vt 0.44324854 0.167279422
v -188 -388 80
vn 0.316227764 0 0.948683321
vt 0.441291571 0.167279422
v -176 -388 76
vn 0.316227764 0 0.948683321
vt 0.441291571 0.161764681
f 3872/3872/3872 3871/3871/3871 3870/3870/3870 3869/3869/3869
v -264 -372 132
vn 1 0 0
vt 0.44520548 0.159926474
v -264 -388 132
vn 1 0 0
vt 0.44716242 0.159926474
v -264 -388 156
vn 1 0 0
vt 0.44716242 0.170955896
v -264 -372 156
vn 1 0 0
vt 0.44520548 0.170955896
f 3876/3876/3876 3875/3875/3875 3874/3874/3874 3873/3873/3873
v -264 -372 132
vn 0 0 1
vt 0.842465758 0.0919117928
v -232 -372 132
vn 0 0 1
vt 0.846379638 0.0919117928
v -232 -388 132
vn 0 0 1
vt 0.846379638 0.0845588446
v -264 -388 132
vn 0 0 1
vt 0.842465758 0.0845588446
f 3880/3880/3880 3879/3879/3879 3878/3878/3878 3877/3877/3877
v -232 -372 320
vn 0 0 1
vt 0.450220168 0.170955896
v -264 -372 320
vn 0 0 1
vt 0.454134047 0.170955896
v -264 -388 320
vn 0 0 1
vt 0.454134047 0.163602948
v -232 -388 320
vn 0 0 1
vt 0.450220168 0.163602948
f 3884/3884/3884 3883/3883/3883 3882/3882/3882 3881/3881/3881
v -376 -388 128
vn 1 0 0
vt 0.394324839 0.341911793
v -376 -388 84
vn 1 0 0
vt 0.394324839 0.321691155
v -376 -372 84
vn 1 0 0
vt 0.396281809 0.321691155
v -376 -372 156
vn 1 0 0
vt 0.396281809 0.354779422
v -376 -388 156
vn 1 0 0
vt 0.394324839 0.354779422
f 3889/3889/3889 3888/3888/3888 3887/3887/3887 3886/3886/3886 3885/3885/3885
v -360 -372 156
vn 0 0 1
vt 0.850293517 0.0919117928
v -264 -372 156
vn 0 0 1
vt 0.862035215 0.0919117928
v -264 -388 156
vn 0 0 1
vt 0.862035215 0.0845588446
v -376 -388 156
vn 0 0 1
vt 0.848336577 0.0845588446
v -376 -372 156
vn 0 0 1
vt 0.848336577 0.0919117928
f 3894/3894/3894 3893/3893/3893 3892/3892/3892 3891/3891/3891 3890/3890/3890
v -364 -388 320
vn 0 0 1
vt 0.470278859 0.163602948
v -264 -388 320
vn 0 0 1
vt 0.458047956 0.163602948
v -264 -372 320
vn 0 0 1
vt 0.458047956 0.170955896
v -376 -372 320
vn 0 0 1
vt 0.471746564 0.170955896
v -376 -388 320
vn 0 0 1
vt 0.471746564 0.163602948
f 3899/3899/3899 3898/3898/3898 3897/3897/3897 3896/3896/3896 3895/3895/3895
v -377 -379 84
vn 0 0 1
vt 0.476394325 0.167738974
v -377 -372 84
vn 0 0 1
vt 0.476394325 0.170955896
v -376 -372 84
vn 0 0 1
vt 0.476516634 0.170955896
v -376 -388 84
vn 0 0 1
vt 0.476516634 0.163602948
v -377 -388 84
vn 0 0 1
vt 0.476394325 0.163602948
f 3904/3904/3904 3903/3903/3903 3902/3902/3902 3901/3901/3901 3900/3900/3900
v -377 -372 84
vn 0 0 1
vt 0.865826786 0.0900735259
v -377 -379 84
vn 0 0 1
vt 0.865826786 0.0868566036
v -385 -379 84
vn 0 0 1
vt 0.864848316 0.0868566036
v -385 -372 84
vn 0 0 1
vt 0.864848316 0.0900735259
f 3908/3908/3908 3907/3907/3907 3906/3906/3906 3905/3905/3905
v -385 -379 84
vn 0 0 1
vt 0.487157524 0.167738974
v -385 -388 84
vn 0 0 1
vt 0.487157524 0.163602948
v -456 -388 84
vn 0 0 1
vt 0.478473574 0.163602948
v -456 -372 84
vn 0 0 1
vt 0.478473574 0.170955896
v -385 -372 84
vn 0 0 1
vt 0.487157524 0.170955896
f 3913/3913/3913 3912/3912/3912 3911/3911/3911 3910/3910/3910 3909/3909/3909
v -456 -388 320
vn 0 0 1
vt 0.501100779 0.163602948
v -376 -388 320
vn 0 0 1
vt 0.49131605 0.163602948
v -376 -372 320
vn 0 0 1
vt 0.49131605 0.170955896
v -456 -372 320
vn 0 0 1
vt 0.501100779 0.170955896
f 3917/3917/3917 3916/3916/3916 3915/3915/3915 3914/3914/3914
v -385 -388 128
vn 1 0 0
vt 0.708537161 0.301470578
v -385 -388 84
vn 1 0 0
vt 0.708537161 0.28125
v -385 -379 84
vn 1 0 0
vt 0.70963794 0.28125
v -385 -379 128
vn 1 0 0
vt 0.70963794 0.301470578
f 3921/3921/3921 3920/3920/3920 3919/3919/3919 3918/3918/3918
v -377 -388 84
vn 1 0 0
vt 0.716120362 0.28125
v -377 -388 128
vn 1 0 0
vt 0.716120362 0.301470578
v -377 -379 128
vn 1 0 0
vt 0.715019584 0.301470578
v -377 -379 84
vn 1 0 0
vt 0.715019584 0.28125
f 3925/3925/3925 3924/3924/3924 3923/3923/3923 3922/3922/3922
v -385 -379 84
vn 0 1 0
vt 0.719178081 0.28125
v -377 -379 84
vn 0 1 0
vt 0.72015655 0.28125
v -377 -379 128
vn 0 1 0
vt 0.72015655 0.301470578
v -385 -379 128
vn 0 1 0
vt 0.719178081 0.301470578
f 3929/3929/3929 3928/3928/3928 3927/3927/3927 3926/3926/3926
v -385 -379 128
vn 0 0 1
vt 0.870107651 0.0919117928
v -377 -379 128
vn 0 0 1
vt 0.870107651 0.0882353187
v -377 -388 128
vn 0 0 1
vt 0.869006872 0.0882353187
v -385 -388 128
vn 0 0 1
vt 0.869006872 0.0919117928
f 3933/3933/3933 3932/3932/3932 3931/3931/3931 3930/3930/3930
v -576 0 144
vn 1 0 0
vt 0.783757329 0.915441155
v -576 0 96
vn 1 0 0
vt 0.783757329 0.89338237
v -576 -6 96
vn 1 0 0
vt 0.784491181 0.89338237
v -576 -6 320
vn 1 0 0
vt 0.784491181 0.996323526
v -576 0 320
vn 1 0 0
vt 0.783757329 0.996323526
f 3938/3938/3938 3937/3937/3937 3936/3936/3936 3935/3935/3935 3934/3934/3934
v -576 -6 16
vn 1 0 0
vt 0.287426621 0.371323526
v -576 -6 96
vn 1 0 0
vt 0.287426621 0.408088207
v -576 0 96
vn 1 0 0
vt 0.286692768 0.408088207
v -576 0 12
vn 1 0 0
vt 0.286692768 0.369485319
v -576 -6 12
vn 1 0 0
vt 0.287426621 0.369485319
f 3943/3943/3943 3942/3942/3942 3941/3941/3941 3940/3940/3940 3939/3939/3939
v -576 -14 320
vn 1 0 0
vt 0.78938359 0.996323526
v -576 -6 320
vn 1 0 0
vt 0.788405061 0.996323526
v -576 -6 96
vn 1 0 0
vt 0.788405061 0.89338237
v -576 -14 96
vn 1 0 0
vt 0.78938359 0.89338237
f 3947/3947/3947 3946/3946/3946 3945/3945/3945 3944/3944/3944
v -576 -14 20
vn 1 0 0
vt 0.399951071 0.321691155
v -576 -14 96
vn 1 0 0
vt 0.399951071 0.35661763
v -576 -6 96
vn 1 0 0
vt 0.398972601 0.35661763
v -576 -6 16
vn 1 0 0
vt 0.398972601 0.319852948
v -576 -14 16
vn 1 0 0
vt 0.399951071 0.319852948
f 3952/3952/3952 3951/3951/3951 3950/3950/3950 3949/3949/3949 3948/3948/3948
v -576 -22 320
vn 1 0 0
vt 0.794275939 0.996323526
v -576 -14 320
vn 1 0 0
vt 0.79329747 0.996323526
v -576 -14 96
vn 1 0 0
vt 0.79329747 0.89338237
v -576 -22 96
vn 1 0 0
vt 0.794275939 0.89338237
f 3956/3956/3956 3955/3955/3955 3954/3954/3954 3953/3953/3953
v -576 -22 24
vn 1 0 0
vt 0.40484345 0.323529422
v -576 -22 96
vn 1 0 0
vt 0.40484345 0.35661763
v -576 -14 96
vn 1 0 0
vt 0.40386498 0.35661763
v -576 -14 20
vn 1 0 0
vt 0.40386498 0.321691155
v -576 -22 20
vn 1 0 0
vt 0.40484345 0.321691155
f 3961/3961/3961 3960/3960/3960 3959/3959/3959 3958/3958/3958 3957/3957/3957
v -576 -30 320
vn 1 0 0
vt 0.799168289 0.996323526
v -576 -22 320
vn 1 0 0
vt 0.798189819 0.996323526
v -576 -22 96
vn 1 0 0
vt 0.798189819 0.89338237
v -576 -30 96
vn 1 0 0
vt 0.799168289 0.89338237
f 3965/3965/3965 3964/3964/3964 3963/3963/3963 3962/3962/3962
v -576 -30 28
vn 1 0 0
vt 0.409735799 0.32536763
v -576 -30 96
vn 1 0 0
vt 0.409735799 0.35661763
v -576 -22 96
vn 1 0 0
vt 0.408757329 0.35661763
v -576 -22 24
vn 1 0 0
vt 0.408757329 0.323529422
v -576 -30 24
vn 1 0 0
vt 0.409735799 0.323529422
f 3970/3970/3970 3969/3969/3969 3968/3968/3968 3967/3967/3967 3966/3966/3966
v -576 -38 320
vn 1 0 0
vt 0.804060638 0.996323526
v -576 -30 320
vn 1 0 0
vt 0.803082168 0.996323526
v -576 -30 96
vn 1 0 0
vt 0.803082168 0.89338237
v -576 -38 96
vn 1 0 0
vt 0.804060638 0.89338237
f 3974/3974/3974 3973/3973/3973 3972/3972/3972 3971/3971/3971
v -576 -38 32
vn 1 0 0
vt 0.414628178 0.327205896
v -576 -38 96
vn 1 0 0
vt 0.414628178 0.35661763
v -576 -30 96
vn 1 0 0
vt 0.413649708 0.35661763
v -576 -30 28
vn 1 0 0
vt 0.413649708 0.32536763
v -576 -38 28
vn 1 0 0
vt 0.414628178 0.32536763
f 3979/3979/3979 3978/3978/3978 3977/3977/3977 3976/3976/3976 3975/3975/3975
v -576 -46 320
vn 1 0 0
vt 0.808953047 0.996323526
v -576 -38 320
vn 1 0 0
vt 0.807974577 0.996323526
v -576 -38 96
vn 1 0 0
vt 0.807974577 0.89338237
v -576 -46 96
vn 1 0 0
vt 0.808953047 0.89338237
f 3983/3983/3983 3982/3982/3982 3981/3981/3981 3980/3980/3980
v -576 -46 36
vn 1 0 0
vt 0.724804282 0.277573526
v -576 -46 96
vn 1 0 0
vt 0.724804282 0.305147052
v -576 -38 96
vn 1 0 0
vt 0.723825812 0.305147052
v -576 -38 32
vn 1 0 0
vt 0.723825812 0.275735319
v -576 -46 32
vn 1 0 0
vt 0.724804282 0.275735319
f 3988/3988/3988 3987/3987/3987 3986/3986/3986 3985/3985/3985 3984/3984/3984
v -576 -54 320
vn 1 0 0
vt 0.813845396 0.996323526
v -576 -46 320
vn 1 0 0
vt 0.812866926 0.996323526
v -576 -46 96
vn 1 0 0
vt 0.812866926 0.89338237
v -576 -54 96
vn 1 0 0
vt 0.813845396 0.89338237
f 3992/3992/3992 3991/3991/3991 3990/3990/3990 3989/3989/3989
v -576 -54 40
vn 1 0 0
vt 0.729696691 0.279411793
v -576 -54 96
vn 1 0 0
vt 0.729696691 0.305147052
v -576 -46 96
vn 1 0 0
vt 0.728718221 0.305147052
v -576 -46 36
vn 1 0 0
vt 0.728718221 0.277573526
v -576 -54 36
vn 1 0 0
vt 0.729696691 0.277573526
f 3997/3997/3997 3996/3996/3996 3995/3995/3995 3994/3994/3994 3993/3993/3993
v -576 -62 320
vn 1 0 0
vt 0.818737745 0.996323526
v -576 -54 320
vn 1 0 0
vt 0.817759275 0.996323526
v -576 -54 96
vn 1 0 0
vt 0.817759275 0.89338237
v -576 -62 96
vn 1 0 0
vt 0.818737745 0.89338237
f 4001/4001/4001 4000/4000/4000 3999/3999/3999 3998/3998/3998
v -576 -62 44
vn 1 0 0
vt 0.73458904 0.28125
v -576 -62 96
vn 1 0 0
vt 0.73458904 0.305147052
v -576 -54 96
vn 1 0 0
vt 0.73361057 0.305147052
v -576 -54 40
vn 1 0 0
vt 0.73361057 0.279411793
v -576 -62 40
vn 1 0 0
vt 0.73458904 0.279411793
f 4006/4006/4006 4005/4005/4005 4004/4004/4004 4003/4003/4003 4002/4002/4002
v -576 -70 320
vn 1 0 0
vt 0.823630154 0.996323526
v -576 -62 320
vn 1 0 0
vt 0.822651684 0.996323526
v -576 -62 96
vn 1 0 0
vt 0.822651684 0.89338237
v -576 -70 96
vn 1 0 0
vt 0.823630154 0.89338237
f 4010/4010/4010 4009/4009/4009 4008/4008/4008 4007/4007/4007
v -576 -70 48
vn 1 0 0
vt 0.73948139 0.283088207
v -576 -70 96
vn 1 0 0
vt 0.73948139 0.305147052
v -576 -62 96
vn 1 0 0
vt 0.73850292 0.305147052
v -576 -62 44
vn 1 0 0
vt 0.73850292 0.28125
v -576 -70 44
vn 1 0 0
vt 0.73948139 0.28125
f 4015/4015/4015 4014/4014/4014 4013/4013/4013 4012/4012/4012 4011/4011/4011
v -576 -78 320
vn 1 0 0
vt 0.828522503 0.996323526
v -576 -70 320
vn 1 0 0
vt 0.827544034 0.996323526
v -576 -70 96
vn 1 0 0
vt 0.827544034 0.89338237
v -576 -78 96
vn 1 0 0
vt 0.828522503 0.89338237
f 4019/4019/4019 4018/4018/4018 4017/4017/4017 4016/4016/4016
v -576 -78 52
vn 1 0 0
vt 0.118150681 0.211397052
v -576 -78 96
vn 1 0 0
vt 0.118150681 0.23161763
v -576 -70 96
vn 1 0 0
vt 0.117172211 0.23161763
v -576 -70 48
vn 1 0 0
vt 0.117172211 0.209558845
v -576 -78 48
vn 1 0 0
vt 0.118150681 0.209558845
f 4024/4024/4024 4023/4023/4023 4022/4022/4022 4021/4021/4021 4020/4020/4020
v -576 -86 180
vn 1 0 0
vt 0.833414853 0.931985319
v -576 -86 320
vn 1 0 0
vt 0.833414853 0.996323526
v -576 -78 320
vn 1 0 0
vt 0.832436383 0.996323526
v -576 -78 96
vn 1 0 0
vt 0.832436383 0.89338237
v -576 -86 96
vn 1 0 0
vt 0.833414853 0.89338237
f 4029/4029/4029 4028/4028/4028 4027/4027/4027 4026/4026/4026 4025/4025/4025
v -576 -86 56
vn 1 0 0
vt 0.123043053 0.213235319
v -576 -86 96
vn 1 0 0
vt 0.123043053 0.23161763
v -576 -78 96
vn 1 0 0
vt 0.122064576 0.23161763
v -576 -78 52
vn 1 0 0
vt 0.122064576 0.211397052
v -576 -86 52
vn 1 0 0
vt 0.123043053 0.211397052
f 4034/4034/4034 4033/4033/4033 4032/4032/4032 4031/4031/4031 4030/4030/4030
v -576 -126 180
vn 1 0 0
vt 0.286448151 0.608455896
v -576 -310 180
vn 1 0 0
vt 0.308953047 0.608455896
v -576 -310 320
vn 1 0 0
vt 0.308953047 0.672794104
f 4037/4037/4037 4036/4036/4036 4035/4035/4035
v -576 -86 320
vn 1 0 0
vt 0.312866926 0.672794104
v -576 -86 180
vn 1 0 0
vt 0.312866926 0.608455896
v -576 -94 180
vn 1 0 0
vt 0.313845396 0.608455896
v -576 -102 180
vn 1 0 0
vt 0.314823866 0.608455896
v -576 -110 180
vn 1 0 0
vt 0.315802336 0.608455896
v -576 -118 180
vn 1 0 0
vt 0.316780835 0.608455896
v -576 -126 180
vn 1 0 0
vt 0.317759305 0.608455896
v -576 -310 320
vn 1 0 0
vt 0.340264201 0.672794104
f 4045/4045/4045 4044/4044/4044 4043/4043/4043 4042/4042/4042 4041/4041/4041 4040/4040/4040 4039/4039/4039 4038/4038/4038
v -576 -350 180
vn 1 0 0
vt 0.34907046 0.608455896
v -576 -388 180
vn 1 0 0
vt 0.353718191 0.608455896
v -576 -388 320
vn 1 0 0
vt 0.353718191 0.672794104
v -576 -310 320
vn 1 0 0
vt 0.344178081 0.672794104
v -576 -310 180
vn 1 0 0
vt 0.344178081 0.608455896
f 4050/4050/4050 4049/4049/4049 4048/4048/4048 4047/4047/4047 4046/4046/4046
v -576 -94 56
vn 1 0 0
vt 0.875489235 0.0882353187
v -576 -94 60
vn 1 0 0
vt 0.875489235 0.0900735259
v -576 -86 56
vn 1 0 0
vt 0.874510765 0.0882353187
f 4053/4053/4053 4052/4052/4052 4051/4051/4051
v -576 -86 96
vn 1 0 0
vt 0.357876718 0.628676474
v -576 -86 56
vn 1 0 0
vt 0.357876718 0.610294104
v -576 -94 60
vn 1 0 0
vt 0.358855188 0.612132311
v -576 -94 180
vn 1 0 0
vt 0.358855188 0.667279422
v -576 -86 180
vn 1 0 0
vt 0.357876718 0.667279422
f 4058/4058/4058 4057/4057/4057 4056/4056/4056 4055/4055/4055 4054/4054/4054
v -576 -102 64
vn 1 0 0
vt 0.363747567 0.613970578
v -576 -102 180
vn 1 0 0
vt 0.363747567 0.667279422
v -576 -94 180
vn 1 0 0
vt 0.362769067 0.667279422
v -576 -94 60
vn 1 0 0
vt 0.362769067 0.612132311
v -576 -102 60
vn 1 0 0
vt 0.363747567 0.612132311
f 4063/4063/4063 4062/4062/4062 4061/4061/4061 4060/4060/4060 4059/4059/4059
v -576 -110 68
vn 1 0 0
vt 0.0613992177 0.534926474
v -576 -110 180
vn 1 0 0
vt 0.0613992177 0.586397052
v -576 -102 180
vn 1 0 0
vt 0.0604207441 0.586397052
v -576 -102 64
vn 1 0 0
vt 0.0604207441 0.533088207
v -576 -110 64
vn 1 0 0
vt 0.0613992177 0.533088207
f 4068/4068/4068 4067/4067/4067 4066/4066/4066 4065/4065/4065 4064/4064/4064
v -576 -118 72
vn 1 0 0
vt 0.0662915856 0.536764741
v -576 -118 180
vn 1 0 0
vt 0.0662915856 0.586397052
v -576 -110 180
vn 1 0 0
vt 0.0653131083 0.586397052
v -576 -110 68
vn 1 0 0
vt 0.0653131083 0.534926474
v -576 -118 68
vn 1 0 0
vt 0.0662915856 0.534926474
f 4073/4073/4073 4072/4072/4072 4071/4071/4071 4070/4070/4070 4069/4069/4069
v -576 -126 156
vn 1 0 0
vt 0.127935424 0.215073526
v -576 -126 180
vn 1 0 0
vt 0.127935424 0.226102948
v -576 -118 180
vn 1 0 0
vt 0.126956955 0.226102948
f 4076/4076/4076 4075/4075/4075 4074/4074/4074
v -576 -118 72
vn 1 0 0
vt 0.0702054799 0.536764741
v -576 -126 72
vn 1 0 0
vt 0.0711839497 0.536764741
v -576 -126 76
vn 1 0 0
vt 0.0711839497 0.538602948
v -576 -126 156
vn 1 0 0
vt 0.0711839497 0.575367689
v -576 -118 180
vn 1 0 0
vt 0.0702054799 0.586397052
f 4081/4081/4081 4080/4080/4080 4079/4079/4079 4078/4078/4078 4077/4077/4077
v -576 -350 180
vn 1 0 0
vt 0.135763213 0.226102948
v -576 -310 180
vn 1 0 0
vt 0.130870849 0.226102948
v -576 -350 156
vn 1 0 0
vt 0.135763213 0.215073526
f 4084/4084/4084 4083/4083/4083 4082/4082/4082
v -576 -126 180
vn 1 0 0
vt 0.139677107 0.226102948
v -576 -126 156
vn 1 0 0
vt 0.139677107 0.215073526
v -576 -134 156
vn 1 0 0
vt 0.140655577 0.215073526
f 4087/4087/4087 4086/4086/4086 4085/4085/4085
v -576 -142 156
vn 1 0 0
vt 0.147504896 0.215073526
v -576 -350 156
vn 1 0 0
vt 0.172945201 0.215073526
v -576 -310 180
vn 1 0 0
vt 0.168052837 0.226102948
v -576 -126 180
vn 1 0 0
vt 0.145547941 0.226102948
v -576 -134 156
vn 1 0 0
vt 0.146526426 0.215073526
f 4092/4092/4092 4091/4091/4091 4090/4090/4090 4089/4089/4089 4088/4088/4088
v -576 -366 156
vn 1 0 0
vt 0.17881605 0.215073526
v -576 -388 156
vn 1 0 0
vt 0.181506842 0.215073526
v -576 -388 180
vn 1 0 0
vt 0.181506842 0.226102948
v -576 -350 180
vn 1 0 0
vt 0.176859096 0.226102948
v -576 -350 156
vn 1 0 0
vt 0.176859096 0.215073526
f 4097/4097/4097 4096/4096/4096 4095/4095/4095 4094/4094/4094 4093/4093/4093
v -576 -134 80
vn 1 0 0
vt 0.29329747 0.371323526
v -576 -134 156
vn 1 0 0
vt 0.29329747 0.40625
v -576 -126 156
vn 1 0 0
vt 0.29231897 0.40625
v -576 -126 76
vn 1 0 0
vt 0.29231897 0.369485319
v -576 -134 76
vn 1 0 0
vt 0.29329747 0.369485319
f 4102/4102/4102 4101/4101/4101 4100/4100/4100 4099/4099/4099 4098/4098/4098
v -576 -142 84
vn 1 0 0
vt 0.419520557 0.321691155
v -576 -142 156
vn 1 0 0
vt 0.419520557 0.354779422
v -576 -134 156
vn 1 0 0
vt 0.418542087 0.354779422
v -576 -134 80
vn 1 0 0
vt 0.418542087 0.319852948
v -576 -142 80
vn 1 0 0
vt 0.419520557 0.319852948
f 4107/4107/4107 4106/4106/4106 4105/4105/4105 4104/4104/4104 4103/4103/4103
v -576 -350 156
vn 1 0 0
vt 0.448874742 0.354779422
v -576 -142 156
vn 1 0 0
vt 0.423434436 0.354779422
v -576 -142 84
vn 1 0 0
vt 0.423434436 0.321691155
v -576 -366 84
vn 1 0 0
vt 0.450831711 0.321691155
v -576 -366 156
vn 1 0 0
vt 0.450831711 0.354779422
f 4112/4112/4112 4111/4111/4111 4110/4110/4110 4109/4109/4109 4108/4108/4108
v -576 -388 156
vn 1 0 0
vt 0.457436413 0.354779422
v -576 -366 156
vn 1 0 0
vt 0.454745591 0.354779422
v -576 -366 84
vn 1 0 0
vt 0.454745591 0.321691155
v -576 -388 84
vn 1 0 0
vt 0.457436413 0.321691155
f 4116/4116/4116 4115/4115/4115 4114/4114/4114 4113/4113/4113
v -456 -86 56
vn 0 1 0
vt 0.893346369 0.0882353187
v -576 -86 56
vn 0 1 0
vt 0.878669262 0.0882353187
v -576 -86 52
vn 0 1 0
vt 0.878669262 0.0863970518
v -456 -86 52
vn 0 1 0
vt 0.893346369 0.0863970518
f 4120/4120/4120 4119/4119/4119 4118/4118/4118 4117/4117/4117
v -456 -46 36
vn 0 1 0
vt 0.910958886 0.0863970518
v -576 -46 36
vn 0 1 0
vt 0.896281779 0.0863970518
v -576 -46 32
vn 0 1 0
vt 0.896281779 0.0845588446
v -456 -46 32
vn 0 1 0
vt 0.910958886 0.0845588446
f 4124/4124/4124 4123/4123/4123 4122/4122/4122 4121/4121/4121
v -456 -22 24
vn 0 1 0
vt 0.928571403 0.0882353187
v -576 -22 24
vn 0 1 0
vt 0.913894296 0.0882353187
v -576 -22 20
vn 0 1 0
vt 0.913894296 0.0863970518
v -456 -22 20
vn 0 1 0
vt 0.928571403 0.0863970518
f 4128/4128/4128 4127/4127/4127 4126/4126/4126 4125/4125/4125
v -456 -14 20
vn 0 1 0
vt 0.94618398 0.0863970518
v -576 -14 20
vn 0 1 0
vt 0.931506872 0.0863970518
v -576 -14 16
vn 0 1 0
vt 0.931506872 0.0845588446
v -456 -14 16
vn 0 1 0
vt 0.94618398 0.0845588446
f 4132/4132/4132 4131/4131/4131 4130/4130/4130 4129/4129/4129
v -456 -6 16
vn 0 1 0
vt 0.963796496 0.0919117928
v -576 -6 16
vn 0 1 0
vt 0.949119389 0.0919117928
v -576 -6 12
vn 0 1 0
vt 0.949119389 0.0900735259
v -456 -6 12
vn 0 1 0
vt 0.963796496 0.0900735259
f 4136/4136/4136 4135/4135/4135 4134/4134/4134 4133/4133/4133
v -456 -6 12
vn 0 0 1
vt 0.981409013 0.0882353187
v -576 -6 12
vn 0 0 1
vt 0.966731906 0.0882353187
v -576 0 12
vn 0 0 1
vt 0.966731906 0.0909926295
v -456 0 12
vn 0 0 1
vt 0.981409013 0.0909926295
f 4140/4140/4140 4139/4139/4139 4138/4138/4138 4137/4137/4137
v -576 0 320
vn 0 0 1
vt 0.0167563595 0.0772058964
v -576 -6 320
vn 0 0 1
vt 0.0167563595 0.0744485259
v -456 -6 320
vn 0 0 1
vt 0.00207925634 0.0744485259
v -456 0 320
vn 0 0 1
vt 0.00207925634 0.0772058964
f 4144/4144/4144 4143/4143/4143 4142/4142/4142 4141/4141/4141
v -456 -14 16
vn 0 0 1
vt 0.0362035222 0.0735294223
v -576 -14 16
vn 0 0 1
vt 0.0215264186 0.0735294223
v -576 -6 16
vn 0 0 1
vt 0.0215264186 0.0772058964
v -456 -6 16
vn 0 0 1
vt 0.0362035222 0.0772058964
f 4148/4148/4148 4147/4147/4147 4146/4146/4146 4145/4145/4145
v -576 -6 320
vn 0 0 1
vt 0.0539383553 0.0744485259
v -576 -14 320
vn 0 0 1
vt 0.0539383553 0.0707720518
v -456 -14 320
vn 0 0 1
vt 0.0392612517 0.0707720518
v -456 -6 320
vn 0 0 1
vt 0.0392612517 0.0744485259
f 4152/4152/4152 4151/4151/4151 4150/4150/4150 4149/4149/4149
v -456 -22 20
vn 0 0 1
vt 0.0733855218 0.0735294223
v -576 -22 20
vn 0 0 1
vt 0.0587084144 0.0735294223
v -576 -14 20
vn 0 0 1
vt 0.0587084144 0.0772058964
v -456 -14 20
vn 0 0 1
vt 0.0733855218 0.0772058964
f 4156/4156/4156 4155/4155/4155 4154/4154/4154 4153/4153/4153
v -576 -14 320
vn 0 0 1
vt 0.519691765 0.166360319
v -576 -22 320
vn 0 0 1
vt 0.519691765 0.162683845
v -456 -22 320
vn 0 0 1
vt 0.505014658 0.162683845
v -456 -14 320
vn 0 0 1
vt 0.505014658 0.166360319
f 4160/4160/4160 4159/4159/4159 4158/4158/4158 4157/4157/4157
v -456 -38 32
vn 0 1 0
vt 0.0909980461 0.0772058964
v -576 -38 32
vn 0 1 0
vt 0.0763209388 0.0772058964
v -576 -38 28
vn 0 1 0
vt 0.0763209388 0.0753676295
v -456 -38 28
vn 0 1 0
vt 0.0909980461 0.0753676295
f 4164/4164/4164 4163/4163/4163 4162/4162/4162 4161/4161/4161
v -456 -30 28
vn 0 1 0
vt 0.10861057 0.0753676295
v -576 -30 28
vn 0 1 0
vt 0.0939334631 0.0753676295
v -576 -30 24
vn 0 1 0
vt 0.0939334631 0.0735294223
v -456 -30 24
vn 0 1 0
vt 0.10861057 0.0735294223
f 4168/4168/4168 4167/4167/4167 4166/4166/4166 4165/4165/4165
v -456 -30 24
vn 0 0 1
vt 0.126223087 0.0735294223
v -576 -30 24
vn 0 0 1
vt 0.111545987 0.0735294223
v -576 -22 24
vn 0 0 1
vt 0.111545987 0.0772058964
v -456 -22 24
vn 0 0 1
vt 0.126223087 0.0772058964
f 4172/4172/4172 4171/4171/4171 4170/4170/4170 4169/4169/4169
v -576 -22 320
vn 0 0 1
vt 0.143957928 0.0744485259
v -576 -30 320
vn 0 0 1
vt 0.143957928 0.0707720518
v -456 -30 320
vn 0 0 1
vt 0.12928082 0.0707720518
v -456 -22 320
vn 0 0 1
vt 0.12928082 0.0744485259
f 4176/4176/4176 4175/4175/4175 4174/4174/4174 4173/4173/4173
v -456 -38 28
vn 0 0 1
vt 0.163405091 0.0735294223
v -576 -38 28
vn 0 0 1
vt 0.148727983 0.0735294223
v -576 -30 28
vn 0 0 1
vt 0.148727983 0.0772058964
v -456 -30 28
vn 0 0 1
vt 0.163405091 0.0772058964
f 4180/4180/4180 4179/4179/4179 4178/4178/4178 4177/4177/4177
v -576 -30 320
vn 0 0 1
vt 0.539261281 0.166360319
v -576 -38 320
vn 0 0 1
vt 0.539261281 0.162683845
v -456 -38 320
vn 0 0 1
vt 0.524584174 0.162683845
v -456 -30 320
vn 0 0 1
vt 0.524584174 0.166360319
f 4184/4184/4184 4183/4183/4183 4182/4182/4182 4181/4181/4181
v -456 -46 32
vn 0 0 1
vt 0.181017607 0.0735294223
v -576 -46 32
vn 0 0 1
vt 0.166340515 0.0735294223
v -576 -38 32
vn 0 0 1
vt 0.166340515 0.0772058964
v -456 -38 32
vn 0 0 1
vt 0.181017607 0.0772058964
f 4188/4188/4188 4187/4187/4187 4186/4186/4186 4185/4185/4185
v -576 -38 320
vn 0 0 1
vt 0.198752448 0.0744485259
v -576 -46 320
vn 0 0 1
vt 0.198752448 0.0707720518
v -456 -46 320
vn 0 0 1
vt 0.184075341 0.0707720518
v -456 -38 320
vn 0 0 1
vt 0.184075341 0.0744485259
f 4192/4192/4192 4191/4191/4191 4190/4190/4190 4189/4189/4189
v -456 -62 44
vn 0 1 0
vt 0.218199611 0.0753676295
v -576 -62 44
vn 0 1 0
vt 0.203522503 0.0753676295
v -576 -62 40
vn 0 1 0
vt 0.203522503 0.0735294223
v -456 -62 40
vn 0 1 0
vt 0.218199611 0.0735294223
f 4196/4196/4196 4195/4195/4195 4194/4194/4194 4193/4193/4193
v -456 -54 40
vn 0 1 0
vt 0.235812128 0.0735294223
v -576 -54 40
vn 0 1 0
vt 0.221135035 0.0735294223
v -576 -54 36
vn 0 1 0
vt 0.221135035 0.0716911554
v -456 -54 36
vn 0 1 0
vt 0.235812128 0.0716911554
f 4200/4200/4200 4199/4199/4199 4198/4198/4198 4197/4197/4197
v -456 -54 36
vn 0 0 1
vt 0.253424644 0.0735294223
v -576 -54 36
vn 0 0 1
vt 0.238747552 0.0735294223
v -576 -46 36
vn 0 0 1
vt 0.238747552 0.0772058964
v -456 -46 36
vn 0 0 1
vt 0.253424644 0.0772058964
f 4204/4204/4204 4203/4203/4203 4202/4202/4202 4201/4201/4201
v -576 -46 320
vn 0 0 1
vt 0.558830738 0.166360319
v -576 -54 320
vn 0 0 1
vt 0.558830738 0.162683845
v -456 -54 320
vn 0 0 1
vt 0.544153631 0.162683845
v -456 -46 320
vn 0 0 1
vt 0.544153631 0.166360319
f 4208/4208/4208 4207/4207/4207 4206/4206/4206 4205/4205/4205
v -456 -62 40
vn 0 0 1
vt 0.271037191 0.0698529482
v -576 -62 40
vn 0 0 1
vt 0.256360084 0.0698529482
v -576 -54 40
vn 0 0 1
vt 0.256360084 0.0735294223
v -456 -54 40
vn 0 0 1
vt 0.271037191 0.0735294223
f 4212/4212/4212 4211/4211/4211 4210/4210/4210 4209/4209/4209
v -576 -54 320
vn 0 0 1
vt 0.288772017 0.0744485259
v -576 -62 320
vn 0 0 1
vt 0.288772017 0.0707720518
v -456 -62 320
vn 0 0 1
vt 0.274094909 0.0707720518
v -456 -54 320
vn 0 0 1
vt 0.274094909 0.0744485259
f 4216/4216/4216 4215/4215/4215 4214/4214/4214 4213/4213/4213
v -456 -78 52
vn 0 1 0
vt 0.308219165 0.0716911554
v -576 -78 52
vn 0 1 0
vt 0.293542087 0.0716911554
v -576 -78 48
vn 0 1 0
vt 0.293542087 0.0698529482
v -456 -78 48
vn 0 1 0
vt 0.308219165 0.0698529482
f 4220/4220/4220 4219/4219/4219 4218/4218/4218 4217/4217/4217
v -456 -70 48
vn 0 1 0
vt 0.325831711 0.0772058964
v -576 -70 48
vn 0 1 0
vt 0.311154604 0.0772058964
v -576 -70 44
vn 0 1 0
vt 0.311154604 0.0753676295
v -456 -70 44
vn 0 1 0
vt 0.325831711 0.0753676295
f 4224/4224/4224 4223/4223/4223 4222/4222/4222 4221/4221/4221
v -456 -70 44
vn 0 0 1
vt 0.343444228 0.0735294223
v -576 -70 44
vn 0 0 1
vt 0.328767121 0.0735294223
v -576 -62 44
vn 0 0 1
vt 0.328767121 0.0772058964
v -456 -62 44
vn 0 0 1
vt 0.343444228 0.0772058964
f 4228/4228/4228 4227/4227/4227 4226/4226/4226 4225/4225/4225
v -576 -62 320
vn 0 0 1
vt 0.578400195 0.166360319
v -576 -70 320
vn 0 0 1
vt 0.578400195 0.162683845
v -456 -70 320
vn 0 0 1
vt 0.563723087 0.162683845
v -456 -62 320
vn 0 0 1
vt 0.563723087 0.166360319
f 4232/4232/4232 4231/4231/4231 4230/4230/4230 4229/4229/4229
v -456 -78 48
vn 0 0 1
vt 0.361056745 0.0698529482
v -576 -78 48
vn 0 0 1
vt 0.346379638 0.0698529482
v -576 -70 48
vn 0 0 1
vt 0.346379638 0.0735294223
v -456 -70 48
vn 0 0 1
vt 0.361056745 0.0735294223
f 4236/4236/4236 4235/4235/4235 4234/4234/4234 4233/4233/4233
v -576 -70 320
vn 0 0 1
vt 0.378791571 0.0744485259
v -576 -78 320
vn 0 0 1
vt 0.378791571 0.0707720518
v -456 -78 320
vn 0 0 1
vt 0.364114493 0.0707720518
v -456 -70 320
vn 0 0 1
vt 0.364114493 0.0744485259
f 4240/4240/4240 4239/4239/4239 4238/4238/4238 4237/4237/4237
v -456 -86 52
vn 0 0 1
vt 0.398238748 0.0735294223
v -576 -86 52
vn 0 0 1
vt 0.383561641 0.0735294223
v -576 -78 52
vn 0 0 1
vt 0.383561641 0.0772058964
v -456 -78 52
vn 0 0 1
vt 0.398238748 0.0772058964
f 4244/4244/4244 4243/4243/4243 4242/4242/4242 4241/4241/4241
v -576 -78 320
vn 0 0 1
vt 0.597969651 0.166360319
v -576 -86 320
vn 0 0 1
vt 0.597969651 0.162683845
v -456 -86 320
vn 0 0 1
vt 0.583292544 0.162683845
v -456 -78 320
vn 0 0 1
vt 0.583292544 0.166360319
f 4248/4248/4248 4247/4247/4247 4246/4246/4246 4245/4245/4245
v -456 -248 180
vn 0 0 1
vt 0.403131127 0.0739889741
v -456 -264 180
vn 0 0 1
vt 0.401174158 0.0739889741
v -463 -264 180
vn 0 0 1
vt 0.401174158 0.0772058964
v -463 -248 180
vn 0 0 1
vt 0.403131127 0.0772058964
f 4252/4252/4252 4251/4251/4251 4250/4250/4250 4249/4249/4249
v -479 -248 180
vn 0 0 1
vt 0.409001946 0.0698529482
v -479 -264 180
vn 0 0 1
vt 0.407045007 0.0698529482
v -495 -264 180
vn 0 0 1
vt 0.407045007 0.0772058964
v -495 -248 180
vn 0 0 1
vt 0.409001946 0.0772058964
f 4256/4256/4256 4255/4255/4255 4254/4254/4254 4253/4253/4253
v -511 -248 180
vn 0 0 1
vt 0.414872795 0.0698529482
v -511 -264 180
vn 0 0 1
vt 0.412915856 0.0698529482
v -527 -264 180
vn 0 0 1
vt 0.412915856 0.0772058964
v -527 -248 180
vn 0 0 1
vt 0.414872795 0.0772058964
f 4260/4260/4260 4259/4259/4259 4258/4258/4258 4257/4257/4257
v -543 -248 180
vn 0 0 1
vt 0.420743644 0.0698529482
v -543 -264 180
vn 0 0 1
vt 0.418786705 0.0698529482
v -559 -264 180
vn 0 0 1
vt 0.418786705 0.0772058964
v -559 -248 180
vn 0 0 1
vt 0.420743644 0.0772058964
f 4264/4264/4264 4263/4263/4263 4262/4262/4262 4261/4261/4261
v -495 -264 180
vn 0 0 1
vt 0.426614493 0.0698529482
v -495 -248 180
vn 0 0 1
vt 0.424657524 0.0698529482
v -511 -248 180
vn 0 0 1
vt 0.424657524 0.0772058964
f 4267/4267/4267 4266/4266/4266 4265/4265/4265
v -563 -252 196
vn 0 0 1
vt 0.431996077 0.0716911554
v -563 -260 196
vn 0 0 1
vt 0.431017607 0.0716911554
v -571 -260 196
vn 0 0 1
vt 0.431017607 0.0753676295
v -571 -252 196
vn 0 0 1
vt 0.431996077 0.0753676295
f 4271/4271/4271 4270/4270/4270 4269/4269/4269 4268/4268/4268
v -531 -252 196
vn 0 0 1
vt 0.437866926 0.0716911554
v -531 -260 196
vn 0 0 1
vt 0.436888456 0.0716911554
v -539 -260 196
vn 0 0 1
vt 0.436888456 0.0753676295
v -539 -252 196
vn 0 0 1
vt 0.437866926 0.0753676295
f 4275/4275/4275 4274/4274/4274 4273/4273/4273 4272/4272/4272
v -499 -252 196
vn 0 0 1
vt 0.443737775 0.0716911554
v -499 -260 196
vn 0 0 1
vt 0.442759305 0.0716911554
v -507 -260 196
vn 0 0 1
vt 0.442759305 0.0753676295
v -507 -252 196
vn 0 0 1
vt 0.443737775 0.0753676295
f 4279/4279/4279 4278/4278/4278 4277/4277/4277 4276/4276/4276
v -467 -252 196
vn 0 0 1
vt 0.449608624 0.0716911554
v -467 -260 196
vn 0 0 1
vt 0.448630124 0.0716911554
v -475 -260 196
vn 0 0 1
vt 0.448630124 0.0753676295
v -475 -252 196
vn 0 0 1
vt 0.449608624 0.0753676295
f 4283/4283/4283 4282/4282/4282 4281/4281/4281 4280/4280/4280
v -456 -224 320
vn 0 0 1
vt 0.0842710361 0.930147052
v -456 -86 320
vn 0 0 1
vt 0.0842710361 0.993566155
v -576 -86 320
vn 0 0 1
vt 0.0989481434 0.993566155
v -576 -310 320
vn 0 0 1
vt 0.0989481434 0.890625
v -456 -310 320
vn 0 0 1
vt 0.0842710361 0.890625
f 4288/4288/4288 4287/4287/4287 4286/4286/4286 4285/4285/4285 4284/4284/4284
v -456 -372 320
vn 0 0 1
vt 0.297578275 0.376838207
v -456 -310 320
vn 0 0 1
vt 0.297578275 0.405330896
v -576 -310 320
vn 0 0 1
vt 0.312255383 0.405330896
v -576 -388 320
vn 0 0 1
vt 0.312255383 0.369485319
v -456 -388 320
vn 0 0 1
vt 0.297578275 0.369485319
f 4293/4293/4293 4292/4292/4292 4291/4291/4291 4290/4290/4290 4289/4289/4289
v -563 -260 196
vn -0 0.970142484 -0.242535621
vt 0.602250516 0.167279422
v -559 -264 180
vn -0 0.970142484 -0.242535621
vt 0.601761281 0.159926474
v -575 -264 180
vn -0 0.970142484 -0.242535621
vt 0.603718221 0.159926474
v -571 -260 196
vn -0 0.970142484 -0.242535621
vt 0.603228986 0.167279422
f 4297/4297/4297 4296/4296/4296 4295/4295/4295 4294/4294/4294
v -531 -260 196
vn -0 0.970142484 -0.242535621
vt 0.606164396 0.167279422
v -527 -264 180
vn -0 0.970142484 -0.242535621
vt 0.605675161 0.159926474
v -543 -264 180
vn -0 0.970142484 -0.242535621
vt 0.607632101 0.159926474
v -539 -260 196
vn -0 0.970142484 -0.242535621
vt 0.607142866 0.167279422
f 4301/4301/4301 4300/4300/4300 4299/4299/4299 4298/4298/4298
v -499 -260 196
vn -0 0.970142484 -0.242535621
vt 0.610078275 0.167279422
v -495 -264 180
vn -0 0.970142484 -0.242535621
vt 0.60958904 0.159926474
v -511 -264 180
vn -0 0.970142484 -0.242535621
vt 0.61154598 0.159926474
v -507 -260 196
vn -0 0.970142484 -0.242535621
vt 0.611056745 0.167279422
f 4305/4305/4305 4304/4304/4304 4303/4303/4303 4302/4302/4302
v -467 -260 196
vn -0 0.970142484 -0.242535621
vt 0.613992155 0.167279422
v -463 -264 180
vn -0 0.970142484 -0.242535621
vt 0.61350292 0.159926474
v -479 -264 180
vn -0 0.970142484 -0.242535621
vt 0.615459859 0.159926474
v -475 -260 196
vn -0 0.970142484 -0.242535621
vt 0.614970624 0.167279422
f 4309/4309/4309 4308/4308/4308 4307/4307/4307 4306/4306/4306
v -559 -248 180
vn -0 0.970142484 0.242535621
vt 0.619373798 0.159926474
v -563 -252 196
vn -0 0.970142484 0.242535621
vt 0.618884563 0.167279422
v -571 -252 196
vn -0 0.970142484 0.242535621
vt 0.617906094 0.167279422
v -575 -248 180
vn -0 0.970142484 0.242535621
vt 0.617416859 0.159926474
f 4313/4313/4313 4312/4312/4312 4311/4311/4311 4310/4310/4310
v -527 -248 180
vn -0 0.970142484 0.242535621
vt 0.623287678 0.159926474
v -531 -252 196
vn -0 0.970142484 0.242535621
vt 0.622798443 0.167279422
v -539 -252 196
vn -0 0.970142484 0.242535621
vt 0.621819973 0.167279422
v -543 -248 180
vn -0 0.970142484 0.242535621
vt 0.621330738 0.159926474
f 4317/4317/4317 4316/4316/4316 4315/4315/4315 4314/4314/4314
v -495 -248 180
vn -0 0.970142484 0.242535621
vt 0.627201557 0.159926474
v -499 -252 196
vn -0 0.970142484 0.242535621
vt 0.626712322 0.167279422
v -507 -252 196
vn -0 0.970142484 0.242535621
vt 0.625733852 0.167279422
v -511 -248 180
vn -0 0.970142484 0.242535621
vt 0.625244617 0.159926474
f 4321/4321/4321 4320/4320/4320 4319/4319/4319 4318/4318/4318
v -463 -248 180
vn -0 0.970142484 0.242535621
vt 0.631115437 0.159926474
v -467 -252 196
vn -0 0.970142484 0.242535621
vt 0.630626202 0.167279422
v -475 -252 196
vn -0 0.970142484 0.242535621
vt 0.629647732 0.167279422
v -479 -248 180
vn -0 0.970142484 0.242535621
vt 0.629158497 0.159926474
f 4325/4325/4325 4324/4324/4324 4323/4323/4323 4322/4322/4322
v -511 -264 180
vn 0.970142484 -0 -0.242535621
vt 0.634050906 0.159926474
v -511 -248 180
vn 0.970142484 -0 -0.242535621
vt 0.636007845 0.159926474
v -507 -252 196
vn 0.970142484 -0 -0.242535621
vt 0.63551861 0.167279422
v -507 -260 196
vn 0.970142484 -0 -0.242535621
vt 0.634540141 0.167279422
f 4329/4329/4329 4328/4328/4328 4327/4327/4327 4326/4326/4326
v -499 -260 196
vn 0.970142484 0 0.242535621
vt 0.64138943 0.167279422
v -499 -252 196
vn 0.970142484 0 0.242535621
vt 0.64041096 0.167279422
v -495 -248 180
vn 0.970142484 0 0.242535621
vt 0.639921725 0.159926474
v -495 -264 180
vn 0.970142484 0 0.242535621
vt 0.641878664 0.159926474
f 4333/4333/4333 4332/4332/4332 4331/4331/4331 4330/4330/4330
v -479 -264 180
vn 0.970142484 -0 -0.242535621
vt 0.645792544 0.159926474
v -479 -248 180
vn 0.970142484 -0 -0.242535621
vt 0.647749484 0.159926474
v -475 -252 196
vn 0.970142484 -0 -0.242535621
vt 0.647260249 0.167279422
v -475 -260 196
vn 0.970142484 -0 -0.242535621
vt 0.646281779 0.167279422
f 4337/4337/4337 4336/4336/4336 4335/4335/4335 4334/4334/4334
v -467 -260 196
vn 0.970142484 0 0.242535621
vt 0.653131127 0.167279422
v -467 -252 196
vn 0.970142484 0 0.242535621
vt 0.652152658 0.167279422
v -463 -248 180
vn 0.970142484 0 0.242535621
vt 0.651663423 0.159926474
v -463 -264 180
vn 0.970142484 0 0.242535621
vt 0.653620362 0.159926474
f 4341/4341/4341 4340/4340/4340 4339/4339/4339 4338/4338/4338
v -543 -264 180
vn 0.970142484 -0 -0.242535621
vt 0.657534242 0.159926474
v -543 -248 180
vn 0.970142484 -0 -0.242535621
vt 0.659491181 0.159926474
v -539 -252 196
vn 0.970142484 -0 -0.242535621
vt 0.659001946 0.167279422
v -539 -260 196
vn 0.970142484 -0 -0.242535621
vt 0.658023477 0.167279422
f 4345/4345/4345 4344/4344/4344 4343/4343/4343 4342/4342/4342
v -531 -260 196
vn 0.970142484 0 0.242535621
vt 0.664872825 0.167279422
v -531 -252 196
vn 0.970142484 0 0.242535621
vt 0.663894296 0.167279422
v -527 -248 180
vn 0.970142484 0 0.242535621
vt 0.663405061 0.159926474
v -527 -264 180
vn 0.970142484 0 0.242535621
vt 0.66536206 0.159926474
f 4349/4349/4349 4348/4348/4348 4347/4347/4347 4346/4346/4346
v -575 -264 180
vn 0.970142484 -0 -0.242535621
vt 0.669275939 0.159926474
v -575 -248 180
vn 0.970142484 -0 -0.242535621
vt 0.671232879 0.159926474
v -571 -252 196
vn 0.970142484 -0 -0.242535621
vt 0.670743644 0.167279422
v -571 -260 196
vn 0.970142484 -0 -0.242535621
vt 0.669765174 0.167279422
f 4353/4353/4353 4352/4352/4352 4351/4351/4351 4350/4350/4350
v -563 -260 196
vn 0.970142484 0 0.242535621
vt 0.676614463 0.167279422
v -563 -252 196
vn 0.970142484 0 0.242535621
vt 0.675635993 0.167279422
v -559 -248 180
vn 0.970142484 0 0.242535621
vt 0.675146759 0.159926474
v -559 -264 180
vn 0.970142484 0 0.242535621
vt 0.677103698 0.159926474
f 4357/4357/4357 4356/4356/4356 4355/4355/4355 4354/4354/4354
v -456 -126 76
vn 0 1 0
vt 0.468688846 0.0753676295
v -576 -126 76
vn 0 1 0
vt 0.454011738 0.0753676295
v -576 -126 72
vn 0 1 0
vt 0.454011738 0.0735294223
v -456 -126 72
vn 0 1 0
vt 0.468688846 0.0735294223
f 4361/4361/4361 4360/4360/4360 4359/4359/4359 4358/4358/4358
v -456 -110 68
vn 0 1 0
vt 0.486301363 0.0716911554
v -576 -110 68
vn 0 1 0
vt 0.471624255 0.0716911554
v -576 -110 64
vn 0 1 0
vt 0.471624255 0.0698529482
v -456 -110 64
vn 0 1 0
vt 0.486301363 0.0698529482
f 4365/4365/4365 4364/4364/4364 4363/4363/4363 4362/4362/4362
v -456 -94 60
vn 0 1 0
vt 0.503913879 0.0753676295
v -576 -94 60
vn 0 1 0
vt 0.489236802 0.0753676295
v -576 -94 56
vn 0 1 0
vt 0.489236802 0.0735294223
v -456 -94 56
vn 0 1 0
vt 0.503913879 0.0735294223
f 4369/4369/4369 4368/4368/4368 4367/4367/4367 4366/4366/4366
v -456 -94 56
vn 0 0 1
vt 0.521526396 0.0698529482
v -576 -94 56
vn 0 0 1
vt 0.506849289 0.0698529482
v -576 -86 56
vn 0 0 1
vt 0.506849289 0.0735294223
v -456 -86 56
vn 0 0 1
vt 0.521526396 0.0735294223
f 4373/4373/4373 4372/4372/4372 4371/4371/4371 4370/4370/4370
v -456 -102 64
vn 0 1 0
vt 0.539138973 0.0772058964
v -576 -102 64
vn 0 1 0
vt 0.524461865 0.0772058964
v -576 -102 60
vn 0 1 0
vt 0.524461865 0.0753676295
v -456 -102 60
vn 0 1 0
vt 0.539138973 0.0753676295
f 4377/4377/4377 4376/4376/4376 4375/4375/4375 4374/4374/4374
v -456 -102 60
vn 0 0 1
vt 0.55675149 0.0735294223
v -576 -102 60
vn 0 0 1
vt 0.542074382 0.0735294223
v -576 -94 60
vn 0 0 1
vt 0.542074382 0.0772058964
v -456 -94 60
vn 0 0 1
vt 0.55675149 0.0772058964
f 4381/4381/4381 4380/4380/4380 4379/4379/4379 4378/4378/4378
v -456 -110 64
vn 0 0 1
vt 0.574364007 0.0698529482
v -576 -110 64
vn 0 0 1
vt 0.559686899 0.0698529482
v -576 -102 64
vn 0 0 1
vt 0.559686899 0.0735294223
v -456 -102 64
vn 0 0 1
vt 0.574364007 0.0735294223
f 4385/4385/4385 4384/4384/4384 4383/4383/4383 4382/4382/4382
v -456 -118 72
vn 0 1 0
vt 0.591976523 0.0735294223
v -576 -118 72
vn 0 1 0
vt 0.577299416 0.0735294223
v -576 -118 68
vn 0 1 0
vt 0.577299416 0.0716911554
v -456 -118 68
vn 0 1 0
vt 0.591976523 0.0716911554
f 4389/4389/4389 4388/4388/4388 4387/4387/4387 4386/4386/4386
v -456 -118 68
vn 0 0 1
vt 0.60958904 0.0735294223
v -576 -118 68
vn 0 0 1
vt 0.594911933 0.0735294223
v -576 -110 68
vn 0 0 1
vt 0.594911933 0.0772058964
v -456 -110 68
vn 0 0 1
vt 0.60958904 0.0772058964
f 4393/4393/4393 4392/4392/4392 4391/4391/4391 4390/4390/4390
v -456 -126 72
vn 0 0 1
vt 0.627201557 0.0698529482
v -576 -126 72
vn 0 0 1
vt 0.61252445 0.0698529482
v -576 -118 72
vn 0 0 1
vt 0.61252445 0.0735294223
v -456 -118 72
vn 0 0 1
vt 0.627201557 0.0735294223
f 4397/4397/4397 4396/4396/4396 4395/4395/4395 4394/4394/4394
v -511 -248 156
vn 0 0 1
vt 0.682974577 0.167279422
v -495 -248 156
vn 0 0 1
vt 0.682974577 0.159926474
v -495 -264 156
vn 0 0 1
vt 0.681017637 0.159926474
f 4400/4400/4400 4399/4399/4399 4398/4398/4398
v -456 -248 156
vn 0 0 1
vt 0.686888456 0.162224293
v -479 -248 156
vn 0 0 1
vt 0.686888456 0.172794104
v -479 -264 156
vn 0 0 1
vt 0.688845396 0.172794104
v -456 -264 156
vn 0 0 1
vt 0.688845396 0.162224293
f 4404/4404/4404 4403/4403/4403 4402/4402/4402 4401/4401/4401
v -463 -264 180
vn 0 1 0
vt 0.186888456 0.226102948
v -456 -264 180
vn 0 1 0
vt 0.186032295 0.226102948
v -456 -264 156
vn 0 1 0
vt 0.186032295 0.215073526
v -479 -264 156
vn 0 1 0
vt 0.188845396 0.215073526
v -479 -264 180
vn 0 1 0
vt 0.188845396 0.226102948
f 4409/4409/4409 4408/4408/4408 4407/4407/4407 4406/4406/4406 4405/4405/4405
v -575 -264 156
vn 0 1 0
vt 0.196673185 0.215073526
v -575 -264 180
vn 0 1 0
vt 0.196673185 0.226102948
v -559 -264 180
vn 0 1 0
vt 0.194716245 0.226102948
v -543 -264 180
vn 0 1 0
vt 0.19275929 0.226102948
v -527 -264 180
vn 0 1 0
vt 0.190802351 0.226102948
f 4414/4414/4414 4413/4413/4413 4412/4412/4412 4411/4411/4411 4410/4410/4410
v -495 -264 156
vn 0 1 0
vt 0.200587079 0.215073526
v -575 -264 156
vn 0 1 0
vt 0.210371822 0.215073526
v -527 -264 180
vn 0 1 0
vt 0.204500973 0.226102948
v -511 -264 180
vn 0 1 0
vt 0.202544034 0.226102948
v -495 -264 180
vn 0 1 0
vt 0.200587079 0.226102948
v -479 -264 180
vn 0 1 0
vt 0.198630139 0.226102948
v -479 -264 156
vn 0 1 0
vt 0.198630139 0.215073526
f 4421/4421/4421 4420/4420/4420 4419/4419/4419 4418/4418/4418 4417/4417/4417 4416/4416/4416 4415/4415/4415
v -575 -248 156
vn 0 1 0
vt 0.212328762 0.215073526
v -559 -248 180
vn 0 1 0
vt 0.214285716 0.226102948
v -575 -248 180
vn 0 1 0
vt 0.212328762 0.226102948
f 4424/4424/4424 4423/4423/4423 4422/4422/4422
v -511 -248 156
vn 0 1 0
vt 0.218199611 0.215073526
v -511 -248 180
vn 0 1 0
vt 0.218199611 0.226102948
v -527 -248 180
vn 0 1 0
vt 0.216242656 0.226102948
f 4427/4427/4427 4426/4426/4426 4425/4425/4425
v -543 -248 180
vn 0 1 0
vt 0.224070445 0.226102948
v -559 -248 180
vn 0 1 0
vt 0.222113505 0.226102948
v -575 -248 156
vn 0 1 0
vt 0.22015655 0.215073526
v -511 -248 156
vn 0 1 0
vt 0.227984339 0.215073526
v -527 -248 180
vn 0 1 0
vt 0.226027399 0.226102948
f 4432/4432/4432 4431/4431/4431 4430/4430/4430 4429/4429/4429 4428/4428/4428
v -456 -248 156
vn 0 1 0
vt 0.230797455 0.215073526
v -456 -248 180
vn 0 1 0
vt 0.230797455 0.226102948
v -463 -248 180
vn 0 1 0
vt 0.229941294 0.226102948
f 4435/4435/4435 4434/4434/4434 4433/4433/4433
v -479 -248 156
vn 0 1 0
vt 0.235812128 0.215073526
v -456 -248 156
vn 0 1 0
vt 0.238625243 0.215073526
v -463 -248 180
vn 0 1 0
vt 0.237769082 0.226102948
v -479 -248 180
vn 0 1 0
vt 0.235812128 0.226102948
v -495 -248 180
vn 0 1 0
vt 0.233855188 0.226102948
v -495 -248 156
vn 0 1 0
vt 0.233855188 0.215073526
f 4441/4441/4441 4440/4440/4440 4439/4439/4439 4438/4438/4438 4437/4437/4437 4436/4436/4436
v -495 -264 156
vn 1 0 0
vt 0.242661446 0.215073526
v -495 -248 156
vn 1 0 0
vt 0.244618401 0.215073526
v -495 -248 180
vn 1 0 0
vt 0.244618401 0.226102948
v -495 -264 180
vn 1 0 0
vt 0.242661446 0.226102948
f 4445/4445/4445 4444/4444/4444 4443/4443/4443 4442/4442/4442
v -575 -264 156
vn 1 0 0
vt 0.248532295 0.215073526
v -575 -248 156
vn 1 0 0
vt 0.250489235 0.215073526
v -575 -248 180
vn 1 0 0
vt 0.250489235 0.226102948
v -575 -264 180
vn 1 0 0
vt 0.248532295 0.226102948
f 4449/4449/4449 4448/4448/4448 4447/4447/4447 4446/4446/4446
v -511 -248 156
vn 0.707106769 0.707106769 0
vt 0.254403144 0.215073526
v -495 -264 156
vn 0.707106769 0.707106769 0
vt 0.256360084 0.215073526
v -495 -264 180
vn 0.707106769 0.707106769 0
vt 0.256360084 0.226102948
v -511 -248 180
vn 0.707106769 0.707106769 0
vt 0.254403144 0.226102948
f 4453/4453/4453 4452/4452/4452 4451/4451/4451 4450/4450/4450
v -456 -134 80
vn 0 1 0
vt 0.644814074 0.0772058964
v -576 -134 80
vn 0 1 0
vt 0.630136967 0.0772058964
v -576 -134 76
vn 0 1 0
vt 0.630136967 0.0753676295
v -456 -134 76
vn 0 1 0
vt 0.644814074 0.0753676295
f 4457/4457/4457 4456/4456/4456 4455/4455/4455 4454/4454/4454
v -456 -134 76
vn 0 0 1
vt 0.662426591 0.0735294223
v -576 -134 76
vn 0 0 1
vt 0.647749484 0.0735294223
v -576 -126 76
vn 0 0 1
vt 0.647749484 0.0772058964
v -456 -126 76
vn 0 0 1
vt 0.662426591 0.0772058964
f 4461/4461/4461 4460/4460/4460 4459/4459/4459 4458/4458/4458
v -456 -142 80
vn 0 1 0
vt 0.66829747 0.0698529482
v -456 -142 84
vn 0 1 0
vt 0.66829747 0.0716911554
v -479 -142 84
vn 0 1 0
vt 0.665484369 0.0716911554
f 4464/4464/4464 4463/4463/4463 4462/4462/4462
v -576 -142 80
vn 0 1 0
vt 0.671232879 0.0698529482
v -456 -142 80
vn 0 1 0
vt 0.685909986 0.0698529482
v -479 -142 84
vn 0 1 0
vt 0.683096886 0.0716911554
v -575 -142 84
vn 0 1 0
vt 0.671355188 0.0716911554
v -576 -142 84
vn 0 1 0
vt 0.671232879 0.0716911554
f 4469/4469/4469 4468/4468/4468 4467/4467/4467 4466/4466/4466 4465/4465/4465
v -456 -142 80
vn 0 0 1
vt 0.703522503 0.0698529482
v -576 -142 80
vn 0 0 1
vt 0.688845396 0.0698529482
v -576 -134 80
vn 0 0 1
vt 0.688845396 0.0735294223
v -456 -134 80
vn 0 0 1
vt 0.703522503 0.0735294223
f 4473/4473/4473 4472/4472/4472 4471/4471/4471 4470/4470/4470
v -456 -366 84
vn 0 0 1
vt 0.527397275 0.475183845
v -479 -366 84
vn 0 0 1
vt 0.524584174 0.475183845
v -479 -264 84
vn 0 0 1
vt 0.524584174 0.522058845
f 4476/4476/4476 4475/4475/4475 4474/4474/4474
v -479 -248 84
vn 0 0 1
vt 0.103840508 0.941176474
v -479 -142 84
vn 0 0 1
vt 0.103840508 0.989889681
v -456 -142 84
vn 0 0 1
vt 0.106653623 0.989889681
v -456 -366 84
vn 0 0 1
vt 0.106653623 0.886948526
v -479 -264 84
vn 0 0 1
vt 0.103840508 0.933823526
f 4481/4481/4481 4480/4480/4480 4479/4479/4479 4478/4478/4478 4477/4477/4477
v -456 -372 84
vn 0 0 1
vt 0.263209403 0.222426474
v -456 -388 84
vn 0 0 1
vt 0.263209403 0.215073526
v -479 -388 84
vn 0 0 1
vt 0.260396272 0.215073526
v -479 -366 84
vn 0 0 1
vt 0.260396272 0.225183845
v -456 -366 84
vn 0 0 1
vt 0.263209403 0.225183845
f 4486/4486/4486 4485/4485/4485 4484/4484/4484 4483/4483/4483 4482/4482/4482
v -479 -142 84
vn 0 0 1
vt 0.0862279832 0.585477948
v -479 -248 84
vn 0 0 1
vt 0.0862279832 0.536764741
v -575 -248 84
vn 0 0 1
vt 0.0744863003 0.536764741
v -575 -142 84
vn 0 0 1
vt 0.0744863003 0.585477948
f 4490/4490/4490 4489/4489/4489 4488/4488/4488 4487/4487/4487
v -479 -264 84
vn 0 0 1
vt 0.542196691 0.522058845
v -479 -366 84
vn 0 0 1
vt 0.542196691 0.475183845
v -575 -264 84
vn 0 0 1
vt 0.530454993 0.522058845
f 4493/4493/4493 4492/4492/4492 4491/4491/4491
v -575 -366 84
vn 0 0 1
vt 0.368028373 0.622242689
v -575 -264 84
vn 0 0 1
vt 0.368028373 0.669117689
v -479 -366 84
vn 0 0 1
vt 0.37977007 0.622242689
v -479 -388 84
vn 0 0 1
vt 0.37977007 0.612132311
v -575 -388 84
vn 0 0 1
vt 0.368028373 0.612132311
f 4498/4498/4498 4497/4497/4497 4496/4496/4496 4495/4495/4495 4494/4494/4494
v -576 -366 84
vn 0 0 1
vt 0.545988262 0.475183845
v -575 -264 84
vn 0 0 1
vt 0.54611057 0.522058845
v -575 -366 84
vn 0 0 1
vt 0.54611057 0.475183845
f 4501/4501/4501 4500/4500/4500 4499/4499/4499
v -575 -248 84
vn 0 0 1
vt 0.109711349 0.941176474
v -575 -264 84
vn 0 0 1
vt 0.109711349 0.933823526
v -576 -366 84
vn 0 0 1
vt 0.10958904 0.886948526
v -576 -142 84
vn 0 0 1
vt 0.10958904 0.989889681
v -575 -142 84
vn 0 0 1
vt 0.109711349 0.989889681
f 4506/4506/4506 4505/4505/4505 4504/4504/4504 4503/4503/4503 4502/4502/4502
v -576 -366 84
vn 0 0 1
vt 0.266144812 0.225183845
v -575 -366 84
vn 0 0 1
vt 0.266267121 0.225183845
v -575 -388 84
vn 0 0 1
vt 0.266267121 0.215073526
v -576 -388 84
vn 0 0 1
vt 0.266144812 0.215073526
f 4510/4510/4510 4509/4509/4509 4508/4508/4508 4507/4507/4507
v -575 -264 156
vn 1 0 0
vt 0.461839527 0.352941155
v -575 -264 84
vn 1 0 0
vt 0.461839527 0.319852948
v -575 -248 84
vn 1 0 0
vt 0.463796467 0.319852948
v -575 -248 156
vn 1 0 0
vt 0.463796467 0.352941155
f 4514/4514/4514 4513/4513/4513 4512/4512/4512 4511/4511/4511
v -479 -264 84
vn 1 0 0
vt 0.469667315 0.319852948
v -479 -264 156
vn 1 0 0
vt 0.469667315 0.352941155
v -479 -248 156
vn 1 0 0
vt 0.467710376 0.352941155
v -479 -248 84
vn 1 0 0
vt 0.467710376 0.319852948
f 4518/4518/4518 4517/4517/4517 4516/4516/4516 4515/4515/4515
v -495 -264 156
vn 0 1 0
vt 0.475048929 0.352941155
v -479 -264 156
vn 0 1 0
vt 0.47309199 0.352941155
v -479 -264 84
vn 0 1 0
vt 0.47309199 0.319852948
v -575 -264 84
vn 0 1 0
vt 0.484833658 0.319852948
v -575 -264 156
vn 0 1 0
vt 0.484833658 0.352941155
f 4523/4523/4523 4522/4522/4522 4521/4521/4521 4520/4520/4520 4519/4519/4519
v -479 -248 84
vn 0 1 0
vt 0.491682976 0.319852948
v -479 -248 156
vn 0 1 0
vt 0.491682976 0.352941155
v -495 -248 156
vn 0 1 0
vt 0.489726037 0.352941155
f 4526/4526/4526 4525/4525/4525 4524/4524/4524
v -511 -248 156
vn 0 1 0
vt 0.503424644 0.352941155
v -575 -248 156
vn 0 1 0
vt 0.495596856 0.352941155
v -575 -248 84
vn 0 1 0
vt 0.495596856 0.319852948
v -479 -248 84
vn 0 1 0
vt 0.507338524 0.319852948
v -495 -248 156
vn 0 1 0
vt 0.505381584 0.352941155
f 4531/4531/4531 4530/4530/4530 4529/4529/4529 4528/4528/4528 4527/4527/4527
v -667 -368 4
vn 0 0 1
vt 0.692759275 0.161764681
v -687 -368 4
vn 0 0 1
vt 0.692759275 0.170955896
v -687 -384 4
vn 0 0 1
vt 0.694716215 0.170955896
v -667 -384 4
vn 0 0 1
vt 0.694716215 0.161764681
f 4535/4535/4535 4534/4534/4534 4533/4533/4533 4532/4532/4532
v -615 -368 4
vn 0 0 1
vt 0.743639946 0.279411793
v -667 -368 4
vn 0 0 1
vt 0.743639946 0.303308845
v -667 -384 4
vn 0 0 1
vt 0.745596886 0.303308845
v -615 -384 4
vn 0 0 1
vt 0.745596886 0.279411793
f 4539/4539/4539 4538/4538/4538 4537/4537/4537 4536/4536/4536
v -595 -368 4
vn 0 0 1
vt 0.698630154 0.161764681
v -615 -368 4
vn 0 0 1
vt 0.698630154 0.170955896
v -615 -384 4
vn 0 0 1
vt 0.700587094 0.170955896
v -595 -384 4
vn 0 0 1
vt 0.700587094 0.161764681
f 4543/4543/4543 4542/4542/4542 4541/4541/4541 4540/4540/4540
v -747 -92 4
vn 0 0 1
vt 0.704500973 0.170955896
v -747 -108 4
vn 0 0 1
vt 0.706457913 0.170955896
v -727 -108 4
vn 0 0 1
vt 0.706457913 0.161764681
v -727 -92 4
vn 0 0 1
vt 0.704500973 0.161764681
f 4547/4547/4547 4546/4546/4546 4545/4545/4545 4544/4544/4544
v -727 -92 4
vn 0 0 1
vt 0.749510765 0.303308845
v -727 -108 4
vn 0 0 1
vt 0.751467705 0.303308845
v -675 -108 4
vn 0 0 1
vt 0.751467705 0.279411793
v -675 -92 4
vn 0 0 1
vt 0.749510765 0.279411793
f 4551/4551/4551 4550/4550/4550 4549/4549/4549 4548/4548/4548
v -675 -92 4
vn 0 0 1
vt 0.710371792 0.170955896
v -675 -108 4
vn 0 0 1
vt 0.712328792 0.170955896
v -655 -108 4
vn 0 0 1
vt 0.712328792 0.161764681
v -655 -92 4
vn 0 0 1
vt 0.710371792 0.161764681
f 4555/4555/4555 4554/4554/4554 4553/4553/4553 4552/4552/4552
v -592 -6 320
vn 0 0 1
vt 0.705601752 0.0744485259
v -592 0 320
vn 0 0 1
vt 0.705601752 0.0772058964
v -748 0 320
vn 0 0 1
vt 0.724681973 0.0772058964
v -748 -6 320
vn 0 0 1
vt 0.724681973 0.0744485259
f 4559/4559/4559 4558/4558/4558 4557/4557/4557 4556/4556/4556
v -592 0 320
vn 1 0 0
vt 0.0909980461 0.591911793
v -592 -6 320
vn 1 0 0
vt 0.0902641863 0.591911793
v -592 -6 192
vn 1 0 0
vt 0.0902641863 0.533088207
f 4562/4562/4562 4561/4561/4561 4560/4560/4560
v -592 0 144
vn 1 0 0
vt 0.838551879 0.915441155
v -592 0 320
vn 1 0 0
vt 0.838551879 0.996323526
v -592 -6 192
vn 1 0 0
vt 0.837818027 0.9375
v -592 -6 96
vn 1 0 0
vt 0.837818027 0.89338237
v -592 0 96
vn 1 0 0
vt 0.838551879 0.89338237
f 4567/4567/4567 4566/4566/4566 4565/4565/4565 4564/4564/4564 4563/4563/4563
v -592 -6 4
vn 1 0 0
vt 0.31727007 0.365808845
v -592 0 4
vn 1 0 0
vt 0.318003923 0.365808845
v -592 0 96
vn 1 0 0
vt 0.318003923 0.408088207
v -592 -6 96
vn 1 0 0
vt 0.31727007 0.408088207
f 4571/4571/4571 4570/4570/4570 4569/4569/4569 4568/4568/4568
v -592 -332 192
vn 1 0 0
vt 0.431996077 0.871323526
v -592 -388 192
vn 1 0 0
vt 0.425146759 0.871323526
v -592 -388 4
vn 1 0 0
vt 0.425146759 0.784926474
v -592 -164 4
vn 1 0 0
vt 0.452544034 0.784926474
v -592 -164 192
vn 1 0 0
vt 0.452544034 0.871323526
f 4576/4576/4576 4575/4575/4575 4574/4574/4574 4573/4573/4573 4572/4572/4572
v -592 -6 96
vn 1 0 0
vt 0.475782782 0.827205896
v -592 -6 192
vn 1 0 0
vt 0.475782782 0.871323526
v -592 -92 192
vn 1 0 0
vt 0.465264201 0.871323526
v -592 -108 192
vn 1 0 0
vt 0.463307232 0.871323526
v -592 -164 192
vn 1 0 0
vt 0.456457913 0.871323526
v -592 -164 4
vn 1 0 0
vt 0.456457913 0.784926474
v -592 -6 4
vn 1 0 0
vt 0.475782782 0.784926474
f 4583/4583/4583 4582/4582/4582 4581/4581/4581 4580/4580/4580 4579/4579/4579 4578/4578/4578 4577/4577/4577
v -675 -108 48
vn 0 1 0
vt 0.481898248 0.803308845
v -675 -108 192
vn 0 1 0
vt 0.481898248 0.869485259
v -667 -108 192
vn 0 1 0
vt 0.480919778 0.869485259
v -655 -108 192
vn 0 1 0
vt 0.479452044 0.869485259
v -655 -108 4
vn 0 1 0
vt 0.479452044 0.783088207
v -675 -108 4
vn 0 1 0
vt 0.481898248 0.783088207
f 4589/4589/4589 4588/4588/4588 4587/4587/4587 4586/4586/4586 4585/4585/4585 4584/4584/4584
v -727 -108 48
vn 0 1 0
vt 0.485322893 0.803308845
v -727 -108 4
vn 0 1 0
vt 0.485322893 0.783088207
v -747 -108 4
vn 0 1 0
vt 0.487769067 0.783088207
v -747 -108 192
vn 0 1 0
vt 0.487769067 0.869485259
v -727 -108 192
vn 0 1 0
vt 0.485322893 0.869485259
f 4594/4594/4594 4593/4593/4593 4592/4592/4592 4591/4591/4591 4590/4590/4590
v -727 -108 48
vn 0 1 0
vt 0.276418775 0.229779422
v -675 -108 48
vn 0 1 0
vt 0.270058721 0.229779422
v -675 -108 4
vn 0 1 0
vt 0.270058721 0.209558845
v -727 -108 4
vn 0 1 0
vt 0.276418775 0.209558845
f 4598/4598/4598 4597/4597/4597 4596/4596/4596 4595/4595/4595
v -727 -92 48
vn 0 1 0
vt 0.493150681 0.803308845
v -727 -92 192
vn 0 1 0
vt 0.493150681 0.869485259
v -747 -92 192
vn 0 1 0
vt 0.490704507 0.869485259
v -747 -92 4
vn 0 1 0
vt 0.490704507 0.783088207
v -727 -92 4
vn 0 1 0
vt 0.493150681 0.783088207
f 4603/4603/4603 4602/4602/4602 4601/4601/4601 4600/4600/4600 4599/4599/4599
v -675 -92 4
vn 0 1 0
vt 0.285714298 0.209558845
v -675 -92 48
vn 0 1 0
vt 0.285714298 0.229779422
v -727 -92 48
vn 0 1 0
vt 0.279354215 0.229779422
v -727 -92 4
vn 0 1 0
vt 0.279354215 0.209558845
f 4607/4607/4607 4606/4606/4606 4605/4605/4605 4604/4604/4604
v -675 -92 48
vn 0 1 0
vt 0.496575356 0.803308845
v -675 -92 4
vn 0 1 0
vt 0.496575356 0.783088207
v -655 -92 4
vn 0 1 0
vt 0.49902153 0.783088207
v -655 -92 192
vn 0 1 0
vt 0.49902153 0.869485259
v -675 -92 192
vn 0 1 0
vt 0.496575356 0.869485259
f 4612/4612/4612 4611/4611/4611 4610/4610/4610 4609/4609/4609 4608/4608/4608
v -592 -6 320
vn 0 1 0
vt 0.112524465 0.591911793
v -748 -6 320
vn 0 1 0
vt 0.0934442282 0.591911793
v -748 -6 192
vn 0 1 0
vt 0.0934442282 0.533088207
v -592 -6 192
vn 0 1 0
vt 0.112524465 0.533088207
f 4616/4616/4616 4615/4615/4615 4614/4614/4614 4613/4613/4613
v -748 -6 192
vn 1 0 0
vt 0.115704499 0.533088207
v -748 -6 320
vn 1 0 0
vt 0.115704499 0.591911793
v -748 0 320
vn 1 0 0
vt 0.114970647 0.591911793
f 4619/4619/4619 4618/4618/4618 4617/4617/4617
v -748 0 144
vn 1 0 0
vt 0.840998054 0.915441155
v -748 0 96
vn 1 0 0
vt 0.840998054 0.89338237
v -748 -6 96
vn 1 0 0
vt 0.841731906 0.89338237
v -748 -6 192
vn 1 0 0
vt 0.841731906 0.9375
v -748 0 320
vn 1 0 0
vt 0.840998054 0.996323526
f 4624/4624/4624 4623/4623/4623 4622/4622/4622 4621/4621/4621 4620/4620/4620
v -748 -6 4
vn 1 0 0
vt 0.32118395 0.365808845
v -748 -6 96
vn 1 0 0
vt 0.32118395 0.408088207
v -748 0 96
vn 1 0 0
vt 0.320450097 0.408088207
v -748 0 4
vn 1 0 0
vt 0.320450097 0.365808845
f 4628/4628/4628 4627/4627/4627 4626/4626/4626 4625/4625/4625
v -748 -6 96
vn 1 0 0
vt 0.503180027 0.827205896
v -748 -6 4
vn 1 0 0
vt 0.503180027 0.784926474
v -748 -92 4
vn 1 0 0
vt 0.513698637 0.784926474
v -748 -92 192
vn 1 0 0
vt 0.513698637 0.871323526
v -748 -6 192
vn 1 0 0
vt 0.503180027 0.871323526
f 4633/4633/4633 4632/4632/4632 4631/4631/4631 4630/4630/4630 4629/4629/4629
v -592 -6 192
vn 0 0 1
vt 0.323874742 0.405330896
v -675 -92 192
vn 0 0 1
vt 0.334026426 0.365808845
v -655 -92 192
vn 0 0 1
vt 0.331580222 0.365808845
v -592 -92 192
vn 0 0 1
vt 0.323874742 0.365808845
f 4637/4637/4637 4636/4636/4636 4635/4635/4635 4634/4634/4634
v -748 -6 192
vn 0 0 1
vt 0.356653631 0.405330896
v -748 -92 192
vn 0 0 1
vt 0.356653631 0.365808845
v -747 -92 192
vn 0 0 1
vt 0.356531322 0.365808845
v -727 -92 192
vn 0 0 1
vt 0.354085118 0.365808845
v -675 -92 192
vn 0 0 1
vt 0.347725064 0.365808845
v -592 -6 192
vn 0 0 1
vt 0.337573379 0.405330896
f 4643/4643/4643 4642/4642/4642 4641/4641/4641 4640/4640/4640 4639/4639/4639 4638/4638/4638
v -727 -92 48
vn 1 0 0
vt 0.864970624 0.693014741
v -727 -108 48
vn 1 0 0
vt 0.866927564 0.693014741
v -727 -108 192
vn 1 0 0
vt 0.866927564 0.759191155
v -727 -92 192
vn 1 0 0
vt 0.864970624 0.759191155
f 4647/4647/4647 4646/4646/4646 4645/4645/4645 4644/4644/4644
v -675 -108 48
vn 1 0 0
vt 0.870841503 0.693014741
v -675 -92 48
vn 1 0 0
vt 0.872798443 0.693014741
v -675 -92 192
vn 1 0 0
vt 0.872798443 0.759191155
v -675 -108 192
vn 1 0 0
vt 0.870841503 0.759191155
f 4651/4651/4651 4650/4650/4650 4649/4649/4649 4648/4648/4648
v -655 -92 4
vn 1 0 0
vt 0.516634047 0.783088207
v -655 -108 4
vn 1 0 0
vt 0.518590987 0.783088207
v -655 -108 192
vn 1 0 0
vt 0.518590987 0.869485259
v -655 -92 192
vn 1 0 0
vt 0.516634047 0.869485259
f 4655/4655/4655 4654/4654/4654 4653/4653/4653 4652/4652/4652
v -592 -92 192
vn 0 0 1
vt 0.715264201 0.167279422
v -595 -108 192
vn 0 0 1
vt 0.715631127 0.159926474
v -592 -108 192
vn 0 0 1
vt 0.715264201 0.159926474
f 4658/4658/4658 4657/4657/4657 4656/4656/4656
v -615 -108 192
vn 0 0 1
vt 0.721991181 0.159926474
v -595 -108 192
vn 0 0 1
vt 0.719545007 0.159926474
v -592 -92 192
vn 0 0 1
vt 0.719178081 0.167279422
v -655 -92 192
vn 0 0 1
vt 0.72688359 0.167279422
v -655 -108 192
vn 0 0 1
vt 0.72688359 0.159926474
f 4663/4663/4663 4662/4662/4662 4661/4661/4661 4660/4660/4660 4659/4659/4659
v -727 -92 48
vn 0 0 1
vt 0.757338524 0.303308845
v -675 -92 48
vn 0 0 1
vt 0.757338524 0.279411793
v -675 -108 48
vn 0 0 1
vt 0.755381584 0.279411793
v -727 -108 48
vn 0 0 1
vt 0.755381584 0.303308845
f 4667/4667/4667 4666/4666/4666 4665/4665/4665 4664/4664/4664
v -687 -108 192
vn 0 0 1
vt 0.73079747 0.159926474
v -675 -108 192
vn 0 0 1
vt 0.729329765 0.159926474
v -675 -92 192
vn 0 0 1
vt 0.729329765 0.167279422
v -727 -92 192
vn 0 0 1
vt 0.735689819 0.167279422
v -727 -108 192
vn 0 0 1
vt 0.735689819 0.159926474
f 4672/4672/4672 4671/4671/4671 4670/4670/4670 4669/4669/4669 4668/4668/4668
v -748 -92 4
vn 1 0 0
vt 0.521526396 0.784926474
v -748 -108 4
vn 1 0 0
vt 0.523483396 0.784926474
v -748 -108 192
vn 1 0 0
vt 0.523483396 0.871323526
v -748 -92 192
vn 1 0 0
vt 0.521526396 0.871323526
f 4676/4676/4676 4675/4675/4675 4674/4674/4674 4673/4673/4673
v -747 -108 4
vn 1 0 0
vt 0.526418805 0.783088207
v -747 -92 4
vn 1 0 0
vt 0.528375745 0.783088207
v -747 -92 192
vn 1 0 0
vt 0.528375745 0.869485259
v -747 -108 192
vn 1 0 0
vt 0.526418805 0.869485259
f 4680/4680/4680 4679/4679/4679 4678/4678/4678 4677/4677/4677
v -747 -92 192
vn 0 0 1
vt 0.740092933 0.167279422
v -748 -92 192
vn 0 0 1
vt 0.740215242 0.167279422
v -748 -108 192
vn 0 0 1
vt 0.740215242 0.159926474
v -747 -108 192
vn 0 0 1
vt 0.740092933 0.159926474
f 4684/4684/4684 4683/4683/4683 4682/4682/4682 4681/4681/4681
v -667 -384 48
vn 1 0 0
vt 0.878669262 0.693014741
v -667 -384 192
vn 1 0 0
vt 0.878669262 0.759191155
v -667 -368 192
vn 1 0 0
vt 0.876712322 0.759191155
v -667 -368 48
vn 1 0 0
vt 0.876712322 0.693014741
f 4688/4688/4688 4687/4687/4687 4686/4686/4686 4685/4685/4685
v -615 -368 192
vn 1 0 0
vt 0.884540141 0.759191155
v -615 -384 192
vn 1 0 0
vt 0.882583141 0.759191155
v -615 -384 48
vn 1 0 0
vt 0.882583141 0.693014741
v -615 -368 48
vn 1 0 0
vt 0.884540141 0.693014741
f 4692/4692/4692 4691/4691/4691 4690/4690/4690 4689/4689/4689
v -595 -384 4
vn 1 0 0
vt 0.534246564 0.783088207
v -595 -384 192
vn 1 0 0
vt 0.534246564 0.869485259
v -595 -368 192
vn 1 0 0
vt 0.532289624 0.869485259
v -595 -368 4
vn 1 0 0
vt 0.532289624 0.783088207
f 4696/4696/4696 4695/4695/4695 4694/4694/4694 4693/4693/4693
v -592 -164 192
vn 0 0 1
vt 0.112524465 0.965073526
v -592 -108 192
vn 0 0 1
vt 0.112524465 0.990808845
v -595 -108 192
vn 0 0 1
vt 0.112891391 0.990808845
v -595 -332 192
vn 0 0 1
vt 0.112891391 0.88786763
v -592 -332 192
vn 0 0 1
vt 0.112524465 0.88786763
f 4701/4701/4701 4700/4700/4700 4699/4699/4699 4698/4698/4698 4697/4697/4697
v -592 -388 192
vn 0 0 1
vt 0.727005899 0.0753676295
v -595 -384 192
vn 0 0 1
vt 0.727372825 0.0772058964
v -595 -388 192
vn 0 0 1
vt 0.727372825 0.0753676295
f 4704/4704/4704 4703/4703/4703 4702/4702/4702
v -595 -368 192
vn 0 0 1
vt 0.510151684 0.334558845
v -595 -384 192
vn 0 0 1
vt 0.510151684 0.327205896
v -592 -388 192
vn 0 0 1
vt 0.509784758 0.32536763
v -592 -332 192
vn 0 0 1
vt 0.509784758 0.351102948
v -595 -332 192
vn 0 0 1
vt 0.510151684 0.351102948
f 4709/4709/4709 4708/4708/4708 4707/4707/4707 4706/4706/4706 4705/4705/4705
v -615 -384 48
vn 0 1 0
vt 0.540606678 0.803308845
v -615 -384 192
vn 0 1 0
vt 0.540606678 0.869485259
v -595 -384 192
vn 0 1 0
vt 0.538160443 0.869485259
v -595 -384 4
vn 0 1 0
vt 0.538160443 0.783088207
v -615 -384 4
vn 0 1 0
vt 0.540606678 0.783088207
f 4714/4714/4714 4713/4713/4713 4712/4712/4712 4711/4711/4711 4710/4710/4710
v -615 -368 48
vn 0 1 0
vt 0.543542087 0.803308845
v -615 -368 4
vn 0 1 0
vt 0.543542087 0.783088207
v -595 -368 4
vn 0 1 0
vt 0.545988262 0.783088207
v -595 -368 192
vn 0 1 0
vt 0.545988262 0.869485259
v -615 -368 192
vn 0 1 0
vt 0.543542087 0.869485259
f 4719/4719/4719 4718/4718/4718 4717/4717/4717 4716/4716/4716 4715/4715/4715
v -615 -108 192
vn 0 0 1
vt 0.119251467 0.990808845
v -615 -332 192
vn 0 0 1
vt 0.119251467 0.88786763
v -595 -332 192
vn 0 0 1
vt 0.116805285 0.88786763
v -595 -108 192
vn 0 0 1
vt 0.116805285 0.990808845
f 4723/4723/4723 4722/4722/4722 4721/4721/4721 4720/4720/4720
v -615 -368 192
vn 0 0 1
vt 0.291462809 0.209558845
v -595 -368 192
vn 0 0 1
vt 0.289016634 0.209558845
v -595 -332 192
vn 0 0 1
vt 0.289016634 0.226102948
v -615 -332 192
vn 0 0 1
vt 0.291462809 0.226102948
f 4727/4727/4727 4726/4726/4726 4725/4725/4725 4724/4724/4724
v -595 -384 192
vn 0 0 1
vt 0.731286705 0.0772058964
v -615 -384 192
vn 0 0 1
vt 0.733732879 0.0772058964
v -615 -388 192
vn 0 0 1
vt 0.733732879 0.0753676295
v -595 -388 192
vn 0 0 1
vt 0.731286705 0.0753676295
f 4731/4731/4731 4730/4730/4730 4729/4729/4729 4728/4728/4728
v -667 -368 48
vn 0 0 1
vt 0.763209403 0.303308845
v -615 -368 48
vn 0 0 1
vt 0.763209403 0.279411793
v -615 -384 48
vn 0 0 1
vt 0.761252463 0.279411793
v -667 -384 48
vn 0 0 1
vt 0.761252463 0.303308845
f 4735/4735/4735 4734/4734/4734 4733/4733/4733 4732/4732/4732
v -655 -108 192
vn 0 0 1
vt 0.128057733 0.990808845
v -667 -108 192
vn 0 0 1
vt 0.129525438 0.990808845
v -667 -332 192
vn 0 0 1
vt 0.129525438 0.88786763
v -615 -332 192
vn 0 0 1
vt 0.123165362 0.88786763
v -615 -108 192
vn 0 0 1
vt 0.123165362 0.990808845
f 4740/4740/4740 4739/4739/4739 4738/4738/4738 4737/4737/4737 4736/4736/4736
v -615 -332 192
vn 0 0 1
vt 0.295376718 0.226102948
v -667 -332 192
vn 0 0 1
vt 0.301736802 0.226102948
v -667 -368 192
vn 0 0 1
vt 0.301736802 0.209558845
v -615 -368 192
vn 0 0 1
vt 0.295376718 0.209558845
f 4744/4744/4744 4743/4743/4743 4742/4742/4742 4741/4741/4741
v -615 -388 192
vn 0 0 1
vt 0.737646759 0.0753676295
v -615 -384 192
vn 0 0 1
vt 0.737646759 0.0772058964
v -667 -388 192
vn 0 0 1
vt 0.744006872 0.0753676295
f 4747/4747/4747 4746/4746/4746 4745/4745/4745
v -667 -384 192
vn 0 0 1
vt 0.749877691 0.165441155
v -667 -388 192
vn 0 0 1
vt 0.749877691 0.163602948
v -615 -384 192
vn 0 0 1
vt 0.743517637 0.165441155
v -615 -368 192
vn 0 0 1
vt 0.743517637 0.172794104
v -667 -368 192
vn 0 0 1
vt 0.749877691 0.172794104
f 4752/4752/4752 4751/4751/4751 4750/4750/4750 4749/4749/4749 4748/4748/4748
v -667 -384 48
vn 0 1 0
vt 0.311643839 0.229779422
v -615 -384 48
vn 0 1 0
vt 0.305283755 0.229779422
v -615 -384 4
vn 0 1 0
vt 0.305283755 0.209558845
v -667 -384 4
vn 0 1 0
vt 0.311643839 0.209558845
f 4756/4756/4756 4755/4755/4755 4754/4754/4754 4753/4753/4753
v -615 -368 48
vn 0 1 0
vt 0.320939332 0.229779422
v -667 -368 48
vn 0 1 0
vt 0.314579248 0.229779422
v -667 -368 4
vn 0 1 0
vt 0.314579248 0.209558845
v -615 -368 4
vn 0 1 0
vt 0.320939332 0.209558845
f 4760/4760/4760 4759/4759/4759 4758/4758/4758 4757/4757/4757
v -748 -224 4
vn 1 0 0
vt 0.563111544 0.784926474
v -748 -332 4
vn 1 0 0
vt 0.576320946 0.784926474
v -748 -332 192
vn 1 0 0
vt 0.576320946 0.871323526
v -748 -108 192
vn 1 0 0
vt 0.548923671 0.871323526
v -748 -108 4
vn 1 0 0
vt 0.548923671 0.784926474
f 4765/4765/4765 4764/4764/4764 4763/4763/4763 4762/4762/4762 4761/4761/4761
v -748 -388 4
vn 1 0 0
vt 0.585127175 0.784926474
v -748 -388 192
vn 1 0 0
vt 0.585127175 0.871323526
v -748 -332 192
vn 1 0 0
vt 0.578277886 0.871323526
v -748 -332 4
vn 1 0 0
vt 0.578277886 0.784926474
f 4769/4769/4769 4768/4768/4768 4767/4767/4767 4766/4766/4766
v -687 -384 192
vn 1 0 0
vt 0.589041114 0.869485259
v -687 -384 4
vn 1 0 0
vt 0.589041114 0.783088207
v -687 -368 4
vn 1 0 0
vt 0.590998054 0.783088207
v -687 -368 192
vn 1 0 0
vt 0.590998054 0.869485259
f 4773/4773/4773 4772/4772/4772 4771/4771/4771 4770/4770/4770
v -667 -384 48
vn 0 1 0
vt 0.594911933 0.803308845
v -667 -384 4
vn 0 1 0
vt 0.594911933 0.783088207
v -687 -384 4
vn 0 1 0
vt 0.597358108 0.783088207
v -687 -384 192
vn 0 1 0
vt 0.597358108 0.869485259
v -667 -384 192
vn 0 1 0
vt 0.594911933 0.869485259
f 4778/4778/4778 4777/4777/4777 4776/4776/4776 4775/4775/4775 4774/4774/4774
v -667 -368 48
vn 0 1 0
vt 0.602739751 0.803308845
v -667 -368 192
vn 0 1 0
vt 0.602739751 0.869485259
v -687 -368 192
vn 0 1 0
vt 0.600293517 0.869485259
v -687 -368 4
vn 0 1 0
vt 0.600293517 0.783088207
v -667 -368 4
vn 0 1 0
vt 0.602739751 0.783088207
f 4783/4783/4783 4782/4782/4782 4781/4781/4781 4780/4780/4780 4779/4779/4779
v -675 -108 192
vn 0 0 1
vt 0.134417802 0.990808845
v -687 -108 192
vn 0 0 1
vt 0.135885522 0.990808845
v -687 -332 192
vn 0 0 1
vt 0.135885522 0.88786763
v -667 -332 192
vn 0 0 1
vt 0.133439332 0.88786763
v -667 -108 192
vn 0 0 1
vt 0.133439332 0.990808845
f 4788/4788/4788 4787/4787/4787 4786/4786/4786 4785/4785/4785 4784/4784/4784
v -687 -368 192
vn 0 0 1
vt 0.327666342 0.209558845
v -667 -368 192
vn 0 0 1
vt 0.325220168 0.209558845
v -667 -332 192
vn 0 0 1
vt 0.325220168 0.226102948
v -687 -332 192
vn 0 0 1
vt 0.327666342 0.226102948
f 4792/4792/4792 4791/4791/4791 4790/4790/4790 4789/4789/4789
v -667 -384 192
vn 0 0 1
vt 0.747920752 0.0772058964
v -687 -384 192
vn 0 0 1
vt 0.750366926 0.0772058964
v -687 -388 192
vn 0 0 1
vt 0.750366926 0.0753676295
v -667 -388 192
vn 0 0 1
vt 0.747920752 0.0753676295
f 4796/4796/4796 4795/4795/4795 4794/4794/4794 4793/4793/4793
v -687 -332 192
vn 0 0 1
vt 0.139799416 0.88786763
v -687 -108 192
vn 0 0 1
vt 0.139799416 0.990808845
v -727 -108 192
vn 0 0 1
vt 0.14469178 0.990808845
f 4799/4799/4799 4798/4798/4798 4797/4797/4797
v -748 -332 192
vn 0 0 1
vt 0.157045007 0.88786763
v -687 -332 192
vn 0 0 1
vt 0.149584144 0.88786763
v -727 -108 192
vn 0 0 1
vt 0.154476523 0.990808845
v -747 -108 192
vn 0 0 1
vt 0.156922698 0.990808845
v -748 -108 192
vn 0 0 1
vt 0.157045007 0.990808845
f 4804/4804/4804 4803/4803/4803 4802/4802/4802 4801/4801/4801 4800/4800/4800
v -687 -368 192
vn 0 0 1
vt 0.331580222 0.209558845
v -687 -332 192
vn 0 0 1
vt 0.331580222 0.226102948
v -748 -332 192
vn 0 0 1
vt 0.339041084 0.226102948
f 4807/4807/4807 4806/4806/4806 4805/4805/4805
v -748 -388 192
vn 0 0 1
vt 0.522994101 0.32536763
v -687 -388 192
vn 0 0 1
vt 0.515533268 0.32536763
v -687 -384 192
vn 0 0 1
vt 0.515533268 0.327205896
v -687 -368 192
vn 0 0 1
vt 0.515533268 0.334558845
v -748 -332 192
vn 0 0 1
vt 0.522994101 0.351102948
f 4812/4812/4812 4811/4811/4811 4810/4810/4810 4809/4809/4809 4808/4808/4808
v -592 -320 0
vn 1 0 0
vt 0.762230933 0.0698529482
v -592 -164 0
vn 1 0 0
vt 0.781311154 0.0698529482
v -592 -164 4
vn 1 0 0
vt 0.781311154 0.0716911554
v -592 -388 4
vn 1 0 0
vt 0.753913879 0.0716911554
v -592 -388 0
vn 1 0 0
vt 0.753913879 0.0698529482
f 4817/4817/4817 4816/4816/4816 4815/4815/4815 4814/4814/4814 4813/4813/4813
v -592 0 0
vn 1 0 0
vt 0.785714269 0.0698529482
v -592 0 4
vn 1 0 0
vt 0.785714269 0.0716911554
v -592 -6 4
vn 1 0 0
vt 0.784980416 0.0716911554
f 4820/4820/4820 4819/4819/4819 4818/4818/4818
v -592 -96 0
vn 1 0 0
vt 0.797455966 0.0698529482
v -592 0 0
vn 1 0 0
vt 0.809197664 0.0698529482
v -592 -6 4
vn 1 0 0
vt 0.808463812 0.0716911554
v -592 -164 4
vn 1 0 0
vt 0.789138973 0.0716911554
v -592 -164 0
vn 1 0 0
vt 0.789138973 0.0698529482
f 4825/4825/4825 4824/4824/4824 4823/4823/4823 4822/4822/4822 4821/4821/4821
v -748 -224 4
vn 1 0 0
vt 0.825342476 0.0716911554
v -748 -108 4
vn 1 0 0
vt 0.811154604 0.0716911554
v -748 -224 0
vn 1 0 0
vt 0.825342476 0.0698529482
f 4828/4828/4828 4827/4827/4827 4826/4826/4826
v -748 -6 4
vn 1 0 0
vt 0.829990208 0.0716911554
v -748 0 4
vn 1 0 0
vt 0.829256356 0.0716911554
v -748 0 0
vn 1 0 0
vt 0.829256356 0.0698529482
f 4831/4831/4831 4830/4830/4830 4829/4829/4829
v -748 -96 0
vn 1 0 0
vt 0.844911933 0.0698529482
v -748 -224 0
vn 1 0 0
vt 0.86056751 0.0698529482
v -748 -108 4
vn 1 0 0
vt 0.846379638 0.0716911554
v -748 -92 4
vn 1 0 0
vt 0.844422698 0.0716911554
v -748 -6 4
vn 1 0 0
vt 0.833904088 0.0716911554
v -748 0 0
vn 1 0 0
vt 0.833170235 0.0698529482
f 4837/4837/4837 4836/4836/4836 4835/4835/4835 4834/4834/4834 4833/4833/4833 4832/4832/4832
v -748 -388 0
vn 1 0 0
vt 0.870841503 0.0698529482
v -748 -388 4
vn 1 0 0
vt 0.870841503 0.0716911554
v -748 -332 4
vn 1 0 0
vt 0.863992155 0.0716911554
f 4840/4840/4840 4839/4839/4839 4838/4838/4838
v -748 -320 0
vn 1 0 0
vt 0.886007845 0.0698529482
v -748 -388 0
vn 1 0 0
vt 0.894324839 0.0698529482
v -748 -332 4
vn 1 0 0
vt 0.88747555 0.0716911554
v -748 -224 4
vn 1 0 0
vt 0.874266148 0.0716911554
v -748 -224 0
vn 1 0 0
vt 0.874266148 0.0698529482
f 4845/4845/4845 4844/4844/4844 4843/4843/4843 4842/4842/4842 4841/4841/4841
v 112.771111 -419.582153 268
vn -0.707106769 0.707106769 -0
vt 0.209685639 0.737132311
v 112.771111 -419.582153 315
vn -0.707106769 0.707106769 -0
vt 0.209685639 0.758731604
v 124.09111 -408.262146 315
vn -0.707106769 0.707106769 -0
vt 0.207727596 0.758731604
v 131.887939 -400.465302 315
vn -0.707106769 0.707106769 -0
vt 0.206378981 0.758731604
v 131.887939 -400.465302 144
vn -0.707106769 0.707106769 -0
vt 0.206378981 0.680147052
v 121.778023 -410.575226 144
vn -0.707106769 0.707106769 -0
vt 0.208127692 0.680147052
v 112.771111 -419.582153 144
vn -0.707106769 0.707106769 -0
vt 0.209685639 0.680147052
f 4852/4852/4852 4851/4851/4851 4850/4850/4850 4849/4849/4849 4848/4848/4848 4847/4847/4847 4846/4846/4846
v 108.804039 -423.549194 268
vn -0.707106769 0.707106769 -0
vt 0.768101752 0.28125
v 52.1177483 -480.235504 268
vn -0.707106769 0.707106769 -0
vt 0.777906835 0.28125
v 52.1177483 -480.235504 315
vn -0.707106769 0.707106769 -0
vt 0.777906835 0.302849293
v 112.771111 -419.582153 315
vn -0.707106769 0.707106769 -0
vt 0.767415583 0.302849293
v 112.771111 -419.582153 268
vn -0.707106769 0.707106769 -0
vt 0.767415583 0.28125
f 4857/4857/4857 4856/4856/4856 4855/4855/4855 4854/4854/4854 4853/4853/4853
v 44.0114517 -488.341797 315
vn -0.707106769 0.707106769 -0
vt 0.785159469 0.302849293
v 52.1177483 -480.235504 315
vn -0.707106769 0.707106769 -0
vt 0.783757329 0.302849293
v 52.1177483 -480.235504 268
vn -0.707106769 0.707106769 -0
vt 0.783757329 0.28125
v 30.5633621 -501.789886 268
vn -0.707106769 0.707106769 -0
vt 0.7874856 0.28125
v 30.5633621 -501.789886 315
vn -0.707106769 0.707106769 -0
vt 0.7874856 0.302849293
f 4862/4862/4862 4861/4861/4861 4860/4860/4860 4859/4859/4859 4858/4858/4858
v 52.1177483 -480.235504 208
vn -0.707106769 0.707106769 -0
vt 0.120352253 0.5625
v 52.1177483 -480.235504 144
vn -0.707106769 0.707106769 -0
vt 0.120352253 0.533088207
v 40.0216103 -492.331635 144
vn -0.707106769 0.707106769 -0
vt 0.122444533 0.533088207
v 30.5633621 -501.789886 144
vn -0.707106769 0.707106769 -0
vt 0.124080539 0.533088207
v 30.5633621 -501.789886 268
vn -0.707106769 0.707106769 -0
vt 0.124080539 0.590073526
v 52.1177483 -480.235504 268
vn -0.707106769 0.707106769 -0
vt 0.120352253 0.590073526
f 4868/4868/4868 4867/4867/4867 4866/4866/4866 4865/4865/4865 4864/4864/4864 4863/4863/4863
v 108.804039 -423.549194 208
vn -0.707106769 0.707106769 -0
vt 0.752446175 0.172794104
v 103.147186 -429.206055 188
vn -0.707106769 0.707106769 -0
vt 0.753424644 0.163602948
v 97.4903336 -434.862915 196
vn -0.707106769 0.707106769 -0
vt 0.754403114 0.167279422
f 4871/4871/4871 4870/4870/4870 4869/4869/4869
v 108.804039 -423.549194 208
vn -0.707106769 0.707106769 -0
vt 0.343444228 0.23161763
v 108.804039 -423.549194 172
vn -0.707106769 0.707106769 -0
vt 0.343444228 0.215073526
v 103.147186 -429.206055 188
vn -0.707106769 0.707106769 -0
vt 0.344422698 0.222426474
f 4874/4874/4874 4873/4873/4873 4872/4872/4872
v 91.8334808 -440.519775 204
vn -0.707106769 0.707106769 -0
vt 0.900195718 0.0753676295
v 108.804039 -423.549194 208
vn -0.707106769 0.707106769 -0
vt 0.897260249 0.0772058964
v 97.4903336 -434.862915 196
vn -0.707106769 0.707106769 -0
vt 0.899217248 0.0716911554
f 4877/4877/4877 4876/4876/4876 4875/4875/4875
v 108.804039 -423.549194 208
vn -0.707106769 0.707106769 -0
vt 0.903131127 0.0772058964
v 91.8334808 -440.519775 204
vn -0.707106769 0.707106769 -0
vt 0.906066537 0.0753676295
v 83.3481979 -449.005035 208
vn -0.707106769 0.707106769 -0
vt 0.907534242 0.0772058964
f 4880/4880/4880 4879/4879/4879 4878/4878/4878
v 57.8923531 -474.460907 188
vn -0.707106769 0.707106769 -0
vt 0.348336607 0.222426474
v 52.2354965 -480.117737 172
vn -0.707106769 0.707106769 -0
vt 0.347358108 0.215073526
v 52.2354965 -480.117737 180
vn -0.707106769 0.707106769 -0
vt 0.347358108 0.21875
v 52.2354965 -480.117737 196
vn -0.707106769 0.707106769 -0
vt 0.347358108 0.226102948
v 62.4178352 -469.935425 200.800003
vn -0.707106769 0.707106769 -0
vt 0.349119365 0.228308856
f 4885/4885/4885 4884/4884/4884 4883/4883/4883 4882/4882/4882 4881/4881/4881
v 62.4178352 -469.935425 200.800003
vn -0.707106769 0.707106769 -0
vt 0.758121312 0.169485331
v 69.2060623 -463.147186 204
vn -0.707106769 0.707106769 -0
vt 0.759295523 0.170955896
v 63.5492058 -468.804047 196
vn -0.707106769 0.707106769 -0
vt 0.758317053 0.167279422
v 57.8923531 -474.460907 188
vn -0.707106769 0.707106769 -0
vt 0.757338524 0.163602948
f 4889/4889/4889 4888/4888/4888 4887/4887/4887 4886/4886/4886
v 52.2354965 -480.117737 208
vn -0.707106769 0.707106769 -0
vt 0.910958886 0.0772058964
v 69.2060623 -463.147186 204
vn -0.707106769 0.707106769 -0
vt 0.913894296 0.0753676295
v 62.4178352 -469.935425 200.800003
vn -0.707106769 0.707106769 -0
vt 0.912720144 0.0738970637
v 52.2354965 -480.117737 196
vn -0.707106769 0.707106769 -0
vt 0.910958886 0.0716911554
f 4893/4893/4893 4892/4892/4892 4891/4891/4891 4890/4890/4890
v 69.2060623 -463.147186 204
vn -0.707106769 0.707106769 -0
vt 0.919765174 0.0753676295
v 52.2354965 -480.117737 208
vn -0.707106769 0.707106769 -0
vt 0.922700584 0.0772058964
v 77.6913452 -454.661896 208
vn -0.707106769 0.707106769 -0
vt 0.91829747 0.0772058964
f 4896/4896/4896 4895/4895/4895 4894/4894/4894
v 108.804039 -423.549194 268
vn -0.707106769 0.707106769 -0
vt 0.789628208 0.303308845
v 108.804039 -423.549194 208
vn -0.707106769 0.707106769 -0
vt 0.789628208 0.275735319
v 83.3481979 -449.005035 208
vn -0.707106769 0.707106769 -0
vt 0.794031322 0.275735319
v 77.6913452 -454.661896 208
vn -0.707106769 0.707106769 -0
vt 0.795009792 0.275735319
f 4900/4900/4900 4899/4899/4899 4898/4898/4898 4897/4897/4897
v 52.1177483 -480.235504 268
vn -0.707106769 0.707106769 -0
vt 0.80726105 0.303308845
v 108.804039 -423.549194 268
vn -0.707106769 0.707106769 -0
vt 0.797455966 0.303308845
v 77.6913452 -454.661896 208
vn -0.707106769 0.707106769 -0
vt 0.802837551 0.275735319
v 52.2354965 -480.117737 208
vn -0.707106769 0.707106769 -0
vt 0.807240725 0.275735319
v 52.1177483 -480.235504 208
vn -0.707106769 0.707106769 -0
vt 0.80726105 0.275735319
f 4905/4905/4905 4904/4904/4904 4903/4903/4903 4902/4902/4902 4901/4901/4901
v 112.771111 -419.582153 144
vn -0.707106769 0.707106769 -0
vt 0.763501644 0.158088207
v 108.804039 -423.549194 144
vn -0.707106769 0.707106769 -0
vt 0.764187872 0.158088207
v 108.804039 -423.549194 172
vn -0.707106769 0.707106769 -0
vt 0.764187872 0.170955896
f 4908/4908/4908 4907/4907/4907 4906/4906/4906
v 108.804039 -423.549194 208
vn -0.707106769 0.707106769 -0
vt 0.128180042 0.5625
v 108.804039 -423.549194 268
vn -0.707106769 0.707106769 -0
vt 0.128180042 0.590073526
v 112.771111 -419.582153 268
vn -0.707106769 0.707106769 -0
vt 0.127493858 0.590073526
v 112.771111 -419.582153 144
vn -0.707106769 0.707106769 -0
vt 0.127493858 0.533088207
v 108.804039 -423.549194 172
vn -0.707106769 0.707106769 -0
vt 0.128180042 0.545955896
f 4913/4913/4913 4912/4912/4912 4911/4911/4911 4910/4910/4910 4909/4909/4909
v 40.804039 -491.549194 128
vn -0.707106769 0.707106769 -0
vt 0.928571403 0.0772058964
v 52.1177483 -480.235504 128
vn -0.707106769 0.707106769 -0
vt 0.926614463 0.0772058964
v 40.804039 -491.549194 124
vn -0.707106769 0.707106769 -0
vt 0.928571403 0.0753676295
f 4916/4916/4916 4915/4915/4915 4914/4914/4914
v 52.1177483 -480.235504 96
vn -0.707106769 0.707106769 -0
vt 0.550880611 0.511029422
v 52.1177483 -480.235504 21.4250946
vn -0.707106769 0.707106769 -0
vt 0.550880611 0.476757824
v 42.8062515 -489.546997 21.4250946
vn -0.707106769 0.707106769 -0
vt 0.552491248 0.476757824
v 40.804039 -491.549194 21.4250946
vn -0.707106769 0.707106769 -0
vt 0.552837551 0.476757824
v 40.804039 -491.549194 124
vn -0.707106769 0.707106769 -0
vt 0.552837551 0.523897052
v 52.1177483 -480.235504 128
vn -0.707106769 0.707106769 -0
vt 0.550880611 0.525735259
f 4922/4922/4922 4921/4921/4921 4920/4920/4920 4919/4919/4919 4918/4918/4918 4917/4917/4917
v 108.804039 -423.549194 96
vn -0.707106769 0.707106769 -0
vt 0.766144812 0.172794104
v 103.147186 -429.206055 76
vn -0.707106769 0.707106769 -0
vt 0.767123282 0.163602948
v 97.4903336 -434.862915 84
vn -0.707106769 0.707106769 -0
vt 0.768101752 0.167279422
f 4925/4925/4925 4924/4924/4924 4923/4923/4923
v 108.804039 -423.549194 96
vn -0.707106769 0.707106769 -0
vt 0.930528402 0.0772058964
v 97.4903336 -434.862915 84
vn -0.707106769 0.707106769 -0
vt 0.932485342 0.0716911554
v 91.8334808 -440.519775 92
vn -0.707106769 0.707106769 -0
vt 0.933463812 0.0753676295
f 4928/4928/4928 4927/4927/4927 4926/4926/4926
v 108.804039 -423.549194 96
vn -0.707106769 0.707106769 -0
vt 0.936399221 0.0772058964
v 91.8334808 -440.519775 92
vn -0.707106769 0.707106769 -0
vt 0.939334631 0.0753676295
v 83.3481979 -449.005035 96
vn -0.707106769 0.707106769 -0
vt 0.940802336 0.0772058964
f 4931/4931/4931 4930/4930/4930 4929/4929/4929
v 103.147186 -429.206055 76
vn -0.707106769 0.707106769 -0
vt 0.354207426 0.222426474
v 108.804039 -423.549194 96
vn -0.707106769 0.707106769 -0
vt 0.353228956 0.23161763
v 108.804039 -423.549194 60
vn -0.707106769 0.707106769 -0
vt 0.353228956 0.215073526
f 4934/4934/4934 4933/4933/4933 4932/4932/4932
v 57.8923531 -474.460907 76
vn -0.707106769 0.707106769 -0
vt 0.358121336 0.222426474
v 52.2354965 -480.117737 60
vn -0.707106769 0.707106769 -0
vt 0.357142866 0.215073526
v 52.2354965 -480.117737 68
vn -0.707106769 0.707106769 -0
vt 0.357142866 0.21875
v 52.2354965 -480.117737 96
vn -0.707106769 0.707106769 -0
vt 0.357142866 0.23161763
f 4938/4938/4938 4937/4937/4937 4936/4936/4936 4935/4935/4935
v 52.2354965 -480.117737 96
vn -0.707106769 0.707106769 -0
vt 0.770058692 0.172794104
v 69.2060623 -463.147186 92
vn -0.707106769 0.707106769 -0
vt 0.772994101 0.170955896
v 63.5492058 -468.804047 84
vn -0.707106769 0.707106769 -0
vt 0.772015631 0.167279422
v 57.8923531 -474.460907 76
vn -0.707106769 0.707106769 -0
vt 0.771037161 0.163602948
f 4942/4942/4942 4941/4941/4941 4940/4940/4940 4939/4939/4939
v 69.2060623 -463.147186 92
vn -0.707106769 0.707106769 -0
vt 0.947162449 0.0753676295
v 52.2354965 -480.117737 96
vn -0.707106769 0.707106769 -0
vt 0.950097859 0.0772058964
v 77.6913452 -454.661896 96
vn -0.707106769 0.707106769 -0
vt 0.945694745 0.0772058964
f 4945/4945/4945 4944/4944/4944 4943/4943/4943
v 108.804039 -423.549194 128
vn -0.707106769 0.707106769 -0
vt 0.77592957 0.172794104
v 108.804039 -423.549194 96
vn -0.707106769 0.707106769 -0
vt 0.77592957 0.158088207
v 83.3481979 -449.005035 96
vn -0.707106769 0.707106769 -0
vt 0.780332685 0.158088207
v 77.6913452 -454.661896 96
vn -0.707106769 0.707106769 -0
vt 0.781311154 0.158088207
f 4949/4949/4949 4948/4948/4948 4947/4947/4947 4946/4946/4946
v 52.2354965 -480.117737 128
vn -0.707106769 0.707106769 -0
vt 0.793542087 0.172794104
v 108.804039 -423.549194 128
vn -0.707106769 0.707106769 -0
vt 0.783757329 0.172794104
v 77.6913452 -454.661896 96
vn -0.707106769 0.707106769 -0
vt 0.789138973 0.158088207
v 52.2354965 -480.117737 96
vn -0.707106769 0.707106769 -0
vt 0.793542087 0.158088207
v 52.1177483 -480.235504 96
vn -0.707106769 0.707106769 -0
vt 0.793562412 0.158088207
v 52.1177483 -480.235504 128
vn -0.707106769 0.707106769 -0
vt 0.793562412 0.172794104
f 4955/4955/4955 4954/4954/4954 4953/4953/4953 4952/4952/4952 4951/4951/4951 4950/4950/4950
v 120.117752 -412.235504 124
vn -0.707106769 0.707106769 -0
vt 0.797455966 0.170955896
v 120.117752 -412.235504 96
vn -0.707106769 0.707106769 -0
vt 0.797455966 0.158088207
v 108.804039 -423.549194 96
vn -0.707106769 0.707106769 -0
vt 0.799412906 0.158088207
v 108.804039 -423.549194 128
vn -0.707106769 0.707106769 -0
vt 0.799412906 0.172794104
v 112.771111 -419.582153 128
vn -0.707106769 0.707106769 -0
vt 0.798726737 0.172794104
v 120.117752 -412.235504 128
vn -0.707106769 0.707106769 -0
vt 0.797455966 0.172794104
f 4961/4961/4961 4960/4960/4960 4959/4959/4959 4958/4958/4958 4957/4957/4957 4956/4956/4956
v 108.804039 -423.549194 60
vn -0.707106769 0.707106769 -0
vt 0.363013685 0.215073526
v 108.804039 -423.549194 96
vn -0.707106769 0.707106769 -0
vt 0.363013685 0.23161763
v 120.117752 -412.235504 96
vn -0.707106769 0.707106769 -0
vt 0.361056745 0.23161763
f 4964/4964/4964 4963/4963/4963 4962/4962/4962
v 120.117752 -412.235504 52
vn -0.707106769 0.707106769 -0
vt 0.525440335 0.336397052
v 120.117752 -412.235504 21.4250946
vn -0.707106769 0.707106769 -0
vt 0.525440335 0.322346091
v 112.771111 -419.582153 21.4250946
vn -0.707106769 0.707106769 -0
vt 0.526711047 0.322346091
v 108.804039 -423.549194 21.4250946
vn -0.707106769 0.707106769 -0
vt 0.527397275 0.322346091
v 108.804039 -423.549194 60
vn -0.707106769 0.707106769 -0
vt 0.527397275 0.340073526
v 120.117752 -412.235504 96
vn -0.707106769 0.707106769 -0
vt 0.525440335 0.35661763
f 4970/4970/4970 4969/4969/4969 4968/4968/4968 4967/4967/4967 4966/4966/4966 4965/4965/4965
v -152 -496 44
vn 1 0 0
vt 0.364970654 0.229779422
v -152 -496 0
vn 1 0 0
vt 0.364970654 0.209558845
v -152 -480 0
vn 1 0 0
vt 0.366927594 0.209558845
v -152 -480 44
vn 1 0 0
vt 0.366927594 0.229779422
f 4974/4974/4974 4973/4973/4973 4972/4972/4972 4971/4971/4971
v 40.804039 -468.921783 208
vn 0.707106769 0.707106769 -1.01951339e-13
vt 0.813111544 0.305147052
v 40.804039 -468.921783 144
vn 0.707106769 0.707106769 -1.01951339e-13
vt 0.813111544 0.275735319
v 52.1177483 -480.235504 144
vn 0.707106769 0.707106769 -1.01951339e-13
vt 0.815068483 0.275735319
v 52.1177483 -480.235504 208
vn 0.707106769 0.707106769 -1.01951339e-13
vt 0.815068483 0.305147052
f 4978/4978/4978 4977/4977/4977 4976/4976/4976 4975/4975/4975
v 52.1177483 -480.235504 128
vn 0.707106769 0.707106769 -1.01951339e-13
vt 0.955968678 0.0772058964
v 40.804039 -468.921783 128
vn 0.707106769 0.707106769 -1.01951339e-13
vt 0.954011738 0.0772058964
v 40.804039 -468.921783 124
vn 0.707106769 0.707106769 -1.01951339e-13
vt 0.954011738 0.0753676295
f 4981/4981/4981 4980/4980/4980 4979/4979/4979
v 52.1177483 -480.235504 96
vn 0.707106769 0.707106769 -1.01951339e-13
vt 0.558708429 0.511029422
v 52.1177483 -480.235504 128
vn 0.707106769 0.707106769 -1.01951339e-13
vt 0.558708429 0.525735259
v 40.804039 -468.921783 124
vn 0.707106769 0.707106769 -1.01951339e-13
vt 0.55675149 0.523897052
v 40.804039 -468.921783 21.4250946
vn 0.707106769 0.707106769 -1.01951339e-13
vt 0.55675149 0.476757824
v 52.1177483 -480.235504 21.4250946
vn 0.707106769 0.707106769 -1.01951339e-13
vt 0.558708429 0.476757824
f 4986/4986/4986 4985/4985/4985 4984/4984/4984 4983/4983/4983 4982/4982/4982
v 43.7128143 -464.867157 124
vn 0 0 1
vt 0.818387091 0.279279768
v 94.7632294 -414.094177 124
vn 0 0 1
vt 0.824597061 0.302740455
v 93.8908768 -413.221832 124
vn 0 0 1
vt 0.824703813 0.302339554
v 42.9791832 -464.133514 124
vn 0 0 1
vt 0.818476856 0.278942585
f 4990/4990/4990 4989/4989/4989 4988/4988/4988 4987/4987/4987
v 106.876991 -388.921997 124
vn 0 0 1
vt 0.371707201 0.22007215
v 94.5426712 -401.256317 124
vn 0 0 1
vt 0.370198578 0.214403808
v 107.843254 -400.974609 124
vn 0 0 1
vt 0.370233059 0.220516205
v 107.956924 -400.972198 124
vn 0 0 1
vt 0.370233357 0.220568419
v 117.948486 -388.921997 124
vn 0 0 1
vt 0.371707201 0.225160122
f 4995/4995/4995 4994/4994/4994 4993/4993/4993 4992/4992/4992 4991/4991/4991
v 117.948486 -388.921997 124
vn 0 0 1
vt 0.802235603 0.166336596
v 120.07296 -388.921997 124
vn 0 0 1
vt 0.802235603 0.16731298
v 121 -388 124
vn 0 0 1
vt 0.802348316 0.167738974
v 107.798988 -388 124
vn 0 0 1
vt 0.802348316 0.161672294
v 106.876991 -388.921997 124
vn 0 0 1
vt 0.802235603 0.161248624
f 5000/5000/5000 4999/4999/4999 4998/4998/4998 4997/4997/4997 4996/4996/4996
v 94.5426712 -401.256317 124
vn 0 0 1
vt 0.961196601 0.0746979713
v 88.2340164 -407.564972 124
vn 0 0 1
vt 0.960425019 0.0717987418
v 93.8908768 -413.221832 124
vn 0 0 1
vt 0.959733188 0.0743983984
f 5003/5003/5003 5002/5002/5002 5001/5001/5001
v 94.7632294 -414.094177 124
vn 0 0 1
vt 0.806984544 0.163034558
v 107.843254 -400.974609 124
vn 0 0 1
vt 0.80858922 0.169045627
v 107.956924 -400.972198 124
vn 0 0 1
vt 0.808589518 0.169097841
v 107.843254 -400.974609 124
vn 0 0 1
vt 0.80858922 0.169045627
v 94.5426712 -401.256317 124
vn 0 0 1
vt 0.808554769 0.16293323
v 93.8908768 -413.221832 124
vn 0 0 1
vt 0.807091296 0.162633657
f 5009/5009/5009 5008/5008/5008 5007/5007/5007 5006/5006/5006 5005/5005/5005 5004/5004/5004
v 71.2634583 -390.594421 124
vn 0 0 1
vt 0.833342195 0.299293876
v 68.6690445 -388 124
vn 0 0 1
vt 0.83365947 0.298101604
v 29 -388 124
vn 0 0 1
vt 0.83365947 0.279871345
v 29 -432.857849 124
vn 0 0 1
vt 0.828172982 0.279871345
f 5013/5013/5013 5012/5012/5012 5011/5011/5011 5010/5010/5010
v 68.6690445 -388 124
vn 0 0 1
vt 0.375733852 0.209866285
v 106.876991 -388.921997 124
vn 0 0 1
vt 0.37562111 0.227425098
v 107.798988 -388 124
vn 0 0 1
vt 0.375733852 0.227848768
f 5016/5016/5016 5015/5015/5015 5014/5014/5014
v 94.5426712 -401.256317 124
vn 0 0 1
vt 0.379983336 0.221756756
v 106.876991 -388.921997 124
vn 0 0 1
vt 0.381491929 0.227425098
v 68.6690445 -388 124
vn 0 0 1
vt 0.381604701 0.209866285
v 71.2634583 -390.594421 124
vn 0 0 1
vt 0.381287366 0.211058557
v 76.920311 -396.251251 124
vn 0 0 1
vt 0.380595505 0.213658214
v 82.5771637 -401.908112 124
vn 0 0 1
vt 0.379903585 0.21625787
v 88.2340164 -407.564972 124
vn 0 0 1
vt 0.379211724 0.218857527
f 5023/5023/5023 5022/5022/5022 5021/5021/5021 5020/5020/5020 5019/5019/5019 5018/5018/5018 5017/5017/5017
v 29 -457.117737 124
vn 0 0 1
vt 0.964148998 0.0772058964
v 29 -450.154327 124
vn 0 0 1
vt 0.965000689 0.0772058964
v 26.0086212 -447.162964 124
vn 0 0 1
vt 0.965366542 0.0758311749
f 5026/5026/5026 5025/5025/5025 5024/5024/5024
v 20.3517685 -441.506104 124
vn 0 0 1
vt 0.531616211 0.352643311
v -33.1543274 -388 124
vn 0 0 1
vt 0.538160443 0.32805407
v -40.1177483 -388 124
vn 0 0 1
vt 0.538160443 0.324853957
v 29 -457.117737 124
vn 0 0 1
vt 0.529706717 0.35661763
v 26.0086212 -447.162964 124
vn 0 0 1
vt 0.530924261 0.355242968
f 5031/5031/5031 5030/5030/5030 5029/5029/5029 5028/5028/5028 5027/5027/5027
v -33.1543274 -388 124
vn 0 0 1
vt 0.843444228 0.276583493
v 20.3517685 -441.506104 124
vn 0 0 1
vt 0.836899996 0.301172733
v -8 -388 124
vn 0 0 1
vt 0.843444228 0.288143396
f 5034/5034/5034 5033/5033/5033 5032/5032/5032
v 8 -388 124
vn 0 0 1
vt 0.39138943 0.221966922
v -8 -388 124
vn 0 0 1
vt 0.39138943 0.214613974
v 20.3517685 -441.506104 124
vn 0 0 1
vt 0.384845138 0.227643311
v 29 -432.857849 124
vn 0 0 1
vt 0.385902911 0.23161763
v 29 -388 124
vn 0 0 1
vt 0.39138943 0.23161763
f 5039/5039/5039 5038/5038/5038 5037/5037/5037 5036/5036/5036 5035/5035/5035
v 29 -432.857849 124
vn 0 0 1
vt 0.976977706 0.0772058964
v 20.3517685 -441.506104 124
vn 0 0 1
vt 0.978473604 0.0772058964
v 26.0086212 -447.162964 124
vn 0 0 1
vt 0.978473604 0.0735294223
v 76.920311 -396.251251 124
vn 0 0 1
vt 0.969667315 0.0735294223
v 71.2634583 -390.594421 124
vn 0 0 1
vt 0.969667315 0.0772058964
f 5044/5044/5044 5043/5043/5043 5042/5042/5042 5041/5041/5041 5040/5040/5040
v 29 -450.154327 124
vn 0 0 1
vt 0.992172182 0.0752617121
v 31.6654758 -452.819794 124
vn 0 0 1
vt 0.992172182 0.0735294223
v 82.5771637 -401.908112 124
vn 0 0 1
vt 0.983365953 0.0735294223
v 76.920311 -396.251251 124
vn 0 0 1
vt 0.983365953 0.0772058964
v 26.0086212 -447.162964 124
vn 0 0 1
vt 0.992172182 0.0772058964
f 5049/5049/5049 5048/5048/5048 5047/5047/5047 5046/5046/5046 5045/5045/5045
v 31.6654758 -452.819794 124
vn 0 0 1
vt 0.0117416829 0.0625
v 37.3223305 -458.476654 124
vn 0 0 1
vt 0.0117416829 0.0588235259
v 88.2340164 -407.564972 124
vn 0 0 1
vt 0.00293542072 0.0588235259
v 82.5771637 -401.908112 124
vn 0 0 1
vt 0.00293542072 0.0625
f 5053/5053/5053 5052/5052/5052 5051/5051/5051 5050/5050/5050
v 40.2216187 -468.339355 124
vn 0 0 1
vt 0.0156140709 0.057087183
v 43.7128143 -464.867157 124
vn 0 0 1
vt 0.0160387531 0.0586915612
v 42.9791832 -464.133514 124
vn 0 0 1
vt 0.0161284842 0.0583543181
v 37.3223305 -458.476654 124
vn 0 0 1
vt 0.0168203693 0.0557547212
f 5057/5057/5057 5056/5056/5056 5055/5055/5055 5054/5054/5054
v 29 -457.117737 124
vn 0 0 1
vt 0.813464105 0.162224293
v 40.2216187 -468.339355 124
vn 0 0 1
vt 0.812091589 0.167381287
v 37.3223305 -458.476654 124
vn 0 0 1
vt 0.813297868 0.166048884
v 31.6654758 -452.819794 124
vn 0 0 1
vt 0.813989758 0.163449228
v 29 -450.154327 124
vn 0 0 1
vt 0.814315736 0.162224293
f 5062/5062/5062 5061/5061/5061 5060/5060/5060 5059/5059/5059 5058/5058/5058
v 37.3223305 -458.476654 124
vn 0 0 1
vt 0.0293542072 0.0625
v 42.9791832 -464.133514 124
vn 0 0 1
vt 0.0293542072 0.0588235259
v 93.8908768 -413.221832 124
vn 0 0 1
vt 0.0205479451 0.0588235259
v 88.2340164 -407.564972 124
vn 0 0 1
vt 0.0205479451 0.0625
f 5066/5066/5066 5065/5065/5065 5064/5064/5064 5063/5063/5063
v 88.2340164 -407.564972 144
vn 0.707106769 -0.707106769 0
vt 0.0420743637 0.0569853187
v 37.3223305 -458.476654 144
vn 0.707106769 -0.707106769 0
vt 0.0332681015 0.0569853187
v 37.3223305 -458.476654 140
vn 0.707106769 -0.707106769 0
vt 0.0332681015 0.0551470518
v 88.2340164 -407.564972 140
vn 0.707106769 -0.707106769 0
vt 0.0420743637 0.0551470518
f 5070/5070/5070 5069/5069/5069 5068/5068/5068 5067/5067/5067
v 117.948486 -388.921997 128
vn 0 0 1
vt 0.818116665 0.166336596
v 106.876991 -388.921997 128
vn 0 0 1
vt 0.818116665 0.161248624
v 107.798988 -388 128
vn 0 0 1
vt 0.818003893 0.161672294
v 121 -388 128
vn 0 0 1
vt 0.818003893 0.167738974
v 120.07296 -388.921997 128
vn 0 0 1
vt 0.818116665 0.16731298
f 5075/5075/5075 5074/5074/5074 5073/5073/5073 5072/5072/5072 5071/5071/5071
v 106.876991 -388.921997 128
vn 0 0 1
vt 0.395416081 0.22007215
v 117.948486 -388.921997 128
vn 0 0 1
vt 0.395416081 0.225160122
v 108.468185 -400.229218 128
vn 0 0 1
vt 0.396799088 0.22080338
v 108.117752 -400.235504 128
vn 0 0 1
vt 0.396799862 0.220642388
v 95.3349075 -400.464081 128
vn 0 0 1
vt 0.396827817 0.214767933
f 5080/5080/5080 5079/5079/5079 5078/5078/5078 5077/5077/5077 5076/5076/5076
v 96.804039 -411.549194 128
vn 0 0 1
vt 0.822841167 0.163972437
v 94.5111465 -413.842102 128
vn 0 0 1
vt 0.823121607 0.162918687
v 93.8908768 -413.221832 128
vn 0 0 1
vt 0.823045731 0.162633657
v 88.2340164 -407.564972 128
vn 0 0 1
vt 0.82235384 0.160034001
v 95.3349075 -400.464081 128
vn 0 0 1
vt 0.821485281 0.163297296
v 108.117752 -400.235504 128
vn 0 0 1
vt 0.821457386 0.16917181
f 5086/5086/5086 5085/5085/5085 5084/5084/5084 5083/5083/5083 5082/5082/5082 5081/5081/5081
v 93.8908768 -413.221832 128
vn 0 0 1
vt 0.846529067 0.302339554
v 94.5111465 -413.842102 128
vn 0 0 1
vt 0.846605003 0.302624583
v 43.5994606 -464.753784 128
vn 0 0 1
vt 0.85283196 0.279227734
v 42.9791832 -464.133514 128
vn 0 0 1
vt 0.852756023 0.278942585
f 5090/5090/5090 5089/5089/5089 5088/5088/5088 5087/5087/5087
v 42.9791832 -464.133514 128
vn 0 0 1
vt 0.829272687 0.168648481
v 43.5994606 -464.753784 128
vn 0 0 1
vt 0.829348564 0.16893357
v 40.1177483 -468.235504 128
vn 0 0 1
vt 0.82977438 0.167333543
v 33.8406219 -461.958374 128
vn 0 0 1
vt 0.829006672 0.164448798
v 37.3223305 -458.476654 128
vn 0 0 1
vt 0.828580797 0.166048884
f 5095/5095/5095 5094/5094/5094 5093/5093/5093 5092/5092/5092 5091/5091/5091
v 128 -400.547668 128
vn 0 0 1
vt 0.0462526754 0.0563836694
v 108.835823 -400.953583 128
vn 0 0 1
vt 0.0479452051 0.0624793768
v 120.117752 -412.235504 128
vn 0 0 1
vt 0.0479452051 0.0551470518
v 121.778023 -410.575226 128
vn 0 0 1
vt 0.0476580299 0.0551470518
v 131.887939 -400.465302 128
vn 0 0 1
vt 0.0459093004 0.0551470518
f 5100/5100/5100 5099/5099/5099 5098/5098/5098 5097/5097/5097 5096/5096/5096
v 107.284843 -401.640625 128
vn 0 0 1
vt 0.0500957109 0.0623140335
v 103.131592 -406.594238 128
vn 0 0 1
vt 0.050883323 0.0620539784
v 108.770882 -400.954956 128
vn 0 0 1
vt 0.0499078892 0.0620539784
v 107.956924 -400.972198 128
vn 0 0 1
vt 0.0499797761 0.0623128414
v 107.843254 -400.974609 128
vn 0 0 1
vt 0.0499898158 0.0623489618
f 5105/5105/5105 5104/5104/5104 5103/5103/5103 5102/5102/5102 5101/5101/5101
v 40.2216187 -468.339355 128
vn 0 0 1
vt 0.0538364127 0.0624325275
v 40.804039 -468.921783 128
vn 0 0 1
vt 0.0538364127 0.0620539784
v 40.9217911 -468.804047 128
vn 0 0 1
vt 0.0538160466 0.0620539784
f 5108/5108/5108 5107/5107/5107 5106/5106/5106
v 97.4903336 -412.235504 128
vn 0 0 1
vt 0.059686888 0.0620539784
v 103.131592 -406.594238 128
vn 0 0 1
vt 0.0587111115 0.0620539784
v 107.284843 -401.640625 128
vn 0 0 1
vt 0.0579234995 0.0623140335
v 40.2216187 -468.339355 128
vn 0 0 1
vt 0.0694919899 0.0624325275
v 40.9217911 -468.804047 128
vn 0 0 1
vt 0.0694716275 0.0620539784
f 5113/5113/5113 5112/5112/5112 5111/5111/5111 5110/5110/5110 5109/5109/5109
v 72.0344849 -437.691345 208
vn 0 0 1
vt 0.833170235 0.165441155
v 66.3776321 -443.348206 208
vn 0 0 1
vt 0.834148705 0.165441155
v 77.6913452 -454.661896 208
vn 0 0 1
vt 0.834148705 0.158088207
v 83.3481979 -449.005035 208
vn 0 0 1
vt 0.833170235 0.158088207
f 5117/5117/5117 5116/5116/5116 5115/5115/5115 5114/5114/5114
v 117.948486 -388.921997 320
vn 0 0 1
vt 0.0762049332 0.0602380633
v 128 -388.921997 320
vn 0 0 1
vt 0.0749755353 0.0602380633
v 128 -388 320
vn 0 0 1
vt 0.0749755353 0.0606617928
v 107.798988 -388 320
vn 0 0 1
vt 0.0774463043 0.0606617928
v 106.876991 -388.921997 320
vn 0 0 1
vt 0.0775590762 0.0602380633
f 5122/5122/5122 5121/5121/5121 5120/5120/5120 5119/5119/5119 5118/5118/5118
v 109.309662 -398.235504 320
vn 0 0 1
vt 0.837205946 0.164914012
v 110.157135 -398.214813 320
vn 0 0 1
vt 0.837134421 0.165196121
v 114.178291 -393.418732 320
vn 0 0 1
vt 0.837201416 0.168061376
f 5125/5125/5125 5124/5124/5124 5123/5123/5123
v 90.5269089 -405.272064 320
vn 0 0 1
vt 0.842135727 0.163876832
v 96.3308563 -411.076019 320
vn 0 0 1
vt 0.841131806 0.163876832
v 106.512581 -401.002777 320
vn 0 0 1
vt 0.841122389 0.170458794
f 5128/5128/5128 5127/5127/5127 5126/5126/5126
v 106.876991 -388.921997 320
vn 0 0 1
vt 0.401822597 0.225973547
v 90.5269089 -405.272064 320
vn 0 0 1
vt 0.401822597 0.215347409
v 106.512581 -401.002777 320
vn 0 0 1
vt 0.400809288 0.221929371
v 109.309662 -398.235504 320
vn 0 0 1
vt 0.400806695 0.223737538
v 114.178291 -393.418732 320
vn 0 0 1
vt 0.400802225 0.226884902
v 117.948486 -388.921997 320
vn 0 0 1
vt 0.400865048 0.229571283
f 5134/5134/5134 5133/5133/5133 5132/5132/5132 5131/5131/5131 5130/5130/5130 5129/5129/5129
v 128 -388.921997 320
vn 1 0 0
vt 0.561267376 0.525735259
v 128 -388.921997 208
vn 1 0 0
vt 0.561267376 0.474264681
v 128 -388 208
vn 1 0 0
vt 0.561154604 0.474264681
v 128 -388 320
vn 1 0 0
vt 0.561154604 0.525735259
f 5138/5138/5138 5137/5137/5137 5136/5136/5136 5135/5135/5135
v 117.948486 -388.921997 315
vn 0 1 0
vt 0.565328181 0.5234375
v 117.948486 -388.921997 208
vn 0 1 0
vt 0.565328181 0.474264681
v 128 -388.921997 208
vn 0 1 0
vt 0.566087127 0.474264681
v 128 -388.921997 320
vn 0 1 0
vt 0.566087127 0.525735259
v 117.948486 -388.921997 320
vn 0 1 0
vt 0.565328181 0.525735259
f 5143/5143/5143 5142/5142/5142 5141/5141/5141 5140/5140/5140 5139/5139/5139
v 97.4903336 -412.235504 315
vn 0 0 1
vt 0.0848667249 0.0597754717
v 108.770882 -400.954956 315
vn 0 0 1
vt 0.0831625536 0.0607036352
v 107.843254 -400.974609 315
vn 0 0 1
vt 0.0832241625 0.0609223843
v 106.512581 -401.002777 315
vn 0 0 1
vt 0.0833125412 0.0612360835
v 96.3308563 -411.076019 315
vn 0 0 1
vt 0.0848413333 0.0604336262
f 5148/5148/5148 5147/5147/5147 5146/5146/5146 5145/5145/5145 5144/5144/5144
v 109.309662 -398.235504 315
vn 0 0 1
vt 0.0887634009 0.0614565611
v 106.512581 -401.002777 315
vn 0 0 1
vt 0.0891833827 0.0612360835
v 107.843254 -400.974609 315
vn 0 0 1
vt 0.0890950039 0.0609223843
v 109.838837 -398.594452 315
vn 0 0 1
vt 0.0887602642 0.0612115264
f 5152/5152/5152 5151/5151/5151 5150/5150/5150 5149/5149/5149
v 109.309662 -398.235504 315
vn 0 0 1
vt 0.0946342424 0.0614565611
v 109.838837 -398.594452 315
vn 0 0 1
vt 0.0946311057 0.0612115264
v 110.157135 -398.214813 315
vn 0 0 1
vt 0.0945777148 0.0612576604
f 5155/5155/5155 5154/5154/5154 5153/5153/5153
v 114.178291 -393.418732 320
vn 0.766297996 -0.642485321 -9.29201326e-15
vt 0.0986110866 0.0625
v 110.157135 -398.214813 320
vn 0.766297996 -0.642485321 -9.29201326e-15
vt 0.0975832716 0.0625
v 110.157135 -398.214813 315
vn 0.766297996 -0.642485321 -9.29201326e-15
vt 0.0975832716 0.0602021813
v 117.948486 -388.921997 315
vn 0.766297996 -0.642485321 -9.29201326e-15
vt 0.0995747671 0.0602021813
v 117.948486 -388.921997 320
vn 0.766297996 -0.642485321 -9.29201326e-15
vt 0.0995747671 0.0625
f 5160/5160/5160 5159/5159/5159 5158/5158/5158 5157/5157/5157 5156/5156/5156
v 106.512581 -401.002777 315
vn -0.703309715 0.710883558 2.09759832e-14
vt 0.846521914 0.165441155
v 109.309662 -398.235504 315
vn -0.703309715 0.710883558 2.09759832e-14
vt 0.84610194 0.165441155
v 109.309662 -398.235504 320
vn -0.703309715 0.710883558 2.09759832e-14
vt 0.84610194 0.167157114
v 106.512581 -401.002777 320
vn -0.703309715 0.710883558 2.09759832e-14
vt 0.846521914 0.167157114
f 5164/5164/5164 5163/5163/5163 5162/5162/5162 5161/5161/5161
v 109.309662 -398.235504 315
vn -0.0244070329 0.999702096 -6.85861253e-13
vt 0.851891458 0.165441155
v 110.157135 -398.214813 315
vn -0.0244070329 0.999702096 -6.85861253e-13
vt 0.851966083 0.165441155
v 110.157135 -398.214813 320
vn -0.0244070329 0.999702096 -6.85861253e-13
vt 0.851966083 0.167157114
v 109.309662 -398.235504 320
vn -0.0244070329 0.999702096 -6.85861253e-13
vt 0.851891458 0.167157114
f 5168/5168/5168 5167/5167/5167 5166/5166/5166 5165/5165/5165
v 96.3308563 -411.076019 315
vn -0.703309715 0.710883558 2.09759832e-14
vt 0.855878472 0.165441155
v 106.512581 -401.002777 315
vn -0.703309715 0.710883558 2.09759832e-14
vt 0.854349673 0.165441155
v 106.512581 -401.002777 320
vn -0.703309715 0.710883558 2.09759832e-14
vt 0.854349673 0.167157114
v 96.3308563 -411.076019 320
vn -0.703309715 0.710883558 2.09759832e-14
vt 0.855878472 0.167157114
f 5172/5172/5172 5171/5171/5171 5170/5170/5170 5169/5169/5169
v 97.4903336 -412.235504 208
vn 0.707106769 -0.707106769 -0
vt 0.568493128 0.474264681
v 108.770882 -400.954956 208
vn 0.707106769 -0.707106769 -0
vt 0.570444345 0.474264681
v 108.770882 -400.954956 315
vn 0.707106769 -0.707106769 -0
vt 0.570444345 0.5234375
v 97.4903336 -412.235504 315
vn 0.707106769 -0.707106769 -0
vt 0.568493128 0.5234375
f 5176/5176/5176 5175/5175/5175 5174/5174/5174 5173/5173/5173
v 107.843254 -400.974609 208
vn 0.766297996 -0.642485321 -9.29201326e-15
vt 0.572530031 0.474264681
v 109.838837 -398.594452 315
vn 0.766297996 -0.642485321 -9.29201326e-15
vt 0.573040068 0.5234375
v 107.843254 -400.974609 315
vn 0.766297996 -0.642485321 -9.29201326e-15
vt 0.572530031 0.5234375
f 5179/5179/5179 5178/5178/5178 5177/5177/5177
v 110.157135 -398.214813 315
vn 0.766297996 -0.642485321 -9.29201326e-15
vt 0.577035308 0.5234375
v 109.838837 -398.594452 315
vn 0.766297996 -0.642485321 -9.29201326e-15
vt 0.576954007 0.5234375
v 107.843254 -400.974609 208
vn 0.766297996 -0.642485321 -9.29201326e-15
vt 0.576443911 0.474264681
v 117.948486 -388.921997 208
vn 0.766297996 -0.642485321 -9.29201326e-15
vt 0.579026818 0.474264681
v 117.948486 -388.921997 315
vn 0.766297996 -0.642485321 -9.29201326e-15
vt 0.579026818 0.5234375
f 5184/5184/5184 5183/5183/5183 5182/5182/5182 5181/5181/5181 5180/5180/5180
v 108.770882 -400.954956 208
vn -0.0211762469 0.999775767 -1.57284764e-15
vt 0.583617568 0.474264681
v 107.843254 -400.974609 208
vn -0.0211762469 0.999775767 -1.57284764e-15
vt 0.583756208 0.474264681
v 107.843254 -400.974609 315
vn -0.0211762469 0.999775767 -1.57284764e-15
vt 0.583756208 0.5234375
v 108.770882 -400.954956 315
vn -0.0211762469 0.999775767 -1.57284764e-15
vt 0.583617568 0.5234375
f 5188/5188/5188 5187/5187/5187 5186/5186/5186 5185/5185/5185
v 96.3308563 -411.076019 315
vn 0 0 1
vt 0.859792411 0.17072773
v 39.3409805 -467.45874 315
vn 0 0 1
vt 0.868349493 0.166235685
v 40.804039 -468.921783 315
vn 0 0 1
vt 0.8683815 0.165405273
v 97.4903336 -412.235504 315
vn 0 0 1
vt 0.859817803 0.170069575
f 5192/5192/5192 5191/5191/5191 5190/5190/5190 5189/5189/5189
v 90.5269089 -405.272064 320
vn 0 0 1
vt 0.360726714 0.406523883
v 33.8406219 -461.958374 320
vn 0 0 1
vt 0.360726714 0.36968261
v 39.3409805 -467.45874 320
vn 0 0 1
vt 0.359775305 0.36968261
v 96.3308563 -411.076019 320
vn 0 0 1
vt 0.359722793 0.406523883
f 5196/5196/5196 5195/5195/5195 5194/5194/5194 5193/5193/5193
v 39.3409805 -467.45874 315
vn -0.703309715 0.710883558 2.09759832e-14
vt 0.88204813 0.165441155
v 96.3308563 -411.076019 315
vn -0.703309715 0.710883558 2.09759832e-14
vt 0.873491049 0.165441155
v 96.3308563 -411.076019 320
vn -0.703309715 0.710883558 2.09759832e-14
vt 0.873491049 0.167157114
v 39.3409805 -467.45874 320
vn -0.703309715 0.710883558 2.09759832e-14
vt 0.88204813 0.167157114
f 5200/5200/5200 5199/5199/5199 5198/5198/5198 5197/5197/5197
v 40.804039 -468.921783 268
vn 0.707106769 -0.707106769 -0
vt 0.588042259 0.501838207
v 40.804039 -468.921783 208
vn 0.707106769 -0.707106769 -0
vt 0.588042259 0.474264681
v 40.9217911 -468.804047 208
vn 0.707106769 -0.707106769 -0
vt 0.588062644 0.474264681
v 60.7207794 -449.005035 208
vn 0.707106769 -0.707106769 -0
vt 0.591487288 0.474264681
v 66.3776321 -443.348206 208
vn 0.707106769 -0.707106769 -0
vt 0.592465758 0.474264681
v 72.0344849 -437.691345 208
vn 0.707106769 -0.707106769 -0
vt 0.593444228 0.474264681
v 97.4903336 -412.235504 208
vn 0.707106769 -0.707106769 -0
vt 0.597847342 0.474264681
v 97.4903336 -412.235504 315
vn 0.707106769 -0.707106769 -0
vt 0.597847342 0.5234375
v 40.804039 -468.921783 315
vn 0.707106769 -0.707106769 -0
vt 0.588042259 0.5234375
f 5209/5209/5209 5208/5208/5208 5207/5207/5207 5206/5206/5206 5205/5205/5205 5204/5204/5204 5203/5203/5203 5202/5202/5202 5201/5201/5201
v 63.5492058 -468.804047 196
vn -0.5 -0.5 0.707106769
vt 0.886986315 0.158088207
v 52.2354965 -457.490326 196
vn -0.5 -0.5 0.707106769
vt 0.886986315 0.165441155
v 46.5786438 -463.147186 188
vn -0.5 -0.5 0.707106769
vt 0.887964785 0.165441155
v 57.8923531 -474.460907 188
vn -0.5 -0.5 0.707106769
vt 0.887964785 0.158088207
f 5213/5213/5213 5212/5212/5212 5211/5211/5211 5210/5210/5210
v 69.2060623 -463.147186 204
vn -0.5 -0.5 0.707106769
vt 0.892367899 0.158088207
v 57.8923531 -451.833466 204
vn -0.5 -0.5 0.707106769
vt 0.892367899 0.165441155
v 52.2354965 -457.490326 196
vn -0.5 -0.5 0.707106769
vt 0.89138943 0.165441155
v 63.5492058 -468.804047 196
vn -0.5 -0.5 0.707106769
vt 0.89138943 0.158088207
f 5217/5217/5217 5216/5216/5216 5215/5215/5215 5214/5214/5214
v 40.9217911 -468.804047 208
vn 0.707106769 -0.707106769 -0
vt 0.899217248 0.172794104
v 40.9217911 -468.804047 180
vn 0.707106769 -0.707106769 -0
vt 0.899217248 0.159926474
v 46.5786438 -463.147186 188
vn 0.707106769 -0.707106769 -0
vt 0.898238719 0.163602948
v 52.2354965 -457.490326 196
vn 0.707106769 -0.707106769 -0
vt 0.897260249 0.167279422
v 57.8923531 -451.833466 204
vn 0.707106769 -0.707106769 -0
vt 0.896281779 0.170955896
f 5222/5222/5222 5221/5221/5221 5220/5220/5220 5219/5219/5219 5218/5218/5218
v 40.9217911 -468.804047 208
vn 0.707106769 -0.707106769 -0
vt 0.102739729 0.0625
v 57.8923531 -451.833466 204
vn 0.707106769 -0.707106769 -0
vt 0.105675146 0.0606617928
v 60.7207794 -449.005035 208
vn 0.707106769 -0.707106769 -0
vt 0.106164381 0.0625
f 5225/5225/5225 5224/5224/5224 5223/5223/5223
v 52.2354965 -480.117737 196
vn 0.707106769 0.707106769 0
vt 0.903131127 0.167279422
v 52.2354965 -480.117737 180
vn 0.707106769 0.707106769 0
vt 0.903131127 0.159926474
v 40.9217911 -468.804047 180
vn 0.707106769 0.707106769 0
vt 0.901174188 0.159926474
v 40.9217911 -468.804047 208
vn 0.707106769 0.707106769 0
vt 0.901174188 0.172794104
v 52.2354965 -480.117737 208
vn 0.707106769 0.707106769 0
vt 0.903131127 0.172794104
f 5230/5230/5230 5229/5229/5229 5228/5228/5228 5227/5227/5227 5226/5226/5226
v 46.5786438 -463.147186 188
vn 0.632455528 0.632455528 -0.44721359
vt 0.905577302 0.165441155
v 40.9217911 -468.804047 172
vn 0.632455528 0.632455528 -0.44721359
vt 0.907534242 0.165441155
v 52.2354965 -480.117737 172
vn 0.632455528 0.632455528 -0.44721359
vt 0.907534242 0.158088207
v 57.8923531 -474.460907 188
vn 0.632455528 0.632455528 -0.44721359
vt 0.905577302 0.158088207
f 5234/5234/5234 5233/5233/5233 5232/5232/5232 5231/5231/5231
v 66.3776321 -443.348206 208
vn -0.223606795 -0.223606795 0.948683321
vt 0.912915826 0.167279422
v 57.8923531 -451.833466 204
vn -0.223606795 -0.223606795 0.948683321
vt 0.912915826 0.161764681
v 69.2060623 -463.147186 204
vn -0.223606795 -0.223606795 0.948683321
vt 0.914872825 0.161764681
v 77.6913452 -454.661896 208
vn -0.223606795 -0.223606795 0.948683321
vt 0.914872825 0.167279422
f 5238/5238/5238 5237/5237/5237 5236/5236/5236 5235/5235/5235
v 60.7207794 -449.005035 208
vn 0.707106769 -0.707106769 -0
vt 0.110078275 0.0625
v 57.8923531 -451.833466 204
vn 0.707106769 -0.707106769 -0
vt 0.10958904 0.0606617928
v 66.3776321 -443.348206 208
vn 0.707106769 -0.707106769 -0
vt 0.111056753 0.0625
f 5241/5241/5241 5240/5240/5240 5239/5239/5239
v 128 -388.921997 208
vn 1 0 0
vt 0.54169786 0.35661763
v 128 -388.921997 128
vn 1 0 0
vt 0.54169786 0.319852948
v 128 -388 128
vn 1 0 0
vt 0.541585147 0.319852948
v 128 -388 208
vn 1 0 0
vt 0.541585147 0.35661763
f 5245/5245/5245 5244/5244/5244 5243/5243/5243 5242/5242/5242
v 117.948486 -388.921997 144
vn 0 1 0
vt 0.545758665 0.327205896
v 117.948486 -388.921997 128
vn 0 1 0
vt 0.545758665 0.319852948
v 120.07296 -388.921997 128
vn 0 1 0
vt 0.54591912 0.319852948
v 128 -388.921997 128
vn 0 1 0
vt 0.546517611 0.319852948
v 128 -388.921997 208
vn 0 1 0
vt 0.546517611 0.35661763
v 117.948486 -388.921997 208
vn 0 1 0
vt 0.545758665 0.35661763
f 5251/5251/5251 5250/5250/5250 5249/5249/5249 5248/5248/5248 5247/5247/5247 5246/5246/5246
v 108.770882 -400.954956 144
vn 0 0 1
vt 0.116432622 0.0620539784
v 103.131592 -406.594238 144
vn 0 0 1
vt 0.115457185 0.0620539784
v 107.843254 -400.974609 144
vn 0 0 1
vt 0.116350695 0.0623489618
f 5254/5254/5254 5253/5253/5253 5252/5252/5252
v 37.3223305 -458.476654 144
vn 0 0 1
vt 0.119373776 0.0625
v 88.2340164 -407.564972 144
vn 0 0 1
vt 0.128180042 0.0625
v 93.8908768 -413.221832 144
vn 0 0 1
vt 0.128180042 0.0588235259
v 42.9791832 -464.133514 144
vn 0 0 1
vt 0.119373776 0.0588235259
f 5258/5258/5258 5257/5257/5257 5256/5256/5256 5255/5255/5255
v 97.4903336 -412.235504 144
vn 0 0 1
vt 0.928571403 0.172348082
v 108.804039 -423.549194 144
vn 0 0 1
vt 0.928571403 0.164995134
v 52.1177483 -480.235504 144
vn 0 0 1
vt 0.91876632 0.164995134
v 40.804039 -468.921783 144
vn 0 0 1
vt 0.91876632 0.172348082
v 40.1177483 -468.235504 144
vn 0 0 1
vt 0.91876632 0.172794104
v 96.804039 -411.549194 144
vn 0 0 1
vt 0.928571403 0.172794104
f 5264/5264/5264 5263/5263/5263 5262/5262/5262 5261/5261/5261 5260/5260/5260 5259/5259/5259
v 103.131592 -406.594238 144
vn 0 0 1
vt 0.131112769 0.0620539784
v 97.4903336 -412.235504 144
vn 0 0 1
vt 0.130136982 0.0620539784
v 96.804039 -411.549194 144
vn 0 0 1
vt 0.130136982 0.0625
f 5267/5267/5267 5266/5266/5266 5265/5265/5265
v 108.117752 -400.235504 144
vn 0 0 1
vt 0.136007831 0.0625
v 108.328918 -400.395325 144
vn 0 0 1
vt 0.136012256 0.0623794198
v 107.843254 -400.974609 144
vn 0 0 1
vt 0.135920167 0.0623489618
v 103.131592 -406.594238 144
vn 0 0 1
vt 0.135026664 0.0620539784
v 96.804039 -411.549194 144
vn 0 0 1
vt 0.134050876 0.0625
f 5272/5272/5272 5271/5271/5271 5270/5270/5270 5269/5269/5269 5268/5268/5268
v 108.468185 -400.229218 144
vn 0 0 1
vt 0.13995257 0.0623881221
v 108.328918 -400.395325 144
vn 0 0 1
vt 0.13992615 0.0623794198
v 108.117752 -400.235504 144
vn 0 0 1
vt 0.139921725 0.0625
f 5275/5275/5275 5274/5274/5274 5273/5273/5273
v 97.4903336 -412.235504 208
vn 0.707106769 -0.707106769 -0
vt 0.932485342 0.172794104
v 86.1766205 -423.549194 196
vn 0.707106769 -0.707106769 -0
vt 0.930528402 0.167279422
v 91.8334808 -417.892365 188
vn 0.707106769 -0.707106769 -0
vt 0.931506872 0.163602948
f 5278/5278/5278 5277/5277/5277 5276/5276/5276
v 97.4903336 -412.235504 208
vn 0.707106769 -0.707106769 -0
vt 0.406066537 0.23161763
v 91.8334808 -417.892365 188
vn 0.707106769 -0.707106769 -0
vt 0.405088067 0.222426474
v 97.4903336 -412.235504 172
vn 0.707106769 -0.707106769 -0
vt 0.406066537 0.215073526
f 5281/5281/5281 5280/5280/5280 5279/5279/5279
v 97.4903336 -412.235504 208
vn 0.707106769 -0.707106769 -0
vt 0.147749513 0.0625
v 80.5197678 -429.206055 204
vn 0.707106769 -0.707106769 -0
vt 0.144814089 0.0606617928
v 86.1766205 -423.549194 196
vn 0.707106769 -0.707106769 -0
vt 0.145792559 0.0569853187
f 5284/5284/5284 5283/5283/5283 5282/5282/5282
v 80.5197678 -429.206055 204
vn 0.707106769 -0.707106769 -0
vt 0.152641878 0.0606617928
v 97.4903336 -412.235504 208
vn 0.707106769 -0.707106769 -0
vt 0.155577302 0.0625
v 72.0344849 -437.691345 208
vn 0.707106769 -0.707106769 -0
vt 0.151174173 0.0625
f 5287/5287/5287 5286/5286/5286 5285/5285/5285
v 97.4903336 -412.235504 172
vn 0.707106769 -0.707106769 -0
vt 0.856164396 0.288602948
v 97.4903336 -412.235504 144
vn 0.707106769 -0.707106769 -0
vt 0.856164396 0.275735319
v 103.131592 -406.594238 144
vn 0.707106769 -0.707106769 -0
vt 0.857140183 0.275735319
v 108.770882 -400.954956 144
vn 0.707106769 -0.707106769 -0
vt 0.858115613 0.275735319
v 108.770882 -400.954956 208
vn 0.707106769 -0.707106769 -0
vt 0.858115613 0.305147052
v 97.4903336 -412.235504 208
vn 0.707106769 -0.707106769 -0
vt 0.856164396 0.305147052
f 5293/5293/5293 5292/5292/5292 5291/5291/5291 5290/5290/5290 5289/5289/5289 5288/5288/5288
v 108.804039 -423.549194 144
vn 0.707106769 0.707106769 0
vt 0.934442282 0.158088207
v 97.4903336 -412.235504 144
vn 0.707106769 0.707106769 0
vt 0.936399221 0.158088207
v 97.4903336 -412.235504 172
vn 0.707106769 0.707106769 0
vt 0.936399221 0.170955896
v 108.804039 -423.549194 172
vn 0.707106769 0.707106769 0
vt 0.934442282 0.170955896
f 5297/5297/5297 5296/5296/5296 5295/5295/5295 5294/5294/5294
v 97.4903336 -434.862915 196
vn 0.5 0.5 0.707106769
vt 0.939823866 0.158088207
v 103.147186 -429.206055 188
vn 0.5 0.5 0.707106769
vt 0.940802336 0.158088207
v 91.8334808 -417.892365 188
vn 0.5 0.5 0.707106769
vt 0.940802336 0.165441155
v 86.1766205 -423.549194 196
vn 0.5 0.5 0.707106769
vt 0.939823866 0.165441155
f 5301/5301/5301 5300/5300/5300 5299/5299/5299 5298/5298/5298
v 97.4903336 -434.862915 196
vn 0.5 0.5 0.707106769
vt 0.94422698 0.158088207
v 86.1766205 -423.549194 196
vn 0.5 0.5 0.707106769
vt 0.94422698 0.165441155
v 80.5197678 -429.206055 204
vn 0.5 0.5 0.707106769
vt 0.94520545 0.165441155
v 91.8334808 -440.519775 204
vn 0.5 0.5 0.707106769
vt 0.94520545 0.158088207
f 5305/5305/5305 5304/5304/5304 5303/5303/5303 5302/5302/5302
v 83.3481979 -449.005035 208
vn 0.223606795 0.223606795 0.948683321
vt 0.948140919 0.167279422
v 91.8334808 -440.519775 204
vn 0.223606795 0.223606795 0.948683321
vt 0.948140919 0.161764681
v 80.5197678 -429.206055 204
vn 0.223606795 0.223606795 0.948683321
vt 0.950097859 0.161764681
v 72.0344849 -437.691345 208
vn 0.223606795 0.223606795 0.948683321
vt 0.950097859 0.167279422
f 5309/5309/5309 5308/5308/5308 5307/5307/5307 5306/5306/5306
v 103.147186 -429.206055 188
vn 0.632455528 0.632455528 0.44721359
vt 0.158023477 0.0551470518
v 108.804039 -423.549194 172
vn 0.632455528 0.632455528 0.44721359
vt 0.159980431 0.0551470518
v 97.4903336 -412.235504 172
vn 0.632455528 0.632455528 0.44721359
vt 0.159980431 0.0625
v 91.8334808 -417.892365 188
vn 0.632455528 0.632455528 0.44721359
vt 0.158023477 0.0625
f 5313/5313/5313 5312/5312/5312 5311/5311/5311 5310/5310/5310
v 107.843254 -400.974609 208
vn 0.766297996 -0.642485321 -9.29201326e-15
vt 0.86020124 0.305147052
v 107.843254 -400.974609 144
vn 0.766297996 -0.642485321 -9.29201326e-15
vt 0.86020124 0.275735319
v 108.328918 -400.395325 144
vn 0.766297996 -0.642485321 -9.29201326e-15
vt 0.860325336 0.275735319
f 5316/5316/5316 5315/5315/5315 5314/5314/5314
v 108.468185 -400.229218 144
vn 0.766297996 -0.642485321 -9.29201326e-15
vt 0.864274859 0.275735319
v 117.948486 -388.921997 144
vn 0.766297996 -0.642485321 -9.29201326e-15
vt 0.866698027 0.275735319
v 117.948486 -388.921997 208
vn 0.766297996 -0.642485321 -9.29201326e-15
vt 0.866698027 0.305147052
v 107.843254 -400.974609 208
vn 0.766297996 -0.642485321 -9.29201326e-15
vt 0.864115119 0.305147052
v 108.328918 -400.395325 144
vn 0.766297996 -0.642485321 -9.29201326e-15
vt 0.864239216 0.275735319
f 5321/5321/5321 5320/5320/5320 5319/5319/5319 5318/5318/5318 5317/5317/5317
v 108.770882 -400.954956 144
vn -0.0211762469 0.999775767 -1.57284764e-15
vt 0.871288776 0.275735319
v 107.843254 -400.974609 144
vn -0.0211762469 0.999775767 -1.57284764e-15
vt 0.871427417 0.275735319
v 107.843254 -400.974609 208
vn -0.0211762469 0.999775767 -1.57284764e-15
vt 0.871427417 0.305147052
v 108.770882 -400.954956 208
vn -0.0211762469 0.999775767 -1.57284764e-15
vt 0.871288776 0.305147052
f 5325/5325/5325 5324/5324/5324 5323/5323/5323 5322/5322/5322
v 108.468185 -400.229218 128
vn -0.017879352 0.99984014 -5.68380456e-12
vt 0.165392876 0.0551470518
v 108.468185 -400.229218 144
vn -0.017879352 0.99984014 -5.68380456e-12
vt 0.165392876 0.0625
v 108.117752 -400.235504 144
vn -0.017879352 0.99984014 -5.68380456e-12
vt 0.16536203 0.0625
v 108.117752 -400.235504 128
vn -0.017879352 0.99984014 -5.68380456e-12
vt 0.16536203 0.0551470518
f 5329/5329/5329 5328/5328/5328 5327/5327/5327 5326/5326/5326
v 117.948486 -388.921997 128
vn 0.766297996 -0.642485321 -9.29201326e-15
vt 0.171981812 0.0551470518
v 117.948486 -388.921997 144
vn 0.766297996 -0.642485321 -9.29201326e-15
vt 0.171981812 0.0625
v 108.468185 -400.229218 144
vn 0.766297996 -0.642485321 -9.29201326e-15
vt 0.169558614 0.0625
v 108.468185 -400.229218 128
vn 0.766297996 -0.642485321 -9.29201326e-15
vt 0.169558614 0.0551470518
f 5333/5333/5333 5332/5332/5332 5331/5331/5331 5330/5330/5330
v 96.804039 -411.549194 144
vn 0.707106769 -0.707106769 -8.32148969e-15
vt 0.177103713 0.0625
v 96.804039 -411.549194 128
vn 0.707106769 -0.707106769 -8.32148969e-15
vt 0.177103713 0.0551470518
v 108.117752 -400.235504 128
vn 0.707106769 -0.707106769 -8.32148969e-15
vt 0.175146773 0.0551470518
v 108.117752 -400.235504 144
vn 0.707106769 -0.707106769 -8.32148969e-15
vt 0.175146773 0.0625
f 5337/5337/5337 5336/5336/5336 5335/5335/5335 5334/5334/5334
v 40.1177483 -468.235504 144
vn 0.707106769 -0.707106769 -8.32148969e-15
vt 0.181037977 0.0625
v 40.1177483 -468.235504 128
vn 0.707106769 -0.707106769 -8.32148969e-15
vt 0.181037977 0.0551470518
v 43.5994606 -464.753784 128
vn 0.707106769 -0.707106769 -8.32148969e-15
vt 0.180435747 0.0551470518
f 5340/5340/5340 5339/5339/5339 5338/5338/5338
v 96.804039 -411.549194 144
vn 0.707106769 -0.707106769 -8.32148969e-15
vt 0.184931502 0.0625
v 40.1177483 -468.235504 144
vn 0.707106769 -0.707106769 -8.32148969e-15
vt 0.194736615 0.0625
v 43.5994606 -464.753784 128
vn 0.707106769 -0.707106769 -8.32148969e-15
vt 0.194134384 0.0551470518
v 94.5111465 -413.842102 128
vn 0.707106769 -0.707106769 -8.32148969e-15
vt 0.185328111 0.0551470518
v 96.804039 -411.549194 128
vn 0.707106769 -0.707106769 -8.32148969e-15
vt 0.184931502 0.0551470518
f 5345/5345/5345 5344/5344/5344 5343/5343/5343 5342/5342/5342 5341/5341/5341
v 37.3223305 -458.476654 140
vn 0.707106769 0.707106769 0
vt 0.955968678 0.165441155
v 37.3223305 -458.476654 144
vn 0.707106769 0.707106769 0
vt 0.955968678 0.167279422
v 42.9791832 -464.133514 144
vn 0.707106769 0.707106769 0
vt 0.954990208 0.167279422
v 42.9791832 -464.133514 128
vn 0.707106769 0.707106769 0
vt 0.954990208 0.159926474
v 37.3223305 -458.476654 128
vn 0.707106769 0.707106769 0
vt 0.955968678 0.159926474
f 5350/5350/5350 5349/5349/5349 5348/5348/5348 5347/5347/5347 5346/5346/5346
v 88.2340164 -407.564972 140
vn 0.707106769 0.707106769 0
vt 0.957925618 0.165441155
v 88.2340164 -407.564972 128
vn 0.707106769 0.707106769 0
vt 0.957925618 0.159926474
v 93.8908768 -413.221832 128
vn 0.707106769 0.707106769 0
vt 0.958904088 0.159926474
v 93.8908768 -413.221832 144
vn 0.707106769 0.707106769 0
vt 0.958904088 0.167279422
v 88.2340164 -407.564972 144
vn 0.707106769 0.707106769 0
vt 0.957925618 0.167279422
f 5355/5355/5355 5354/5354/5354 5353/5353/5353 5352/5352/5352 5351/5351/5351
v 93.8908768 -413.221832 128
vn 0.707106769 -0.707106769 0
vt 0.961839557 0.159926474
v 42.9791832 -464.133514 128
vn 0.707106769 -0.707106769 0
vt 0.970645785 0.159926474
v 42.9791832 -464.133514 144
vn 0.707106769 -0.707106769 0
vt 0.970645785 0.167279422
v 93.8908768 -413.221832 144
vn 0.707106769 -0.707106769 0
vt 0.961839557 0.167279422
f 5359/5359/5359 5358/5358/5358 5357/5357/5357 5356/5356/5356
v 52.2354965 -480.117737 180
vn 0.707106769 0.707106769 0
vt 0.975538135 0.167279422
v 52.2354965 -480.117737 172
vn 0.707106769 0.707106769 0
vt 0.975538135 0.163602948
v 40.9217911 -468.804047 172
vn 0.707106769 0.707106769 0
vt 0.973581195 0.163602948
v 40.9217911 -468.804047 180
vn 0.707106769 0.707106769 0
vt 0.973581195 0.167279422
f 5363/5363/5363 5362/5362/5362 5361/5361/5361 5360/5360/5360
v 40.9217911 -468.804047 180
vn 0.707106769 -0.707106769 -0
vt 0.979452074 0.167279422
v 40.9217911 -468.804047 172
vn 0.707106769 -0.707106769 -0
vt 0.979452074 0.163602948
v 46.5786438 -463.147186 188
vn 0.707106769 -0.707106769 -0
vt 0.978473604 0.170955896
f 5366/5366/5366 5365/5365/5365 5364/5364/5364
v 121 -388 128
vn -0.705177426 0.709030867 -0
vt 0.199608609 0.0569853187
v 121 -388 124
vn -0.705177426 0.709030867 -0
vt 0.199608609 0.0551470518
v 120.07296 -388.921997 124
vn -0.705177426 0.709030867 -0
vt 0.199721992 0.0551470518
v 120.07296 -388.921997 128
vn -0.705177426 0.709030867 -0
vt 0.199721992 0.0569853187
f 5370/5370/5370 5369/5369/5369 5368/5368/5368 5367/5367/5367
v 43.7128143 -464.867157 124
vn -0.705177426 0.709030867 -0
vt 0.209061548 0.0551470518
v 40.2216187 -468.339355 124
vn -0.705177426 0.709030867 -0
vt 0.209488541 0.0551470518
v 40.2216187 -468.339355 128
vn -0.705177426 0.709030867 -0
vt 0.209488541 0.0569853187
v 94.7632294 -414.094177 124
vn -0.705177426 0.709030867 -0
vt 0.202817619 0.0551470518
f 5374/5374/5374 5373/5373/5373 5372/5372/5372 5371/5371/5371
v 107.956924 -400.972198 128
vn -0.705177426 0.709030867 -0
vt 0.21294558 0.0569853187
v 107.956924 -400.972198 124
vn -0.705177426 0.709030867 -0
vt 0.21294558 0.0551470518
v 107.843254 -400.974609 124
vn -0.705177426 0.709030867 -0
vt 0.212959483 0.0551470518
f 5377/5377/5377 5376/5376/5376 5375/5375/5375
v 107.284843 -401.640625 128
vn -0.705177426 0.709030867 -0
vt 0.216941684 0.0569853187
v 107.843254 -400.974609 128
vn -0.705177426 0.709030867 -0
vt 0.216873378 0.0569853187
v 107.956924 -400.972198 128
vn -0.705177426 0.709030867 -0
vt 0.216859475 0.0569853187
v 107.843254 -400.974609 124
vn -0.705177426 0.709030867 -0
vt 0.216873378 0.0551470518
v 94.7632294 -414.094177 124
vn -0.705177426 0.709030867 -0
vt 0.218473196 0.0551470518
v 40.2216187 -468.339355 128
vn -0.705177426 0.709030867 -0
vt 0.225144118 0.0569853187
f 5383/5383/5383 5382/5382/5382 5381/5381/5381 5380/5380/5380 5379/5379/5379 5378/5378/5378
v 128 -388.921997 128
vn 1 0 0
vt 0.228586346 0.0625
v 128 -388.921997 124
vn 1 0 0
vt 0.228586346 0.0606617928
v 128 -388 124
vn 1 0 0
vt 0.228473574 0.0606617928
v 128 -388 128
vn 1 0 0
vt 0.228473574 0.0625
f 5387/5387/5387 5386/5386/5386 5385/5385/5385 5384/5384/5384
v 131.887939 -400.465302 124
vn -0.0211762469 0.999775767 -1.57284764e-15
vt 0.233784169 0.0606617928
v 128 -400.547668 124
vn -0.0211762469 0.999775767 -1.57284764e-15
vt 0.234365031 0.0606617928
v 128 -400.547668 128
vn -0.0211762469 0.999775767 -1.57284764e-15
vt 0.234365031 0.0625
v 131.887939 -400.465302 128
vn -0.0211762469 0.999775767 -1.57284764e-15
vt 0.233784169 0.0625
f 5391/5391/5391 5390/5390/5390 5389/5389/5389 5388/5388/5388
v 120.744995 -388.921997 124
vn 0 1 0
vt 0.238729164 0.0606617928
v 128 -388.921997 124
vn 0 1 0
vt 0.239276916 0.0606617928
v 128 -388.921997 128
vn 0 1 0
vt 0.239276916 0.0625
v 120.07296 -388.921997 128
vn 0 1 0
vt 0.238678411 0.0625
v 120.07296 -388.921997 124
vn 0 1 0
vt 0.238678411 0.0606617928
f 5396/5396/5396 5395/5395/5395 5394/5394/5394 5393/5393/5393 5392/5392/5392
v 108.804039 -400.921783 124
vn -0.0211762469 0.999775767 -1.57284764e-15
vt 0.243106246 0.0606617928
v 108.770882 -400.954956 124
vn -0.0211762469 0.999775767 -1.57284764e-15
vt 0.243108764 0.0606617928
v 108.578339 -400.959015 124
vn -0.0211762469 0.999775767 -1.57284764e-15
vt 0.243137538 0.0606617928
v 107.956924 -400.972198 124
vn -0.0211762469 0.999775767 -1.57284764e-15
vt 0.243230373 0.0606617928
f 5400/5400/5400 5399/5399/5399 5398/5398/5398 5397/5397/5397
v 107.956924 -400.972198 124
vn -0.0211762469 0.999775767 -1.57284764e-15
vt 0.247144267 0.0606617928
v 107.956924 -400.972198 128
vn -0.0211762469 0.999775767 -1.57284764e-15
vt 0.247144267 0.0625
v 108.770882 -400.954956 128
vn -0.0211762469 0.999775767 -1.57284764e-15
vt 0.247022659 0.0625
f 5403/5403/5403 5402/5402/5402 5401/5401/5401
v 108.835823 -400.953583 124
vn -0.0211762469 0.999775767 -1.57284764e-15
vt 0.252883792 0.0606617928
v 108.804039 -400.921783 124
vn -0.0211762469 0.999775767 -1.57284764e-15
vt 0.252890974 0.0606617928
v 107.956924 -400.972198 124
vn -0.0211762469 0.999775767 -1.57284764e-15
vt 0.253015101 0.0606617928
v 108.770882 -400.954956 128
vn -0.0211762469 0.999775767 -1.57284764e-15
vt 0.252893507 0.0625
v 108.835823 -400.953583 128
vn -0.0211762469 0.999775767 -1.57284764e-15
vt 0.252883792 0.0625
v 128 -400.547668 128
vn -0.0211762469 0.999775767 -1.57284764e-15
vt 0.250020593 0.0625
v 128 -400.547668 124
vn -0.0211762469 0.999775767 -1.57284764e-15
vt 0.250020593 0.0606617928
f 5410/5410/5410 5409/5409/5409 5408/5408/5408 5407/5407/5407 5406/5406/5406 5405/5405/5405 5404/5404/5404
v 103.131592 -406.594238 128
vn 0.707106769 -0.707106769 -0
vt 0.256357402 0.0625
v 97.4903336 -412.235504 128
vn 0.707106769 -0.707106769 -0
vt 0.255381614 0.0625
v 97.4903336 -412.235504 124
vn 0.707106769 -0.707106769 -0
vt 0.255381614 0.0606617928
v 108.770882 -400.954956 124
vn 0.707106769 -0.707106769 -0
vt 0.257332832 0.0606617928
v 108.770882 -400.954956 128
vn 0.707106769 -0.707106769 -0
vt 0.257332832 0.0625
f 5415/5415/5415 5414/5414/5414 5413/5413/5413 5412/5412/5412 5411/5411/5411
v 108.835823 -400.953583 124
vn 0.707106769 0.707106769 8.00747137e-14
vt 0.259301007 0.0606617928
v 120.117752 -412.235504 124
vn 0.707106769 0.707106769 8.00747137e-14
vt 0.261252433 0.0606617928
v 120.117752 -412.235504 128
vn 0.707106769 0.707106769 8.00747137e-14
vt 0.261252433 0.0625
v 108.835823 -400.953583 128
vn 0.707106769 0.707106769 8.00747137e-14
vt 0.259301007 0.0625
f 5419/5419/5419 5418/5418/5418 5417/5417/5417 5416/5416/5416
v 52.2354965 -480.117737 128
vn 0.707106769 0.707106769 0
vt 0.263209403 0.0625
v 52.2354965 -480.117737 124
vn 0.707106769 0.707106769 0
vt 0.263209403 0.0606617928
v 40.9217911 -468.804047 124
vn 0.707106769 0.707106769 0
vt 0.265166342 0.0606617928
v 40.9217911 -468.804047 128
vn 0.707106769 0.707106769 0
vt 0.265166342 0.0625
f 5423/5423/5423 5422/5422/5422 5421/5421/5421 5420/5420/5420
v 40.9217911 -468.804047 124
vn 0.707106769 -0.707106769 -0
vt 0.267123282 0.0606617928
v 97.4903336 -412.235504 124
vn 0.707106769 -0.707106769 -0
vt 0.27690801 0.0606617928
v 97.4903336 -412.235504 128
vn 0.707106769 -0.707106769 -0
vt 0.27690801 0.0625
v 40.9217911 -468.804047 128
vn 0.707106769 -0.707106769 -0
vt 0.267123282 0.0625
f 5427/5427/5427 5426/5426/5426 5425/5425/5425 5424/5424/5424
v 19.8479614 -447.965698 320
vn 0 0 1
vt 0.550532281 0.327221632
v 29.3706322 -457.488373 320
vn 0 0 1
vt 0.549367607 0.322845399
v 29.2019482 -389 320
vn 0 0 1
vt 0.54938817 0.35431987
v 29 -389 320
vn 0 0 1
vt 0.549412906 0.35431987
v -39.1177483 -389 320
vn 0 0 1
vt 0.557744324 0.35431987
f 5432/5432/5432 5431/5431/5431 5430/5430/5430 5429/5429/5429 5428/5428/5428
v 29 -389 320
vn 0 0 1
vt 0.279354215 0.0602021813
v 29 -388 320
vn 0 0 1
vt 0.279354215 0.0606617928
v 8 -388 320
vn 0 0 1
vt 0.281922698 0.0606617928
f 5435/5435/5435 5434/5434/5434 5433/5433/5433
v -8 -388 320
vn 0 0 1
vt 0.289750487 0.0606617928
v -40.1177483 -388 320
vn 0 0 1
vt 0.29367879 0.0606617928
v -39.1177483 -389 320
vn 0 0 1
vt 0.293556482 0.0602021813
v 29 -389 320
vn 0 0 1
vt 0.285225064 0.0602021813
v 8 -388 320
vn 0 0 1
vt 0.287793547 0.0606617928
f 5440/5440/5440 5439/5439/5439 5438/5438/5438 5437/5437/5437 5436/5436/5436
v 29 -389 320
vn 0 0 1
vt 0.298434436 0.0602021813
v 29.2019482 -389 320
vn 0 0 1
vt 0.29840976 0.0602021813
v 29.1994839 -388 320
vn 0 0 1
vt 0.298410058 0.0606617928
v 29 -388 320
vn 0 0 1
vt 0.298434436 0.0606617928
f 5444/5444/5444 5443/5443/5443 5442/5442/5442 5441/5441/5441
v 29.2019482 -389 320
vn 0 0 1
vt 0.880157888 0.303648293
v 29.3706322 -457.488373 320
vn 0 0 1
vt 0.874220014 0.281447291
v 30 -458.117737 320
vn 0 0 1
vt 0.874111176 0.281447351
f 5447/5447/5447 5446/5446/5446 5445/5445/5445
v 30 -388.028076 320
vn 0 0 1
vt 0.889957666 0.304223478
v 30 -388 320
vn 0 0 1
vt 0.889960051 0.304232597
v 29.1994839 -388 320
vn 0 0 1
vt 0.890029311 0.303972483
v 29.2019482 -389 320
vn 0 0 1
vt 0.889942646 0.303648293
v 30 -458.117737 320
vn 0 0 1
vt 0.883895934 0.281447351
f 5452/5452/5452 5451/5451/5451 5450/5450/5450 5449/5449/5449 5448/5448/5448
v 30 -388.028076 320
vn 0 0 1
vt 0.138489947 0.561576366
v 30 -458.117737 320
vn 0 0 1
vt 0.132428214 0.53880024
v 33.8406219 -461.958374 320
vn 0 0 1
vt 0.13176389 0.53880024
v 90.5269089 -405.272064 320
vn 0 0 1
vt 0.13176389 0.575641513
v 106.876991 -388.921997 320
vn 0 0 1
vt 0.13176389 0.58626765
f 5457/5457/5457 5456/5456/5456 5455/5455/5455 5454/5454/5454 5453/5453/5453
v 30 -388 320
vn 0 0 1
vt 0.310053825 0.0606617928
v 30 -388.028076 320
vn 0 0 1
vt 0.310053825 0.0606488585
v 106.876991 -388.921997 320
vn 0 0 1
vt 0.300651044 0.0602380633
v 107.798988 -388 320
vn 0 0 1
vt 0.300538272 0.0606617928
f 5461/5461/5461 5460/5460/5460 5459/5459/5459 5458/5458/5458
v 88.2340164 -407.564972 140
vn 0 0 1
vt 0.321917802 0.0588235259
v 37.3223305 -458.476654 140
vn 0 0 1
vt 0.313111544 0.0588235259
v 31.6654758 -452.819794 140
vn 0 0 1
vt 0.313111544 0.0625
v 82.5771637 -401.908112 140
vn 0 0 1
vt 0.321917802 0.0625
f 5465/5465/5465 5464/5464/5464 5463/5463/5463 5462/5462/5462
v 76.920311 -396.251251 128
vn 0.707106769 0.707106769 0
vt 0.326810181 0.0569853187
v 76.920311 -396.251251 132
vn 0.707106769 0.707106769 0
vt 0.326810181 0.0588235259
v 71.2634583 -390.594421 132
vn 0.707106769 0.707106769 0
vt 0.325831711 0.0588235259
v 71.2634583 -390.594421 128
vn 0.707106769 0.707106769 0
vt 0.325831711 0.0569853187
f 5469/5469/5469 5468/5468/5468 5467/5467/5467 5466/5466/5466
v 76.920311 -396.251251 132
vn 0.707106769 0.707106769 0
vt 0.329745591 0.0588235259
v 76.920311 -396.251251 128
vn 0.707106769 0.707106769 0
vt 0.329745591 0.0569853187
v 82.5771637 -401.908112 128
vn 0.707106769 0.707106769 0
vt 0.330724061 0.0569853187
v 82.5771637 -401.908112 136
vn 0.707106769 0.707106769 0
vt 0.330724061 0.0606617928
v 76.920311 -396.251251 136
vn 0.707106769 0.707106769 0
vt 0.329745591 0.0606617928
f 5474/5474/5474 5473/5473/5473 5472/5472/5472 5471/5471/5471 5470/5470/5470
v 82.5771637 -401.908112 136
vn 0.707106769 0.707106769 0
vt 0.3336595 0.0606617928
v 82.5771637 -401.908112 128
vn 0.707106769 0.707106769 0
vt 0.3336595 0.0569853187
v 88.2340164 -407.564972 128
vn 0.707106769 0.707106769 0
vt 0.33463797 0.0569853187
v 88.2340164 -407.564972 140
vn 0.707106769 0.707106769 0
vt 0.33463797 0.0625
v 82.5771637 -401.908112 140
vn 0.707106769 0.707106769 0
vt 0.3336595 0.0625
f 5479/5479/5479 5478/5478/5478 5477/5477/5477 5476/5476/5476 5475/5475/5475
v 107.798988 -388 128
vn 0 0 1
vt 0.410958916 0.227848768
v 106.876991 -388.921997 128
vn 0 0 1
vt 0.411071658 0.227425098
v 68.6690445 -388 128
vn 0 0 1
vt 0.410958916 0.209866285
f 5482/5482/5482 5481/5481/5481 5480/5480/5480
v 95.3349075 -400.464081 128
vn 0 0 1
vt 0.416397274 0.222120821
v 88.2340164 -407.564972 128
vn 0 0 1
vt 0.417265773 0.218857527
v 82.5771637 -401.908112 128
vn 0 0 1
vt 0.416573912 0.21625787
v 76.920311 -396.251251 128
vn 0 0 1
vt 0.415881991 0.213658214
v 71.2634583 -390.594421 128
vn 0 0 1
vt 0.41519013 0.211058557
v 68.6690445 -388 128
vn 0 0 1
vt 0.414872795 0.209866285
v 106.876991 -388.921997 128
vn 0 0 1
vt 0.414985538 0.227425098
f 5489/5489/5489 5488/5488/5488 5487/5487/5487 5486/5486/5486 5485/5485/5485 5484/5484/5484 5483/5483/5483
v 26.0086212 -447.162964 132
vn 0.707106769 0.707106769 0
vt 0.338551849 0.0588235259
v 26.0086212 -447.162964 128
vn 0.707106769 0.707106769 0
vt 0.338551849 0.0569853187
v 20.3517685 -441.506104 128
vn 0.707106769 0.707106769 0
vt 0.339530319 0.0569853187
v 20.3517685 -441.506104 132
vn 0.707106769 0.707106769 0
vt 0.339530319 0.0588235259
f 5493/5493/5493 5492/5492/5492 5491/5491/5491 5490/5490/5490
v 31.6654758 -452.819794 136
vn 0.707106769 0.707106769 0
vt 0.342465758 0.0606617928
v 31.6654758 -452.819794 128
vn 0.707106769 0.707106769 0
vt 0.342465758 0.0569853187
v 29 -450.154327 128
vn 0.707106769 0.707106769 0
vt 0.3429268 0.0569853187
f 5496/5496/5496 5495/5495/5495 5494/5494/5494
v 26.0086212 -447.162964 132
vn 0.707106769 0.707106769 0
vt 0.347358108 0.0588235259
v 26.0086212 -447.162964 136
vn 0.707106769 0.707106769 0
vt 0.347358108 0.0606617928
v 31.6654758 -452.819794 136
vn 0.707106769 0.707106769 0
vt 0.346379638 0.0606617928
v 29 -450.154327 128
vn 0.707106769 0.707106769 0
vt 0.346840709 0.0569853187
v 26.0086212 -447.162964 128
vn 0.707106769 0.707106769 0
vt 0.347358108 0.0569853187
f 5501/5501/5501 5500/5500/5500 5499/5499/5499 5498/5498/5498 5497/5497/5497
v 31.6654758 -452.819794 136
vn 0.707106769 0.707106769 0
vt 0.351272017 0.0606617928
v 31.6654758 -452.819794 140
vn 0.707106769 0.707106769 0
vt 0.351272017 0.0625
v 37.3223305 -458.476654 140
vn 0.707106769 0.707106769 0
vt 0.350293547 0.0625
v 37.3223305 -458.476654 128
vn 0.707106769 0.707106769 0
vt 0.350293547 0.0569853187
v 31.6654758 -452.819794 128
vn 0.707106769 0.707106769 0
vt 0.351272017 0.0569853187
f 5506/5506/5506 5505/5505/5505 5504/5504/5504 5503/5503/5503 5502/5502/5502
v 20.3517685 -441.506104 128
vn 0 0 1
vt 0.900869131 0.301172733
v -33.1543274 -388 128
vn 0 0 1
vt 0.894324839 0.276583493
v -8 -388 128
vn 0 0 1
vt 0.894324839 0.288143396
f 5509/5509/5509 5508/5508/5508 5507/5507/5507
v 8 -388 128
vn 0 0 1
vt 0.420743644 0.221966922
v 29 -388 128
vn 0 0 1
vt 0.420743644 0.23161763
v 29 -432.857849 128
vn 0 0 1
vt 0.426230162 0.23161763
v 20.3517685 -441.506104 128
vn 0 0 1
vt 0.427287936 0.227643311
v -8 -388 128
vn 0 0 1
vt 0.420743644 0.214613974
f 5514/5514/5514 5513/5513/5513 5512/5512/5512 5511/5511/5511 5510/5510/5510
v 29 -388 128
vn 0 0 1
vt 0.904109597 0.279871345
v 68.6690445 -388 128
vn 0 0 1
vt 0.904109597 0.298101604
v 71.2634583 -390.594421 128
vn 0 0 1
vt 0.904426873 0.299293876
v 29 -432.857849 128
vn 0 0 1
vt 0.909596145 0.279871345
f 5518/5518/5518 5517/5517/5517 5516/5516/5516 5515/5515/5515
v 26.0086212 -447.162964 132
vn 0.707106769 -0.707106769 0
vt 0.354207426 0.0588235259
v 76.920311 -396.251251 132
vn 0.707106769 -0.707106769 0
vt 0.363013685 0.0588235259
v 76.920311 -396.251251 136
vn 0.707106769 -0.707106769 0
vt 0.363013685 0.0606617928
v 26.0086212 -447.162964 136
vn 0.707106769 -0.707106769 0
vt 0.354207426 0.0606617928
f 5522/5522/5522 5521/5521/5521 5520/5520/5520 5519/5519/5519
v 31.6654758 -452.819794 136
vn 0.707106769 -0.707106769 0
vt 0.367906064 0.0606617928
v 82.5771637 -401.908112 136
vn 0.707106769 -0.707106769 0
vt 0.376712322 0.0606617928
v 82.5771637 -401.908112 140
vn 0.707106769 -0.707106769 0
vt 0.376712322 0.0625
v 31.6654758 -452.819794 140
vn 0.707106769 -0.707106769 0
vt 0.367906064 0.0625
f 5526/5526/5526 5525/5525/5525 5524/5524/5524 5523/5523/5523
v 31.6654758 -452.819794 136
vn 0 0 1
vt 0.381604701 0.0588235259
v 26.0086212 -447.162964 136
vn 0 0 1
vt 0.381604701 0.0625
v 76.920311 -396.251251 136
vn 0 0 1
vt 0.39041096 0.0625
v 82.5771637 -401.908112 136
vn 0 0 1
vt 0.39041096 0.0588235259
f 5530/5530/5530 5529/5529/5529 5528/5528/5528 5527/5527/5527
v 26.0086212 -447.162964 132
vn 0 0 1
vt 0.395303339 0.0588235259
v 20.3517685 -441.506104 132
vn 0 0 1
vt 0.395303339 0.0625
v 71.2634583 -390.594421 132
vn 0 0 1
vt 0.404109597 0.0625
v 76.920311 -396.251251 132
vn 0 0 1
vt 0.404109597 0.0588235259
f 5534/5534/5534 5533/5533/5533 5532/5532/5532 5531/5531/5531
v 29 -432.857849 128
vn 0.707106769 -0.707106769 -0
vt 0.410497844 0.0569853187
v 71.2634583 -390.594421 128
vn 0.707106769 -0.707106769 -0
vt 0.417808205 0.0569853187
v 71.2634583 -390.594421 132
vn 0.707106769 -0.707106769 -0
vt 0.417808205 0.0588235259
v 20.3517685 -441.506104 132
vn 0.707106769 -0.707106769 -0
vt 0.409001946 0.0588235259
v 20.3517685 -441.506104 128
vn 0.707106769 -0.707106769 -0
vt 0.409001946 0.0569853187
f 5539/5539/5539 5538/5538/5538 5537/5537/5537 5536/5536/5536 5535/5535/5535
v 29 -450.154327 128
vn 0 0 1
vt 0.420517892 0.0625
v 29 -457.117737 128
vn 0 0 1
vt 0.421369582 0.0625
v 26.0086212 -447.162964 128
vn 0 0 1
vt 0.420152038 0.0611252785
f 5542/5542/5542 5541/5541/5541 5540/5540/5540
v 20.3517685 -441.506104 128
vn 0 0 1
vt 0.568188071 0.352643311
v 26.0086212 -447.162964 128
vn 0 0 1
vt 0.568880022 0.355242968
v 29 -457.117737 128
vn 0 0 1
vt 0.570097566 0.35661763
v -40.1177483 -388 128
vn 0 0 1
vt 0.561643839 0.324853957
v -33.1543274 -388 128
vn 0 0 1
vt 0.561643839 0.32805407
f 5547/5547/5547 5546/5546/5546 5545/5545/5545 5544/5544/5544 5543/5543/5543
v 29 -450.154327 128
vn 0 0 1
vt 0.424431801 0.0592830777
v 31.6654758 -452.819794 128
vn 0 0 1
vt 0.424757808 0.0605080724
v 29 -457.117737 128
vn 0 0 1
vt 0.425283462 0.0592830777
f 5550/5550/5550 5549/5549/5549 5548/5548/5548
v 29.0782108 -457.195953 128
vn 0 0 1
vt 0.983022988 0.162260234
v 29 -457.117737 128
vn 0 0 1
vt 0.983013391 0.162224293
v 31.6654758 -452.819794 128
vn 0 0 1
vt 0.982487738 0.163449228
v 37.3223305 -458.476654 128
vn 0 0 1
vt 0.983179629 0.166048884
v 33.8406219 -461.958374 128
vn 0 0 1
vt 0.983605504 0.164448798
f 5555/5555/5555 5554/5554/5554 5553/5553/5553 5552/5552/5552 5551/5551/5551
v 91.2340164 -408.564972 12
vn 0.707106769 -0.707106769 0
vt 0.437377691 0.0551470518
v 91.2340164 -408.564972 16
vn 0.707106769 -0.707106769 0
vt 0.437377691 0.0569853187
v 40.3223305 -459.476654 16
vn 0.707106769 -0.707106769 0
vt 0.428571433 0.0569853187
v 40.3223305 -459.476654 12
vn 0.707106769 -0.707106769 0
vt 0.428571433 0.0551470518
f 5559/5559/5559 5558/5558/5558 5557/5557/5557 5556/5556/5556
v 40.3463364 -468.464081 21.4250946
vn -0.703309715 0.710883558 2.19054053e-14
vt 0.989529252 0.165441155
v 40.3463364 -468.464081 16
vn -0.703309715 0.710883558 2.19054053e-14
vt 0.989529252 0.163579345
v 44.852047 -464.006378 16
vn -0.703309715 0.710883558 2.19054053e-14
vt 0.988852739 0.163579345
f 5562/5562/5562 5561/5561/5561 5560/5560/5560
v 96.0363998 -413.36734 16
vn -0.703309715 0.710883558 2.19054053e-14
vt 0.00465070922 0.1415205
v 108.578339 -400.959015 16
vn -0.703309715 0.710883558 2.19054053e-14
vt 0.0027675312 0.1415205
v 108.578339 -400.959015 21.4250946
vn -0.703309715 0.710883558 2.19054053e-14
vt 0.0027675312 0.14338237
v 40.3463364 -468.464081 21.4250946
vn -0.703309715 0.710883558 2.19054053e-14
vt 0.0130126113 0.14338237
v 44.852047 -464.006378 16
vn -0.703309715 0.710883558 2.19054053e-14
vt 0.0123360781 0.1415205
f 5567/5567/5567 5566/5566/5566 5565/5565/5565 5564/5564/5564 5563/5563/5563
v 96.0363998 -413.36734 0
vn -0.703309715 0.710883558 2.19054053e-14
vt 0.443006873 0.0551470518
v 108.578339 -400.959015 0
vn -0.703309715 0.710883558 2.19054053e-14
vt 0.441123694 0.0551470518
v 108.578339 -400.959015 16
vn -0.703309715 0.710883558 2.19054053e-14
vt 0.441123694 0.0606381297
v 96.0363998 -413.36734 16
vn -0.703309715 0.710883558 2.19054053e-14
vt 0.443006873 0.0606381297
f 5571/5571/5571 5570/5570/5570 5569/5569/5569 5568/5568/5568
v 40.3463364 -468.464081 0
vn -0.703309715 0.710883558 2.19054053e-14
vt 0.44745487 0.0551470518
v 44.852047 -464.006378 0
vn -0.703309715 0.710883558 2.19054053e-14
vt 0.446778357 0.0551470518
v 44.852047 -464.006378 16
vn -0.703309715 0.710883558 2.19054053e-14
vt 0.446778357 0.0606381297
v 40.3463364 -468.464081 16
vn -0.703309715 0.710883558 2.19054053e-14
vt 0.44745487 0.0606381297
f 5575/5575/5575 5574/5574/5574 5573/5573/5573 5572/5572/5572
v 117.948486 -388.921997 0
vn 0 1 0
vt 0.451825261 0.0551470518
v 120.744995 -388.921997 0
vn 0 1 0
vt 0.452036411 0.0551470518
v 120.744995 -388.921997 16
vn 0 1 0
vt 0.452036411 0.0625
f 5578/5578/5578 5577/5577/5577 5576/5576/5576
v 120.744995 -388.921997 21.4250946
vn 0 1 0
vt 0.142838746 0.542934299
v 120.744995 -388.921997 124
vn 0 1 0
vt 0.142838746 0.590073526
v 120.07296 -388.921997 124
vn 0 1 0
vt 0.142788008 0.590073526
v 117.948486 -388.921997 124
vn 0 1 0
vt 0.142627597 0.590073526
v 117.948486 -388.921997 0
vn 0 1 0
vt 0.142627597 0.533088207
v 120.744995 -388.921997 16
vn 0 1 0
vt 0.142838746 0.540441155
f 5584/5584/5584 5583/5583/5583 5582/5582/5582 5581/5581/5581 5580/5580/5580 5579/5579/5579
v 108.578339 -400.959015 96
vn -0.0211762469 0.999775767 -1.57284764e-15
vt 0.573861599 0.341911793
v 108.578339 -400.959015 52.1859245
vn -0.0211762469 0.999775767 -1.57284764e-15
vt 0.573861599 0.321776628
v 107.843254 -400.974609 124
vn -0.0211762469 0.999775767 -1.57284764e-15
vt 0.57397145 0.354779422
v 107.956924 -400.972198 124
vn -0.0211762469 0.999775767 -1.57284764e-15
vt 0.573954403 0.354779422
v 108.578339 -400.959015 124
vn -0.0211762469 0.999775767 -1.57284764e-15
vt 0.573861599 0.354779422
f 5589/5589/5589 5588/5588/5588 5587/5587/5587 5586/5586/5586 5585/5585/5585
v 107.843254 -400.974609 0
vn -0.0211762469 0.999775767 -1.57284764e-15
vt 0.147356927 0.533088207
v 107.843254 -400.974609 124
vn -0.0211762469 0.999775767 -1.57284764e-15
vt 0.147356927 0.590073526
v 108.578339 -400.959015 52.1859245
vn -0.0211762469 0.999775767 -1.57284764e-15
vt 0.147247121 0.557070732
v 108.578339 -400.959015 21.4250946
vn -0.0211762469 0.999775767 -1.57284764e-15
vt 0.147247121 0.542934299
v 108.578339 -400.959015 16
vn -0.0211762469 0.999775767 -1.57284764e-15
vt 0.147247121 0.540441155
v 108.578339 -400.959015 0
vn -0.0211762469 0.999775767 -1.57284764e-15
vt 0.147247121 0.533088207
f 5595/5595/5595 5594/5594/5594 5593/5593/5593 5592/5592/5592 5591/5591/5591 5590/5590/5590
v 107.843254 -400.974609 124
vn 0.766297996 -0.642485321 -9.29201326e-15
vt 0.149829403 0.590073526
v 107.843254 -400.974609 0
vn 0.766297996 -0.642485321 -9.29201326e-15
vt 0.149829403 0.533088207
v 117.948486 -388.921997 0
vn 0.766297996 -0.642485321 -9.29201326e-15
vt 0.15241234 0.533088207
v 117.948486 -388.921997 124
vn 0.766297996 -0.642485321 -9.29201326e-15
vt 0.15241234 0.590073526
v 107.956924 -400.972198 124
vn 0.766297996 -0.642485321 -9.29201326e-15
vt 0.149838358 0.590073526
f 5600/5600/5600 5599/5599/5599 5598/5598/5598 5597/5597/5597 5596/5596/5596
v 44.852047 -464.006378 16
vn 0 0 1
vt 0.455968678 0.059556067
v 40.3223305 -459.476654 16
vn 0 0 1
vt 0.455968678 0.0625
v 91.2340164 -408.564972 16
vn 0 0 1
vt 0.464774936 0.0625
v 96.0363998 -413.36734 16
vn 0 0 1
vt 0.464774936 0.0593788624
f 5604/5604/5604 5603/5603/5603 5602/5602/5602 5601/5601/5601
v 40.3223305 -459.476654 12
vn 0.707106769 0.707106769 0
vt 0.0185909942 0.14338237
v 40.3223305 -459.476654 16
vn 0.707106769 0.707106769 0
vt 0.0185909942 0.145220578
v 44.852047 -464.006378 16
vn 0.707106769 0.707106769 0
vt 0.0178074855 0.145220578
v 44.852047 -464.006378 0
vn 0.707106769 0.707106769 0
vt 0.0178074855 0.13786763
v 40.3223305 -459.476654 0
vn 0.707106769 0.707106769 0
vt 0.0185909942 0.13786763
f 5609/5609/5609 5608/5608/5608 5607/5607/5607 5606/5606/5606 5605/5605/5605
v 91.2340164 -408.564972 12
vn 0.707106769 0.707106769 0
vt 0.0205479488 0.14338237
v 91.2340164 -408.564972 0
vn 0.707106769 0.707106769 0
vt 0.0205479488 0.13786763
v 96.0363998 -413.36734 0
vn 0.707106769 0.707106769 0
vt 0.0213786196 0.13786763
v 96.0363998 -413.36734 16
vn 0.707106769 0.707106769 0
vt 0.0213786196 0.145220578
v 91.2340164 -408.564972 16
vn 0.707106769 0.707106769 0
vt 0.0205479488 0.145220578
f 5614/5614/5614 5613/5613/5613 5612/5612/5612 5611/5611/5611 5610/5610/5610
v 128 -388 92
vn 1 0 0
vt 0.600293517 0.509191155
v 128 -388 124
vn 1 0 0
vt 0.600293517 0.523897052
v 128 -388.921997 124
vn 1 0 0
vt 0.600406289 0.523897052
v 128 -388.921997 16
vn 1 0 0
vt 0.600406289 0.474264681
v 128 -388 16
vn 1 0 0
vt 0.600293517 0.474264681
f 5619/5619/5619 5618/5618/5618 5617/5617/5617 5616/5616/5616 5615/5615/5615
v 128 -404.353241 21.4250946
vn 0 0 1
vt 0.469817549 0.0555828214
v 128 -400.547668 21.4250946
vn 0 0 1
vt 0.470146716 0.0568194389
v 131.887939 -400.465302 21.4250946
vn 0 0 1
vt 0.470404923 0.0559028387
f 5622/5622/5622 5621/5621/5621 5620/5620/5620
v 131.887939 -400.465302 21.4250946
vn -0.0211762469 0.999775767 -1.57284764e-15
vt 0.0263477638 0.138522565
v 128 -400.547668 21.4250946
vn -0.0211762469 0.999775767 -1.57284764e-15
vt 0.0269286279 0.138522565
v 128 -400.547668 38.1618576
vn -0.0211762469 0.999775767 -1.57284764e-15
vt 0.0269286279 0.146214068
f 5625/5625/5625 5624/5624/5624 5623/5623/5623
v 128 -400.547668 96
vn -0.0211762469 0.999775767 -1.57284764e-15
vt 0.606184959 0.511029422
v 128 -400.547668 124
vn -0.0211762469 0.999775767 -1.57284764e-15
vt 0.606184959 0.523897052
v 131.887939 -400.465302 124
vn -0.0211762469 0.999775767 -1.57284764e-15
vt 0.605604112 0.523897052
v 131.887939 -400.465302 21.4250946
vn -0.0211762469 0.999775767 -1.57284764e-15
vt 0.605604112 0.476757824
v 128 -400.547668 38.1618576
vn -0.0211762469 0.999775767 -1.57284764e-15
vt 0.606184959 0.484449387
f 5630/5630/5630 5629/5629/5629 5628/5628/5628 5627/5627/5627 5626/5626/5626
v 120.744995 -388.921997 21.4250946
vn 0 1 0
vt 0.610549092 0.476757824
v 120.744995 -388.921997 16
vn 0 1 0
vt 0.610549092 0.474264681
v 128 -388.921997 16
vn 0 1 0
vt 0.611096859 0.474264681
v 128 -388.921997 124
vn 0 1 0
vt 0.611096859 0.523897052
v 120.744995 -388.921997 124
vn 0 1 0
vt 0.610549092 0.523897052
f 5635/5635/5635 5634/5634/5634 5633/5633/5633 5632/5632/5632 5631/5631/5631
v 72.0344849 -437.691345 96
vn 0 0 1
vt 0.0308219176 0.14338237
v 66.3776321 -443.348206 96
vn 0 0 1
vt 0.031800393 0.14338237
v 77.6913452 -454.661896 96
vn 0 0 1
vt 0.031800393 0.136029422
v 83.3481979 -449.005035 96
vn 0 0 1
vt 0.0308219176 0.136029422
f 5639/5639/5639 5638/5638/5638 5637/5637/5637 5636/5636/5636
v 108.770882 -400.954956 96
vn 0.707106769 -0.707106769 -0
vt 0.98923105 0.0183823705
v 108.835823 -400.953583 96
vn 0.707106769 -0.707106769 -0
vt 0.989236772 0.0183823705
v 108.804039 -400.921783 96
vn 0.707106769 -0.707106769 -0
vt 0.989236772 0.0183823705
f 5642/5642/5642 5641/5641/5641 5640/5640/5640
v 97.4903336 -412.235504 124
vn 0.707106769 -0.707106769 -0
vt 0.0342465751 0.148897052
v 97.4903336 -412.235504 96
vn 0.707106769 -0.707106769 -0
vt 0.0342465751 0.136029422
v 108.770882 -400.954956 96
vn 0.707106769 -0.707106769 -0
vt 0.0361977853 0.136029422
f 5645/5645/5645 5644/5644/5644 5643/5643/5643
v 108.770882 -400.954956 124
vn 0.707106769 -0.707106769 -0
vt 0.0401116796 0.148897052
v 97.4903336 -412.235504 124
vn 0.707106769 -0.707106769 -0
vt 0.0381604694 0.148897052
v 108.770882 -400.954956 96
vn 0.707106769 -0.707106769 -0
vt 0.0401116796 0.136029422
v 108.804039 -400.921783 96
vn 0.707106769 -0.707106769 -0
vt 0.0401174165 0.136029422
v 108.804039 -400.921783 124
vn 0.707106769 -0.707106769 -0
vt 0.0401174165 0.148897052
v 108.835823 -400.953583 124
vn 0.707106769 -0.707106769 -0
vt 0.0401174165 0.148897052
f 5651/5651/5651 5650/5650/5650 5649/5649/5649 5648/5648/5648 5647/5647/5647 5646/5646/5646
v 108.835823 -400.953583 124
vn 0.707106769 0.707106769 8.00747137e-14
vt 0.474565178 0.0606617928
v 108.770882 -400.954956 124
vn 0.707106769 0.707106769 8.00747137e-14
vt 0.474559695 0.0606617928
v 108.804039 -400.921783 124
vn 0.707106769 0.707106769 8.00747137e-14
vt 0.474559695 0.0606617928
f 5654/5654/5654 5653/5653/5653 5652/5652/5652
v 108.835823 -400.953583 96
vn 0.707106769 0.707106769 8.00747137e-14
vt 0.0440368094 0.136029422
v 120.117752 -412.235504 96
vn 0.707106769 0.707106769 8.00747137e-14
vt 0.0459882542 0.136029422
v 120.117752 -412.235504 124
vn 0.707106769 0.707106769 8.00747137e-14
vt 0.0459882542 0.148897052
v 108.835823 -400.953583 124
vn 0.707106769 0.707106769 8.00747137e-14
vt 0.0440368094 0.148897052
v 108.804039 -400.921783 124
vn 0.707106769 0.707106769 8.00747137e-14
vt 0.0440313071 0.148897052
v 108.804039 -400.921783 96
vn 0.707106769 0.707106769 8.00747137e-14
vt 0.0440313071 0.136029422
v 108.770882 -400.954956 96
vn 0.707106769 0.707106769 8.00747137e-14
vt 0.0440313108 0.136029422
f 5661/5661/5661 5660/5660/5660 5659/5659/5659 5658/5658/5658 5657/5657/5657 5656/5656/5656 5655/5655/5655
v 128 -400.547668 96
vn -0.0211762469 0.999775767 -1.57284764e-15
vt 0.0484550446 0.136029422
v 108.835823 -400.953583 96
vn -0.0211762469 0.999775767 -1.57284764e-15
vt 0.0513182394 0.136029422
v 108.835823 -400.953583 124
vn -0.0211762469 0.999775767 -1.57284764e-15
vt 0.0513182394 0.148897052
v 128 -400.547668 124
vn -0.0211762469 0.999775767 -1.57284764e-15
vt 0.0484550446 0.148897052
f 5665/5665/5665 5664/5664/5664 5663/5663/5663 5662/5662/5662
v 52.2354965 -480.117737 124
vn 0.707106769 0.707106769 0
vt 0.0538160503 0.148897052
v 52.2354965 -480.117737 96
vn 0.707106769 0.707106769 0
vt 0.0538160503 0.136029422
v 40.9217911 -468.804047 96
vn 0.707106769 0.707106769 0
vt 0.0557729974 0.136029422
v 40.9217911 -468.804047 124
vn 0.707106769 0.707106769 0
vt 0.0557729974 0.148897052
f 5669/5669/5669 5668/5668/5668 5667/5667/5667 5666/5666/5666
v 40.9217911 -468.804047 124
vn 0.707106769 -0.707106769 -0
vt 0.0577299409 0.148897052
v 40.9217911 -468.804047 96
vn 0.707106769 -0.707106769 -0
vt 0.0577299409 0.136029422
v 60.7207794 -449.005035 96
vn 0.707106769 -0.707106769 -0
vt 0.0611546002 0.136029422
v 66.3776321 -443.348206 96
vn 0.707106769 -0.707106769 -0
vt 0.0621330738 0.136029422
v 72.0344849 -437.691345 96
vn 0.707106769 -0.707106769 -0
vt 0.0631115437 0.136029422
f 5674/5674/5674 5673/5673/5673 5672/5672/5672 5671/5671/5671 5670/5670/5670
v 97.4903336 -412.235504 124
vn 0.707106769 -0.707106769 -0
vt 0.0753424689 0.148897052
v 40.9217911 -468.804047 124
vn 0.707106769 -0.707106769 -0
vt 0.0655577332 0.148897052
v 72.0344849 -437.691345 96
vn 0.707106769 -0.707106769 -0
vt 0.0709393322 0.136029422
v 77.6913452 -432.034485 96
vn 0.707106769 -0.707106769 -0
vt 0.0719178095 0.136029422
v 84.762413 -424.963409 96
vn 0.707106769 -0.707106769 -0
vt 0.0731408969 0.136029422
v 97.4903336 -412.235504 96
vn 0.707106769 -0.707106769 -0
vt 0.0753424689 0.136029422
f 5680/5680/5680 5679/5679/5679 5678/5678/5678 5677/5677/5677 5676/5676/5676 5675/5675/5675
v 46.5786438 -463.147186 76
vn -0.5 -0.5 0.707106769
vt 0.0797455981 0.14338237
v 57.8923531 -474.460907 76
vn -0.5 -0.5 0.707106769
vt 0.0797455981 0.136029422
v 63.5492058 -468.804047 84
vn -0.5 -0.5 0.707106769
vt 0.0787671208 0.136029422
v 52.2354965 -457.490326 84
vn -0.5 -0.5 0.707106769
vt 0.0787671208 0.14338237
f 5684/5684/5684 5683/5683/5683 5682/5682/5682 5681/5681/5681
v 52.2354965 -457.490326 84
vn -0.5 -0.5 0.707106769
vt 0.0831702575 0.14338237
v 63.5492058 -468.804047 84
vn -0.5 -0.5 0.707106769
vt 0.0831702575 0.136029422
v 69.2060623 -463.147186 92
vn -0.5 -0.5 0.707106769
vt 0.0841487274 0.136029422
v 57.8923531 -451.833466 92
vn -0.5 -0.5 0.707106769
vt 0.0841487274 0.14338237
f 5688/5688/5688 5687/5687/5687 5686/5686/5686 5685/5685/5685
v 40.9217911 -468.804047 96
vn 0.707106769 -0.707106769 -0
vt 0.0909980461 0.150735319
v 40.9217911 -468.804047 68
vn 0.707106769 -0.707106769 -0
vt 0.0909980461 0.13786763
v 46.5786438 -463.147186 76
vn 0.707106769 -0.707106769 -0
vt 0.0900195688 0.141544104
v 52.2354965 -457.490326 84
vn 0.707106769 -0.707106769 -0
vt 0.089041099 0.145220578
v 57.8923531 -451.833466 92
vn 0.707106769 -0.707106769 -0
vt 0.0880626217 0.148897052
f 5693/5693/5693 5692/5692/5692 5691/5691/5691 5690/5690/5690 5689/5689/5689
v 40.9217911 -468.804047 96
vn 0.707106769 -0.707106769 -0
vt 0.478473574 0.0625
v 57.8923531 -451.833466 92
vn 0.707106769 -0.707106769 -0
vt 0.481409013 0.0606617928
v 60.7207794 -449.005035 96
vn 0.707106769 -0.707106769 -0
vt 0.481898248 0.0625
f 5696/5696/5696 5695/5695/5695 5694/5694/5694
v 52.2354965 -480.117737 96
vn 0.707106769 0.707106769 0
vt 0.0949119404 0.150735319
v 52.2354965 -480.117737 68
vn 0.707106769 0.707106769 0
vt 0.0949119404 0.13786763
v 40.9217911 -468.804047 68
vn 0.707106769 0.707106769 0
vt 0.0929549932 0.13786763
v 40.9217911 -468.804047 96
vn 0.707106769 0.707106769 0
vt 0.0929549932 0.150735319
f 5700/5700/5700 5699/5699/5699 5698/5698/5698 5697/5697/5697
v 46.5786438 -463.147186 76
vn 0.632455528 0.632455528 -0.44721359
vt 0.0973581225 0.14338237
v 40.9217911 -468.804047 60
vn 0.632455528 0.632455528 -0.44721359
vt 0.0993150696 0.14338237
v 52.2354965 -480.117737 60
vn 0.632455528 0.632455528 -0.44721359
vt 0.0993150696 0.136029422
v 57.8923531 -474.460907 76
vn 0.632455528 0.632455528 -0.44721359
vt 0.0973581225 0.136029422
f 5704/5704/5704 5703/5703/5703 5702/5702/5702 5701/5701/5701
v 66.3776321 -443.348206 96
vn -0.223606795 -0.223606795 0.948683321
vt 0.104696676 0.145220578
v 57.8923531 -451.833466 92
vn -0.223606795 -0.223606795 0.948683321
vt 0.104696676 0.139705896
v 69.2060623 -463.147186 92
vn -0.223606795 -0.223606795 0.948683321
vt 0.106653623 0.139705896
v 77.6913452 -454.661896 96
vn -0.223606795 -0.223606795 0.948683321
vt 0.106653623 0.145220578
f 5708/5708/5708 5707/5707/5707 5706/5706/5706 5705/5705/5705
v 60.7207794 -449.005035 96
vn 0.707106769 -0.707106769 -0
vt 0.485812128 0.0625
v 57.8923531 -451.833466 92
vn 0.707106769 -0.707106769 -0
vt 0.485322893 0.0606617928
v 66.3776321 -443.348206 96
vn 0.707106769 -0.707106769 -0
vt 0.486790597 0.0625
f 5711/5711/5711 5710/5710/5710 5709/5709/5709
v 120.117752 -412.235504 21.4250946
vn 0 0 1
vt 0.110505439 0.143169582
v 108.835823 -400.953583 21.4250946
vn 0 0 1
vt 0.110752501 0.149573505
v 110.321701 -400.922089 21.4250946
vn 0 0 1
vt 0.110851198 0.149223149
v 122.898552 -409.454712 21.4250946
vn 0 0 1
vt 0.11092554 0.143398404
f 5715/5715/5715 5714/5714/5714 5713/5713/5713 5712/5712/5712
v 128 -400.547668 21.4250946
vn 0 0 1
vt 0.491673112 0.0568194389
v 128 -404.353241 21.4250946
vn 0 0 1
vt 0.491343975 0.0555828214
v 122.898552 -409.454712 21.4250946
vn 0 0 1
vt 0.490573287 0.0551630855
v 110.321701 -400.922089 21.4250946
vn 0 0 1
vt 0.49049893 0.0609878898
f 5719/5719/5719 5718/5718/5718 5717/5717/5717 5716/5716/5716
v 97.4903336 -412.235504 21.4250946
vn 0 0 1
vt 0.124699593 0.14866066
v 108.804039 -423.549194 21.4250946
vn 0 0 1
vt 0.124451831 0.142238617
v 52.1177483 -480.235504 21.4250946
vn 0 0 1
vt 0.115888111 0.137574315
v 40.804039 -468.921783 21.4250946
vn 0 0 1
vt 0.11613588 0.143996298
f 5723/5723/5723 5722/5722/5722 5721/5721/5721 5720/5720/5720
v 97.4903336 -412.235504 21.4250946
vn 0 0 1
vt 0.504347324 0.0604253411
v 40.804039 -468.921783 21.4250946
vn 0 0 1
vt 0.495783627 0.0557609797
v 40.3463364 -468.464081 21.4250946
vn 0 0 1
vt 0.495793641 0.0560208559
v 108.578339 -400.959015 21.4250946
vn 0 0 1
vt 0.506038725 0.061398983
v 108.770882 -400.954956 21.4250946
vn 0 0 1
vt 0.506051481 0.0613535643
f 5728/5728/5728 5727/5727/5727 5726/5726/5726 5725/5725/5725 5724/5724/5724
v 108.804039 -400.921783 21.4250946
vn 0 0 1
vt 0.509970427 0.0613562465
v 108.835823 -400.953583 21.4250946
vn 0 0 1
vt 0.509969771 0.0613381863
v 108.770882 -400.954956 21.4250946
vn 0 0 1
vt 0.50996542 0.0613535643
v 108.578339 -400.959015 21.4250946
vn 0 0 1
vt 0.509952605 0.061398983
v 120.744995 -388.921997 21.4250946
vn 0 0 1
vt 0.511779487 0.0623579621
v 120.803833 -388.921997 21.4250946
vn 0 0 1
vt 0.511783242 0.062343657
v 120.744995 -388.921997 21.4250946
vn 0 0 1
vt 0.511779487 0.0623579621
f 5735/5735/5735 5734/5734/5734 5733/5733/5733 5732/5732/5732 5731/5731/5731 5730/5730/5730 5729/5729/5729
v 97.4903336 -434.862915 84
vn 0.5 0.5 0.707106769
vt 0.129647747 0.136029422
v 103.147186 -429.206055 76
vn 0.5 0.5 0.707106769
vt 0.130626217 0.136029422
v 91.8334808 -417.892365 76
vn 0.5 0.5 0.707106769
vt 0.130626217 0.14338237
v 86.1766205 -423.549194 84
vn 0.5 0.5 0.707106769
vt 0.129647747 0.14338237
f 5739/5739/5739 5738/5738/5738 5737/5737/5737 5736/5736/5736
v 97.4903336 -434.862915 84
vn 0.5 0.5 0.707106769
vt 0.134050876 0.136029422
v 86.1766205 -423.549194 84
vn 0.5 0.5 0.707106769
vt 0.134050876 0.14338237
v 80.5197678 -429.206055 92
vn 0.5 0.5 0.707106769
vt 0.135029361 0.14338237
v 91.8334808 -440.519775 92
vn 0.5 0.5 0.707106769
vt 0.135029361 0.136029422
f 5743/5743/5743 5742/5742/5742 5741/5741/5741 5740/5740/5740
v 97.4903336 -412.235504 96
vn 0.707106769 -0.707106769 -0
vt 0.139921725 0.150735319
v 88.2336578 -421.492157 86.1818161
vn 0.707106769 -0.707106769 -0
vt 0.138320595 0.146223247
v 91.8334808 -417.892365 76
vn 0.707106769 -0.707106769 -0
vt 0.138943255 0.141544104
f 5746/5746/5746 5745/5745/5745 5744/5744/5744
v 97.4903336 -412.235504 96
vn 0.707106769 -0.707106769 -0
vt 0.519569457 0.0625
v 85.741478 -423.984344 93.2307663
vn 0.707106769 -0.707106769 -0
vt 0.517537296 0.0612273216
v 88.2336578 -421.492157 86.1818161
vn 0.707106769 -0.707106769 -0
vt 0.517968357 0.0579878688
f 5749/5749/5749 5748/5748/5748 5747/5747/5747
v 97.4903336 -412.235504 96
vn 0.707106769 -0.707106769 -0
vt 0.525440335 0.0625
v 84.762413 -424.963409 96
vn 0.707106769 -0.707106769 -0
vt 0.523238719 0.0625
v 85.741478 -423.984344 93.2307663
vn 0.707106769 -0.707106769 -0
vt 0.523408115 0.0612273216
f 5752/5752/5752 5751/5751/5751 5750/5750/5750
v 97.4903336 -412.235504 96
vn 0.707106769 -0.707106769 -0
vt 0.143835619 0.150735319
v 91.8334808 -417.892365 76
vn 0.707106769 -0.707106769 -0
vt 0.142857149 0.141544104
v 97.4903336 -412.235504 68
vn 0.707106769 -0.707106769 -0
vt 0.143835619 0.13786763
f 5755/5755/5755 5754/5754/5754 5753/5753/5753
v 108.835823 -400.953583 96
vn 0.707106769 -0.707106769 -0
vt 0.993150711 0.0183823705
v 108.770882 -400.954956 96
vn 0.707106769 -0.707106769 -0
vt 0.993144929 0.0183823705
v 97.4903336 -412.235504 96
vn 0.707106769 -0.707106769 -0
vt 0.991193712 0.0183823705
v 108.804039 -400.921783 96
vn 0.707106769 -0.707106769 -0
vt 0.993150711 0.0183823705
f 5759/5759/5759 5758/5758/5758 5757/5757/5757 5756/5756/5756
v 108.835823 -400.953583 52
vn 0.707106769 -0.707106769 -0
vt 0.529354215 0.0569853187
v 108.804039 -400.921783 52
vn 0.707106769 -0.707106769 -0
vt 0.529354215 0.0569853187
v 108.770882 -400.954956 52.0468979
vn 0.707106769 -0.707106769 -0
vt 0.529348493 0.0570068359
f 5762/5762/5762 5761/5761/5761 5760/5760/5760
v 97.4903336 -412.235504 68
vn 0.707106769 -0.707106769 -0
vt 0.429549903 0.21875
v 108.770882 -400.954956 52.0468979
vn 0.707106769 -0.707106769 -0
vt 0.43150112 0.211418629
v 108.835823 -400.953583 52
vn 0.707106769 -0.707106769 -0
vt 0.431506842 0.211397052
v 108.770882 -400.954956 52.0468979
vn 0.707106769 -0.707106769 -0
vt 0.43150112 0.211418629
v 108.804039 -400.921783 96
vn 0.707106769 -0.707106769 -0
vt 0.431506842 0.23161763
v 97.4903336 -412.235504 96
vn 0.707106769 -0.707106769 -0
vt 0.429549903 0.23161763
f 5768/5768/5768 5767/5767/5767 5766/5766/5766 5765/5765/5765 5764/5764/5764 5763/5763/5763
v 108.835823 -400.953583 52
vn 0.707106769 0.707106769 8.00747137e-14
vt 0.533273578 0.0569853187
v 120.117752 -412.235504 52
vn 0.707106769 0.707106769 8.00747137e-14
vt 0.535225034 0.0569853187
v 108.770882 -400.954956 52.0468979
vn 0.707106769 0.707106769 8.00747137e-14
vt 0.533268094 0.0570068359
v 108.804039 -400.921783 52
vn 0.707106769 0.707106769 8.00747137e-14
vt 0.533268094 0.0569853187
v 108.770882 -400.954956 52.0468979
vn 0.707106769 0.707106769 8.00747137e-14
vt 0.533268094 0.0570068359
f 5773/5773/5773 5772/5772/5772 5771/5771/5771 5770/5770/5770 5769/5769/5769
v 120.117752 -412.235504 96
vn 0.707106769 0.707106769 8.00747137e-14
vt 0.437377691 0.23161763
v 108.835823 -400.953583 96
vn 0.707106769 0.707106769 8.00747137e-14
vt 0.435426235 0.23161763
v 108.770882 -400.954956 96
vn 0.707106769 0.707106769 8.00747137e-14
vt 0.435420752 0.23161763
v 108.804039 -400.921783 96
vn 0.707106769 0.707106769 8.00747137e-14
vt 0.435420752 0.23161763
v 108.770882 -400.954956 52.0468979
vn 0.707106769 0.707106769 8.00747137e-14
vt 0.435420752 0.211418629
v 120.117752 -412.235504 52
vn 0.707106769 0.707106769 8.00747137e-14
vt 0.437377691 0.211397052
f 5779/5779/5779 5778/5778/5778 5777/5777/5777 5776/5776/5776 5775/5775/5775 5774/5774/5774
v 108.835823 -400.953583 52
vn -0.0211762469 0.999775767 -1.57284764e-15
vt 0.916288912 0.284926474
v 108.770882 -400.954956 52.0468979
vn -0.0211762469 0.999775767 -1.57284764e-15
vt 0.916298568 0.284947991
v 108.835823 -400.953583 96
vn -0.0211762469 0.999775767 -1.57284764e-15
vt 0.916288912 0.305147052
v 128 -400.547668 96
vn -0.0211762469 0.999775767 -1.57284764e-15
vt 0.913425684 0.305147052
v 128 -400.547668 38.1618576
vn -0.0211762469 0.999775767 -1.57284764e-15
vt 0.913425684 0.278567016
f 5784/5784/5784 5783/5783/5783 5782/5782/5782 5781/5781/5781 5780/5780/5780
v 108.770882 -400.954956 96
vn -0.0211762469 0.999775767 -1.57284764e-15
vt 0.440760434 0.23161763
v 108.770882 -400.954956 52.0468979
vn -0.0211762469 0.999775767 -1.57284764e-15
vt 0.440760434 0.211418629
v 108.578339 -400.959015 52.1859245
vn -0.0211762469 0.999775767 -1.57284764e-15
vt 0.440789223 0.211482525
v 108.578339 -400.959015 96
vn -0.0211762469 0.999775767 -1.57284764e-15
vt 0.440789223 0.23161763
f 5788/5788/5788 5787/5787/5787 5786/5786/5786 5785/5785/5785
v 86.1766205 -423.549194 84
vn 0.707106769 -0.707106769 -0
vt 0.147749513 0.145220578
v 91.8334808 -417.892365 76
vn 0.707106769 -0.707106769 -0
vt 0.148727983 0.141544104
v 88.2336578 -421.492157 86.1818161
vn 0.707106769 -0.707106769 -0
vt 0.148105323 0.146223247
f 5791/5791/5791 5790/5790/5790 5789/5789/5789
v 86.1766205 -423.549194 84
vn 0.707106769 -0.707106769 -0
vt 0.539138973 0.0569853187
v 88.2336578 -421.492157 86.1818161
vn 0.707106769 -0.707106769 -0
vt 0.539494753 0.0579878688
v 85.741478 -423.984344 93.2307663
vn 0.707106769 -0.707106769 -0
vt 0.539063692 0.0612273216
v 80.5197678 -429.206055 92
vn 0.707106769 -0.707106769 -0
vt 0.538160443 0.0606617928
f 5795/5795/5795 5794/5794/5794 5793/5793/5793 5792/5792/5792
v 80.5197678 -429.206055 92
vn 0.707106769 -0.707106769 -0
vt 0.544031322 0.0606617928
v 85.741478 -423.984344 93.2307663
vn 0.707106769 -0.707106769 -0
vt 0.544934511 0.0612273216
v 84.762413 -424.963409 96
vn 0.707106769 -0.707106769 -0
vt 0.544765174 0.0625
v 77.6913452 -432.034485 96
vn 0.707106769 -0.707106769 -0
vt 0.543542087 0.0625
f 5799/5799/5799 5798/5798/5798 5797/5797/5797 5796/5796/5796
v 108.804039 -423.549194 60
vn 0.707106769 0.707106769 0
vt 0.44324854 0.229779422
v 108.804039 -423.549194 21.4250946
vn 0.707106769 0.707106769 0
vt 0.44324854 0.212051928
v 97.4903336 -412.235504 21.4250946
vn 0.707106769 0.707106769 0
vt 0.44520548 0.212051928
v 97.4903336 -412.235504 60
vn 0.707106769 0.707106769 0
vt 0.44520548 0.229779422
f 5803/5803/5803 5802/5802/5802 5801/5801/5801 5800/5800/5800
v 108.804039 -400.921783 21.4250946
vn 0.707106769 -0.707106769 -0
vt 0.548923671 0.0576401949
v 108.770882 -400.954956 21.4250946
vn 0.707106769 -0.707106769 -0
vt 0.548917949 0.0576401949
v 108.835823 -400.953583 21.4250946
vn 0.707106769 -0.707106769 -0
vt 0.548923671 0.0576401949
f 5806/5806/5806 5805/5805/5805 5804/5804/5804
v 108.770882 -400.954956 52.0468979
vn 0.707106769 -0.707106769 -0
vt 0.153614625 0.137889206
v 97.4903336 -412.235504 68
vn 0.707106769 -0.707106769 -0
vt 0.151663408 0.145220578
v 97.4903336 -412.235504 60
vn 0.707106769 -0.707106769 -0
vt 0.151663408 0.141544104
f 5809/5809/5809 5808/5808/5808 5807/5807/5807
v 108.804039 -400.921783 52
vn 0.707106769 -0.707106769 -0
vt 0.449119359 0.226102948
v 108.835823 -400.953583 52
vn 0.707106769 -0.707106769 -0
vt 0.449119359 0.226102948
v 108.770882 -400.954956 52.0468979
vn 0.707106769 -0.707106769 -0
vt 0.449113637 0.226124465
v 97.4903336 -412.235504 60
vn 0.707106769 -0.707106769 -0
vt 0.44716242 0.229779422
v 97.4903336 -412.235504 21.4250946
vn 0.707106769 -0.707106769 -0
vt 0.44716242 0.212051928
v 108.770882 -400.954956 21.4250946
vn 0.707106769 -0.707106769 -0
vt 0.449113637 0.212051928
v 108.804039 -400.921783 21.4250946
vn 0.707106769 -0.707106769 -0
vt 0.449119359 0.212051928
f 5816/5816/5816 5815/5815/5815 5814/5814/5814 5813/5813/5813 5812/5812/5812 5811/5811/5811 5810/5810/5810
v 108.804039 -400.921783 21.4250946
vn 0.707106769 0.707106769 8.00747137e-14
vt 0.552837551 0.0576401949
v 108.770882 -400.954956 21.4250946
vn 0.707106769 0.707106769 8.00747137e-14
vt 0.552837551 0.0576401949
v 108.835823 -400.953583 21.4250946
vn 0.707106769 0.707106769 8.00747137e-14
vt 0.552843094 0.0576401949
f 5819/5819/5819 5818/5818/5818 5817/5817/5817
v 108.835823 -400.953583 21.4250946
vn 0.707106769 0.707106769 8.00747137e-14
vt 0.451081812 0.212051928
v 120.117752 -412.235504 21.4250946
vn 0.707106769 0.707106769 8.00747137e-14
vt 0.453033268 0.212051928
v 120.117752 -412.235504 52
vn 0.707106769 0.707106769 8.00747137e-14
vt 0.453033268 0.226102948
f 5822/5822/5822 5821/5821/5821 5820/5820/5820
v 108.835823 -400.953583 52
vn 0.707106769 0.707106769 8.00747137e-14
vt 0.456952661 0.226102948
v 108.770882 -400.954956 52.0468979
vn 0.707106769 0.707106769 8.00747137e-14
vt 0.456947148 0.226124465
v 108.804039 -400.921783 52
vn 0.707106769 0.707106769 8.00747137e-14
vt 0.456947148 0.226102948
v 108.804039 -400.921783 21.4250946
vn 0.707106769 0.707106769 8.00747137e-14
vt 0.456947148 0.212051928
v 108.835823 -400.953583 21.4250946
vn 0.707106769 0.707106769 8.00747137e-14
vt 0.456952661 0.212051928
v 120.117752 -412.235504 52
vn 0.707106769 0.707106769 8.00747137e-14
vt 0.458904117 0.226102948
f 5828/5828/5828 5827/5827/5827 5826/5826/5826 5825/5825/5825 5824/5824/5824 5823/5823/5823
v 128 -400.547668 38.1618576
vn -0.0211762469 0.999775767 -1.57284764e-15
vt 0.461370885 0.21974349
v 128 -400.547668 21.4250946
vn -0.0211762469 0.999775767 -1.57284764e-15
vt 0.461370885 0.212051928
v 110.321701 -400.922089 21.4250946
vn -0.0211762469 0.999775767 -1.57284764e-15
vt 0.464012086 0.212051928
v 108.835823 -400.953583 21.4250946
vn -0.0211762469 0.999775767 -1.57284764e-15
vt 0.464234084 0.212051928
v 108.835823 -400.953583 52
vn -0.0211762469 0.999775767 -1.57284764e-15
vt 0.464234084 0.226102948
f 5833/5833/5833 5832/5832/5832 5831/5831/5831 5830/5830/5830 5829/5829/5829
v 108.804039 -400.921783 52
vn -0.0211762469 0.999775767 -1.57284764e-15
vt 0.468155175 0.226102948
v 108.770882 -400.954956 21.4250946
vn -0.0211762469 0.999775767 -1.57284764e-15
vt 0.468157679 0.212051928
v 108.578339 -400.959015 21.4250946
vn -0.0211762469 0.999775767 -1.57284764e-15
vt 0.468186468 0.212051928
v 108.578339 -400.959015 52.1859245
vn -0.0211762469 0.999775767 -1.57284764e-15
vt 0.468186468 0.226188362
v 108.770882 -400.954956 52.0468979
vn -0.0211762469 0.999775767 -1.57284764e-15
vt 0.468157679 0.226124465
f 5838/5838/5838 5837/5837/5837 5836/5836/5836 5835/5835/5835 5834/5834/5834
v 91.8334808 -417.892365 76
vn 0.707106769 -0.707106769 -0
vt 0.156555772 0.148897052
v 97.4903336 -412.235504 60
vn 0.707106769 -0.707106769 -0
vt 0.157534242 0.141544104
v 97.4903336 -412.235504 68
vn 0.707106769 -0.707106769 -0
vt 0.157534242 0.145220578
f 5841/5841/5841 5840/5840/5840 5839/5839/5839
v 80.5197678 -429.206055 92
vn 0.707106769 -0.707106769 -0
vt 0.559686899 0.0606617928
v 77.6913452 -432.034485 96
vn 0.707106769 -0.707106769 -0
vt 0.559197664 0.0625
v 72.0344849 -437.691345 96
vn 0.707106769 -0.707106769 -0
vt 0.558219194 0.0625
f 5844/5844/5844 5843/5843/5843 5842/5842/5842
v 80.5197678 -429.206055 92
vn 0.223606795 0.223606795 0.948683321
vt 0.163405091 0.139705896
v 72.0344849 -437.691345 96
vn 0.223606795 0.223606795 0.948683321
vt 0.163405091 0.145220578
v 83.3481979 -449.005035 96
vn 0.223606795 0.223606795 0.948683321
vt 0.161448136 0.145220578
v 91.8334808 -440.519775 92
vn 0.223606795 0.223606795 0.948683321
vt 0.161448136 0.139705896
f 5848/5848/5848 5847/5847/5847 5846/5846/5846 5845/5845/5845
v 97.4903336 -412.235504 60
vn 0.632455528 0.632455528 0.44721359
vt 0.565068483 0.0625
v 91.8334808 -417.892365 76
vn 0.632455528 0.632455528 0.44721359
vt 0.563111544 0.0625
v 103.147186 -429.206055 76
vn 0.632455528 0.632455528 0.44721359
vt 0.563111544 0.0551470518
v 108.804039 -423.549194 60
vn 0.632455528 0.632455528 0.44721359
vt 0.565068483 0.0551470518
f 5852/5852/5852 5851/5851/5851 5850/5850/5850 5849/5849/5849
v 52.2354965 -480.117737 68
vn 0.707106769 0.707106769 0
vt 0.169275925 0.145220578
v 52.2354965 -480.117737 60
vn 0.707106769 0.707106769 0
vt 0.169275925 0.141544104
v 40.9217911 -468.804047 60
vn 0.707106769 0.707106769 0
vt 0.167318985 0.141544104
v 40.9217911 -468.804047 68
vn 0.707106769 0.707106769 0
vt 0.167318985 0.145220578
f 5856/5856/5856 5855/5855/5855 5854/5854/5854 5853/5853/5853
v 40.9217911 -468.804047 68
vn 0.707106769 -0.707106769 -0
vt 0.173189819 0.145220578
v 40.9217911 -468.804047 60
vn 0.707106769 -0.707106769 -0
vt 0.173189819 0.141544104
v 46.5786438 -463.147186 76
vn 0.707106769 -0.707106769 -0
vt 0.172211349 0.148897052
f 5859/5859/5859 5858/5858/5858 5857/5857/5857
v 128 -388 0
vn 1 0 0
vt 0.568982363 0.0551470518
v 128 -388 16
vn 1 0 0
vt 0.568982363 0.0625
v 128 -388.921997 16
vn 1 0 0
vt 0.569095135 0.0625
v 128 -388.921997 0
vn 1 0 0
vt 0.569095135 0.0551470518
f 5863/5863/5863 5862/5862/5862 5861/5861/5861 5860/5860/5860
v 128 -388.921997 16
vn 0 1 0
vt 0.573914886 0.0625
v 120.744995 -388.921997 16
vn 0 1 0
vt 0.573367119 0.0625
v 120.744995 -388.921997 0
vn 0 1 0
vt 0.573367119 0.0551470518
v 128 -388.921997 0
vn 0 1 0
vt 0.573914886 0.0551470518
f 5867/5867/5867 5866/5866/5866 5865/5865/5865 5864/5864/5864
v 29.0086212 -448.162964 4
vn 0.707106769 0.707106769 0
vt 0.577299416 0.0588235259
v 29.0086212 -448.162964 0
vn 0.707106769 0.707106769 0
vt 0.577299416 0.0569853187
v 23.3517685 -442.506104 0
vn 0.707106769 0.707106769 0
vt 0.578277886 0.0569853187
v 23.3517685 -442.506104 4
vn 0.707106769 0.707106769 0
vt 0.578277886 0.0588235259
f 5871/5871/5871 5870/5870/5870 5869/5869/5869 5868/5868/5868
v 29.0086212 -448.162964 4
vn 0.707106769 0.707106769 0
vt 0.582191765 0.0588235259
v 29.0086212 -448.162964 8
vn 0.707106769 0.707106769 0
vt 0.582191765 0.0606617928
v 34.6654778 -453.819794 8
vn 0.707106769 0.707106769 0
vt 0.581213295 0.0606617928
v 34.6654778 -453.819794 0
vn 0.707106769 0.707106769 0
vt 0.581213295 0.0569853187
v 29.0086212 -448.162964 0
vn 0.707106769 0.707106769 0
vt 0.582191765 0.0569853187
f 5876/5876/5876 5875/5875/5875 5874/5874/5874 5873/5873/5873 5872/5872/5872
v 34.6654778 -453.819794 8
vn 0.707106769 0.707106769 0
vt 0.586105704 0.0606617928
v 34.6654778 -453.819794 12
vn 0.707106769 0.707106769 0
vt 0.586105704 0.0625
v 40.3223305 -459.476654 12
vn 0.707106769 0.707106769 0
vt 0.585127175 0.0625
v 40.3223305 -459.476654 0
vn 0.707106769 0.707106769 0
vt 0.585127175 0.0569853187
v 34.6654778 -453.819794 0
vn 0.707106769 0.707106769 0
vt 0.586105704 0.0569853187
f 5881/5881/5881 5880/5880/5880 5879/5879/5879 5878/5878/5878 5877/5877/5877
v 79.920311 -397.251251 0
vn 0.707106769 0.707106769 0
vt 0.589041114 0.0569853187
v 79.920311 -397.251251 4
vn 0.707106769 0.707106769 0
vt 0.589041114 0.0588235259
v 74.2634583 -391.594421 4
vn 0.707106769 0.707106769 0
vt 0.588062644 0.0588235259
v 74.2634583 -391.594421 0
vn 0.707106769 0.707106769 0
vt 0.588062644 0.0569853187
f 5885/5885/5885 5884/5884/5884 5883/5883/5883 5882/5882/5882
v 79.920311 -397.251251 4
vn 0.707106769 0.707106769 0
vt 0.591976523 0.0588235259
v 79.920311 -397.251251 0
vn 0.707106769 0.707106769 0
vt 0.591976523 0.0569853187
v 85.5771637 -402.908112 0
vn 0.707106769 0.707106769 0
vt 0.592954993 0.0569853187
v 85.5771637 -402.908112 8
vn 0.707106769 0.707106769 0
vt 0.592954993 0.0606617928
v 79.920311 -397.251251 8
vn 0.707106769 0.707106769 0
vt 0.591976523 0.0606617928
f 5890/5890/5890 5889/5889/5889 5888/5888/5888 5887/5887/5887 5886/5886/5886
v 85.5771637 -402.908112 8
vn 0.707106769 0.707106769 0
vt 0.595890403 0.0606617928
v 85.5771637 -402.908112 0
vn 0.707106769 0.707106769 0
vt 0.595890403 0.0569853187
v 91.2340164 -408.564972 0
vn 0.707106769 0.707106769 0
vt 0.596868873 0.0569853187
v 91.2340164 -408.564972 12
vn 0.707106769 0.707106769 0
vt 0.596868873 0.0625
v 85.5771637 -402.908112 12
vn 0.707106769 0.707106769 0
vt 0.595890403 0.0625
f 5895/5895/5895 5894/5894/5894 5893/5893/5893 5892/5892/5892 5891/5891/5891
v 29.0086212 -448.162964 4
vn 0.707106769 -0.707106769 0
vt 0.600782752 0.0588235259
v 79.920311 -397.251251 4
vn 0.707106769 -0.707106769 0
vt 0.60958904 0.0588235259
v 79.920311 -397.251251 8
vn 0.707106769 -0.707106769 0
vt 0.60958904 0.0606617928
v 29.0086212 -448.162964 8
vn 0.707106769 -0.707106769 0
vt 0.600782752 0.0606617928
f 5899/5899/5899 5898/5898/5898 5897/5897/5897 5896/5896/5896
v 34.6654778 -453.819794 8
vn 0.707106769 -0.707106769 0
vt 0.61448139 0.0606617928
v 85.5771637 -402.908112 8
vn 0.707106769 -0.707106769 0
vt 0.623287678 0.0606617928
v 85.5771637 -402.908112 12
vn 0.707106769 -0.707106769 0
vt 0.623287678 0.0625
v 34.6654778 -453.819794 12
vn 0.707106769 -0.707106769 0
vt 0.61448139 0.0625
f 5903/5903/5903 5902/5902/5902 5901/5901/5901 5900/5900/5900
v 34.6654778 -453.819794 12
vn 0 0 1
vt 0.628180027 0.0625
v 85.5771637 -402.908112 12
vn 0 0 1
vt 0.636986315 0.0625
v 91.2340164 -408.564972 12
vn 0 0 1
vt 0.636986315 0.0588235259
v 40.3223305 -459.476654 12
vn 0 0 1
vt 0.628180027 0.0588235259
f 5907/5907/5907 5906/5906/5906 5905/5905/5905 5904/5904/5904
v 34.6654778 -453.819794 8
vn 0 0 1
vt 0.641878664 0.0588235259
v 29.0086212 -448.162964 8
vn 0 0 1
vt 0.641878664 0.0625
v 79.920311 -397.251251 8
vn 0 0 1
vt 0.650684953 0.0625
v 85.5771637 -402.908112 8
vn 0 0 1
vt 0.650684953 0.0588235259
f 5911/5911/5911 5910/5910/5910 5909/5909/5909 5908/5908/5908
v 29.0086212 -448.162964 4
vn 0 0 1
vt 0.655577302 0.0588235259
v 23.3517685 -442.506104 4
vn 0 0 1
vt 0.655577302 0.0625
v 74.2634583 -391.594421 4
vn 0 0 1
vt 0.66438359 0.0625
v 79.920311 -397.251251 4
vn 0 0 1
vt 0.66438359 0.0588235259
f 5915/5915/5915 5914/5914/5914 5913/5913/5913 5912/5912/5912
v 74.2634583 -391.594421 4
vn 0.707106769 -0.707106769 -0
vt 0.678082168 0.0588235259
v 23.3517685 -442.506104 4
vn 0.707106769 -0.707106769 -0
vt 0.669275939 0.0588235259
v 23.3517685 -442.506104 0
vn 0.707106769 -0.707106769 -0
vt 0.669275939 0.0569853187
v 74.2634583 -391.594421 0
vn 0.707106769 -0.707106769 -0
vt 0.678082168 0.0569853187
f 5919/5919/5919 5918/5918/5918 5917/5917/5917 5916/5916/5916
v 29.0782108 -478.19574 128
vn 0 0 1
vt 0.179329231 0.14020139
v 29.0782108 -457.195953 128
vn 0 0 1
vt 0.176760748 0.14020139
v 33.8406219 -461.958374 128
vn 0 0 1
vt 0.177343249 0.142389953
v 40.1177483 -468.235504 128
vn 0 0 1
vt 0.178110987 0.145274699
v 31.0898151 -477.263428 128
vn 0 0 1
vt 0.179215193 0.141125858
v 30.4203682 -477.932892 128
vn 0 0 1
vt 0.179297075 0.140818179
f 5925/5925/5925 5924/5924/5924 5923/5923/5923 5922/5922/5922 5921/5921/5921 5920/5920/5920
v -120 -388 128
vn 0 0 1
vt 0.156555772 0.552849293
v -40.1177483 -388 128
vn 0 0 1
vt 0.156555772 0.589559853
v -120 -480 128
vn 0 0 1
vt 0.16780822 0.552849293
v -152 -480 128
vn 0 0 1
vt 0.16780822 0.538143396
v -152 -388 128
vn 0 0 1
vt 0.156555772 0.538143396
f 5930/5930/5930 5929/5929/5929 5928/5928/5928 5927/5927/5927 5926/5926/5926
v 29 -457.117737 128
vn 0 0 1
vt 0.681643546 0.0551470518
v 29.0782108 -457.195953 128
vn 0 0 1
vt 0.681653082 0.0551829338
v 29.0782108 -478.19574 128
vn 0 0 1
vt 0.684221625 0.0551829338
f 5933/5933/5933 5932/5932/5932 5931/5931/5931
v 19.2666397 -480 128
vn 0 0 1
vt 0.22455968 0.749203444
v -120 -480 128
vn 0 0 1
vt 0.22455968 0.685202241
v -40.1177483 -388 128
vn 0 0 1
vt 0.213307247 0.721912801
v 29 -457.117737 128
vn 0 0 1
vt 0.221760973 0.753676474
v 29.0782108 -478.19574 128
vn 0 0 1
vt 0.224339023 0.753712416
v 19.8657246 -480 128
vn 0 0 1
vt 0.22455968 0.749478698
f 5939/5939/5939 5938/5938/5938 5937/5937/5937 5936/5936/5936 5935/5935/5935 5934/5934/5934
v 8.35324669 -524 128
vn 0 0 1
vt 0.584172487 0.323225915
v -64.1555557 -524 128
vn 0 0 1
vt 0.577901542 0.346788168
v -64.1555557 -496 128
vn 0 0 1
vt 0.58032316 0.355886936
v 18.9762878 -496 128
vn 0 0 1
vt 0.587512851 0.328872681
v 18.6551228 -513.69812 128
vn 0 0 1
vt 0.585954487 0.323225915
f 5944/5944/5944 5943/5943/5943 5942/5942/5942 5941/5941/5941 5940/5940/5940
v -38.0807343 -570.43396 128
vn 0 0 1
vt 0.924477339 0.279108286
v -64.8114624 -597.164734 128
vn 0 0 1
vt 0.919853747 0.279108286
v -64.3832397 -524 128
vn 0 0 1
vt 0.92621845 0.302744448
v -64.1555557 -524 128
vn 0 0 1
vt 0.92623812 0.302670538
v 8.35324669 -524 128
vn 0 0 1
vt 0.932509065 0.279108286
f 5949/5949/5949 5948/5948/5948 5947/5947/5947 5946/5946/5946 5945/5945/5945
v 32.127243 -477.598602 128
vn 0 0 1
vt 0.689388156 0.0620539784
v 40.804039 -468.921783 128
vn 0 0 1
vt 0.687887311 0.0620539784
v 40.2216187 -468.339355 128
vn 0 0 1
vt 0.687887311 0.0624325275
v 40.1177483 -468.235504 128
vn 0 0 1
vt 0.687887311 0.0625
f 5953/5953/5953 5952/5952/5952 5951/5951/5951 5950/5950/5950
v 31.0898151 -477.263428 128
vn 0 0 1
vt 0.693362772 0.0625
v 30.4203682 -477.932892 128
vn 0 0 1
vt 0.693478584 0.0625
v 30.6137695 -477.894989 128
vn 0 0 1
vt 0.693458557 0.0624494553
v 31.0782108 -477.804047 128
vn 0 0 1
vt 0.693410516 0.0623281002
v 32.127243 -477.598602 128
vn 0 0 1
vt 0.693302035 0.0620539784
v 40.1177483 -468.235504 128
vn 0 0 1
vt 0.69180119 0.0625
f 5959/5959/5959 5958/5958/5958 5957/5957/5957 5956/5956/5956 5955/5955/5955 5954/5954/5954
v 31.0782108 -477.804047 128
vn 0 0 1
vt 0.697324395 0.0623281002
v 31.0597057 -478.666138 128
vn 0 0 1
vt 0.69740057 0.0620539784
v 32.127243 -477.598602 128
vn 0 0 1
vt 0.697215915 0.0620539784
f 5962/5962/5962 5961/5961/5961 5960/5960/5960
v 30.9937496 -481.738922 128
vn 0 0 1
vt 0.701565564 0.0615229607
v 30.5633621 -501.789886 128
vn 0 0 1
vt 0.703336895 0.0551470518
v 40.0216103 -492.331635 128
vn 0 0 1
vt 0.701700866 0.0551470518
v 40.804039 -491.549194 128
vn 0 0 1
vt 0.701565564 0.0551470518
f 5966/5966/5966 5965/5965/5965 5964/5964/5964 5963/5963/5963
v -64.3832397 -524 128
vn 0 1 0
vt 0.937057674 0.275735319
v -91.1555557 -524 128
vn 0 1 0
vt 0.940332174 0.275735319
v -90 -524 180
vn 0 1 0
vt 0.940190792 0.29963237
v -63 -524 180
vn 0 1 0
vt 0.936888456 0.29963237
v -64.1555557 -524 128
vn 0 1 0
vt 0.937029839 0.275735319
f 5971/5971/5971 5970/5970/5970 5969/5969/5969 5968/5968/5968 5967/5967/5967
v 18.6551228 -513.69812 356
vn 0.999835372 -0.0181439221 -7.14148894e-15
vt 0.613929987 0.520220578
v 18.6551228 -513.69812 268
vn 0.999835372 -0.0181439221 -7.14148894e-15
vt 0.613929987 0.479779422
v 18.9762878 -496 268
vn 0.999835372 -0.0181439221 -7.14148894e-15
vt 0.61548835 0.479779422
v 18.9762878 -496 356
vn 0.999835372 -0.0181439221 -7.14148894e-15
vt 0.61548835 0.520220578
f 5975/5975/5975 5974/5974/5974 5973/5973/5973 5972/5972/5972
v 29.4193649 -477.274628 320
vn -0.703309715 0.710883558 2.09759832e-14
vt 0.184907705 0.145098269
v 29.2608585 -477.431458 320
vn -0.703309715 0.710883558 2.09759832e-14
vt 0.184931502 0.145098269
v 29.2608585 -477.431458 315
vn -0.703309715 0.710883558 2.09759832e-14
vt 0.184931502 0.14338237
v 39.3409805 -467.45874 315
vn -0.703309715 0.710883558 2.09759832e-14
vt 0.183417976 0.14338237
v 39.3409805 -467.45874 320
vn -0.703309715 0.710883558 2.09759832e-14
vt 0.183417976 0.145098269
f 5980/5980/5980 5979/5979/5979 5978/5978/5978 5977/5977/5977 5976/5976/5976
v 19.2666397 -480 320
vn 0 0 1
vt 0.472325504 0.209558845
v 19.8657246 -480 320
vn 0 0 1
vt 0.47225225 0.209558845
v 28.3427563 -478.339783 320
vn 0 0 1
vt 0.471215427 0.210321784
v 29.2608585 -477.431458 320
vn 0 0 1
vt 0.471103132 0.210739255
v 29.4193649 -477.274628 320
vn 0 0 1
vt 0.47108373 0.210811257
v 29.3706322 -457.488373 320
vn 0 0 1
vt 0.471089691 0.219904244
v 19.8479614 -447.965698 320
vn 0 0 1
vt 0.472254425 0.224280477
f 5987/5987/5987 5986/5986/5986 5985/5985/5985 5984/5984/5984 5983/5983/5983 5982/5982/5982 5981/5981/5981
v 29.4193649 -477.274628 320
vn 0 0 1
vt 0.18757309 0.142680585
v 39.3409805 -467.45874 320
vn 0 0 1
vt 0.187563941 0.149094343
v 33.8406219 -461.958374 320
vn 0 0 1
vt 0.18851535 0.149094343
v 30 -458.117737 320
vn 0 0 1
vt 0.189179674 0.149094403
v 29.3706322 -457.488373 320
vn 0 0 1
vt 0.189288527 0.149094343
f 5992/5992/5992 5991/5991/5991 5990/5990/5990 5989/5989/5989 5988/5988/5988
v 19.2666397 -480 320
vn 0 1 0
vt 0.944259584 0.305147052
v 19.2666397 -480 268
vn 0 1 0
vt 0.944259584 0.28125
v 19.8657246 -480 268
vn 0 1 0
vt 0.944332898 0.28125
v 19.8657246 -480 320
vn 0 1 0
vt 0.944332898 0.305147052
f 5996/5996/5996 5995/5995/5995 5994/5994/5994 5993/5993/5993
v 28.3427563 -478.339783 315
vn -0.192198083 0.981356144 1.35333478e-14
vt 0.950506806 0.302849293
v 28.3427563 -478.339783 320
vn -0.192198083 0.981356144 1.35333478e-14
vt 0.950506806 0.305147052
v 19.8657246 -480 320
vn -0.192198083 0.981356144 1.35333478e-14
vt 0.949630082 0.305147052
v 19.8657246 -480 268
vn -0.192198083 0.981356144 1.35333478e-14
vt 0.949630082 0.28125
v 28.3427563 -478.339783 268
vn -0.192198083 0.981356144 1.35333478e-14
vt 0.950506806 0.28125
f 6001/6001/6001 6000/6000/6000 5999/5999/5999 5998/5998/5998 5997/5997/5997
v 29.2471504 -478.162659 315
vn 0 0 1
vt 0.707372248 0.0622656941
v 30.0337009 -478.008606 315
vn 0 0 1
vt 0.707436383 0.0621248484
v 29.2608585 -477.431458 315
vn 0 0 1
vt 0.707436383 0.0625
f 6004/6004/6004 6003/6003/6003 6002/6002/6002
v 32.127243 -477.598602 315
vn 0 0 1
vt 0.194545552 0.142632425
v 40.804039 -468.921783 315
vn 0 0 1
vt 0.193234742 0.143346429
v 39.3409805 -467.45874 315
vn 0 0 1
vt 0.193202704 0.1441769
f 6007/6007/6007 6006/6006/6006 6005/6005/6005
v 29.2608585 -477.431458 315
vn 0 0 1
vt 0.198630139 0.14338237
v 30.0337009 -478.008606 315
vn 0 0 1
vt 0.198630139 0.143007278
v 31.0782108 -477.804047 315
vn 0 0 1
vt 0.198544994 0.142820239
v 32.127243 -477.598602 315
vn 0 0 1
vt 0.198459446 0.142632425
v 39.3409805 -467.45874 315
vn 0 0 1
vt 0.197116598 0.1441769
f 6012/6012/6012 6011/6011/6011 6010/6010/6010 6009/6009/6009 6008/6008/6008
v 31.0782108 -477.804047 315
vn 0 0 1
vt 0.713222086 0.0619378686
v 31.0597057 -478.666138 315
vn 0 0 1
vt 0.713297844 0.0616622567
v 32.127243 -477.598602 315
vn 0 0 1
vt 0.713136554 0.0617500544
f 6015/6015/6015 6014/6014/6014 6013/6013/6013
v 29.2471504 -478.162659 320
vn 0 0 1
vt 0.715723217 0.0559914708
v 29.2608585 -477.431458 320
vn 0 0 1
vt 0.715721548 0.0563274622
v 28.3427563 -478.339783 320
vn 0 0 1
vt 0.715833783 0.0559099913
f 6018/6018/6018 6017/6017/6017 6016/6016/6016
v 29.2471504 -478.162659 320
vn 0.999824286 -0.018744573 5.00805562e-15
vt 0.202479899 0.145098269
v 29.2471504 -478.162659 315
vn 0.999824286 -0.018744573 5.00805562e-15
vt 0.202479899 0.14338237
v 29.2608585 -477.431458 315
vn 0.999824286 -0.018744573 5.00805562e-15
vt 0.202544034 0.14338237
v 29.2608585 -477.431458 320
vn 0.999824286 -0.018744573 5.00805562e-15
vt 0.202544034 0.145098269
f 6022/6022/6022 6021/6021/6021 6020/6020/6020 6019/6019/6019
v 29.2471504 -478.162659 320
vn -0.192198083 0.981356144 1.35333478e-14
vt 0.719680548 0.0625
v 28.3427563 -478.339783 320
vn -0.192198083 0.981356144 1.35333478e-14
vt 0.719587028 0.0625
v 28.3427563 -478.339783 315
vn -0.192198083 0.981356144 1.35333478e-14
vt 0.719587028 0.0602021813
v 29.2471504 -478.162659 315
vn -0.192198083 0.981356144 1.35333478e-14
vt 0.719680548 0.0602021813
f 6026/6026/6026 6025/6025/6025 6024/6024/6024 6023/6023/6023
v 32.127243 -477.598602 315
vn 0.707106769 -0.707106769 -0
vt 0.954467833 0.302849293
v 31.0597057 -478.666138 315
vn 0.707106769 -0.707106769 -0
vt 0.954283178 0.302849293
v 31.0597057 -478.666138 268
vn 0.707106769 -0.707106769 -0
vt 0.954283178 0.28125
v 40.804039 -468.921783 268
vn 0.707106769 -0.707106769 -0
vt 0.955968678 0.28125
v 40.804039 -468.921783 315
vn 0.707106769 -0.707106769 -0
vt 0.955968678 0.302849293
f 6031/6031/6031 6030/6030/6030 6029/6029/6029 6028/6028/6028 6027/6027/6027
v 31.0782108 -477.804047 315
vn -0.192198083 0.981356144 1.35333478e-14
vt 0.960574448 0.302849293
v 30.0337009 -478.008606 315
vn -0.192198083 0.981356144 1.35333478e-14
vt 0.960466444 0.302849293
v 31.0782108 -477.804047 268
vn -0.192198083 0.981356144 1.35333478e-14
vt 0.960574448 0.28125
f 6034/6034/6034 6033/6033/6033 6032/6032/6032
v 29.0782108 -478.19574 268
vn -0.192198083 0.981356144 1.35333478e-14
vt 0.964281559 0.28125
v 31.0782108 -477.804047 268
vn -0.192198083 0.981356144 1.35333478e-14
vt 0.964488328 0.28125
v 30.0337009 -478.008606 315
vn -0.192198083 0.981356144 1.35333478e-14
vt 0.964380324 0.302849293
v 29.2471504 -478.162659 315
vn -0.192198083 0.981356144 1.35333478e-14
vt 0.964298964 0.302849293
v 28.3427563 -478.339783 315
vn -0.192198083 0.981356144 1.35333478e-14
vt 0.964205444 0.302849293
v 28.3427563 -478.339783 268
vn -0.192198083 0.981356144 1.35333478e-14
vt 0.964205444 0.28125
f 6040/6040/6040 6039/6039/6039 6038/6038/6038 6037/6037/6037 6036/6036/6036 6035/6035/6035
v 31.0782108 -477.804047 268
vn 0.999769688 -0.0214597341 -8.09997448e-15
vt 0.968975425 0.28125
v 31.0597057 -478.666138 268
vn 0.999769688 -0.0214597341 -8.09997448e-15
vt 0.9690516 0.28125
v 31.0597057 -478.666138 315
vn 0.999769688 -0.0214597341 -8.09997448e-15
vt 0.9690516 0.302849293
v 31.0782108 -477.804047 315
vn 0.999769688 -0.0214597341 -8.09997448e-15
vt 0.968975425 0.302849293
f 6044/6044/6044 6043/6043/6043 6042/6042/6042 6041/6041/6041
v -152 -480 268
vn 0 1 0
vt 0.971624255 0.28125
v -120 -480 268
vn 0 1 0
vt 0.975538135 0.28125
v -120 -480 320
vn 0 1 0
vt 0.975538135 0.305147052
v -152 -480 320
vn 0 1 0
vt 0.971624255 0.305147052
f 6048/6048/6048 6047/6047/6047 6046/6046/6046 6045/6045/6045
v 19.2666397 -480 268
vn 0 1 0
vt 0.995140254 0.28125
v 19.2666397 -480 320
vn 0 1 0
vt 0.995140254 0.305147052
v -120 -480 320
vn 0 1 0
vt 0.978106678 0.305147052
v -120 -480 268
vn 0 1 0
vt 0.978106678 0.28125
f 6052/6052/6052 6051/6051/6051 6050/6050/6050 6049/6049/6049
v 19.8479614 -447.965698 320
vn 0 0 1
vt 0.364622325 0.37869221
v -39.1177483 -389 320
vn 0 0 1
vt 0.371834368 0.405790448
v 19.2666397 -480 320
vn 0 0 1
vt 0.364693433 0.363970578
f 6055/6055/6055 6054/6054/6054 6053/6053/6053
v -39.1177483 -389 320
vn 0 0 1
vt 0.724084854 0.0602021813
v -40.1177483 -388 320
vn 0 0 1
vt 0.724207163 0.0606617928
v -120 -388 320
vn 0 0 1
vt 0.733977497 0.0606617928
f 6058/6058/6058 6057/6057/6057 6056/6056/6056
v -120 -480 320
vn 0 0 1
vt 0.393468678 0.363970578
v 19.2666397 -480 320
vn 0 0 1
vt 0.376435101 0.363970578
v -39.1177483 -389 320
vn 0 0 1
vt 0.383576035 0.405790448
v -120 -388 320
vn 0 0 1
vt 0.393468678 0.40625
v -152 -388 320
vn 0 0 1
vt 0.397382587 0.40625
v -152 -480 320
vn 0 0 1
vt 0.397382587 0.363970578
f 6064/6064/6064 6063/6063/6063 6062/6062/6062 6061/6061/6061 6060/6060/6060 6059/6059/6059
v 16 -516.353271 356
vn 0 0 1
vt 0.206457928 0.141381741
v 18.6551228 -513.69812 356
vn 0 0 1
vt 0.206133172 0.142601967
v 18.9762878 -496 356
vn 0 0 1
vt 0.206093892 0.150735319
v 8.35324669 -524 356
vn 0 0 1
vt 0.207393184 0.13786763
f 6068/6068/6068 6067/6067/6067 6066/6066/6066 6065/6065/6065
v -120 -496 356
vn 0 0 1
vt 0.228962824 0.150735319
v -152 -496 356
vn 0 0 1
vt 0.232876718 0.150735319
v -152 -524 356
vn 0 0 1
vt 0.232876718 0.13786763
v 8.35324669 -524 356
vn 0 0 1
vt 0.213264033 0.13786763
v 18.9762878 -496 356
vn 0 0 1
vt 0.211964741 0.150735319
f 6073/6073/6073 6072/6072/6072 6071/6071/6071 6070/6070/6070 6069/6069/6069
v -120 -496 356
vn 0 1 0
vt 0.619373798 0.520220578
v -120 -496 268
vn 0 1 0
vt 0.619373798 0.479779422
v -152 -496 268
vn 0 1 0
vt 0.623287678 0.479779422
v -152 -496 356
vn 0 1 0
vt 0.623287678 0.520220578
f 6077/6077/6077 6076/6076/6076 6075/6075/6075 6074/6074/6074
v 18.9762878 -496 356
vn 0 1 0
vt 0.625247538 0.520220578
v 18.9762878 -496 268
vn 0 1 0
vt 0.625247538 0.479779422
v -120 -496 268
vn 0 1 0
vt 0.642245591 0.479779422
v -120 -496 356
vn 0 1 0
vt 0.642245591 0.520220578
f 6081/6081/6081 6080/6080/6080 6079/6079/6079 6078/6078/6078
v -120 -496 180
vn 0 1 0
vt 0.405454993 0.365808845
v -120 -496 268
vn 0 1 0
vt 0.405454993 0.40625
v -90 -496 180
vn 0 1 0
vt 0.401785702 0.365808845
f 6084/6084/6084 6083/6083/6083 6082/6082/6082
v -63 -496 180
vn 0 1 0
vt 0.418052852 0.365808845
v -90 -496 180
vn 0 1 0
vt 0.421355188 0.365808845
v -120 -496 268
vn 0 1 0
vt 0.42502445 0.40625
v 18.9762878 -496 268
vn 0 1 0
vt 0.408026367 0.40625
v 18.9762878 -496 180
vn 0 1 0
vt 0.408026367 0.365808845
f 6089/6089/6089 6088/6088/6088 6087/6087/6087 6086/6086/6086 6085/6085/6085
v -63 -496 180
vn 0 1 0
vt 0.0110078277 0.26286763
v 18.9762878 -496 180
vn 0 1 0
vt 0.000981373829 0.26286763
v 18.9762878 -496 128
vn 0 1 0
vt 0.000981373829 0.238970578
v -64.1555557 -496 128
vn 0 1 0
vt 0.0111491624 0.238970578
f 6093/6093/6093 6092/6092/6092 6091/6091/6091 6090/6090/6090
v -120 -496 180
vn 0 1 0
vt 0.382583171 0.630514741
v -120 -496 128
vn 0 1 0
vt 0.382583171 0.606617689
v -152 -496 128
vn 0 1 0
vt 0.386497051 0.606617689
v -152 -496 268
vn 0 1 0
vt 0.386497051 0.670955896
v -120 -496 268
vn 0 1 0
vt 0.382583171 0.670955896
f 6098/6098/6098 6097/6097/6097 6096/6096/6096 6095/6095/6095 6094/6094/6094
v -120 -496 180
vn 0 1 0
vt 0.0199363995 0.26286763
v -90 -496 180
vn 0 1 0
vt 0.0162671227 0.26286763
v -91.1555557 -496 128
vn 0 1 0
vt 0.0164084584 0.238970578
v -120 -496 128
vn 0 1 0
vt 0.0199363995 0.238970578
f 6102/6102/6102 6101/6101/6101 6100/6100/6100 6099/6099/6099
v 40.1177483 -468.235504 144
vn 0 0 1
vt 0.738727212 0.0625
v 40.804039 -468.921783 144
vn 0 0 1
vt 0.738727212 0.0620539784
v 32.127243 -477.598602 144
vn 0 0 1
vt 0.737226307 0.0620539784
f 6105/6105/6105 6104/6104/6104 6103/6103/6103
v 31.0898151 -477.263428 144
vn 0 0 1
vt 0.741079509 0.0625
v 40.1177483 -468.235504 144
vn 0 0 1
vt 0.742641091 0.0625
v 32.127243 -477.598602 144
vn 0 0 1
vt 0.741140246 0.0620539784
v 31.0782108 -477.804047 144
vn 0 0 1
vt 0.741031766 0.0623281002
v 30.4203682 -477.932892 144
vn 0 0 1
vt 0.740963697 0.0625
f 6110/6110/6110 6109/6109/6109 6108/6108/6108 6107/6107/6107 6106/6106/6106
v 31.0782108 -477.804047 144
vn 0 0 1
vt 0.744945645 0.0623281002
v 32.127243 -477.598602 144
vn 0 0 1
vt 0.745054126 0.0620539784
v 31.0597057 -478.666138 144
vn 0 0 1
vt 0.744869471 0.0620539784
f 6113/6113/6113 6112/6112/6112 6111/6111/6111
v 40.804039 -468.921783 208
vn 0.707106769 -0.707106769 -0
vt 0.173189819 0.5625
v 40.804039 -468.921783 268
vn 0.707106769 -0.707106769 -0
vt 0.173189819 0.590073526
v 31.0597057 -478.666138 268
vn 0.707106769 -0.707106769 -0
vt 0.171504334 0.590073526
v 31.0597057 -478.666138 144
vn 0.707106769 -0.707106769 -0
vt 0.171504334 0.533088207
v 32.127243 -477.598602 144
vn 0.707106769 -0.707106769 -0
vt 0.171689004 0.533088207
v 40.804039 -468.921783 144
vn 0.707106769 -0.707106769 -0
vt 0.173189819 0.533088207
f 6119/6119/6119 6118/6118/6118 6117/6117/6117 6116/6116/6116 6115/6115/6115 6114/6114/6114
v 30.4203682 -477.932892 144
vn -0.192198083 0.981356144 1.35333478e-14
vt 0.177727565 0.533088207
v 31.0782108 -477.804047 144
vn -0.192198083 0.981356144 1.35333478e-14
vt 0.177795589 0.533088207
v 31.0782108 -477.804047 268
vn -0.192198083 0.981356144 1.35333478e-14
vt 0.177795589 0.590073526
v 29.0782108 -478.19574 268
vn -0.192198083 0.981356144 1.35333478e-14
vt 0.177588746 0.590073526
v 29.0782108 -478.19574 144
vn -0.192198083 0.981356144 1.35333478e-14
vt 0.177588746 0.533088207
f 6124/6124/6124 6123/6123/6123 6122/6122/6122 6121/6121/6121 6120/6120/6120
v 31.0782108 -477.804047 144
vn 0.999769688 -0.0214597341 -8.09997448e-15
vt 0.182282671 0.533088207
v 31.0597057 -478.666138 144
vn 0.999769688 -0.0214597341 -8.09997448e-15
vt 0.182358831 0.533088207
v 31.0597057 -478.666138 268
vn 0.999769688 -0.0214597341 -8.09997448e-15
vt 0.182358831 0.590073526
v 31.0782108 -477.804047 268
vn 0.999769688 -0.0214597341 -8.09997448e-15
vt 0.182282671 0.590073526
f 6128/6128/6128 6127/6127/6127 6126/6126/6126 6125/6125/6125
v 19.2666397 -480 144
vn 0 1 0
vt 0.18496412 0.533088207
v 19.8657246 -480 144
vn 0 1 0
vt 0.185037389 0.533088207
v 19.8657246 -480 268
vn 0 1 0
vt 0.185037389 0.590073526
v 19.2666397 -480 268
vn 0 1 0
vt 0.18496412 0.590073526
f 6132/6132/6132 6131/6131/6131 6130/6130/6130 6129/6129/6129
v 28.3427563 -478.339783 268
vn -0.192198083 0.981356144 1.35333478e-14
vt 0.191211313 0.590073526
v 19.8657246 -480 268
vn -0.192198083 0.981356144 1.35333478e-14
vt 0.190334588 0.590073526
v 19.8657246 -480 144
vn -0.192198083 0.981356144 1.35333478e-14
vt 0.190334588 0.533088207
v 29.0782108 -478.19574 144
vn -0.192198083 0.981356144 1.35333478e-14
vt 0.191287369 0.533088207
v 29.0782108 -478.19574 268
vn -0.192198083 0.981356144 1.35333478e-14
vt 0.191287369 0.590073526
f 6137/6137/6137 6136/6136/6136 6135/6135/6135 6134/6134/6134 6133/6133/6133
v 31.0898151 -477.263428 144
vn 0.707106769 -0.707106769 -8.32148969e-15
vt 0.750114262 0.0625
v 31.0898151 -477.263428 128
vn 0.707106769 -0.707106769 -8.32148969e-15
vt 0.750114262 0.0551470518
v 40.1177483 -468.235504 128
vn 0.707106769 -0.707106769 -8.32148969e-15
vt 0.74855268 0.0551470518
v 40.1177483 -468.235504 144
vn 0.707106769 -0.707106769 -8.32148969e-15
vt 0.74855268 0.0625
f 6141/6141/6141 6140/6140/6140 6139/6139/6139 6138/6138/6138
v 30.4203682 -477.932892 128
vn 0.707106769 -0.707106769 -8.32148969e-15
vt 0.754143953 0.0551470518
v 31.0898151 -477.263428 128
vn 0.707106769 -0.707106769 -8.32148969e-15
vt 0.754028141 0.0551470518
v 31.0898151 -477.263428 144
vn 0.707106769 -0.707106769 -8.32148969e-15
vt 0.754028141 0.0625
v 30.4203682 -477.932892 144
vn 0.707106769 -0.707106769 -8.32148969e-15
vt 0.754143953 0.0625
f 6145/6145/6145 6144/6144/6144 6143/6143/6143 6142/6142/6142
v 29.0782108 -478.19574 128
vn -0.192198083 0.981356144 1.35333478e-14
vt 0.756845117 0.0551470518
v 30.4203682 -477.932892 128
vn -0.192198083 0.981356144 1.35333478e-14
vt 0.756983936 0.0551470518
v 30.4203682 -477.932892 144
vn -0.192198083 0.981356144 1.35333478e-14
vt 0.756983936 0.0625
v 29.0782108 -478.19574 144
vn -0.192198083 0.981356144 1.35333478e-14
vt 0.756845117 0.0625
f 6149/6149/6149 6148/6148/6148 6147/6147/6147 6146/6146/6146
v 19.2666397 -480 144
vn 0 1 0
vt 0.760306597 0.0625
v 19.2666397 -480 128
vn 0 1 0
vt 0.760306597 0.0551470518
v 19.8657246 -480 128
vn 0 1 0
vt 0.760379851 0.0551470518
v 19.8657246 -480 144
vn 0 1 0
vt 0.760379851 0.0625
f 6153/6153/6153 6152/6152/6152 6151/6151/6151 6150/6150/6150
v 19.8657246 -480 128
vn -0.192198083 0.981356144 1.35333478e-14
vt 0.765677094 0.0551470518
v 29.0782108 -478.19574 128
vn -0.192198083 0.981356144 1.35333478e-14
vt 0.766629875 0.0551470518
v 29.0782108 -478.19574 144
vn -0.192198083 0.981356144 1.35333478e-14
vt 0.766629875 0.0625
v 19.8657246 -480 144
vn -0.192198083 0.981356144 1.35333478e-14
vt 0.765677094 0.0625
f 6157/6157/6157 6156/6156/6156 6155/6155/6155 6154/6154/6154
v -152 -480 268
vn 0 1 0
vt 0.38845402 0.670955896
v -152 -480 128
vn 0 1 0
vt 0.38845402 0.606617689
v -120 -480 128
vn 0 1 0
vt 0.392367899 0.606617689
v -120 -480 268
vn 0 1 0
vt 0.392367899 0.670955896
f 6161/6161/6161 6160/6160/6160 6159/6159/6159 6158/6158/6158
v 19.2666397 -480 144
vn 0 1 0
vt 0.41196999 0.613970578
v 19.2666397 -480 268
vn 0 1 0
vt 0.41196999 0.670955896
v -120 -480 268
vn 0 1 0
vt 0.394936413 0.670955896
v -120 -480 128
vn 0 1 0
vt 0.394936413 0.606617689
v 19.2666397 -480 128
vn 0 1 0
vt 0.41196999 0.606617689
f 6166/6166/6166 6165/6165/6165 6164/6164/6164 6163/6163/6163 6162/6162/6162
v 18.9762878 -496 180
vn 0.999835372 -0.0181439221 -7.14148894e-15
vt 0.417836726 0.630514741
v 18.9762878 -496 268
vn 0.999835372 -0.0181439221 -7.14148894e-15
vt 0.417836726 0.670955896
v 18.6551228 -513.69812 268
vn 0.999835372 -0.0181439221 -7.14148894e-15
vt 0.416278303 0.670955896
v 18.6551228 -513.69812 128
vn 0.999835372 -0.0181439221 -7.14148894e-15
vt 0.416278303 0.606617689
v 18.9762878 -496 128
vn 0.999835372 -0.0181439221 -7.14148894e-15
vt 0.417836726 0.606617689
f 6171/6171/6171 6170/6170/6170 6169/6169/6169 6168/6168/6168 6167/6167/6167
v -63 -496 180
vn 0 0 1
vt 0.239236787 0.150735319
v -63 -524 180
vn 0 0 1
vt 0.239236787 0.13786763
v -90 -524 180
vn 0 0 1
vt 0.235934436 0.13786763
v -90 -496 180
vn 0 0 1
vt 0.235934436 0.150735319
f 6175/6175/6175 6174/6174/6174 6173/6173/6173 6172/6172/6172
v -90 -496 180
vn 0.999753177 -0 -0.0222167373
vt 0.0264187865 0.26286763
v -90 -524 180
vn 0.999753177 -0 -0.0222167373
vt 0.022994129 0.26286763
v -91.1555557 -524 128
vn 0.999753177 -0 -0.0222167373
vt 0.022994129 0.238970578
v -91.1555557 -496 128
vn 0.999753177 -0 -0.0222167373
vt 0.0264187865 0.238970578
f 6179/6179/6179 6178/6178/6178 6177/6177/6177 6176/6176/6176
v -63 -524 180
vn 0.999753177 0 -0.0222167373
vt 0.031800393 0.26286763
v -63 -496 180
vn 0.999753177 0 -0.0222167373
vt 0.0283757336 0.26286763
v -64.1555557 -496 128
vn 0.999753177 0 -0.0222167373
vt 0.0283757336 0.238970578
v -64.1555557 -524 128
vn 0.999753177 0 -0.0222167373
vt 0.031800393 0.238970578
f 6183/6183/6183 6182/6182/6182 6181/6181/6181 6180/6180/6180
v 8.35324669 -524 356
vn 0 0 1
vt 0.22891961 0.755514741
v -152 -524 356
vn 0 0 1
vt 0.248532295 0.755514741
v -152 -684.353271 356
vn 0 0 1
vt 0.248532295 0.681822956
f 6186/6186/6186 6185/6185/6185 6184/6184/6184
v -64.3832397 -524 124
vn 0 1 0
vt 0.770717144 0.0606617928
v -91.2444458 -524 124
vn 0 1 0
vt 0.774002552 0.0606617928
v -91.1555557 -524 128
vn 0 1 0
vt 0.773991644 0.0625
v -64.3832397 -524 128
vn 0 1 0
vt 0.770717144 0.0625
f 6190/6190/6190 6189/6189/6189 6188/6188/6188 6187/6187/6187
v -67 -524 0
vn 0 1 0
vt 0.195694715 0.533088207
v -94 -524 0
vn 0 1 0
vt 0.198997065 0.533088207
v -91.2444458 -524 124
vn 0 1 0
vt 0.198660031 0.590073526
v -64.3832397 -524 124
vn 0 1 0
vt 0.195374668 0.590073526
v -64.2444458 -524 124
vn 0 1 0
vt 0.19535768 0.590073526
f 6195/6195/6195 6194/6194/6194 6193/6193/6193 6192/6192/6192 6191/6191/6191
v -91.2444458 -524 124
vn 0.999753177 -0 -0.0222167373
vt 0.203033268 0.590073526
v -94 -524 0
vn 0.999753177 -0 -0.0222167373
vt 0.203033268 0.533088207
v -94 -496 0
vn 0.999753177 -0 -0.0222167373
vt 0.206457928 0.533088207
v -91.1555557 -496 128
vn 0.999753177 -0 -0.0222167373
vt 0.206457928 0.591911793
v -91.1555557 -524 128
vn 0.999753177 -0 -0.0222167373
vt 0.203033268 0.591911793
f 6200/6200/6200 6199/6199/6199 6198/6198/6198 6197/6197/6197 6196/6196/6196
v 29.0782108 -478.19574 124
vn 0 0 1
vt 0.243371353 0.14020139
v 30.6137695 -477.894989 124
vn 0 0 1
vt 0.243408144 0.140907049
v 40.2216187 -468.339355 124
vn 0 0 1
vt 0.244576886 0.145322442
f 6203/6203/6203 6202/6202/6202 6201/6201/6201
v 29.0782108 -478.19574 124
vn 0 0 1
vt 0.249242201 0.14020139
v 29 -478.21106 124
vn 0 0 1
vt 0.249240324 0.140165448
v 29.0782108 -478.19574 124
vn 0 0 1
vt 0.249242201 0.14020139
v 40.2216187 -468.339355 124
vn 0 0 1
vt 0.25044772 0.145322442
v 29 -457.117737 124
vn 0 0 1
vt 0.251820236 0.140165448
f 6208/6208/6208 6207/6207/6207 6206/6206/6206 6205/6205/6205 6204/6204/6204
v -40.1177483 -388 124
vn 0 0 1
vt 0.0469667315 0.266030431
v -91.2444458 -388 124
vn 0 0 1
vt 0.0469667315 0.242534757
v -91.2444458 -480 124
vn 0 0 1
vt 0.0357142873 0.242534757
f 6211/6211/6211 6210/6210/6210 6209/6209/6209
v 29 -478.21106 124
vn 0 0 1
vt 0.779573023 0.0551470518
v 29.0782108 -478.19574 124
vn 0 0 1
vt 0.779574871 0.0551829338
v 29 -457.117737 124
vn 0 0 1
vt 0.782152951 0.0551470518
f 6214/6214/6214 6213/6213/6213 6212/6212/6212
v 19.2666397 -480 124
vn 0 0 1
vt 0.209882587 0.587438703
v 19.8657246 -480 124
vn 0 0 1
vt 0.209882587 0.587714016
v 29 -478.21106 124
vn 0 0 1
vt 0.210101381 0.591911793
v 29 -457.117737 124
vn 0 0 1
vt 0.212681308 0.591911793
v -40.1177483 -388 124
vn 0 0 1
vt 0.221135035 0.56014812
v -91.2444458 -480 124
vn 0 0 1
vt 0.209882587 0.536652327
f 6220/6220/6220 6219/6219/6219 6218/6218/6218 6217/6217/6217 6216/6216/6216 6215/6215/6215
v -64.2444458 -524 124
vn 0 0 1
vt 0.598231375 0.346817017
v 8.35324669 -524 124
vn 0 0 1
vt 0.591952741 0.323225915
v -64.2193604 -496 124
vn 0 0 1
vt 0.595807612 0.355907738
v -64.2444458 -496 124
vn 0 0 1
vt 0.595809758 0.355915844
v -64.3832397 -524 124
vn 0 0 1
vt 0.598243356 0.346862137
f 6225/6225/6225 6224/6224/6224 6223/6223/6223 6222/6222/6222 6221/6221/6221
v 18.7368355 -513.616394 124
vn 0 0 1
vt 0.257475644 0.13940239
v 18.9762878 -496 124
vn 0 0 1
vt 0.255931377 0.145049155
v 19.0247307 -496 124
vn 0 0 1
vt 0.255927175 0.145033419
f 6228/6228/6228 6227/6227/6227 6226/6226/6226
v 18.9762878 -496 124
vn 0 0 1
vt 0.602311075 0.328872681
v -64.2193604 -496 124
vn 0 0 1
vt 0.609506249 0.355907738
v 8.35324669 -524 124
vn 0 0 1
vt 0.605651379 0.323225915
v 18.6551228 -513.69812 124
vn 0 0 1
vt 0.603869438 0.323225915
v 18.7368355 -513.616394 124
vn 0 0 1
vt 0.603855312 0.323225915
v 19.0247307 -496 124
vn 0 0 1
vt 0.602306783 0.328856945
f 6234/6234/6234 6233/6233/6233 6232/6232/6232 6231/6231/6231 6230/6230/6230 6229/6229/6229
v 40.2216187 -468.339355 128
vn -0.705177426 0.709030867 -0
vt 0.786787927 0.0569853187
v 40.2216187 -468.339355 124
vn -0.705177426 0.709030867 -0
vt 0.786787927 0.0551470518
v 30.6137695 -477.894989 124
vn -0.705177426 0.709030867 -0
vt 0.787963092 0.0551470518
v 30.6137695 -477.894989 128
vn -0.705177426 0.709030867 -0
vt 0.787963092 0.0569853187
f 6238/6238/6238 6237/6237/6237 6236/6236/6236 6235/6235/6235
v 30.9937496 -481.738922 128
vn 0.707106769 0.707106769 -5.20747318e-14
vt 0.793282032 0.0625
v 40.804039 -491.549194 128
vn 0.707106769 0.707106769 -5.20747318e-14
vt 0.791585147 0.0625
v 40.804039 -491.549194 124
vn 0.707106769 0.707106769 -5.20747318e-14
vt 0.791585147 0.0606617928
v 30.9937496 -481.738922 124
vn 0.707106769 0.707106769 -5.20747318e-14
vt 0.793282032 0.0606617928
f 6242/6242/6242 6241/6241/6241 6240/6240/6240 6239/6239/6239
v 30.6137695 -477.894989 124
vn -0.192198083 0.981356144 1.35333478e-14
vt 0.796142876 0.0606617928
v 31.0782108 -477.804047 124
vn -0.192198083 0.981356144 1.35333478e-14
vt 0.796190917 0.0606617928
v 31.0782108 -477.804047 128
vn -0.192198083 0.981356144 1.35333478e-14
vt 0.796190917 0.0625
v 30.6137695 -477.894989 128
vn -0.192198083 0.981356144 1.35333478e-14
vt 0.796142876 0.0625
f 6246/6246/6246 6245/6245/6245 6244/6244/6244 6243/6243/6243
v 32.127243 -477.598602 128
vn 0.707106769 -0.707106769 -0
vt 0.799869001 0.0625
v 32.127243 -477.598602 124
vn 0.707106769 -0.707106769 -0
vt 0.799869001 0.0606617928
v 40.804039 -468.921783 124
vn 0.707106769 -0.707106769 -0
vt 0.801369846 0.0606617928
v 40.804039 -468.921783 128
vn 0.707106769 -0.707106769 -0
vt 0.801369846 0.0625
f 6250/6250/6250 6249/6249/6249 6248/6248/6248 6247/6247/6247
v 31.0782108 -477.804047 124
vn 0.999769688 -0.0214597341 -8.09997448e-15
vt 0.806548834 0.0606617928
v 31.0597057 -478.666138 124
vn 0.999769688 -0.0214597341 -8.09997448e-15
vt 0.806624949 0.0606617928
v 31.0597057 -478.666138 128
vn 0.999769688 -0.0214597341 -8.09997448e-15
vt 0.806624949 0.0625
v 31.0782108 -477.804047 128
vn 0.999769688 -0.0214597341 -8.09997448e-15
vt 0.806548834 0.0625
f 6254/6254/6254 6253/6253/6253 6252/6252/6252 6251/6251/6251
v 31.0597057 -478.666138 124
vn 0.707106769 -0.707106769 -0
vt 0.809469104 0.0606617928
v 32.127243 -477.598602 124
vn 0.707106769 -0.707106769 -0
vt 0.809653759 0.0606617928
v 32.127243 -477.598602 128
vn 0.707106769 -0.707106769 -0
vt 0.809653759 0.0625
v 31.0597057 -478.666138 128
vn 0.707106769 -0.707106769 -0
vt 0.809469104 0.0625
f 6258/6258/6258 6257/6257/6257 6256/6256/6256 6255/6255/6255
v 30.6876392 -496 124
vn 0.999769688 -0.0214597341 -8.09997448e-15
vt 0.81598407 0.0606617928
v 30.5633621 -501.789886 124
vn 0.999769688 -0.0214597341 -8.09997448e-15
vt 0.816495597 0.0606617928
v 30.5633621 -501.789886 128
vn 0.999769688 -0.0214597341 -8.09997448e-15
vt 0.816495597 0.0625
v 30.9937496 -481.738922 128
vn 0.999769688 -0.0214597341 -8.09997448e-15
vt 0.814724207 0.0625
v 30.9937496 -481.738922 124
vn 0.999769688 -0.0214597341 -8.09997448e-15
vt 0.814724207 0.0606617928
f 6263/6263/6263 6262/6262/6262 6261/6261/6261 6260/6260/6260 6259/6259/6259
v -64.2193604 -496 124
vn 0 1 0
vt 0.234248936 0.590073526
v 18.9762878 -496 124
vn 0 1 0
vt 0.22407335 0.590073526
v 18.9762878 -496 0
vn 0 1 0
vt 0.22407335 0.533088207
v -67 -496 0
vn 0 1 0
vt 0.23458904 0.533088207
v -64.2444458 -496 124
vn 0 1 0
vt 0.234252006 0.590073526
f 6268/6268/6268 6267/6267/6267 6266/6266/6266 6265/6265/6265 6264/6264/6264
v 30.6876392 -496 21.4250946
vn 0 0 1
vt 0.820323169 0.0567696691
v 30.9937496 -481.738922 21.4250946
vn 0 0 1
vt 0.819069982 0.0613296628
v 40.804039 -491.549194 21.4250946
vn 0 0 1
vt 0.819284856 0.0557609797
v 36.3532486 -496 21.4250946
vn 0 0 1
vt 0.819957256 0.0553947687
f 6272/6272/6272 6271/6271/6271 6270/6270/6270 6269/6269/6269
v 40.804039 -468.921783 21.4250946
vn 0 0 1
vt 0.262906909 0.143996298
v 31.0597057 -478.666138 21.4250946
vn 0 0 1
vt 0.261434793 0.143194556
v 31.0782108 -477.804047 21.4250946
vn 0 0 1
vt 0.261510551 0.143470168
v 31.0819511 -477.629761 21.4250946
vn 0 0 1
vt 0.261525869 0.143525898
v 40.3463364 -468.464081 21.4250946
vn 0 0 1
vt 0.262916952 0.144256115
f 6277/6277/6277 6276/6276/6276 6275/6275/6275 6274/6274/6274 6273/6273/6273
v 32.127243 -477.598602 124
vn 0.707106769 -0.707106769 -0
vt 0.645270169 0.523897052
v 31.0597057 -478.666138 124
vn 0.707106769 -0.707106769 -0
vt 0.645085514 0.523897052
v 31.0597057 -478.666138 21.4250946
vn 0.707106769 -0.707106769 -0
vt 0.645085514 0.476757824
v 40.804039 -468.921783 21.4250946
vn 0.707106769 -0.707106769 -0
vt 0.646771014 0.476757824
v 40.804039 -468.921783 124
vn 0.707106769 -0.707106769 -0
vt 0.646771014 0.523897052
f 6282/6282/6282 6281/6281/6281 6280/6280/6280 6279/6279/6279 6278/6278/6278
v 30.9937496 -481.738922 124
vn 0.707106769 0.707106769 -5.20747318e-14
vt 0.652381837 0.523897052
v 40.804039 -491.549194 124
vn 0.707106769 0.707106769 -5.20747318e-14
vt 0.650684953 0.523897052
v 40.804039 -491.549194 21.4250946
vn 0.707106769 0.707106769 -5.20747318e-14
vt 0.650684953 0.476757824
v 30.9937496 -481.738922 21.4250946
vn 0.707106769 0.707106769 -5.20747318e-14
vt 0.652381837 0.476757824
f 6286/6286/6286 6285/6285/6285 6284/6284/6284 6283/6283/6283
v 30.9937496 -481.738922 21.4250946
vn 0.999769688 -0.0214597341 -8.09997448e-15
vt 0.656211495 0.476757824
v 30.6876392 -496 21.4250946
vn 0.999769688 -0.0214597341 -8.09997448e-15
vt 0.657471359 0.476757824
v 30.6876392 -496 124
vn 0.999769688 -0.0214597341 -8.09997448e-15
vt 0.657471359 0.523897052
v 30.9937496 -481.738922 124
vn 0.999769688 -0.0214597341 -8.09997448e-15
vt 0.656211495 0.523897052
f 6290/6290/6290 6289/6289/6289 6288/6288/6288 6287/6287/6287
v 30.8632469 -477.84613 21.4250946
vn -0.192198083 0.981356144 1.35333478e-14
vt 0.661139309 0.476757824
v 31.0782108 -477.804047 21.4250946
vn -0.192198083 0.981356144 1.35333478e-14
vt 0.661161542 0.476757824
v 31.0782108 -477.804047 124
vn -0.192198083 0.981356144 1.35333478e-14
vt 0.661161542 0.523897052
f 6293/6293/6293 6292/6292/6292 6291/6291/6291
v 30.6137695 -477.894989 124
vn -0.192198083 0.981356144 1.35333478e-14
vt 0.66502744 0.523897052
v 29.0782108 -478.19574 124
vn -0.192198083 0.981356144 1.35333478e-14
vt 0.664868593 0.523897052
v 29.0782108 -478.19574 21.4250946
vn -0.192198083 0.981356144 1.35333478e-14
vt 0.664868593 0.476757824
v 30.8632469 -477.84613 21.4250946
vn -0.192198083 0.981356144 1.35333478e-14
vt 0.665053189 0.476757824
v 31.0782108 -477.804047 124
vn -0.192198083 0.981356144 1.35333478e-14
vt 0.665075421 0.523897052
f 6298/6298/6298 6297/6297/6297 6296/6296/6296 6295/6295/6295 6294/6294/6294
v 31.0782108 -477.804047 21.4250946
vn 0.999769688 -0.0214597341 -8.09997448e-15
vt 0.669562519 0.476757824
v 31.0597057 -478.666138 21.4250946
vn 0.999769688 -0.0214597341 -8.09997448e-15
vt 0.669638693 0.476757824
v 31.0597057 -478.666138 124
vn 0.999769688 -0.0214597341 -8.09997448e-15
vt 0.669638693 0.523897052
v 31.0782108 -477.804047 124
vn 0.999769688 -0.0214597341 -8.09997448e-15
vt 0.669562519 0.523897052
f 6302/6302/6302 6301/6301/6301 6300/6300/6300 6299/6299/6299
v 19.2666397 -480 21.4250946
vn 0 1 0
vt 0.672243953 0.476757824
v 19.8657246 -480 21.4250946
vn 0 1 0
vt 0.672317207 0.476757824
v 19.8657246 -480 124
vn 0 1 0
vt 0.672317207 0.523897052
v 19.2666397 -480 124
vn 0 1 0
vt 0.672243953 0.523897052
f 6306/6306/6306 6305/6305/6305 6304/6304/6304 6303/6303/6303
v 29 -478.21106 124
vn -0.192198083 0.981356144 1.35333478e-14
vt 0.678559124 0.523897052
v 19.8657246 -480 124
vn -0.192198083 0.981356144 1.35333478e-14
vt 0.67761445 0.523897052
v 19.8657246 -480 21.4250946
vn -0.192198083 0.981356144 1.35333478e-14
vt 0.67761445 0.476757824
v 29.0782108 -478.19574 21.4250946
vn -0.192198083 0.981356144 1.35333478e-14
vt 0.678567231 0.476757824
v 29.0782108 -478.19574 124
vn -0.192198083 0.981356144 1.35333478e-14
vt 0.678567231 0.523897052
f 6311/6311/6311 6310/6310/6310 6309/6309/6309 6308/6308/6308 6307/6307/6307
v 31.0819511 -477.629761 16
vn -0.703309715 0.710883558 2.19054053e-14
vt 0.266849846 0.1415205
v 40.3463364 -468.464081 16
vn -0.703309715 0.710883558 2.19054053e-14
vt 0.265458792 0.1415205
v 40.3463364 -468.464081 21.4250946
vn -0.703309715 0.710883558 2.19054053e-14
vt 0.265458792 0.14338237
v 31.0819511 -477.629761 21.4250946
vn -0.703309715 0.710883558 2.19054053e-14
vt 0.266849846 0.14338237
f 6315/6315/6315 6314/6314/6314 6313/6313/6313 6312/6312/6312
v 30.8632469 -477.84613 16
vn -0.703309715 0.710883558 2.19054053e-14
vt 0.270796597 0.1415205
v 31.0819511 -477.629761 16
vn -0.703309715 0.710883558 2.19054053e-14
vt 0.270763755 0.1415205
v 31.0819511 -477.629761 21.4250946
vn -0.703309715 0.710883558 2.19054053e-14
vt 0.270763755 0.14338237
v 30.8632469 -477.84613 21.4250946
vn -0.703309715 0.710883558 2.19054053e-14
vt 0.270796597 0.14338237
f 6319/6319/6319 6318/6318/6318 6317/6317/6317 6316/6316/6316
v 29.0782108 -478.19574 16
vn -0.192198083 0.981356144 1.35333478e-14
vt 0.823381364 0.0551470518
v 30.8632469 -477.84613 16
vn -0.192198083 0.981356144 1.35333478e-14
vt 0.82356596 0.0551470518
v 30.8632469 -477.84613 21.4250946
vn -0.192198083 0.981356144 1.35333478e-14
vt 0.82356596 0.0576401949
v 29.0782108 -478.19574 21.4250946
vn -0.192198083 0.981356144 1.35333478e-14
vt 0.823381364 0.0576401949
f 6323/6323/6323 6322/6322/6322 6321/6321/6321 6320/6320/6320
v 19.8657246 -480 16
vn 0 1 0
vt 0.826916039 0.0551470518
v 19.8657246 -480 21.4250946
vn 0 1 0
vt 0.826916039 0.0576401949
v 19.2666397 -480 21.4250946
vn 0 1 0
vt 0.826842785 0.0576401949
v 19.2666397 -480 16
vn 0 1 0
vt 0.826842785 0.0551470518
f 6327/6327/6327 6326/6326/6326 6325/6325/6325 6324/6324/6324
v 19.8657246 -480 16
vn -0.192198083 0.981356144 1.35333478e-14
vt 0.832213283 0.0551470518
v 29.0782108 -478.19574 16
vn -0.192198083 0.981356144 1.35333478e-14
vt 0.833166063 0.0551470518
v 29.0782108 -478.19574 21.4250946
vn -0.192198083 0.981356144 1.35333478e-14
vt 0.833166063 0.0576401949
v 19.8657246 -480 21.4250946
vn -0.192198083 0.981356144 1.35333478e-14
vt 0.832213283 0.0576401949
f 6331/6331/6331 6330/6330/6330 6329/6329/6329 6328/6328/6328
v 31.0819511 -477.629761 16
vn -0.703309715 0.710883558 2.19054053e-14
vt 0.838278413 0.0606381297
v 30.8632469 -477.84613 16
vn -0.703309715 0.710883558 2.19054053e-14
vt 0.838311255 0.0606381297
v 30.8632469 -477.84613 0
vn -0.703309715 0.710883558 2.19054053e-14
vt 0.838311255 0.0551470518
v 40.3463364 -468.464081 0
vn -0.703309715 0.710883558 2.19054053e-14
vt 0.83688736 0.0551470518
v 40.3463364 -468.464081 16
vn -0.703309715 0.710883558 2.19054053e-14
vt 0.83688736 0.0606381297
f 6336/6336/6336 6335/6335/6335 6334/6334/6334 6333/6333/6333 6332/6332/6332
v 29.0782108 -478.19574 0
vn -0.192198083 0.981356144 1.35333478e-14
vt 0.840993881 0.0551470518
v 30.8632469 -477.84613 0
vn -0.192198083 0.981356144 1.35333478e-14
vt 0.841178477 0.0551470518
v 30.8632469 -477.84613 16
vn -0.192198083 0.981356144 1.35333478e-14
vt 0.841178477 0.0625
v 29.0782108 -478.19574 16
vn -0.192198083 0.981356144 1.35333478e-14
vt 0.840993881 0.0625
f 6340/6340/6340 6339/6339/6339 6338/6338/6338 6337/6337/6337
v 19.2666397 -480 16
vn 0 1 0
vt 0.844455302 0.0625
v 19.2666397 -480 0
vn 0 1 0
vt 0.844455302 0.0551470518
v 19.8657246 -480 0
vn 0 1 0
vt 0.844528615 0.0551470518
v 19.8657246 -480 16
vn 0 1 0
vt 0.844528615 0.0625
f 6344/6344/6344 6343/6343/6343 6342/6342/6342 6341/6341/6341
v 19.8657246 -480 0
vn -0.192198083 0.981356144 1.35333478e-14
vt 0.849825799 0.0551470518
v 29.0782108 -478.19574 0
vn -0.192198083 0.981356144 1.35333478e-14
vt 0.85077858 0.0551470518
v 29.0782108 -478.19574 16
vn -0.192198083 0.981356144 1.35333478e-14
vt 0.85077858 0.0625
v 19.8657246 -480 16
vn -0.192198083 0.981356144 1.35333478e-14
vt 0.849825799 0.0625
f 6348/6348/6348 6347/6347/6347 6346/6346/6346 6345/6345/6345
v 19.2666397 -480 21.4250946
vn 0 1 0
vt 0.695727348 0.476757824
v 19.2666397 -480 124
vn 0 1 0
vt 0.695727348 0.523897052
v -91.2444458 -480 124
vn 0 1 0
vt 0.682210803 0.523897052
f 6351/6351/6351 6350/6350/6350 6349/6349/6349
v -94 -480 0
vn 0 1 0
vt 0.239603713 0.533088207
v 19.2666397 -480 0
vn 0 1 0
vt 0.253457278 0.533088207
v 19.2666397 -480 16
vn 0 1 0
vt 0.253457278 0.540441155
v 19.2666397 -480 21.4250946
vn 0 1 0
vt 0.253457278 0.542934299
v -91.2444458 -480 124
vn 0 1 0
vt 0.239940763 0.590073526
f 6356/6356/6356 6355/6355/6355 6354/6354/6354 6353/6353/6353 6352/6352/6352
v 18.9762878 -496 124
vn 0.999835372 -0.0181439221 -7.14148894e-15
vt 0.856192887 0.0606617928
v 18.7368355 -513.616394 124
vn 0.999835372 -0.0181439221 -7.14148894e-15
vt 0.85464859 0.0606617928
v 18.6551228 -513.69812 124
vn 0.999835372 -0.0181439221 -7.14148894e-15
vt 0.854634523 0.0606617928
f 6359/6359/6359 6358/6358/6358 6357/6357/6357
v 18.6551228 -513.69812 21.4250946
vn 0.999835372 -0.0181439221 -7.14148894e-15
vt 0.257765591 0.542934299
v 18.6551228 -513.69812 0
vn 0.999835372 -0.0181439221 -7.14148894e-15
vt 0.257765591 0.533088207
v 18.9762878 -496 0
vn 0.999835372 -0.0181439221 -7.14148894e-15
vt 0.259324014 0.533088207
v 18.9762878 -496 124
vn 0.999835372 -0.0181439221 -7.14148894e-15
vt 0.259324014 0.590073526
v 18.6551228 -513.69812 124
vn 0.999835372 -0.0181439221 -7.14148894e-15
vt 0.257765591 0.590073526
f 6364/6364/6364 6363/6363/6363 6362/6362/6362 6361/6361/6361 6360/6360/6360
v 30.6876392 -496 21.4250946
vn 0 0 1
vt 0.274334937 0.145004988
v 36.3532486 -496 21.4250946
vn 0 0 1
vt 0.273968995 0.143630087
v 30.5633621 -501.789886 21.4250946
vn 0 0 1
vt 0.274843693 0.143153667
f 6367/6367/6367 6366/6366/6366 6365/6365/6365
v 30.6876392 -496 21.4250946
vn 0.999769688 -0.0214597341 -8.09997448e-15
vt 0.700524211 0.476757824
v 30.5633621 -501.789886 21.4250946
vn 0.999769688 -0.0214597341 -8.09997448e-15
vt 0.701035738 0.476757824
v 30.5633621 -501.789886 124
vn 0.999769688 -0.0214597341 -8.09997448e-15
vt 0.701035738 0.523897052
v 30.6876392 -496 124
vn 0.999769688 -0.0214597341 -8.09997448e-15
vt 0.700524211 0.523897052
f 6371/6371/6371 6370/6370/6370 6369/6369/6369 6368/6368/6368
v -67 -496 0
vn 0.999753177 0 -0.0222167373
vt 0.263209403 0.533088207
v -67 -524 0
vn 0.999753177 0 -0.0222167373
vt 0.266634047 0.533088207
v -64.2444458 -524 124
vn 0.999753177 0 -0.0222167373
vt 0.266634047 0.590073526
v -64.2444458 -496 124
vn 0.999753177 0 -0.0222167373
vt 0.263209403 0.590073526
f 6375/6375/6375 6374/6374/6374 6373/6373/6373 6372/6372/6372
v -120 -480 124
vn 0 1 0
vt 0.478473574 0.229779422
v -152 -480 124
vn 0 1 0
vt 0.474559695 0.229779422
v -152 -480 80
vn 0 1 0
vt 0.474559695 0.209558845
f 6378/6378/6378 6377/6377/6377 6376/6376/6376
v -120 -480 0
vn 0 1 0
vt 0.272994131 0.533088207
v -120 -480 124
vn 0 1 0
vt 0.272994131 0.590073526
v -152 -480 80
vn 0 1 0
vt 0.269080222 0.569852948
v -152 -480 44
vn 0 1 0
vt 0.269080222 0.553308845
v -152 -480 0
vn 0 1 0
vt 0.269080222 0.533088207
f 6383/6383/6383 6382/6382/6382 6381/6381/6381 6380/6380/6380 6379/6379/6379
v -100 -480 0
vn 0 1 0
vt 0.278008819 0.533088207
v -94 -480 0
vn 0 1 0
vt 0.278742671 0.533088207
v -91.2444458 -480 124
vn 0 1 0
vt 0.279079705 0.590073526
v -120 -480 124
vn 0 1 0
vt 0.275562614 0.590073526
v -120 -480 0
vn 0 1 0
vt 0.275562614 0.533088207
f 6388/6388/6388 6387/6387/6387 6386/6386/6386 6385/6385/6385 6384/6384/6384
v -91.2444458 -388 124
vn 0 0 1
vt 0.493150681 0.22782886
v -120 -388 124
vn 0 0 1
vt 0.493150681 0.214613974
v -91.2444458 -480 124
vn 0 0 1
vt 0.481898248 0.22782886
f 6391/6391/6391 6390/6390/6390 6389/6389/6389
v -120 -480 124
vn 0 0 1
vt 0.613013685 0.339613974
v -91.2444458 -480 124
vn 0 0 1
vt 0.613013685 0.35282886
v -120 -388 124
vn 0 0 1
vt 0.624266148 0.339613974
v -152 -388 124
vn 0 0 1
vt 0.624266148 0.324908078
v -152 -480 124
vn 0 0 1
vt 0.613013685 0.324908078
f 6396/6396/6396 6395/6395/6395 6394/6394/6394 6393/6393/6393 6392/6392/6392
v -120 -496 0
vn 0 1 0
vt 0.496086091 0.209558845
v -152 -496 0
vn 0 1 0
vt 0.5 0.209558845
v -152 -496 44
vn 0 1 0
vt 0.5 0.229779422
f 6399/6399/6399 6398/6398/6398 6397/6397/6397
v -152 -496 80
vn 0 1 0
vt 0.286692768 0.569852948
v -152 -496 128
vn 0 1 0
vt 0.286692768 0.591911793
v -120 -496 128
vn 0 1 0
vt 0.282778859 0.591911793
v -120 -496 0
vn 0 1 0
vt 0.282778859 0.533088207
v -152 -496 44
vn 0 1 0
vt 0.286692768 0.553308845
f 6404/6404/6404 6403/6403/6403 6402/6402/6402 6401/6401/6401 6400/6400/6400
v -120 -496 128
vn 0 1 0
vt 0.293909013 0.591911793
v -91.1555557 -496 128
vn 0 1 0
vt 0.290381044 0.591911793
v -94 -496 0
vn 0 1 0
vt 0.290728956 0.533088207
v -120 -496 0
vn 0 1 0
vt 0.293909013 0.533088207
f 6408/6408/6408 6407/6407/6407 6406/6406/6406 6405/6405/6405
v -64.8114624 -597.164734 124
vn 0 0 1
vt 0.0566629209 0.242343545
v -38.0807343 -570.43396 124
vn 0 0 1
vt 0.0520392731 0.242343545
v -64.3832397 -524 124
vn 0 0 1
vt 0.0502981879 0.265979767
f 6411/6411/6411 6410/6410/6410 6409/6409/6409
v -64.2444458 -524 124
vn 0 0 1
vt 0.0678987056 0.265934646
v -64.3832397 -524 124
vn 0 0 1
vt 0.0679107085 0.265979767
v -38.0807343 -570.43396 124
vn 0 0 1
vt 0.0696517974 0.242343545
v -17.2166252 -549.569885 124
vn 0 0 1
vt 0.0660429075 0.242343545
v 8.35324669 -524 124
vn 0 0 1
vt 0.0616200492 0.242343545
f 6416/6416/6416 6415/6415/6415 6414/6414/6414 6413/6413/6413 6412/6412/6412
v -64.8114624 -597.164734 124
vn 0.999982893 -0.00585272675 7.36163214e-12
vt 0.861145318 0.0551470518
v -64.3832397 -524 124
vn 0.999982893 -0.00585272675 7.36163214e-12
vt 0.86751008 0.0551470518
v -64.3832397 -524 128
vn 0.999982893 -0.00585272675 7.36163214e-12
vt 0.86751008 0.0569853187
v -64.8114624 -597.164734 128
vn 0.999982893 -0.00585272675 7.36163214e-12
vt 0.861145318 0.0569853187
f 6420/6420/6420 6419/6419/6419 6418/6418/6418 6417/6417/6417
v -364 -603 128
vn 1 0 0
vt 0.607020557 0.783088207
v -364 -816 128
vn 1 0 0
vt 0.633072436 0.783088207
v -364 -816 320
vn 1 0 0
vt 0.633072436 0.871323526
v -364 -601 320
vn 1 0 0
vt 0.606775939 0.871323526
v -364 -601 128
vn 1 0 0
vt 0.606775939 0.783088207
f 6425/6425/6425 6424/6424/6424 6423/6423/6423 6422/6422/6422 6421/6421/6421
v -364 -721 356
vn 1 0 0
vt 0.517734826 0.226102948
v -364 -601 356
vn 1 0 0
vt 0.503057718 0.226102948
v -364 -601 336
vn 1 0 0
vt 0.503057718 0.216911793
v -364 -601 320
vn 1 0 0
vt 0.503057718 0.209558845
v -364 -816 320
vn 1 0 0
vt 0.529354215 0.209558845
v -364 -816 336
vn 1 0 0
vt 0.529354215 0.216911793
v -364 -816 356
vn 1 0 0
vt 0.529354215 0.226102948
f 6432/6432/6432 6431/6431/6431 6430/6430/6430 6429/6429/6429 6428/6428/6428 6427/6427/6427 6426/6426/6426
v -364 -497 112
vn 1 0 0
vt 0.296722114 0.585018396
v -364 -496 112
vn 1 0 0
vt 0.296599805 0.585018396
v -364 -496 0
vn 1 0 0
vt 0.296599805 0.533547759
v -364 -497 0
vn 1 0 0
vt 0.296722114 0.533547759
v -364 -603 0
vn 1 0 0
vt 0.309686899 0.533547759
v -364 -603 112
vn 1 0 0
vt 0.309686899 0.585018396
f 6438/6438/6438 6437/6437/6437 6436/6436/6436 6435/6435/6435 6434/6434/6434 6433/6433/6433
v -364 -721 0
vn 1 0 0
vt 0.32791096 0.533088207
v -364 -816 0
vn 1 0 0
vt 0.339530319 0.533088207
v -364 -816 96
vn 1 0 0
vt 0.339530319 0.577205896
v -364 -816 128
vn 1 0 0
vt 0.339530319 0.591911793
v -364 -603 128
vn 1 0 0
vt 0.31347847 0.591911793
v -364 -603 112
vn 1 0 0
vt 0.31347847 0.584558845
v -364 -603 0
vn 1 0 0
vt 0.31347847 0.533088207
f 6445/6445/6445 6444/6444/6444 6443/6443/6443 6442/6442/6442 6441/6441/6441 6440/6440/6440 6439/6439/6439
v -364 -497 128
vn 1 0 0
vt 0.272994131 0.778952241
v -364 -496 128
vn 1 0 0
vt 0.27311644 0.778952241
v -364 -496 320
vn 1 0 0
vt 0.27311644 0.8671875
f 6448/6448/6448 6447/6447/6447 6446/6446/6446
v -364 -497 356
vn 1 0 0
vt 0.159491196 0.994025707
v -364 -497 128
vn 1 0 0
vt 0.159491196 0.889246345
v -364 -496 320
vn 1 0 0
vt 0.159613505 0.977481604
v -364 -496 336
vn 1 0 0
vt 0.159613505 0.984834552
v -364 -496 356
vn 1 0 0
vt 0.159613505 0.994025707
f 6453/6453/6453 6452/6452/6452 6451/6451/6451 6450/6450/6450 6449/6449/6449
v -351 -480 201
vn 0 1 0
vt 0.278498054 0.8125
v -351 -480 320
vn 0 1 0
vt 0.278498054 0.8671875
v -364 -480 320
vn 0 1 0
vt 0.27690801 0.8671875
v -364 -480 128
vn 0 1 0
vt 0.27690801 0.778952241
v -351 -480 128
vn 0 1 0
vt 0.278498054 0.778952241
f 6458/6458/6458 6457/6457/6457 6456/6456/6456 6455/6455/6455 6454/6454/6454
v -271 -480 320
vn 0 1 0
vt 0.351272017 0.587775707
v -351 -480 320
vn 0 1 0
vt 0.341487288 0.587775707
v -351 -480 201
vn 0 1 0
vt 0.341487288 0.533088207
v -271 -480 201
vn 0 1 0
vt 0.351272017 0.533088207
f 6462/6462/6462 6461/6461/6461 6460/6460/6460 6459/6459/6459
v -271 -480 201
vn 0 1 0
vt 0.280821919 0.8125
v -271 -480 128
vn 0 1 0
vt 0.280821919 0.778952241
v -260 -480 128
vn 0 1 0
vt 0.282167315 0.778952241
v -260 -480 320
vn 0 1 0
vt 0.282167315 0.8671875
v -271 -480 320
vn 0 1 0
vt 0.280821919 0.8671875
f 6467/6467/6467 6466/6466/6466 6465/6465/6465 6464/6464/6464 6463/6463/6463
v -152 -480 268
vn 0 1 0
vt 0.648728013 0.847426474
v -152 -480 320
vn 0 1 0
vt 0.648728013 0.871323526
v -260 -480 320
vn 0 1 0
vt 0.63551861 0.871323526
v -260 -480 128
vn 0 1 0
vt 0.63551861 0.783088207
v -152 -480 128
vn 0 1 0
vt 0.648728013 0.783088207
f 6472/6472/6472 6471/6471/6471 6470/6470/6470 6469/6469/6469 6468/6468/6468
v -271 -480 121
vn 0 1 0
vt 0.360200584 0.588694811
v -271 -480 124
vn 0 1 0
vt 0.360200584 0.590073526
v -324 -480 124
vn 0 1 0
vt 0.353718191 0.590073526
v -324 -480 0
vn 0 1 0
vt 0.353718191 0.533088207
v -271 -480 0
vn 0 1 0
vt 0.360200584 0.533088207
f 6477/6477/6477 6476/6476/6476 6475/6475/6475 6474/6474/6474 6473/6473/6473
v -260 -480 0
vn 0 1 0
vt 0.365459889 0.533088207
v -260 -480 121
vn 0 1 0
vt 0.365459889 0.588694811
v -271 -480 121
vn 0 1 0
vt 0.364114493 0.588694811
v -271 -480 0
vn 0 1 0
vt 0.364114493 0.533088207
f 6481/6481/6481 6480/6480/6480 6479/6479/6479 6478/6478/6478
v -260 -480 124
vn 0 1 0
vt 0.871208429 0.0565257072
v -271 -480 124
vn 0 1 0
vt 0.869863033 0.0565257072
v -271 -480 121
vn 0 1 0
vt 0.869863033 0.0551470518
v -260 -480 121
vn 0 1 0
vt 0.871208429 0.0551470518
f 6485/6485/6485 6484/6484/6484 6483/6483/6483 6482/6482/6482
v -260 -480 0
vn 0 1 0
vt 0.0738747567 0.238970578
v -232 -480 0
vn 0 1 0
vt 0.0772994161 0.238970578
v -232 -480 44
vn 0 1 0
vt 0.0772994161 0.259191155
v -232 -480 52
vn 0 1 0
vt 0.0772994161 0.26286763
f 6489/6489/6489 6488/6488/6488 6487/6487/6487 6486/6486/6486
v -260 -480 121
vn 0 1 0
vt 0.369373769 0.588694811
v -260 -480 0
vn 0 1 0
vt 0.369373769 0.533088207
v -232 -480 52
vn 0 1 0
vt 0.372798443 0.556985259
v -232 -480 80
vn 0 1 0
vt 0.372798443 0.569852948
v -232 -480 124
vn 0 1 0
vt 0.372798443 0.590073526
v -260 -480 124
vn 0 1 0
vt 0.369373769 0.590073526
f 6495/6495/6495 6494/6494/6494 6493/6493/6493 6492/6492/6492 6491/6491/6491 6490/6490/6490
v -232 -480 80
vn 0 1 0
vt 0.280821919 0.150735319
v -232 -480 52
vn 0 1 0
vt 0.280821919 0.13786763
v -224 -480 60
vn 0 1 0
vt 0.27984345 0.141544104
v -216 -480 68
vn 0 1 0
vt 0.27886498 0.145220578
v -208 -480 76
vn 0 1 0
vt 0.27788651 0.148897052
f 6500/6500/6500 6499/6499/6499 6498/6498/6498 6497/6497/6497 6496/6496/6496
v -224 -480 60
vn 0 1 0
vt 0.283757329 0.148897052
v -232 -480 52
vn 0 1 0
vt 0.284735799 0.145220578
v -232 -480 44
vn 0 1 0
vt 0.284735799 0.141544104
f 6503/6503/6503 6502/6502/6502 6501/6501/6501
v -208 -480 76
vn 0 1 0
vt 0.876712322 0.0606617928
v -196 -480 80
vn 0 1 0
vt 0.878180027 0.0625
v -232 -480 80
vn 0 1 0
vt 0.873776913 0.0625
f 6506/6506/6506 6505/6505/6505 6504/6504/6504
v -152 -480 80
vn 0 1 0
vt 0.290606648 0.150735319
v -176 -480 76
vn 0 1 0
vt 0.287671238 0.148897052
v -168 -480 68
vn 0 1 0
vt 0.288649708 0.145220578
v -160 -480 60
vn 0 1 0
vt 0.289628178 0.141544104
f 6510/6510/6510 6509/6509/6509 6508/6508/6508 6507/6507/6507
v -152 -480 80
vn 0 1 0
vt 0.88747555 0.0625
v -188 -480 80
vn 0 1 0
vt 0.883072436 0.0625
v -176 -480 76
vn 0 1 0
vt 0.884540141 0.0606617928
f 6513/6513/6513 6512/6512/6512 6511/6511/6511
v -152 -480 44
vn 0 1 0
vt 0.533268094 0.215073526
v -152 -480 80
vn 0 1 0
vt 0.533268094 0.23161763
v -160 -480 60
vn 0 1 0
vt 0.532289624 0.222426474
f 6516/6516/6516 6515/6515/6515 6514/6514/6514
v -232 -480 124
vn 0 1 0
vt 0.535225034 0.229779422
v -232 -480 80
vn 0 1 0
vt 0.535225034 0.209558845
v -196 -480 80
vn 0 1 0
vt 0.539628208 0.209558845
f 6519/6519/6519 6518/6518/6518 6517/6517/6517
v -188 -480 80
vn 0 1 0
vt 0.548434436 0.209558845
v -152 -480 80
vn 0 1 0
vt 0.552837551 0.209558845
v -152 -480 124
vn 0 1 0
vt 0.552837551 0.229779422
v -232 -480 124
vn 0 1 0
vt 0.543052852 0.229779422
v -196 -480 80
vn 0 1 0
vt 0.547455966 0.209558845
f 6524/6524/6524 6523/6523/6523 6522/6522/6522 6521/6521/6521 6520/6520/6520
v -364 -421 128
vn 0 0 1
vt 0.429305285 0.391084552
v -364 -388 128
vn 0 0 1
vt 0.429305285 0.40625
v -324 -388 128
vn 0 0 1
vt 0.434197664 0.40625
v -324 -480 128
vn 0 0 1
vt 0.434197664 0.363970578
f 6528/6528/6528 6527/6527/6527 6526/6526/6526 6525/6525/6525
v -364 -479 128
vn 0 0 1
vt 0.0809686854 0.23943013
v -364 -421 128
vn 0 0 1
vt 0.0809686854 0.266084552
v -324 -480 128
vn 0 0 1
vt 0.085861057 0.238970578
v -351 -480 128
vn 0 0 1
vt 0.0825587064 0.238970578
v -364 -480 128
vn 0 0 1
vt 0.0809686854 0.238970578
f 6533/6533/6533 6532/6532/6532 6531/6531/6531 6530/6530/6530 6529/6529/6529
v -271 -480 128
vn 0 0 1
vt 0.63943249 0.351102948
v -324 -480 128
vn 0 0 1
vt 0.63943249 0.326746345
v -324 -388 128
vn 0 0 1
vt 0.628180027 0.326746345
v -264 -388 128
vn 0 0 1
vt 0.628180027 0.35431987
v -260 -480 128
vn 0 0 1
vt 0.63943249 0.356158078
f 6538/6538/6538 6537/6537/6537 6536/6536/6536 6535/6535/6535 6534/6534/6534
v -232 -388 128
vn 0 0 1
vt 0.375733852 0.552849293
v -152 -388 128
vn 0 0 1
vt 0.375733852 0.589613974
v -152 -480 128
vn 0 0 1
vt 0.386986315 0.589613974
v -260 -480 128
vn 0 0 1
vt 0.386986315 0.539981604
v -264 -388 128
vn 0 0 1
vt 0.375733852 0.538143396
f 6543/6543/6543 6542/6542/6542 6541/6541/6541 6540/6540/6540 6539/6539/6539
v -351 -480 320
vn 0 0 1
vt 0.0988258347 0.238970578
v -271 -480 320
vn 0 0 1
vt 0.089041099 0.238970578
v -364 -421 320
vn 0 0 1
vt 0.100415848 0.266084552
v -364 -479 320
vn 0 0 1
vt 0.100415848 0.23943013
v -364 -480 320
vn 0 0 1
vt 0.100415848 0.238970578
f 6548/6548/6548 6547/6547/6547 6546/6546/6546 6545/6545/6545 6544/6544/6544
v -232 -388 320
vn 0 0 1
vt 0.448263198 0.40625
v -260 -480 320
vn 0 0 1
vt 0.451687872 0.363970578
v -152 -480 320
vn 0 0 1
vt 0.43847847 0.363970578
v -152 -388 320
vn 0 0 1
vt 0.43847847 0.40625
f 6552/6552/6552 6551/6551/6551 6550/6550/6550 6549/6549/6549
v -264 -388 320
vn 0 0 1
vt 0.460004896 0.40625
v -364 -388 320
vn 0 0 1
vt 0.472235799 0.40625
v -364 -421 320
vn 0 0 1
vt 0.472235799 0.391084552
v -271 -480 320
vn 0 0 1
vt 0.460861057 0.363970578
v -260 -480 320
vn 0 0 1
vt 0.459515661 0.363970578
v -232 -388 320
vn 0 0 1
vt 0.456090987 0.40625
f 6558/6558/6558 6557/6557/6557 6556/6556/6556 6555/6555/6555 6554/6554/6554 6553/6553/6553
v -324 -480 124
vn 1 0 0
vt 0.402152628 0.590073526
v -324 -388 124
vn 1 0 0
vt 0.390900195 0.590073526
v -324 -388 0
vn 1 0 0
vt 0.390900195 0.533088207
v -324 -480 0
vn 1 0 0
vt 0.402152628 0.533088207
f 6562/6562/6562 6561/6561/6561 6560/6560/6560 6559/6559/6559
v -271 -480 124
vn 0 0 1
vt 0.644324839 0.351102948
v -260 -480 124
vn 0 0 1
vt 0.644324839 0.356158078
v -264 -388 124
vn 0 0 1
vt 0.655577302 0.35431987
v -324 -388 124
vn 0 0 1
vt 0.655577302 0.326746345
v -324 -480 124
vn 0 0 1
vt 0.644324839 0.326746345
f 6567/6567/6567 6566/6566/6566 6565/6565/6565 6564/6564/6564 6563/6563/6563
v -232 -388 124
vn 0 0 1
vt 0.416829735 0.552849293
v -264 -388 124
vn 0 0 1
vt 0.416829735 0.538143396
v -260 -480 124
vn 0 0 1
vt 0.405577302 0.539981604
v -232 -480 124
vn 0 0 1
vt 0.405577302 0.552849293
v -152 -480 124
vn 0 0 1
vt 0.405577302 0.589613974
v -152 -388 124
vn 0 0 1
vt 0.416829735 0.589613974
f 6573/6573/6573 6572/6572/6572 6571/6571/6571 6570/6570/6570 6569/6569/6569 6568/6568/6568
v -232 -480 0
vn 1 0 0
vt 0.55479455 0.209558845
v -232 -496 0
vn 1 0 0
vt 0.55675149 0.209558845
v -232 -496 44
vn 1 0 0
vt 0.55675149 0.229779422
v -232 -480 44
vn 1 0 0
vt 0.55479455 0.229779422
f 6577/6577/6577 6576/6576/6576 6575/6575/6575 6574/6574/6574
v -188 -496 80
vn 0 0 1
vt 0.890900195 0.0551470518
v -188 -480 80
vn 0 0 1
vt 0.890900195 0.0625
v -196 -480 80
vn 0 0 1
vt 0.889921725 0.0625
v -196 -496 80
vn 0 0 1
vt 0.889921725 0.0551470518
f 6581/6581/6581 6580/6580/6580 6579/6579/6579 6578/6578/6578
v -152 -684.353271 356
vn 0 0 1
vt 0.559686899 0.225940585
v -232 -720 356
vn 0 0 1
vt 0.569471598 0.209558845
v -187.646759 -720 356
vn 0 0 1
vt 0.56404686 0.209558845
f 6584/6584/6584 6583/6583/6583 6582/6582/6582
v -152 -524 356
vn 0 0 1
vt 0.293542087 0.13786763
v -152 -496 356
vn 0 0 1
vt 0.293542087 0.150735319
v -232 -496 356
vn 0 0 1
vt 0.303326815 0.150735319
f 6587/6587/6587 6586/6586/6586 6585/6585/6585
v -232 -605 356
vn 0 0 1
vt 0.855185926 0.946231604
v -232 -720 356
vn 0 0 1
vt 0.855185926 0.89338237
v -152 -684.353271 356
vn 0 0 1
vt 0.845401168 0.909764111
v -152 -524 356
vn 0 0 1
vt 0.845401168 0.983455896
v -232 -496 356
vn 0 0 1
vt 0.855185926 0.996323526
f 6592/6592/6592 6591/6591/6591 6590/6590/6590 6589/6589/6589 6588/6588/6588
v -232 -720 356
vn 0 0 1
vt 0.579256356 0.23161763
v -232 -764.353271 356
vn 0 0 1
vt 0.579256356 0.211234689
v -208 -740.353271 356
vn 0 0 1
vt 0.576320946 0.222264111
v -187.646759 -720 356
vn 0 0 1
vt 0.573831558 0.23161763
f 6596/6596/6596 6595/6595/6595 6594/6594/6594 6593/6593/6593
v -152 -496 128
vn 0 1 0
vt 0.588062644 0.209558845
v -152 -496 80
vn 0 1 0
vt 0.588062644 0.23161763
v -188 -496 80
vn 0 1 0
vt 0.58365947 0.23161763
f 6599/6599/6599 6598/6598/6598 6597/6597/6597
v -196 -496 80
vn 0 1 0
vt 0.594422698 0.23161763
v -232 -496 80
vn 0 1 0
vt 0.590019584 0.23161763
v -232 -496 128
vn 0 1 0
vt 0.590019584 0.209558845
v -152 -496 128
vn 0 1 0
vt 0.599804282 0.209558845
v -188 -496 80
vn 0 1 0
vt 0.595401168 0.23161763
f 6604/6604/6604 6603/6603/6603 6602/6602/6602 6601/6601/6601 6600/6600/6600
v -152 -496 268
vn 0 1 0
vt 0.173189819 0.931985319
v -152 -496 128
vn 0 1 0
vt 0.173189819 0.996323526
v -232 -496 128
vn 0 1 0
vt 0.163405091 0.996323526
v -232 -496 356
vn 0 1 0
vt 0.163405091 0.891544104
v -152 -496 356
vn 0 1 0
vt 0.173189819 0.891544104
f 6609/6609/6609 6608/6608/6608 6607/6607/6607 6606/6606/6606 6605/6605/6605
v -232 -496 80
vn 0 1 0
vt 0.306262225 0.150735319
v -208 -496 76
vn 0 1 0
vt 0.309197664 0.148897052
v -216 -496 68
vn 0 1 0
vt 0.308219165 0.145220578
v -224 -496 60
vn 0 1 0
vt 0.307240695 0.141544104
v -232 -496 52
vn 0 1 0
vt 0.306262225 0.13786763
f 6614/6614/6614 6613/6613/6613 6612/6612/6612 6611/6611/6611 6610/6610/6610
v -232 -496 44
vn 0 1 0
vt 0.312133074 0.141544104
v -232 -496 52
vn 0 1 0
vt 0.312133074 0.145220578
v -224 -496 60
vn 0 1 0
vt 0.313111544 0.148897052
f 6617/6617/6617 6616/6616/6616 6615/6615/6615
v -196 -496 80
vn 0 1 0
vt 0.894814074 0.0625
v -208 -496 76
vn 0 1 0
vt 0.896281779 0.0606617928
v -232 -496 80
vn 0 1 0
vt 0.899217248 0.0625
f 6620/6620/6620 6619/6619/6619 6618/6618/6618
v -152 -496 80
vn 0 1 0
vt 0.316046953 0.150735319
v -160 -496 60
vn 0 1 0
vt 0.317025453 0.141544104
v -168 -496 68
vn 0 1 0
vt 0.318003923 0.145220578
v -176 -496 76
vn 0 1 0
vt 0.318982393 0.148897052
f 6624/6624/6624 6623/6623/6623 6622/6622/6622 6621/6621/6621
v -152 -496 80
vn 0 1 0
vt 0.901174188 0.0625
v -176 -496 76
vn 0 1 0
vt 0.904109597 0.0606617928
v -188 -496 80
vn 0 1 0
vt 0.905577302 0.0625
f 6627/6627/6627 6626/6626/6626 6625/6625/6625
v -160 -496 60
vn 0 1 0
vt 0.602739751 0.222426474
v -152 -496 80
vn 0 1 0
vt 0.601761281 0.23161763
v -152 -496 44
vn 0 1 0
vt 0.601761281 0.215073526
f 6630/6630/6630 6629/6629/6629 6628/6628/6628
v -216 -496 68
vn 0.707106769 0 -0.707106769
vt 0.910469651 0.0551470518
v -216 -480 68
vn 0.707106769 0 -0.707106769
vt 0.910469651 0.0625
v -224 -480 60
vn 0.707106769 0 -0.707106769
vt 0.911448121 0.0625
v -224 -496 60
vn 0.707106769 0 -0.707106769
vt 0.911448121 0.0551470518
f 6634/6634/6634 6633/6633/6633 6632/6632/6632 6631/6631/6631
v -208 -496 76
vn 0.707106769 0 -0.707106769
vt 0.915851295 0.0551470518
v -208 -480 76
vn 0.707106769 0 -0.707106769
vt 0.915851295 0.0625
v -216 -480 68
vn 0.707106769 0 -0.707106769
vt 0.914872825 0.0625
v -216 -496 68
vn 0.707106769 0 -0.707106769
vt 0.914872825 0.0551470518
f 6638/6638/6638 6637/6637/6637 6636/6636/6636 6635/6635/6635
v -160 -480 60
vn 0.89442718 0 0.44721359
vt 0.919275939 0.0625
v -160 -496 60
vn 0.89442718 0 0.44721359
vt 0.919275939 0.0551470518
v -152 -496 44
vn 0.89442718 0 0.44721359
vt 0.921232879 0.0551470518
v -152 -480 44
vn 0.89442718 0 0.44721359
vt 0.921232879 0.0625
f 6642/6642/6642 6641/6641/6641 6640/6640/6640 6639/6639/6639
v -196 -480 80
vn -0.316227764 -0 0.948683321
vt 0.321917802 0.145220578
v -208 -480 76
vn -0.316227764 -0 0.948683321
vt 0.321917802 0.139705896
v -208 -496 76
vn -0.316227764 -0 0.948683321
vt 0.323874742 0.139705896
v -196 -496 80
vn -0.316227764 -0 0.948683321
vt 0.323874742 0.145220578
f 6646/6646/6646 6645/6645/6645 6644/6644/6644 6643/6643/6643
v -232 -496 44
vn 0.89442718 0 -0.44721359
vt 0.927103698 0.0551470518
v -224 -496 60
vn 0.89442718 0 -0.44721359
vt 0.925146759 0.0551470518
v -224 -480 60
vn 0.89442718 0 -0.44721359
vt 0.925146759 0.0625
v -232 -480 44
vn 0.89442718 0 -0.44721359
vt 0.927103698 0.0625
f 6650/6650/6650 6649/6649/6649 6648/6648/6648 6647/6647/6647
v -168 -496 68
vn 0.707106769 0 0.707106769
vt 0.931996107 0.0551470518
v -160 -496 60
vn 0.707106769 0 0.707106769
vt 0.932974577 0.0551470518
v -160 -480 60
vn 0.707106769 0 0.707106769
vt 0.932974577 0.0625
v -168 -480 68
vn 0.707106769 0 0.707106769
vt 0.931996107 0.0625
f 6654/6654/6654 6653/6653/6653 6652/6652/6652 6651/6651/6651
v -176 -480 76
vn 0.707106769 0 0.707106769
vt 0.937377691 0.0625
v -176 -496 76
vn 0.707106769 0 0.707106769
vt 0.937377691 0.0551470518
v -168 -496 68
vn 0.707106769 0 0.707106769
vt 0.936399221 0.0551470518
v -168 -480 68
vn 0.707106769 0 0.707106769
vt 0.936399221 0.0625
f 6658/6658/6658 6657/6657/6657 6656/6656/6656 6655/6655/6655
v -188 -496 80
vn 0.316227764 0 0.948683321
vt 0.325831711 0.145220578
v -176 -496 76
vn 0.316227764 0 0.948683321
vt 0.325831711 0.139705896
v -176 -480 76
vn 0.316227764 0 0.948683321
vt 0.327788651 0.139705896
v -188 -480 80
vn 0.316227764 0 0.948683321
vt 0.327788651 0.145220578
f 6662/6662/6662 6661/6661/6661 6660/6660/6660 6659/6659/6659
v -351 -481 201
vn 0 1 0
vt 0.3336595 0.150735319
v -351 -481 173
vn 0 1 0
vt 0.3336595 0.13786763
v -343 -481 181
vn 0 1 0
vt 0.33268103 0.141544104
v -335 -481 189
vn 0 1 0
vt 0.33170253 0.145220578
v -327 -481 197
vn 0 1 0
vt 0.330724061 0.148897052
f 6667/6667/6667 6666/6666/6666 6665/6665/6665 6664/6664/6664 6663/6663/6663
v -343 -481 181
vn 0 1 0
vt 0.336594909 0.148897052
v -351 -481 173
vn 0 1 0
vt 0.337573379 0.145220578
v -351 -481 165
vn 0 1 0
vt 0.337573379 0.141544104
f 6670/6670/6670 6669/6669/6669 6668/6668/6668
v -327 -481 197
vn 0 1 0
vt 0.94324851 0.0606617928
v -315 -481 201
vn 0 1 0
vt 0.944716215 0.0625
v -351 -481 201
vn 0 1 0
vt 0.940313101 0.0625
f 6673/6673/6673 6672/6672/6672 6671/6671/6671
v -271 -481 201
vn 0 1 0
vt 0.607632101 0.23161763
v -279 -481 181
vn 0 1 0
vt 0.606653631 0.222426474
v -271 -481 165
vn 0 1 0
vt 0.607632101 0.215073526
f 6676/6676/6676 6675/6675/6675 6674/6674/6674
v -271 -481 201
vn 0 1 0
vt 0.343444228 0.150735319
v -295 -481 197
vn 0 1 0
vt 0.340508819 0.148897052
v -287 -481 189
vn 0 1 0
vt 0.341487288 0.145220578
v -279 -481 181
vn 0 1 0
vt 0.342465758 0.141544104
f 6680/6680/6680 6679/6679/6679 6678/6678/6678 6677/6677/6677
v -295 -481 197
vn 0 1 0
vt 0.951076329 0.0606617928
v -271 -481 201
vn 0 1 0
vt 0.954011738 0.0625
v -307 -481 201
vn 0 1 0
vt 0.949608624 0.0625
f 6683/6683/6683 6682/6682/6682 6681/6681/6681
v -271 -481 165
vn 1 0 0
vt 0.658512712 0.340073526
v -271 -481 128
vn 1 0 0
vt 0.658512712 0.32306987
v -271 -480 128
vn 1 0 0
vt 0.65863502 0.32306987
v -271 -480 201
vn 1 0 0
vt 0.65863502 0.35661763
v -271 -481 201
vn 1 0 0
vt 0.658512712 0.35661763
f 6688/6688/6688 6687/6687/6687 6686/6686/6686 6685/6685/6685 6684/6684/6684
v -351 -480 201
vn 1 0 0
vt 0.347235799 0.150735319
v -351 -481 173
vn 1 0 0
vt 0.347358108 0.13786763
v -351 -481 201
vn 1 0 0
vt 0.347358108 0.150735319
f 6691/6691/6691 6690/6690/6690 6689/6689/6689
v -351 -481 165
vn 1 0 0
vt 0.66438359 0.340073526
v -351 -481 173
vn 1 0 0
vt 0.66438359 0.34375
v -351 -480 201
vn 1 0 0
vt 0.664261281 0.35661763
v -351 -480 128
vn 1 0 0
vt 0.664261281 0.32306987
v -351 -481 128
vn 1 0 0
vt 0.66438359 0.32306987
f 6696/6696/6696 6695/6695/6695 6694/6694/6694 6693/6693/6693 6692/6692/6692
v -324 -480 128
vn 0 0 1
vt 0.960371792 0.0625
v -271 -480 128
vn 0 0 1
vt 0.966854215 0.0625
v -271 -481 128
vn 0 0 1
vt 0.966854215 0.0620404482
v -351 -481 128
vn 0 0 1
vt 0.957069457 0.0620404482
v -351 -480 128
vn 0 0 1
vt 0.957069457 0.0625
f 6701/6701/6701 6700/6700/6700 6699/6699/6699 6698/6698/6698 6697/6697/6697
v -351 -480 201
vn 0 0 1
vt 0.969667315 0.0556066036
v -351 -481 201
vn 0 0 1
vt 0.969667315 0.0551470518
v -315 -481 201
vn 0 0 1
vt 0.97407043 0.0551470518
f 6704/6704/6704 6703/6703/6703 6702/6702/6702
v -307 -481 201
vn 0 0 1
vt 0.982876718 0.0551470518
v -271 -481 201
vn 0 0 1
vt 0.987279832 0.0551470518
v -271 -480 201
vn 0 0 1
vt 0.987279832 0.0556066036
v -351 -480 201
vn 0 0 1
vt 0.977495134 0.0556066036
v -315 -481 201
vn 0 0 1
vt 0.981898248 0.0551470518
f 6709/6709/6709 6708/6708/6708 6707/6707/6707 6706/6706/6706 6705/6705/6705
v -271 -495.115387 128
vn 1 0 0
vt 0.609819591 0.212775707
v -271 -481 128
vn 1 0 0
vt 0.61154598 0.212775707
v -271 -481 165
vn 1 0 0
vt 0.61154598 0.229779422
v -271 -497 165
vn 1 0 0
vt 0.60958904 0.229779422
v -271 -497 128
vn 1 0 0
vt 0.60958904 0.212775707
f 6714/6714/6714 6713/6713/6713 6712/6712/6712 6711/6711/6711 6710/6710/6710
v -244 -496 356
vn 0 0 1
vt 0.705968678 0.525735259
v -260 -496 356
vn 0 0 1
vt 0.707925618 0.525735259
v -260 -605 356
vn 0 0 1
vt 0.707925618 0.475643396
v -244 -605 356
vn 0 0 1
vt 0.705968678 0.475643396
v -232 -605 356
vn 0 0 1
vt 0.704500973 0.475643396
v -232 -496 356
vn 0 0 1
vt 0.704500973 0.525735259
f 6720/6720/6720 6719/6719/6719 6718/6718/6718 6717/6717/6717 6716/6716/6716 6715/6715/6715
v -232 -720 356
vn 0 0 1
vt 0.651663423 0.8125
v -232 -605 356
vn 0 0 1
vt 0.651663423 0.865349293
v -244 -605 356
vn 0 0 1
vt 0.653131127 0.865349293
v -244 -776.353271 356
vn 0 0 1
vt 0.653131127 0.786602378
v -232 -764.353271 356
vn 0 0 1
vt 0.651663423 0.792117059
f 6725/6725/6725 6724/6724/6724 6723/6723/6723 6722/6722/6722 6721/6721/6721
v -260 -605 356
vn 0 0 1
vt 0.85861057 0.946231604
v -260 -496 356
vn 0 0 1
vt 0.85861057 0.996323526
v -271 -497 356
vn 0 0 1
vt 0.859955966 0.995863974
v -271 -720 356
vn 0 0 1
vt 0.859955966 0.89338237
v -260 -720 356
vn 0 0 1
vt 0.85861057 0.89338237
f 6730/6730/6730 6729/6729/6729 6728/6728/6728 6727/6727/6727 6726/6726/6726
v -271 -721 356
vn 0 0 1
vt 0.476394325 0.407628655
v -271 -803.353271 356
vn 0 0 1
vt 0.476394325 0.369782507
v -260 -792.353271 356
vn 0 0 1
vt 0.475048929 0.374837637
v -260 -720 356
vn 0 0 1
vt 0.475048929 0.408088207
v -271 -720 356
vn 0 0 1
vt 0.476394325 0.408088207
f 6735/6735/6735 6734/6734/6734 6733/6733/6733 6732/6732/6732 6731/6731/6731
v -260 -720 356
vn 1 0 0
vt 0.185420737 0.990808845
v -260 -792.353271 356
vn 1 0 0
vt 0.17657128 0.990808845
v -260 -792.353271 128
vn 1 0 0
vt 0.17657128 0.886029422
f 6738/6738/6738 6737/6737/6737 6736/6736/6736
v -260 -605 132
vn 1 0 0
vt 0.213184938 0.88786763
v -260 -605 356
vn 1 0 0
vt 0.213184938 0.990808845
v -260 -720 356
vn 1 0 0
vt 0.199119374 0.990808845
v -260 -792.353271 128
vn 1 0 0
vt 0.190269902 0.886029422
v -260 -720 128
vn 1 0 0
vt 0.199119374 0.886029422
v -260 -605 128
vn 1 0 0
vt 0.213184938 0.886029422
f 6744/6744/6744 6743/6743/6743 6742/6742/6742 6741/6741/6741 6740/6740/6740 6739/6739/6739
v -260 -720 0
vn 1 0 0
vt 0.721624255 0.474264681
v -260 -605 0
vn 1 0 0
vt 0.735689819 0.474264681
v -260 -605 112
vn 1 0 0
vt 0.735689819 0.525735259
v -260 -720 112
vn 1 0 0
vt 0.721624255 0.525735259
v -260 -792.353271 112
vn 1 0 0
vt 0.712774754 0.525735259
v -260 -792.353271 0
vn 1 0 0
vt 0.712774754 0.474264681
f 6750/6750/6750 6749/6749/6749 6748/6748/6748 6747/6747/6747 6746/6746/6746 6745/6745/6745
v -260 -605 128
vn 0 0 1
vt 0.740215242 0.475643396
v -260 -496 128
vn 0 0 1
vt 0.740215242 0.525735259
v -259.197479 -583.473938 128
vn 0 0 1
vt 0.74031347 0.48553592
v -259.245544 -605 128
vn 0 0 1
vt 0.74030751 0.475643396
f 6754/6754/6754 6753/6753/6753 6752/6752/6752 6751/6751/6751
v -259 -605 132
vn 0 1 0
vt 0.21734345 0.88786763
v -244 -605 132
vn 0 1 0
vt 0.219178081 0.88786763
v -244 -605 356
vn 0 1 0
vt 0.219178081 0.990808845
v -260 -605 356
vn 0 1 0
vt 0.217221141 0.990808845
v -260 -605 132
vn 0 1 0
vt 0.217221141 0.88786763
f 6759/6759/6759 6758/6758/6758 6757/6757/6757 6756/6756/6756 6755/6755/6755
v -259.245544 -605 128
vn 0 1 0
vt 0.99030751 0.0551470518
v -259 -605 128
vn 0 1 0
vt 0.990337551 0.0551470518
v -259 -605 132
vn 0 1 0
vt 0.990337551 0.0569853187
v -260 -605 132
vn 0 1 0
vt 0.990215242 0.0569853187
v -260 -605 128
vn 0 1 0
vt 0.990215242 0.0551470518
f 6764/6764/6764 6763/6763/6763 6762/6762/6762 6761/6761/6761 6760/6760/6760
v -244 -605 128
vn 1 0 0
vt 0.00122309197 0.0404411554
v -244 -605 132
vn 1 0 0
vt 0.00122309197 0.0422794223
v -244 -496 132
vn 1 0 0
vt 0.0145547949 0.0422794223
v -244 -496 128
vn 1 0 0
vt 0.0145547949 0.0404411554
f 6768/6768/6768 6767/6767/6767 6766/6766/6766 6765/6765/6765
v -244 -496 132
vn 0 1 0
vt 0.22260274 0.994485319
v -244 -496 356
vn 0 1 0
vt 0.22260274 0.891544104
v -232 -496 356
vn 0 1 0
vt 0.224070445 0.891544104
v -232 -496 128
vn 0 1 0
vt 0.224070445 0.996323526
v -244 -496 128
vn 0 1 0
vt 0.22260274 0.996323526
f 6773/6773/6773 6772/6772/6772 6771/6771/6771 6770/6770/6770 6769/6769/6769
v -244 -496 132
vn 0 1 0
vt 0.228473574 0.994485319
v -260 -496 132
vn 0 1 0
vt 0.226516634 0.994485319
v -260 -496 356
vn 0 1 0
vt 0.226516634 0.891544104
v -244 -496 356
vn 0 1 0
vt 0.228473574 0.891544104
f 6777/6777/6777 6776/6776/6776 6775/6775/6775 6774/6774/6774
v -244 -496 132
vn 0 0 1
vt 0.745107651 0.525275707
v -244 -605 132
vn 0 0 1
vt 0.745107651 0.475183845
v -259 -605 132
vn 0 0 1
vt 0.74327302 0.475183845
v -260 -496 132
vn 0 0 1
vt 0.743150711 0.525275707
f 6781/6781/6781 6780/6780/6780 6779/6779/6779 6778/6778/6778
v -259.197479 -583.473938 128
vn 0.999957919 0.00917392597 -0
vt 0.0274552274 0.0404411554
v -260 -496 128
vn 0.999957919 0.00917392597 -0
vt 0.0167563595 0.0404411554
v -260 -496 132
vn 0.999957919 0.00917392597 -0
vt 0.0167563595 0.0422794223
v -259 -605 132
vn 0.999957919 0.00917392597 -0
vt 0.0300880633 0.0422794223
v -259 -605 128
vn 0.999957919 0.00917392597 -0
vt 0.0300880633 0.0404411554
f 6786/6786/6786 6785/6785/6785 6784/6784/6784 6783/6783/6783 6782/6782/6782
v -244 -605 132
vn 1 0 0
vt 0.232999027 0.88786763
v -244 -605 128
vn 1 0 0
vt 0.232999027 0.886029422
v -244 -776.353271 128
vn 1 0 0
vt 0.253957093 0.886029422
v -244 -776.353271 356
vn 1 0 0
vt 0.253957093 0.990808845
v -244 -605 356
vn 1 0 0
vt 0.232999027 0.990808845
f 6791/6791/6791 6790/6790/6790 6789/6789/6789 6788/6788/6788 6787/6787/6787
v -244 -720 0
vn 1 0 0
vt 0.434931517 0.533088207
v -244 -776.353271 0
vn 1 0 0
vt 0.441824019 0.533088207
v -244 -776.353271 128
vn 1 0 0
vt 0.441824019 0.591911793
v -244 -605 128
vn 1 0 0
vt 0.420865953 0.591911793
v -244 -605 112
vn 1 0 0
vt 0.420865953 0.584558845
v -244 -605 0
vn 1 0 0
vt 0.420865953 0.533088207
f 6797/6797/6797 6796/6796/6796 6795/6795/6795 6794/6794/6794 6793/6793/6793 6792/6792/6792
v -244 -496 128
vn 1 0 0
vt 0.0458659492 0.0477941036
v -244 -496 112
vn 1 0 0
vt 0.0458659492 0.0404411554
v -244 -605 112
vn 1 0 0
vt 0.0325342454 0.0404411554
v -244 -605 128
vn 1 0 0
vt 0.0325342454 0.0477941036
f 6801/6801/6801 6800/6800/6800 6799/6799/6799 6798/6798/6798
v -232 -496 44
vn 0 1 0
vt 0.102739729 0.259191155
v -232 -496 0
vn 0 1 0
vt 0.102739729 0.238970578
v -244 -496 0
vn 0 1 0
vt 0.104207434 0.238970578
v -232 -496 52
vn 0 1 0
vt 0.102739729 0.26286763
f 6805/6805/6805 6804/6804/6804 6803/6803/6803 6802/6802/6802
v -244 -496 112
vn 0 1 0
vt 0.446673185 0.584558845
v -244 -496 128
vn 0 1 0
vt 0.446673185 0.591911793
v -232 -496 128
vn 0 1 0
vt 0.44520548 0.591911793
v -232 -496 80
vn 0 1 0
vt 0.44520548 0.569852948
v -232 -496 52
vn 0 1 0
vt 0.44520548 0.556985259
v -244 -496 0
vn 0 1 0
vt 0.446673185 0.533088207
f 6811/6811/6811 6810/6810/6810 6809/6809/6809 6808/6808/6808 6807/6807/6807 6806/6806/6806
v -259.245544 -605 128
vn 0 1 0
vt 0.0490159541 0.0477941036
v -259.245544 -605 112
vn 0 1 0
vt 0.0490159541 0.0404411554
v -259 -605 112
vn 0 1 0
vt 0.0490459874 0.0404411554
v -259 -605 128
vn 0 1 0
vt 0.0490459874 0.0477941036
f 6815/6815/6815 6814/6814/6814 6813/6813/6813 6812/6812/6812
v -244 -605 0
vn 0 1 0
vt 0.751467705 0.474264681
v -244 -605 112
vn 0 1 0
vt 0.751467705 0.525735259
v -259 -605 112
vn 0 1 0
vt 0.749633074 0.525735259
f 6818/6818/6818 6817/6817/6817 6816/6816/6816
v -260 -605 0
vn 0 1 0
vt 0.755381584 0.474264681
v -244 -605 0
vn 0 1 0
vt 0.757338524 0.474264681
v -259 -605 112
vn 0 1 0
vt 0.755503893 0.525735259
v -259.245544 -605 112
vn 0 1 0
vt 0.755473852 0.525735259
v -260 -605 112
vn 0 1 0
vt 0.755381584 0.525735259
f 6823/6823/6823 6822/6822/6822 6821/6821/6821 6820/6820/6820 6819/6819/6819
v -259.197479 -583.473938 112
vn 0 0 1
vt 0.760664999 0.48553592
v -260 -496 112
vn 0 0 1
vt 0.760763228 0.525735259
v -260 -605 112
vn 0 0 1
vt 0.760763228 0.475643396
v -259.245544 -605 112
vn 0 0 1
vt 0.76067096 0.475643396
f 6827/6827/6827 6826/6826/6826 6825/6825/6825 6824/6824/6824
v -259.197479 -583.473938 112
vn 0 0 1
vt 0.767514348 0.485076368
v -259 -605 112
vn 0 0 1
vt 0.767490208 0.475183845
v -244 -605 112
vn 0 0 1
vt 0.765655577 0.475183845
v -244 -496 112
vn 0 0 1
vt 0.765655577 0.525275707
v -260 -496 112
vn 0 0 1
vt 0.767612517 0.525275707
f 6832/6832/6832 6831/6831/6831 6830/6830/6830 6829/6829/6829 6828/6828/6828
v -259.245544 -605 112
vn 0.999997497 -0.00223213737 0
vt 0.0522260256 0.0404411554
v -259.245544 -605 128
vn 0.999997497 -0.00223213737 0
vt 0.0522260256 0.0477941036
v -259.197479 -583.473938 128
vn 0.999997497 -0.00223213737 0
vt 0.0548588634 0.0477941036
v -259.197479 -583.473938 112
vn 0.999997497 -0.00223213737 0
vt 0.0548588634 0.0404411554
f 6836/6836/6836 6835/6835/6835 6834/6834/6834 6833/6833/6833
v -259 -605 112
vn 0.999957919 0.00917392597 -0
vt 0.0613992177 0.0404411554
v -259.197479 -583.473938 112
vn 0.999957919 0.00917392597 -0
vt 0.0587663837 0.0404411554
v -259.197479 -583.473938 128
vn 0.999957919 0.00917392597 -0
vt 0.0587663837 0.0477941036
v -259 -605 128
vn 0.999957919 0.00917392597 -0
vt 0.0613992177 0.0477941036
f 6840/6840/6840 6839/6839/6839 6838/6838/6838 6837/6837/6837
v -260 -496 112
vn 0 1 0
vt 0.773483396 0.525735259
v -244 -496 112
vn 0 1 0
vt 0.771526396 0.525735259
v -244 -496 0
vn 0 1 0
vt 0.771526396 0.474264681
v -260 -496 0
vn 0 1 0
vt 0.773483396 0.474264681
f 6844/6844/6844 6843/6843/6843 6842/6842/6842 6841/6841/6841
v -260 -605 128
vn 0 0 1
vt 0.86350292 0.946231604
v -260 -720 128
vn 0 0 1
vt 0.86350292 0.89338237
v -271 -720 128
vn 0 0 1
vt 0.862157524 0.89338237
v -271 -497 128
vn 0 0 1
vt 0.862157524 0.995863974
v -260 -496 128
vn 0 0 1
vt 0.86350292 0.996323526
f 6849/6849/6849 6848/6848/6848 6847/6847/6847 6846/6846/6846 6845/6845/6845
v -271 -721 128
vn 0 0 1
vt 0.478595883 0.407628655
v -271 -720 128
vn 0 0 1
vt 0.478595883 0.408088207
v -260 -720 128
vn 0 0 1
vt 0.479941279 0.408088207
v -260 -792.353271 128
vn 0 0 1
vt 0.479941279 0.374837637
v -271 -803.353271 128
vn 0 0 1
vt 0.478595883 0.369782507
f 6854/6854/6854 6853/6853/6853 6852/6852/6852 6851/6851/6851 6850/6850/6850
v -271 -497 356
vn -0.090535745 0.99589318 -0
vt 0.88943249 0.758731604
v -260 -496 356
vn -0.090535745 0.99589318 -0
vt 0.888087094 0.758731604
v -271 -497 201
vn -0.090535745 0.99589318 -0
vt 0.88943249 0.6875
f 6857/6857/6857 6856/6856/6856 6855/6855/6855
v -260 -496 132
vn -0.090535745 0.99589318 -0
vt 0.257950097 0.891084552
v -260 -496 128
vn -0.090535745 0.99589318 -0
vt 0.257950097 0.889246345
v -271 -497 128
vn -0.090535745 0.99589318 -0
vt 0.259295493 0.889246345
v -271 -497 165
vn -0.090535745 0.99589318 -0
vt 0.259295493 0.90625
v -271 -497 201
vn -0.090535745 0.99589318 -0
vt 0.259295493 0.922794104
v -260 -496 356
vn -0.090535745 0.99589318 -0
vt 0.257950097 0.994025707
f 6863/6863/6863 6862/6862/6862 6861/6861/6861 6860/6860/6860 6859/6859/6859 6858/6858/6858
v -260 -496 112
vn 0 0 1
vt 0.064090021 0.0477941036
v -271 -496 112
vn 0 0 1
vt 0.0654354244 0.0477941036
v -271 -497 112
vn 0 0 1
vt 0.0654354244 0.0473345518
f 6866/6866/6866 6865/6865/6865 6864/6864/6864
v -260 -605 112
vn 0 0 1
vt 0.866438329 0.946231604
v -260 -496 112
vn 0 0 1
vt 0.866438329 0.996323526
v -271 -497 112
vn 0 0 1
vt 0.867783785 0.995863974
v -271 -720 112
vn 0 0 1
vt 0.867783785 0.89338237
v -260 -720 112
vn 0 0 1
vt 0.866438329 0.89338237
f 6871/6871/6871 6870/6870/6870 6869/6869/6869 6868/6868/6868 6867/6867/6867
v -271 -721 112
vn 0 0 1
vt 0.484222114 0.407628655
v -271 -803.353271 112
vn 0 0 1
vt 0.484222114 0.369782507
v -260 -792.353271 112
vn 0 0 1
vt 0.482876718 0.374837637
v -260 -720 112
vn 0 0 1
vt 0.482876718 0.408088207
v -271 -720 112
vn 0 0 1
vt 0.484222114 0.408088207
f 6876/6876/6876 6875/6875/6875 6874/6874/6874 6873/6873/6873 6872/6872/6872
v -271 -496 112
vn 0 1 0
vt 0.778742671 0.525735259
v -260 -496 112
vn 0 1 0
vt 0.777397275 0.525735259
v -260 -496 0
vn 0 1 0
vt 0.777397275 0.474264681
v -271 -496 0
vn 0 1 0
vt 0.778742671 0.474264681
f 6880/6880/6880 6879/6879/6879 6878/6878/6878 6877/6877/6877
v -351 -497 201
vn 0 1 0
vt 0.349315077 0.150735319
v -327 -497 197
vn 0 1 0
vt 0.352250487 0.148897052
v -335 -497 189
vn 0 1 0
vt 0.351272017 0.145220578
v -343 -497 181
vn 0 1 0
vt 0.350293547 0.141544104
v -351 -497 173
vn 0 1 0
vt 0.349315077 0.13786763
f 6885/6885/6885 6884/6884/6884 6883/6883/6883 6882/6882/6882 6881/6881/6881
v -351 -497 165
vn 0 1 0
vt 0.355185896 0.141544104
v -351 -497 173
vn 0 1 0
vt 0.355185896 0.145220578
v -343 -497 181
vn 0 1 0
vt 0.356164396 0.148897052
f 6888/6888/6888 6887/6887/6887 6886/6886/6886
v -315 -497 201
vn 0 1 0
vt 0.0689823851 0.0477941036
v -327 -497 197
vn 0 1 0
vt 0.0704500973 0.0459558964
v -351 -497 201
vn 0 1 0
vt 0.0733855218 0.0477941036
f 6891/6891/6891 6890/6890/6890 6889/6889/6889
v -279 -497 181
vn 0 1 0
vt 0.61448139 0.222426474
v -271 -497 201
vn 0 1 0
vt 0.61350292 0.23161763
v -271 -497 165
vn 0 1 0
vt 0.61350292 0.215073526
f 6894/6894/6894 6893/6893/6893 6892/6892/6892
v -271 -497 201
vn 0 1 0
vt 0.359099805 0.150735319
v -279 -497 181
vn 0 1 0
vt 0.360078275 0.141544104
v -287 -497 189
vn 0 1 0
vt 0.361056745 0.145220578
v -295 -497 197
vn 0 1 0
vt 0.362035215 0.148897052
f 6898/6898/6898 6897/6897/6897 6896/6896/6896 6895/6895/6895
v -271 -497 201
vn 0 1 0
vt 0.0753424689 0.0477941036
v -295 -497 197
vn 0 1 0
vt 0.0782778859 0.0459558964
v -307 -497 201
vn 0 1 0
vt 0.0797455981 0.0477941036
f 6901/6901/6901 6900/6900/6900 6899/6899/6899
v -271 -497 356
vn 0 1 0
vt 0.897260249 0.689797759
v -271 -497 201
vn 0 1 0
vt 0.897260249 0.761029422
v -307 -497 201
vn 0 1 0
vt 0.892857134 0.761029422
f 6904/6904/6904 6903/6903/6903 6902/6902/6902
v -315 -497 201
vn 0 1 0
vt 0.903620362 0.761029422
v -351 -497 201
vn 0 1 0
vt 0.899217248 0.761029422
v -351 -497 356
vn 0 1 0
vt 0.899217248 0.689797759
v -271 -497 356
vn 0 1 0
vt 0.909001946 0.689797759
v -307 -497 201
vn 0 1 0
vt 0.904598832 0.761029422
f 6909/6909/6909 6908/6908/6908 6907/6907/6907 6906/6906/6906 6905/6905/6905
v -351 -496 128
vn 0 0 1
vt 0.365092963 0.14338237
v -351 -495.884613 128
vn 0 0 1
vt 0.365092963 0.143435359
v -271 -495.115387 128
vn 0 0 1
vt 0.374877691 0.143788874
v -271 -497 128
vn 0 0 1
vt 0.374877691 0.142922819
v -351 -497 128
vn 0 0 1
vt 0.365092963 0.142922819
f 6914/6914/6914 6913/6913/6913 6912/6912/6912 6911/6911/6911 6910/6910/6910
v -351 -481 128
vn 0 0 1
vt 0.0842710361 0.0473345518
v -271 -481 128
vn 0 0 1
vt 0.0940557718 0.0473345518
v -271 -495.115387 128
vn 0 0 1
vt 0.0940557718 0.0408476591
v -351 -495.884613 128
vn 0 0 1
vt 0.0842710361 0.0404942632
f 6918/6918/6918 6917/6917/6917 6916/6916/6916 6915/6915/6915
v -351 -496 128
vn 0 0 1
vt 0.0989481434 0.0477941036
v -351 -497 128
vn 0 0 1
vt 0.0989481434 0.0473345518
v -363 -497 128
vn 0 0 1
vt 0.0974804312 0.0473345518
v -364 -497 128
vn 0 0 1
vt 0.0973581225 0.0473345518
v -363 -497 128
vn 0 0 1
vt 0.0974804312 0.0473345518
f 6923/6923/6923 6922/6922/6922 6921/6921/6921 6920/6920/6920 6919/6919/6919
v -351 -495.884613 128
vn 1 0 0
vt 0.619237363 0.212775707
v -351 -496 128
vn 1 0 0
vt 0.61925149 0.212775707
v -351 -496 165
vn 1 0 0
vt 0.61925149 0.229779422
v -351 -481 165
vn 1 0 0
vt 0.617416859 0.229779422
v -351 -481 128
vn 1 0 0
vt 0.617416859 0.212775707
f 6928/6928/6928 6927/6927/6927 6926/6926/6926 6925/6925/6925 6924/6924/6924
v -351 -497 173
vn 1 0 0
vt 0.623287678 0.21875
v -351 -497 165
vn 1 0 0
vt 0.623287678 0.215073526
v -351 -496 165
vn 1 0 0
vt 0.623165369 0.215073526
v -351 -496 201
vn 1 0 0
vt 0.623165369 0.23161763
v -351 -497 201
vn 1 0 0
vt 0.623287678 0.23161763
f 6933/6933/6933 6932/6932/6932 6931/6931/6931 6930/6930/6930 6929/6929/6929
v -351 -497 356
vn 1 0 0
vt 0.103351273 0.0404411554
v -351 -497 201
vn 1 0 0
vt 0.1223092 0.0404411554
v -351 -496 201
vn 1 0 0
vt 0.1223092 0.0409007072
v -351 -496 356
vn 1 0 0
vt 0.103351273 0.0409007072
f 6937/6937/6937 6936/6936/6936 6935/6935/6935 6934/6934/6934
v -315 -481 201
vn 0 0 1
vt 0.124755383 0.0477941036
v -315 -497 201
vn 0 0 1
vt 0.124755383 0.0404411554
v -307 -497 201
vn 0 0 1
vt 0.125733852 0.0404411554
v -307 -481 201
vn 0 0 1
vt 0.125733852 0.0477941036
f 6941/6941/6941 6940/6940/6940 6939/6939/6939 6938/6938/6938
v -335 -497 189
vn 0.707106769 0 -0.707106769
vt 0.129647747 0.0404411554
v -335 -481 189
vn 0.707106769 0 -0.707106769
vt 0.129647747 0.0477941036
v -343 -481 181
vn 0.707106769 0 -0.707106769
vt 0.130626217 0.0477941036
v -343 -497 181
vn 0.707106769 0 -0.707106769
vt 0.130626217 0.0404411554
f 6945/6945/6945 6944/6944/6944 6943/6943/6943 6942/6942/6942
v -327 -497 197
vn 0.707106769 0 -0.707106769
vt 0.135029361 0.0404411554
v -327 -481 197
vn 0.707106769 0 -0.707106769
vt 0.135029361 0.0477941036
v -335 -481 189
vn 0.707106769 0 -0.707106769
vt 0.134050876 0.0477941036
v -335 -497 189
vn 0.707106769 0 -0.707106769
vt 0.134050876 0.0404411554
f 6949/6949/6949 6948/6948/6948 6947/6947/6947 6946/6946/6946
v -287 -481 189
vn 0.707106769 0 0.707106769
vt 0.13943249 0.0477941036
v -287 -497 189
vn 0.707106769 0 0.707106769
vt 0.13943249 0.0404411554
v -279 -497 181
vn 0.707106769 0 0.707106769
vt 0.14041096 0.0404411554
v -279 -481 181
vn 0.707106769 0 0.707106769
vt 0.14041096 0.0477941036
f 6953/6953/6953 6952/6952/6952 6951/6951/6951 6950/6950/6950
v -295 -481 197
vn 0.707106769 0 0.707106769
vt 0.144814089 0.0477941036
v -295 -497 197
vn 0.707106769 0 0.707106769
vt 0.144814089 0.0404411554
v -287 -497 189
vn 0.707106769 0 0.707106769
vt 0.143835619 0.0404411554
v -287 -481 189
vn 0.707106769 0 0.707106769
vt 0.143835619 0.0477941036
f 6957/6957/6957 6956/6956/6956 6955/6955/6955 6954/6954/6954
v -351 -496 165
vn 0.89442718 0 -0.44721359
vt 0.150195688 0.0409007072
v -351 -497 165
vn 0.89442718 0 -0.44721359
vt 0.150195688 0.0404411554
v -343 -497 181
vn 0.89442718 0 -0.44721359
vt 0.148238748 0.0404411554
v -343 -481 181
vn 0.89442718 0 -0.44721359
vt 0.148238748 0.0477941036
v -351 -481 165
vn 0.89442718 0 -0.44721359
vt 0.150195688 0.0477941036
f 6962/6962/6962 6961/6961/6961 6960/6960/6960 6959/6959/6959 6958/6958/6958
v -315 -481 201
vn -0.316227764 -0 0.948683321
vt 0.378669262 0.145220578
v -327 -481 197
vn -0.316227764 -0 0.948683321
vt 0.378669262 0.139705896
v -327 -497 197
vn -0.316227764 -0 0.948683321
vt 0.380626231 0.139705896
v -315 -497 201
vn -0.316227764 -0 0.948683321
vt 0.380626231 0.145220578
f 6966/6966/6966 6965/6965/6965 6964/6964/6964 6963/6963/6963
v -295 -481 197
vn 0.316227764 0 0.948683321
vt 0.384540111 0.139705896
v -307 -481 201
vn 0.316227764 0 0.948683321
vt 0.384540111 0.145220578
v -307 -497 201
vn 0.316227764 0 0.948683321
vt 0.382583171 0.145220578
v -295 -497 197
vn 0.316227764 0 0.948683321
vt 0.382583171 0.139705896
f 6970/6970/6970 6969/6969/6969 6968/6968/6968 6967/6967/6967
v -279 -497 181
vn 0.89442718 0 0.44721359
vt 0.154109582 0.0404411554
v -271 -497 165
vn 0.89442718 0 0.44721359
vt 0.156066537 0.0404411554
v -271 -481 165
vn 0.89442718 0 0.44721359
vt 0.156066537 0.0477941036
v -279 -481 181
vn 0.89442718 0 0.44721359
vt 0.154109582 0.0477941036
f 6974/6974/6974 6973/6973/6973 6972/6972/6972 6971/6971/6971
v -364 -497 356
vn 0 0 1
vt 0.162915856 0.0473345518
v -351 -497 356
vn 0 0 1
vt 0.161325827 0.0473345518
v -351 -496 356
vn 0 0 1
vt 0.161325827 0.0477941036
f 6977/6977/6977 6976/6976/6976 6975/6975/6975
v -364 -497 356
vn -0.0766965002 0.997054458 -0
vt 0.912915826 0.758731604
v -351 -496 356
vn -0.0766965002 0.997054458 -0
vt 0.911325812 0.758731604
v -351 -496 201
vn -0.0766965002 0.997054458 -0
vt 0.911325812 0.6875
f 6980/6980/6980 6979/6979/6979 6978/6978/6978
v -364 -497 128
vn -0.0766965002 0.997054458 -0
vt 0.263209403 0.889246345
v -364 -497 356
vn -0.0766965002 0.997054458 -0
vt 0.263209403 0.994025707
v -351 -496 201
vn -0.0766965002 0.997054458 -0
vt 0.261619359 0.922794104
v -351 -496 165
vn -0.0766965002 0.997054458 -0
vt 0.261619359 0.90625
v -351 -496 128
vn -0.0766965002 0.997054458 -0
vt 0.261619359 0.889246345
v -363 -497 128
vn -0.0766965002 0.997054458 -0
vt 0.263087094 0.889246345
f 6986/6986/6986 6985/6985/6985 6984/6984/6984 6983/6983/6983 6982/6982/6982 6981/6981/6981
v -364 -496 112
vn 0 0 1
vt 0.16682975 0.0418198705
v -364 -497 112
vn 0 0 1
vt 0.16682975 0.0413603187
v -363 -497 112
vn 0 0 1
vt 0.166707441 0.0413603187
v -363 -496 112
vn 0 0 1
vt 0.166707441 0.0418198705
f 6990/6990/6990 6989/6989/6989 6988/6988/6988 6987/6987/6987
v -363 -497 112
vn 0 0 1
vt 0.182363018 0.0473345518
v -271 -497 112
vn 0 0 1
vt 0.17111057 0.0473345518
v -271 -496 112
vn 0 0 1
vt 0.17111057 0.0477941036
v -363 -496 112
vn 0 0 1
vt 0.182363018 0.0477941036
f 6994/6994/6994 6993/6993/6993 6992/6992/6992 6991/6991/6991
v -363 -496 112
vn 0 1 0
vt 0.793909013 0.525735259
v -271 -496 112
vn 0 1 0
vt 0.78265655 0.525735259
v -271 -496 0
vn 0 1 0
vt 0.78265655 0.474264681
v -364 -496 0
vn 0 1 0
vt 0.794031322 0.474264681
v -364 -496 112
vn 0 1 0
vt 0.794031322 0.525735259
f 6999/6999/6999 6998/6998/6998 6997/6997/6997 6996/6996/6996 6995/6995/6995
v -364 -601 128
vn 0 0 1
vt 0.449608624 0.537683845
v -364 -497 128
vn 0 0 1
vt 0.449608624 0.585477948
v -363 -497 128
vn 0 0 1
vt 0.449730933 0.585477948
v -363 -603 128
vn 0 0 1
vt 0.449730933 0.536764741
v -364 -603 128
vn 0 0 1
vt 0.449608624 0.536764741
f 7004/7004/7004 7003/7003/7003 7002/7002/7002 7001/7001/7001 7000/7000/7000
v -271 -720 128
vn 0 0 1
vt 0.196795493 0.0477941036
v -271 -721 128
vn 0 0 1
vt 0.196795493 0.0473345518
v -363 -721 128
vn 0 0 1
vt 0.185543045 0.0473345518
f 7007/7007/7007 7006/7006/7006 7005/7005/7005
v -363 -603 128
vn 0 0 1
vt 0.265777886 0.947150707
v -363 -497 128
vn 0 0 1
vt 0.265777886 0.995863974
v -351 -497 128
vn 0 0 1
vt 0.267245591 0.995863974
v -271 -497 128
vn 0 0 1
vt 0.277030319 0.995863974
v -271 -720 128
vn 0 0 1
vt 0.277030319 0.89338237
v -363 -721 128
vn 0 0 1
vt 0.265777886 0.892922819
f 7013/7013/7013 7012/7012/7012 7011/7011/7011 7010/7010/7010 7009/7009/7009 7008/7008/7008
v -271 -721 128
vn 0 0 1
vt 0.498165369 0.407628655
v -271 -803.353271 128
vn 0 0 1
vt 0.498165369 0.369782507
v -363 -721 128
vn 0 0 1
vt 0.486912906 0.407628655
f 7016/7016/7016 7015/7015/7015 7014/7014/7014
v -363 -827 128
vn 0 0 1
vt 0.252079248 0.711856604
v -363 -721 128
vn 0 0 1
vt 0.252079248 0.76056987
v -271 -803.353271 128
vn 0 0 1
vt 0.263331711 0.722723722
v -287.646759 -820 128
vn 0 0 1
vt 0.261295646 0.715073526
v -363 -895.353271 128
vn 0 0 1
vt 0.252079248 0.680444241
f 7021/7021/7021 7020/7020/7020 7019/7019/7019 7018/7018/7018 7017/7017/7017
v -271 -721 356
vn 0 0 1
vt 0.202421725 0.0473345518
v -271 -720 356
vn 0 0 1
vt 0.202421725 0.0477941036
v -364 -721 356
vn 0 0 1
vt 0.213796481 0.0473345518
f 7024/7024/7024 7023/7023/7023 7022/7022/7022
v -364 -601 356
vn 0 0 1
vt 0.294031322 0.94806987
v -364 -721 356
vn 0 0 1
vt 0.294031322 0.892922819
v -271 -720 356
vn 0 0 1
vt 0.28265655 0.89338237
v -271 -497 356
vn 0 0 1
vt 0.28265655 0.995863974
v -351 -497 356
vn 0 0 1
vt 0.292441279 0.995863974
v -364 -497 356
vn 0 0 1
vt 0.294031322 0.995863974
f 7030/7030/7030 7029/7029/7029 7028/7028/7028 7027/7027/7027 7026/7026/7026 7025/7025/7025
v -271 -803.353271 356
vn 0 0 1
vt 0.503791571 0.369782507
v -271 -721 356
vn 0 0 1
vt 0.503791571 0.407628655
v -364 -721 356
vn 0 0 1
vt 0.515166342 0.407628655
f 7033/7033/7033 7032/7032/7032 7031/7031/7031
v -364 -816 356
vn 0 0 1
vt 0.669765174 0.827205896
v -364 -896.353271 356
vn 0 0 1
vt 0.669765174 0.790278792
v -287.646759 -820 356
vn 0 0 1
vt 0.660426497 0.82536763
v -271 -803.353271 356
vn 0 0 1
vt 0.658390403 0.833017826
v -364 -721 356
vn 0 0 1
vt 0.669765174 0.870863974
f 7038/7038/7038 7037/7037/7037 7036/7036/7036 7035/7035/7035 7034/7034/7034
v -363 -721 112
vn 1 0 0
vt 0.232020542 0.0404411554
v -363 -603 112
vn 1 0 0
vt 0.217588067 0.0404411554
v -363 -603 128
vn 1 0 0
vt 0.217588067 0.0477941036
v -363 -721 128
vn 1 0 0
vt 0.232020542 0.0477941036
v -363 -827 128
vn 1 0 0
vt 0.244985327 0.0477941036
v -363 -827 112
vn 1 0 0
vt 0.244985327 0.0404411554
f 7044/7044/7044 7043/7043/7043 7042/7042/7042 7041/7041/7041 7040/7040/7040 7039/7039/7039
v -363 -895.353271 128
vn 1 0 0
vt 0.257259458 0.0477941036
v -363 -895.353271 112
vn 1 0 0
vt 0.257259458 0.0404411554
v -363 -827 112
vn 1 0 0
vt 0.248899221 0.0404411554
v -363 -827 128
vn 1 0 0
vt 0.248899221 0.0477941036
f 7048/7048/7048 7047/7047/7047 7046/7046/7046 7045/7045/7045
v -271 -721 112
vn 0 0 1
vt 0.261130124 0.0473345518
v -271 -720 112
vn 0 0 1
vt 0.261130124 0.0477941036
v -363 -721 112
vn 0 0 1
vt 0.272382587 0.0473345518
f 7051/7051/7051 7050/7050/7050 7049/7049/7049
v -363 -603 112
vn 0 0 1
vt 0.30956459 0.947150707
v -363 -721 112
vn 0 0 1
vt 0.30956459 0.892922819
v -271 -720 112
vn 0 0 1
vt 0.298312128 0.89338237
v -271 -497 112
vn 0 0 1
vt 0.298312128 0.995863974
v -363 -497 112
vn 0 0 1
vt 0.30956459 0.995863974
f 7056/7056/7056 7055/7055/7055 7054/7054/7054 7053/7053/7053 7052/7052/7052
v -271 -803.353271 112
vn 0 0 1
vt 0.519447148 0.369782507
v -271 -721 112
vn 0 0 1
vt 0.519447148 0.407628655
v -363 -721 112
vn 0 0 1
vt 0.530699611 0.407628655
f 7059/7059/7059 7058/7058/7058 7057/7057/7057
v -363 -827 112
vn 0 0 1
vt 0.280210376 0.711856604
v -363 -895.353271 112
vn 0 0 1
vt 0.280210376 0.680444241
v -287.646759 -820 112
vn 0 0 1
vt 0.270993978 0.715073526
v -271 -803.353271 112
vn 0 0 1
vt 0.268957913 0.722723722
v -363 -721 112
vn 0 0 1
vt 0.280210376 0.76056987
f 7064/7064/7064 7063/7063/7063 7062/7062/7062 7061/7061/7061 7060/7060/7060
v -364 -603 128
vn 0 1 0
vt 0.275440305 0.0477941036
v -363 -603 128
vn 0 1 0
vt 0.275562614 0.0477941036
v -363 -603 112
vn 0 1 0
vt 0.275562614 0.0404411554
v -364 -603 112
vn 0 1 0
vt 0.275440305 0.0404411554
f 7068/7068/7068 7067/7067/7067 7066/7066/7066 7065/7065/7065
v -364 -497 112
vn 0 0 1
vt 0.454500973 0.585477948
v -364 -603 112
vn 0 0 1
vt 0.454500973 0.536764741
v -363 -603 112
vn 0 0 1
vt 0.454378664 0.536764741
v -363 -497 112
vn 0 0 1
vt 0.454378664 0.585477948
f 7072/7072/7072 7071/7071/7071 7070/7070/7070 7069/7069/7069
v -535 -603 12
vn 0 1 0
vt 0.38845402 0.142003655
v -535 -603 18
vn 0 1 0
vt 0.38845402 0.144761026
v -527 -603 18
vn 0 1 0
vt 0.38747555 0.144761026
v -527 -603 0
vn 0 1 0
vt 0.38747555 0.136488974
v -535 -603 0
vn 0 1 0
vt 0.38845402 0.136488974
f 7077/7077/7077 7076/7076/7076 7075/7075/7075 7074/7074/7074 7073/7073/7073
v -527 -603 18
vn 0 1 0
vt 0.392367899 0.144761026
v -527 -603 24
vn 0 1 0
vt 0.392367899 0.147518396
v -519 -603 24
vn 0 1 0
vt 0.39138943 0.147518396
v -519 -603 0
vn 0 1 0
vt 0.39138943 0.136488974
v -527 -603 0
vn 0 1 0
vt 0.392367899 0.136488974
f 7082/7082/7082 7081/7081/7081 7080/7080/7080 7079/7079/7079 7078/7078/7078
v -519 -603 24
vn 0 1 0
vt 0.396281809 0.147518396
v -519 -603 30
vn 0 1 0
vt 0.396281809 0.150275707
v -511 -603 30
vn 0 1 0
vt 0.395303339 0.150275707
v -511 -603 0
vn 0 1 0
vt 0.395303339 0.136488974
v -519 -603 0
vn 0 1 0
vt 0.396281809 0.136488974
f 7087/7087/7087 7086/7086/7086 7085/7085/7085 7084/7084/7084 7083/7083/7083
v -511 -603 30
vn 0 1 0
vt 0.626223087 0.22380513
v -511 -603 36
vn 0 1 0
vt 0.626223087 0.2265625
v -503 -603 36
vn 0 1 0
vt 0.625244617 0.2265625
v -503 -603 0
vn 0 1 0
vt 0.625244617 0.210018396
v -511 -603 0
vn 0 1 0
vt 0.626223087 0.210018396
f 7092/7092/7092 7091/7091/7091 7090/7090/7090 7089/7089/7089 7088/7088/7088
v -503 -603 36
vn 0 1 0
vt 0.631115437 0.2265625
v -503 -603 42
vn 0 1 0
vt 0.631115437 0.22931987
v -495 -603 42
vn 0 1 0
vt 0.630136967 0.22931987
v -495 -603 0
vn 0 1 0
vt 0.630136967 0.210018396
v -503 -603 0
vn 0 1 0
vt 0.631115437 0.210018396
f 7097/7097/7097 7096/7096/7096 7095/7095/7095 7094/7094/7094 7093/7093/7093
v -495 -603 42
vn 0 1 0
vt 0.10861057 0.258731604
v -495 -603 48
vn 0 1 0
vt 0.10861057 0.261488974
v -487 -603 48
vn 0 1 0
vt 0.107632093 0.261488974
v -487 -603 0
vn 0 1 0
vt 0.107632093 0.23943013
v -495 -603 0
vn 0 1 0
vt 0.10861057 0.23943013
f 7102/7102/7102 7101/7101/7101 7100/7100/7100 7099/7099/7099 7098/7098/7098
v -487 -603 48
vn 0 1 0
vt 0.112524465 0.261488974
v -487 -603 54
vn 0 1 0
vt 0.112524465 0.264246345
v -479 -603 54
vn 0 1 0
vt 0.111545987 0.264246345
v -479 -603 0
vn 0 1 0
vt 0.111545987 0.23943013
v -487 -603 0
vn 0 1 0
vt 0.112524465 0.23943013
f 7107/7107/7107 7106/7106/7106 7105/7105/7105 7104/7104/7104 7103/7103/7103
v -479 -603 54
vn 0 1 0
vt 0.116438359 0.264246345
v -479 -603 60
vn 0 1 0
vt 0.116438359 0.267003655
v -471 -603 60
vn 0 1 0
vt 0.115459882 0.267003655
v -471 -603 0
vn 0 1 0
vt 0.115459882 0.23943013
v -479 -603 0
vn 0 1 0
vt 0.116438359 0.23943013
f 7112/7112/7112 7111/7111/7111 7110/7110/7110 7109/7109/7109 7108/7108/7108
v -471 -603 60
vn 0 1 0
vt 0.667319 0.347886026
v -471 -603 66
vn 0 1 0
vt 0.667319 0.350643396
v -463 -603 66
vn 0 1 0
vt 0.66634053 0.350643396
v -463 -603 0
vn 0 1 0
vt 0.66634053 0.3203125
v -471 -603 0
vn 0 1 0
vt 0.667319 0.3203125
f 7117/7117/7117 7116/7116/7116 7115/7115/7115 7114/7114/7114 7113/7113/7113
v -463 -603 66
vn 0 1 0
vt 0.672211349 0.350643396
v -463 -603 72
vn 0 1 0
vt 0.672211349 0.353400707
v -455 -603 72
vn 0 1 0
vt 0.671232879 0.353400707
v -455 -603 0
vn 0 1 0
vt 0.671232879 0.3203125
v -463 -603 0
vn 0 1 0
vt 0.672211349 0.3203125
f 7122/7122/7122 7121/7121/7121 7120/7120/7120 7119/7119/7119 7118/7118/7118
v -455 -603 72
vn 0 1 0
vt 0.675146759 0.353400707
v -455 -603 78
vn 0 1 0
vt 0.675146759 0.356158078
v -447 -603 78
vn 0 1 0
vt 0.674168289 0.356158078
v -447 -603 0
vn 0 1 0
vt 0.674168289 0.3203125
v -455 -603 0
vn 0 1 0
vt 0.675146759 0.3203125
f 7127/7127/7127 7126/7126/7126 7125/7125/7125 7124/7124/7124 7123/7123/7123
v -447 -603 78
vn 0 1 0
vt 0.535225034 0.400275707
v -447 -603 84
vn 0 1 0
vt 0.535225034 0.403033078
v -439 -603 84
vn 0 1 0
vt 0.534246564 0.403033078
v -439 -603 0
vn 0 1 0
vt 0.534246564 0.36443013
v -447 -603 0
vn 0 1 0
vt 0.535225034 0.36443013
f 7132/7132/7132 7131/7131/7131 7130/7130/7130 7129/7129/7129 7128/7128/7128
v -439 -603 84
vn 0 1 0
vt 0.538160443 0.403033078
v -439 -603 90
vn 0 1 0
vt 0.538160443 0.405790448
v -431 -603 90
vn 0 1 0
vt 0.537181973 0.405790448
v -431 -603 0
vn 0 1 0
vt 0.537181973 0.36443013
v -439 -603 0
vn 0 1 0
vt 0.538160443 0.36443013
f 7137/7137/7137 7136/7136/7136 7135/7135/7135 7134/7134/7134 7133/7133/7133
v -431 -603 90
vn 0 1 0
vt 0.799412906 0.516084552
v -431 -603 97
vn 0 1 0
vt 0.799412906 0.519301474
v -423 -603 97
vn 0 1 0
vt 0.798434436 0.519301474
v -423 -603 0
vn 0 1 0
vt 0.798434436 0.474724293
v -431 -603 0
vn 0 1 0
vt 0.799412906 0.474724293
f 7142/7142/7142 7141/7141/7141 7140/7140/7140 7139/7139/7139 7138/7138/7138
v -423 -603 97
vn 0 1 0
vt 0.802348316 0.519301474
v -423 -603 103
vn 0 1 0
vt 0.802348316 0.522058845
v -415 -603 103
vn 0 1 0
vt 0.801369846 0.522058845
v -415 -603 0
vn 0 1 0
vt 0.801369846 0.474724293
v -423 -603 0
vn 0 1 0
vt 0.802348316 0.474724293
f 7147/7147/7147 7146/7146/7146 7145/7145/7145 7144/7144/7144 7143/7143/7143
v -415 -603 103
vn 0 1 0
vt 0.807240725 0.522058845
v -415 -603 109
vn 0 1 0
vt 0.807240725 0.524816155
v -407 -603 109
vn 0 1 0
vt 0.806262255 0.524816155
v -407 -603 0
vn 0 1 0
vt 0.806262255 0.474724293
v -415 -603 0
vn 0 1 0
vt 0.807240725 0.474724293
f 7152/7152/7152 7151/7151/7151 7150/7150/7150 7149/7149/7149 7148/7148/7148
v -407 -603 109
vn 0 1 0
vt 0.457925647 0.583639741
v -407 -603 115
vn 0 1 0
vt 0.457925647 0.586397052
v -399 -603 115
vn 0 1 0
vt 0.456947148 0.586397052
v -399 -603 0
vn 0 1 0
vt 0.456947148 0.533547759
v -407 -603 0
vn 0 1 0
vt 0.457925647 0.533547759
f 7157/7157/7157 7156/7156/7156 7155/7155/7155 7154/7154/7154 7153/7153/7153
v -391 -603 112
vn 0 1 0
vt 0.461839527 0.585018396
v -391 -603 0
vn 0 1 0
vt 0.461839527 0.533547759
v -399 -603 0
vn 0 1 0
vt 0.462817997 0.533547759
f 7160/7160/7160 7159/7159/7159 7158/7158/7158
v -399 -603 115
vn 0 1 0
vt 0.466731906 0.586397052
v -399 -603 121
vn 0 1 0
vt 0.466731906 0.589154422
v -391 -603 121
vn 0 1 0
vt 0.465753436 0.589154422
v -391 -603 112
vn 0 1 0
vt 0.465753436 0.585018396
v -399 -603 0
vn 0 1 0
vt 0.466731906 0.533547759
f 7165/7165/7165 7164/7164/7164 7163/7163/7163 7162/7162/7162 7161/7161/7161
v -380 -603 96
vn 0 1 0
vt 0.470278859 0.577665448
v -380 -603 0
vn 0 1 0
vt 0.470278859 0.533547759
v -391 -603 0
vn 0 1 0
vt 0.471624255 0.533547759
v -391 -603 112
vn 0 1 0
vt 0.471624255 0.585018396
v -383 -603 112
vn 0 1 0
vt 0.470645785 0.585018396
v -380 -603 112
vn 0 1 0
vt 0.470278859 0.585018396
f 7171/7171/7171 7170/7170/7170 7169/7169/7169 7168/7168/7168 7167/7167/7167 7166/7166/7166
v -391 -603 121
vn 0 1 0
vt 0.27984345 0.0450367928
v -391 -603 127
vn 0 1 0
vt 0.27984345 0.0477941036
v -383 -603 127
vn 0 1 0
vt 0.27886498 0.0477941036
v -383 -603 112
vn 0 1 0
vt 0.27886498 0.0409007072
v -391 -603 112
vn 0 1 0
vt 0.27984345 0.0409007072
f 7176/7176/7176 7175/7175/7175 7174/7174/7174 7173/7173/7173 7172/7172/7172
v -383 -603 127
vn 0 1 0
vt 0.282901168 0.0473345518
v -383 -603 128
vn 0 1 0
vt 0.282901168 0.0477941036
v -380 -603 128
vn 0 1 0
vt 0.283268094 0.0477941036
v -380 -603 112
vn 0 1 0
vt 0.283268094 0.0404411554
v -383 -603 112
vn 0 1 0
vt 0.282901168 0.0404411554
f 7181/7181/7181 7180/7180/7180 7179/7179/7179 7178/7178/7178 7177/7177/7177
v -543 -603 6
vn 0 1 0
vt 0.287671238 0.0436580777
v -543 -603 0
vn 0 1 0
vt 0.287671238 0.0409007072
v -551 -603 0
vn 0 1 0
vt 0.288649708 0.0409007072
v -551 -603 6
vn 0 1 0
vt 0.288649708 0.0436580777
f 7185/7185/7185 7184/7184/7184 7183/7183/7183 7182/7182/7182
v -543 -603 6
vn 0 1 0
vt 0.292563587 0.0436580777
v -543 -603 12
vn 0 1 0
vt 0.292563587 0.0464154482
v -535 -603 12
vn 0 1 0
vt 0.291585118 0.0464154482
v -535 -603 0
vn 0 1 0
vt 0.291585118 0.0409007072
v -540 -603 0
vn 0 1 0
vt 0.292196661 0.0409007072
v -543 -603 0
vn 0 1 0
vt 0.292563587 0.0409007072
f 7191/7191/7191 7190/7190/7190 7189/7189/7189 7188/7188/7188 7187/7187/7187 7186/7186/7186
v -457 -479 88
vn 0 1 0
vt 0.296355188 0.0422794223
v -449 -479 88
vn 0 1 0
vt 0.295376718 0.0422794223
v -449 -479 84
vn 0 1 0
vt 0.295376718 0.0404411554
v -457 -479 84
vn 0 1 0
vt 0.296355188 0.0404411554
f 7195/7195/7195 7194/7194/7194 7193/7193/7193 7192/7192/7192
v -449 -479 88
vn 0 1 0
vt 0.400073379 0.14338237
v -449 -479 92
vn 0 1 0
vt 0.400073379 0.145220578
v -441 -479 92
vn 0 1 0
vt 0.399094909 0.145220578
v -441 -479 84
vn 0 1 0
vt 0.399094909 0.141544104
v -449 -479 84
vn 0 1 0
vt 0.400073379 0.141544104
f 7200/7200/7200 7199/7199/7199 7198/7198/7198 7197/7197/7197 7196/7196/7196
v -441 -479 92
vn 0 1 0
vt 0.403987288 0.145220578
v -441 -479 96
vn 0 1 0
vt 0.403987288 0.147058845
v -433 -479 96
vn 0 1 0
vt 0.403008819 0.147058845
v -433 -479 84
vn 0 1 0
vt 0.403008819 0.141544104
v -441 -479 84
vn 0 1 0
vt 0.403987288 0.141544104
f 7205/7205/7205 7204/7204/7204 7203/7203/7203 7202/7202/7202 7201/7201/7201
v -433 -479 96
vn 0 1 0
vt 0.407901168 0.147058845
v -433 -479 100
vn 0 1 0
vt 0.407901168 0.148897052
v -425 -479 100
vn 0 1 0
vt 0.406922698 0.148897052
v -425 -479 84
vn 0 1 0
vt 0.406922698 0.141544104
v -433 -479 84
vn 0 1 0
vt 0.407901168 0.141544104
f 7210/7210/7210 7209/7209/7209 7208/7208/7208 7207/7207/7207 7206/7206/7206
v -425 -479 100
vn 0 1 0
vt 0.411815077 0.148897052
v -425 -479 104
vn 0 1 0
vt 0.411815077 0.150735319
v -417 -479 104
vn 0 1 0
vt 0.410836607 0.150735319
v -417 -479 84
vn 0 1 0
vt 0.410836607 0.141544104
v -425 -479 84
vn 0 1 0
vt 0.411815077 0.141544104
f 7215/7215/7215 7214/7214/7214 7213/7213/7213 7212/7212/7212 7211/7211/7211
v -417 -479 104
vn 0 1 0
vt 0.634907067 0.224264681
v -417 -479 108
vn 0 1 0
vt 0.634907067 0.226102948
v -409 -479 108
vn 0 1 0
vt 0.633928597 0.226102948
v -409 -479 84
vn 0 1 0
vt 0.633928597 0.215073526
v -417 -479 84
vn 0 1 0
vt 0.634907067 0.215073526
f 7220/7220/7220 7219/7219/7219 7218/7218/7218 7217/7217/7217 7216/7216/7216
v -409 -479 108
vn 0 1 0
vt 0.638820946 0.226102948
v -409 -479 112
vn 0 1 0
vt 0.638820946 0.227941155
v -401 -479 112
vn 0 1 0
vt 0.637842476 0.227941155
v -401 -479 84
vn 0 1 0
vt 0.637842476 0.215073526
v -409 -479 84
vn 0 1 0
vt 0.638820946 0.215073526
f 7225/7225/7225 7224/7224/7224 7223/7223/7223 7222/7222/7222 7221/7221/7221
v -401 -479 112
vn 0 1 0
vt 0.642734826 0.227941155
v -401 -479 116
vn 0 1 0
vt 0.642734826 0.229779422
v -393 -479 116
vn 0 1 0
vt 0.641756356 0.229779422
v -393 -479 84
vn 0 1 0
vt 0.641756356 0.215073526
v -401 -479 84
vn 0 1 0
vt 0.642734826 0.215073526
f 7230/7230/7230 7229/7229/7229 7228/7228/7228 7227/7227/7227 7226/7226/7226
v -393 -479 116
vn 0 1 0
vt 0.646648705 0.229779422
v -393 -479 120
vn 0 1 0
vt 0.646648705 0.23161763
v -385 -479 120
vn 0 1 0
vt 0.645670235 0.23161763
v -385 -479 84
vn 0 1 0
vt 0.645670235 0.215073526
v -393 -479 84
vn 0 1 0
vt 0.646648705 0.215073526
f 7235/7235/7235 7234/7234/7234 7233/7233/7233 7232/7232/7232 7231/7231/7231
v -385 -479 120
vn 0 1 0
vt 0.120229945 0.261029422
v -385 -479 124
vn 0 1 0
vt 0.120229945 0.26286763
v -376.989136 -479 124
vn 0 1 0
vt 0.119250141 0.26286763
v -376.989136 -479 84
vn 0 1 0
vt 0.119250141 0.244485319
v -385 -479 84
vn 0 1 0
vt 0.120229945 0.244485319
f 7240/7240/7240 7239/7239/7239 7238/7238/7238 7237/7237/7237 7236/7236/7236
v -450 -421 84
vn 0 1 0
vt 0.299412906 0.0404411554
v -450 -421 88
vn 0 1 0
vt 0.299412906 0.0422794223
v -458 -421 88
vn 0 1 0
vt 0.298434436 0.0422794223
v -458 -421 84
vn 0 1 0
vt 0.298434436 0.0404411554
f 7244/7244/7244 7243/7243/7243 7242/7242/7242 7241/7241/7241
v -450 -421 88
vn 0 1 0
vt 0.413894325 0.14338237
v -450 -421 84
vn 0 1 0
vt 0.413894325 0.141544104
v -442 -421 84
vn 0 1 0
vt 0.414872795 0.141544104
v -442 -421 92
vn 0 1 0
vt 0.414872795 0.145220578
v -450 -421 92
vn 0 1 0
vt 0.413894325 0.145220578
f 7249/7249/7249 7248/7248/7248 7247/7247/7247 7246/7246/7246 7245/7245/7245
v -442 -421 92
vn 0 1 0
vt 0.417808205 0.145220578
v -442 -421 84
vn 0 1 0
vt 0.417808205 0.141544104
v -434 -421 84
vn 0 1 0
vt 0.418786705 0.141544104
v -434 -421 96
vn 0 1 0
vt 0.418786705 0.147058845
v -442 -421 96
vn 0 1 0
vt 0.417808205 0.147058845
f 7254/7254/7254 7253/7253/7253 7252/7252/7252 7251/7251/7251 7250/7250/7250
v -434 -421 96
vn 0 1 0
vt 0.421722114 0.147058845
v -434 -421 84
vn 0 1 0
vt 0.421722114 0.141544104
v -426 -421 84
vn 0 1 0
vt 0.422700584 0.141544104
v -426 -421 100
vn 0 1 0
vt 0.422700584 0.148897052
v -434 -421 100
vn 0 1 0
vt 0.421722114 0.148897052
f 7259/7259/7259 7258/7258/7258 7257/7257/7257 7256/7256/7256 7255/7255/7255
v -426 -421 100
vn 0 1 0
vt 0.425635993 0.148897052
v -426 -421 84
vn 0 1 0
vt 0.425635993 0.141544104
v -418 -421 84
vn 0 1 0
vt 0.426614493 0.141544104
v -418 -421 104
vn 0 1 0
vt 0.426614493 0.150735319
v -426 -421 104
vn 0 1 0
vt 0.425635993 0.150735319
f 7264/7264/7264 7263/7263/7263 7262/7262/7262 7261/7261/7261 7260/7260/7260
v -418 -421 104
vn 0 1 0
vt 0.648728013 0.224264681
v -418 -421 84
vn 0 1 0
vt 0.648728013 0.215073526
v -410 -421 84
vn 0 1 0
vt 0.649706483 0.215073526
v -410 -421 108
vn 0 1 0
vt 0.649706483 0.226102948
v -418 -421 108
vn 0 1 0
vt 0.648728013 0.226102948
f 7269/7269/7269 7268/7268/7268 7267/7267/7267 7266/7266/7266 7265/7265/7265
v -410 -421 108
vn 0 1 0
vt 0.652641892 0.226102948
v -410 -421 84
vn 0 1 0
vt 0.652641892 0.215073526
v -402 -421 84
vn 0 1 0
vt 0.653620362 0.215073526
v -402 -421 112
vn 0 1 0
vt 0.653620362 0.227941155
v -410 -421 112
vn 0 1 0
vt 0.652641892 0.227941155
f 7274/7274/7274 7273/7273/7273 7272/7272/7272 7271/7271/7271 7270/7270/7270
v -402 -421 112
vn 0 1 0
vt 0.656555772 0.227941155
v -402 -421 84
vn 0 1 0
vt 0.656555772 0.215073526
v -394 -421 84
vn 0 1 0
vt 0.657534242 0.215073526
v -394 -421 116
vn 0 1 0
vt 0.657534242 0.229779422
v -402 -421 116
vn 0 1 0
vt 0.656555772 0.229779422
f 7279/7279/7279 7278/7278/7278 7277/7277/7277 7276/7276/7276 7275/7275/7275
v -394 -421 116
vn 0 1 0
vt 0.660469651 0.229779422
v -394 -421 84
vn 0 1 0
vt 0.660469651 0.215073526
v -386 -421 84
vn 0 1 0
vt 0.661448121 0.215073526
v -386 -421 120
vn 0 1 0
vt 0.661448121 0.23161763
v -394 -421 120
vn 0 1 0
vt 0.660469651 0.23161763
f 7284/7284/7284 7283/7283/7283 7282/7282/7282 7281/7281/7281 7280/7280/7280
v -386 -421 120
vn 0 1 0
vt 0.1223092 0.261029422
v -386 -421 84
vn 0 1 0
vt 0.1223092 0.244485319
v -385 -421 84
vn 0 1 0
vt 0.122431509 0.244485319
v -385 -421 124
vn 0 1 0
vt 0.122431509 0.26286763
v -386 -421 124
vn 0 1 0
vt 0.1223092 0.26286763
f 7289/7289/7289 7288/7288/7288 7287/7287/7287 7286/7286/7286 7285/7285/7285
v -385 -421 124
vn 0 1 0
vt 0.304305285 0.0422794223
v -385 -421 128
vn 0 1 0
vt 0.304305285 0.0441176295
v -377 -421 128
vn 0 1 0
vt 0.303326815 0.0441176295
v -377 -421 124
vn 0 1 0
vt 0.303326815 0.0422794223
f 7293/7293/7293 7292/7292/7292 7291/7291/7291 7290/7290/7290
v -456 -388 320
vn 0 0 1
vt 0.665484369 0.229779422
v -576 -388 320
vn 0 0 1
vt 0.680161476 0.229779422
v -576 -421 320
vn 0 0 1
vt 0.680161476 0.214613974
f 7296/7296/7296 7295/7295/7295 7294/7294/7294
v -364 -421 320
vn 0 0 1
vt 0.68554306 0.214613974
v -364 -388 320
vn 0 0 1
vt 0.68554306 0.229779422
v -376 -388 320
vn 0 0 1
vt 0.687010765 0.229779422
v -456 -388 320
vn 0 0 1
vt 0.696795523 0.229779422
v -576 -421 320
vn 0 0 1
vt 0.711472631 0.214613974
f 7301/7301/7301 7300/7300/7300 7299/7299/7299 7298/7298/7298 7297/7297/7297
v -576 -388 84
vn 1 0 0
vt 0.678571403 0.321691155
v -576 -421 84
vn 1 0 0
vt 0.682607651 0.321691155
v -576 -388 156
vn 1 0 0
vt 0.678571403 0.354779422
f 7304/7304/7304 7303/7303/7303 7302/7302/7302
v -576 -388 180
vn 1 0 0
vt 0.312622309 0.931985319
v -576 -388 156
vn 1 0 0
vt 0.312622309 0.920955896
v -576 -421 84
vn 1 0 0
vt 0.316658527 0.88786763
v -576 -421 320
vn 1 0 0
vt 0.316658527 0.996323526
v -576 -388 320
vn 1 0 0
vt 0.312622309 0.996323526
f 7309/7309/7309 7308/7308/7308 7307/7307/7307 7306/7306/7306 7305/7305/7305
v -385 -421 128
vn 0 0 1
vt 0.307240695 0.0477941036
v -385 -388 128
vn 0 0 1
vt 0.311276913 0.0477941036
v -377 -388 128
vn 0 0 1
vt 0.311276913 0.0441176295
v -377 -421 128
vn 0 0 1
vt 0.307240695 0.0441176295
f 7313/7313/7313 7312/7312/7312 7311/7311/7311 7310/7310/7310
v -364 -421 128
vn 0 0 1
vt 0.716976523 0.214613974
v -376.358704 -421 128
vn 0 0 1
vt 0.71546489 0.214613974
v -376 -388 128
vn 0 0 1
vt 0.715508819 0.229779422
v -364 -388 128
vn 0 0 1
vt 0.716976523 0.229779422
f 7317/7317/7317 7316/7316/7316 7315/7315/7315 7314/7314/7314
v -376.358704 -421 84
vn 0 0 1
vt 0.721091151 0.214613974
v -377 -421 84
vn 0 0 1
vt 0.721012712 0.214613974
v -377 -388 84
vn 0 0 1
vt 0.721012712 0.229779422
v -376 -388 84
vn 0 0 1
vt 0.72113502 0.229779422
f 7321/7321/7321 7320/7320/7320 7319/7319/7319 7318/7318/7318
v -385 -388 84
vn 0 0 1
vt 0.72786206 0.229779422
v -385 -421 84
vn 0 0 1
vt 0.72786206 0.214613974
v -386 -421 84
vn 0 0 1
vt 0.727739751 0.214613974
v -394 -421 84
vn 0 0 1
vt 0.726761281 0.214613974
v -402 -421 84
vn 0 0 1
vt 0.725782752 0.214613974
v -410 -421 84
vn 0 0 1
vt 0.724804282 0.214613974
v -418 -421 84
vn 0 0 1
vt 0.723825812 0.214613974
f 7328/7328/7328 7327/7327/7327 7326/7326/7326 7325/7325/7325 7324/7324/7324 7323/7323/7323 7322/7322/7322
v -576 -421 84
vn 0 0 1
vt 0.731898248 0.214613974
v -576 -388 84
vn 0 0 1
vt 0.731898248 0.229779422
v -575 -388 84
vn 0 0 1
vt 0.732020557 0.229779422
v -479 -388 84
vn 0 0 1
vt 0.743762255 0.229779422
v -458 -421 84
vn 0 0 1
vt 0.746330738 0.214613974
f 7333/7333/7333 7332/7332/7332 7331/7331/7331 7330/7330/7330 7329/7329/7329
v -456 -388 84
vn 0 0 1
vt 0.752446175 0.229779422
v -385 -388 84
vn 0 0 1
vt 0.761130154 0.229779422
v -418 -421 84
vn 0 0 1
vt 0.757093906 0.214613974
v -426 -421 84
vn 0 0 1
vt 0.756115437 0.214613974
v -434 -421 84
vn 0 0 1
vt 0.755136967 0.214613974
v -442 -421 84
vn 0 0 1
vt 0.754158497 0.214613974
v -450 -421 84
vn 0 0 1
vt 0.753180027 0.214613974
v -458 -421 84
vn 0 0 1
vt 0.752201557 0.214613974
v -479 -388 84
vn 0 0 1
vt 0.749633074 0.229779422
f 7342/7342/7342 7341/7341/7341 7340/7340/7340 7339/7339/7339 7338/7338/7338 7337/7337/7337 7336/7336/7336 7335/7335/7335 7334/7334/7334
v -377 -421 124
vn 1 0 0
vt 0.131115466 0.26286763
v -377 -421 128
vn 1 0 0
vt 0.131115466 0.264705896
v -377 -388 128
vn 1 0 0
vt 0.127079263 0.264705896
v -377 -388 84
vn 1 0 0
vt 0.127079263 0.244485319
v -377 -421 84
vn 1 0 0
vt 0.131115466 0.244485319
f 7347/7347/7347 7346/7346/7346 7345/7345/7345 7344/7344/7344 7343/7343/7343
v -376.358704 -421 124
vn 0.999940932 -0.0108689228 -0
vt 0.765533268 0.229779422
v -376.358704 -421 84
vn 0.999940932 -0.0108689228 -0
vt 0.765533268 0.211397052
v -376 -388 84
vn 0.999940932 -0.0108689228 -0
vt 0.769569457 0.211397052
v -376 -388 128
vn 0.999940932 -0.0108689228 -0
vt 0.769569457 0.23161763
v -376.358704 -421 128
vn 0.999940932 -0.0108689228 -0
vt 0.765533268 0.23161763
f 7352/7352/7352 7351/7351/7351 7350/7350/7350 7349/7349/7349 7348/7348/7348
v -385 -421 124
vn 1 0 0
vt 0.135029361 0.26286763
v -385 -421 84
vn 1 0 0
vt 0.135029361 0.244485319
v -385 -388 84
vn 1 0 0
vt 0.139065564 0.244485319
v -385 -388 128
vn 1 0 0
vt 0.139065564 0.264705896
v -385 -421 128
vn 1 0 0
vt 0.135029361 0.264705896
f 7357/7357/7357 7356/7356/7356 7355/7355/7355 7354/7354/7354 7353/7353/7353
v -592 -388 4
vn 1 0 0
vt 0.677592933 0.784926474
v -592 -388 192
vn 1 0 0
vt 0.677592933 0.871323526
v -592 -421 192
vn 1 0 0
vt 0.673556745 0.871323526
v -592 -421 0
vn 1 0 0
vt 0.673556745 0.783088207
v -592 -388 0
vn 1 0 0
vt 0.677592933 0.783088207
f 7362/7362/7362 7361/7361/7361 7360/7360/7360 7359/7359/7359 7358/7358/7358
v -748 -388 4
vn 1 0 0
vt 0.681017637 0.784926474
v -748 -388 0
vn 1 0 0
vt 0.681017637 0.783088207
v -748 -421 0
vn 1 0 0
vt 0.685053825 0.783088207
v -748 -421 192
vn 1 0 0
vt 0.685053825 0.871323526
v -748 -388 192
vn 1 0 0
vt 0.681017637 0.871323526
f 7367/7367/7367 7366/7366/7366 7365/7365/7365 7364/7364/7364 7363/7363/7363
v -687 -388 192
vn 0 0 1
vt 0.775807261 0.229779422
v -748 -388 192
vn 0 0 1
vt 0.783268094 0.229779422
v -748 -421 192
vn 0 0 1
vt 0.783268094 0.214613974
v -667 -388 192
vn 0 0 1
vt 0.773361027 0.229779422
f 7371/7371/7371 7370/7370/7370 7369/7369/7369 7368/7368/7368
v -592 -421 192
vn 0 0 1
vt 0.785714269 0.214613974
v -592 -388 192
vn 0 0 1
vt 0.785714269 0.229779422
v -595 -388 192
vn 0 0 1
vt 0.786081195 0.229779422
v -615 -388 192
vn 0 0 1
vt 0.788527369 0.229779422
v -667 -388 192
vn 0 0 1
vt 0.794887483 0.229779422
v -748 -421 192
vn 0 0 1
vt 0.80479455 0.214613974
f 7377/7377/7377 7376/7376/7376 7375/7375/7375 7374/7374/7374 7373/7373/7373 7372/7372/7372
v -576 -479 320
vn 0 0 1
vt 0.169398233 0.23943013
v -364 -479 320
vn 0 0 1
vt 0.143468693 0.23943013
v -364 -421 320
vn 0 0 1
vt 0.143468693 0.266084552
v -576 -421 320
vn 0 0 1
vt 0.169398233 0.266084552
f 7381/7381/7381 7380/7380/7380 7379/7379/7379 7378/7378/7378
v -748 -452 320
vn 0 0 1
vt 0.448752433 0.148897052
v -748 -479 320
vn 0 0 1
vt 0.448752433 0.136488974
v -592 -479 320
vn 0 0 1
vt 0.429672211 0.136488974
v -592 -452 320
vn 0 0 1
vt 0.429672211 0.148897052
f 7385/7385/7385 7384/7384/7384 7383/7383/7383 7382/7382/7382
v -576 -479 84
vn 1 0 0
vt 0.327666342 0.88786763
v -576 -479 320
vn 1 0 0
vt 0.327666342 0.996323526
v -576 -421 320
vn 1 0 0
vt 0.320572406 0.996323526
v -576 -421 84
vn 1 0 0
vt 0.320572406 0.88786763
f 7389/7389/7389 7388/7388/7388 7387/7387/7387 7386/7386/7386
v -410 -421 112
vn 0.999851406 0.0172388181 -0
vt 0.321917802 0.0441176295
v -409 -479 112
vn 0.999851406 0.0172388181 -0
vt 0.314823866 0.0441176295
v -409 -479 108
vn 0.999851406 0.0172388181 -0
vt 0.314823866 0.0422794223
v -410 -421 108
vn 0.999851406 0.0172388181 -0
vt 0.321917802 0.0422794223
f 7393/7393/7393 7392/7392/7392 7391/7391/7391 7390/7390/7390
v -364 -479 128
vn 0 0 1
vt 0.174902156 0.23943013
v -376.989136 -479 128
vn 0 0 1
vt 0.173313469 0.23943013
v -376.358704 -421 128
vn 0 0 1
vt 0.173390582 0.266084552
v -364 -421 128
vn 0 0 1
vt 0.174902156 0.266084552
f 7397/7397/7397 7396/7396/7396 7395/7395/7395 7394/7394/7394
v -394 -421 120
vn 0.999851406 0.0172388181 -0
vt 0.33170253 0.0477941036
v -393 -479 120
vn 0.999851406 0.0172388181 -0
vt 0.324608624 0.0477941036
v -393 -479 116
vn 0.999851406 0.0172388181 -0
vt 0.324608624 0.0459558964
v -394 -421 116
vn 0.999851406 0.0172388181 -0
vt 0.33170253 0.0459558964
f 7401/7401/7401 7400/7400/7400 7399/7399/7399 7398/7398/7398
v -386 -421 124
vn 0.999851406 0.0172388181 0
vt 0.341487288 0.0422794223
v -385 -479 124
vn 0.999851406 0.0172388181 0
vt 0.334393352 0.0422794223
v -385 -479 120
vn 0.999851406 0.0172388181 0
vt 0.334393352 0.0404411554
v -386 -421 120
vn 0.999851406 0.0172388181 0
vt 0.341487288 0.0404411554
f 7405/7405/7405 7404/7404/7404 7403/7403/7403 7402/7402/7402
v -376.606659 -443.813324 124
vn 0 0 1
vt 0.348481745 0.0434773564
v -376.989136 -479 124
vn 0 0 1
vt 0.344178081 0.0436531305
v -385 -479 124
vn 0 0 1
vt 0.344178081 0.0473345518
v -386 -421 124
vn 0 0 1
vt 0.351272017 0.0477941036
v -385 -421 124
vn 0 0 1
vt 0.351272017 0.0473345518
v -377 -421 124
vn 0 0 1
vt 0.351272017 0.0436580777
f 7411/7411/7411 7410/7410/7410 7409/7409/7409 7408/7408/7408 7407/7407/7407 7406/7406/7406
v -376.606659 -443.813324 124
vn 0.999940932 -0.0108689228 -0
vt 0.357654929 0.0459558964
v -376.358704 -421 124
vn 0.999940932 -0.0108689228 -0
vt 0.360445201 0.0459558964
v -376.358704 -421 128
vn 0.999940932 -0.0108689228 -0
vt 0.360445201 0.0477941036
v -376.989136 -479 128
vn 0.999940932 -0.0108689228 -0
vt 0.353351265 0.0477941036
v -376.989136 -479 124
vn 0.999940932 -0.0108689228 -0
vt 0.353351265 0.0459558964
f 7416/7416/7416 7415/7415/7415 7414/7414/7414 7413/7413/7413 7412/7412/7412
v -377 -421 84
vn 0 0 1
vt 0.45291096 0.1484375
v -376.358704 -421 84
vn 0 0 1
vt 0.452989399 0.1484375
v -376.606659 -443.813324 84
vn 0 0 1
vt 0.452959061 0.137953401
f 7419/7419/7419 7418/7418/7418 7417/7417/7417
v -376.606659 -443.813324 124
vn 0.999940932 -0.0108689228 -0
vt 0.807752728 0.229779422
v -376.606659 -443.813324 84
vn 0.999940932 -0.0108689228 -0
vt 0.807752728 0.211397052
v -376.358704 -421 84
vn 0.999940932 -0.0108689228 -0
vt 0.81054306 0.211397052
v -376.358704 -421 124
vn 0.999940932 -0.0108689228 -0
vt 0.81054306 0.229779422
f 7423/7423/7423 7422/7422/7422 7421/7421/7421 7420/7420/7420
v -376.606659 -443.813324 84
vn 0.999851406 0.0172388181 0
vt 0.179894 0.244485319
v -376.606659 -443.813324 124
vn 0.999851406 0.0172388181 0
vt 0.179894 0.26286763
v -377 -421 124
vn 0.999851406 0.0172388181 0
vt 0.177103713 0.26286763
v -377 -421 84
vn 0.999851406 0.0172388181 0
vt 0.177103713 0.244485319
f 7427/7427/7427 7426/7426/7426 7425/7425/7425 7424/7424/7424
v -393 -479 120
vn 0 0 1
vt 0.363747567 0.0473345518
v -394 -421 120
vn 0 0 1
vt 0.370841473 0.0477941036
v -386 -421 120
vn 0 0 1
vt 0.370841473 0.0441176295
v -385 -479 120
vn 0 0 1
vt 0.363747567 0.0436580777
f 7431/7431/7431 7430/7430/7430 7429/7429/7429 7428/7428/7428
v -394 -421 116
vn 0 0 1
vt 0.380626231 0.0441176295
v -393 -479 116
vn 0 0 1
vt 0.373532295 0.0436580777
v -401 -479 116
vn 0 0 1
vt 0.373532295 0.0473345518
v -402 -421 116
vn 0 0 1
vt 0.380626231 0.0477941036
f 7435/7435/7435 7434/7434/7434 7433/7433/7433 7432/7432/7432
v -402 -421 116
vn 0.999851406 0.0172388181 -0
vt 0.39041096 0.0459558964
v -401 -479 116
vn 0.999851406 0.0172388181 -0
vt 0.383317024 0.0459558964
v -401 -479 112
vn 0.999851406 0.0172388181 -0
vt 0.383317024 0.0441176295
v -402 -421 112
vn 0.999851406 0.0172388181 -0
vt 0.39041096 0.0441176295
f 7439/7439/7439 7438/7438/7438 7437/7437/7437 7436/7436/7436
v -409 -479 112
vn 0 0 1
vt 0.393101752 0.0473345518
v -410 -421 112
vn 0 0 1
vt 0.400195688 0.0477941036
v -402 -421 112
vn 0 0 1
vt 0.400195688 0.0441176295
v -401 -479 112
vn 0 0 1
vt 0.393101752 0.0436580777
f 7443/7443/7443 7442/7442/7442 7441/7441/7441 7440/7440/7440
v -434 -421 100
vn 0.999851406 0.0172388181 -0
vt 0.409980416 0.0459558964
v -433 -479 100
vn 0.999851406 0.0172388181 -0
vt 0.40288651 0.0459558964
v -433 -479 96
vn 0.999851406 0.0172388181 -0
vt 0.40288651 0.0441176295
v -434 -421 96
vn 0.999851406 0.0172388181 -0
vt 0.409980416 0.0441176295
f 7447/7447/7447 7446/7446/7446 7445/7445/7445 7444/7444/7444
v -410 -421 108
vn 0 0 1
vt 0.419765174 0.0441176295
v -409 -479 108
vn 0 0 1
vt 0.412671238 0.0436580777
v -417 -479 108
vn 0 0 1
vt 0.412671238 0.0473345518
v -418 -421 108
vn 0 0 1
vt 0.419765174 0.0477941036
f 7451/7451/7451 7450/7450/7450 7449/7449/7449 7448/7448/7448
v -418 -421 108
vn 0.999851406 0.0172388181 -0
vt 0.429549903 0.0422794223
v -417 -479 108
vn 0.999851406 0.0172388181 -0
vt 0.422455966 0.0422794223
v -417 -479 104
vn 0.999851406 0.0172388181 -0
vt 0.422455966 0.0404411554
v -418 -421 104
vn 0.999851406 0.0172388181 -0
vt 0.429549903 0.0404411554
f 7455/7455/7455 7454/7454/7454 7453/7453/7453 7452/7452/7452
v -418 -421 104
vn 0 0 1
vt 0.439334631 0.0441176295
v -417 -479 104
vn 0 0 1
vt 0.432240695 0.0436580777
v -425 -479 104
vn 0 0 1
vt 0.432240695 0.0473345518
v -426 -421 104
vn 0 0 1
vt 0.439334631 0.0477941036
f 7459/7459/7459 7458/7458/7458 7457/7457/7457 7456/7456/7456
v -426 -421 104
vn 0.999851406 0.0172388181 -0
vt 0.449119359 0.0477941036
v -425 -479 104
vn 0.999851406 0.0172388181 -0
vt 0.442025453 0.0477941036
v -425 -479 100
vn 0.999851406 0.0172388181 -0
vt 0.442025453 0.0459558964
v -426 -421 100
vn 0.999851406 0.0172388181 -0
vt 0.449119359 0.0459558964
f 7463/7463/7463 7462/7462/7462 7461/7461/7461 7460/7460/7460
v -433 -479 100
vn 0 0 1
vt 0.451810181 0.0473345518
v -434 -421 100
vn 0 0 1
vt 0.458904117 0.0477941036
v -426 -421 100
vn 0 0 1
vt 0.458904117 0.0441176295
v -425 -479 100
vn 0 0 1
vt 0.451810181 0.0436580777
f 7467/7467/7467 7466/7466/7466 7465/7465/7465 7464/7464/7464
v -434 -421 96
vn 0 0 1
vt 0.468688846 0.0441176295
v -433 -479 96
vn 0 0 1
vt 0.461594909 0.0436580777
v -441 -479 96
vn 0 0 1
vt 0.461594909 0.0473345518
v -442 -421 96
vn 0 0 1
vt 0.468688846 0.0477941036
f 7471/7471/7471 7470/7470/7470 7469/7469/7469 7468/7468/7468
v -442 -421 96
vn 0.999851406 0.0172388181 -0
vt 0.478473574 0.0441176295
v -441 -479 96
vn 0.999851406 0.0172388181 -0
vt 0.471379638 0.0441176295
v -441 -479 92
vn 0.999851406 0.0172388181 -0
vt 0.471379638 0.0422794223
v -442 -421 92
vn 0.999851406 0.0172388181 -0
vt 0.478473574 0.0422794223
f 7475/7475/7475 7474/7474/7474 7473/7473/7473 7472/7472/7472
v -442 -421 92
vn 0 0 1
vt 0.488258302 0.0441176295
v -441 -479 92
vn 0 0 1
vt 0.481164396 0.0436580777
v -449 -479 92
vn 0 0 1
vt 0.481164396 0.0473345518
v -450 -421 92
vn 0 0 1
vt 0.488258302 0.0477941036
f 7479/7479/7479 7478/7478/7478 7477/7477/7477 7476/7476/7476
v -450 -421 92
vn 0.999851406 0.0172388181 -0
vt 0.49804306 0.0422794223
v -449 -479 92
vn 0.999851406 0.0172388181 -0
vt 0.490949124 0.0422794223
v -449 -479 88
vn 0.999851406 0.0172388181 -0
vt 0.490949124 0.0404411554
v -450 -421 88
vn 0.999851406 0.0172388181 -0
vt 0.49804306 0.0404411554
f 7483/7483/7483 7482/7482/7482 7481/7481/7481 7480/7480/7480
v -450 -421 88
vn 0 0 1
vt 0.507827818 0.0441176295
v -449 -479 88
vn 0 0 1
vt 0.500733852 0.0436580777
v -457 -479 88
vn 0 0 1
vt 0.500733852 0.0473345518
v -458 -421 88
vn 0 0 1
vt 0.507827818 0.0477941036
f 7487/7487/7487 7486/7486/7486 7485/7485/7485 7484/7484/7484
v -576 -479 84
vn 0 0 1
vt 0.183953032 0.23943013
v -576 -421 84
vn 0 0 1
vt 0.183953032 0.266084552
v -458 -421 84
vn 0 0 1
vt 0.198385522 0.266084552
v -457 -479 84
vn 0 0 1
vt 0.198507831 0.23943013
f 7491/7491/7491 7490/7490/7490 7489/7489/7489 7488/7488/7488
v -457 -479 88
vn 0.999851406 0.0172388181 -0
vt 0.51051861 0.0422794223
v -457 -479 84
vn 0.999851406 0.0172388181 -0
vt 0.51051861 0.0404411554
v -458 -421 84
vn 0.999851406 0.0172388181 -0
vt 0.517612517 0.0404411554
v -458 -421 88
vn 0.999851406 0.0172388181 -0
vt 0.517612517 0.0422794223
f 7495/7495/7495 7494/7494/7494 7493/7493/7493 7492/7492/7492
v -592 -452 96
vn 1 0 0
vt 0.689334631 0.827205896
v -592 -452 0
vn 1 0 0
vt 0.689334631 0.783088207
v -592 -421 0
vn 1 0 0
vt 0.693126202 0.783088207
v -592 -421 192
vn 1 0 0
vt 0.693126202 0.871323526
v -592 -452 192
vn 1 0 0
vt 0.689334631 0.871323526
f 7500/7500/7500 7499/7499/7499 7498/7498/7498 7497/7497/7497 7496/7496/7496
v -592 -452 192
vn 1 0 0
vt 0.873287678 0.9375
v -592 -452 320
vn 1 0 0
vt 0.873287678 0.996323526
v -592 -479 320
vn 1 0 0
vt 0.869985342 0.996323526
v -592 -479 96
vn 1 0 0
vt 0.869985342 0.89338237
v -592 -452 96
vn 1 0 0
vt 0.873287678 0.89338237
f 7505/7505/7505 7504/7504/7504 7503/7503/7503 7502/7502/7502 7501/7501/7501
v -592 -452 96
vn 1 0 0
vt 0.544520557 0.408088207
v -592 -479 96
vn 1 0 0
vt 0.541218221 0.408088207
v -592 -479 0
vn 1 0 0
vt 0.541218221 0.363970578
v -592 -452 0
vn 1 0 0
vt 0.544520557 0.363970578
f 7509/7509/7509 7508/7508/7508 7507/7507/7507 7506/7506/7506
v -748 -452 320
vn 0 1 0
vt 0.493639916 0.591911793
v -592 -452 320
vn 0 1 0
vt 0.474559695 0.591911793
v -592 -452 192
vn 0 1 0
vt 0.474559695 0.533088207
v -748 -452 192
vn 0 1 0
vt 0.493639916 0.533088207
f 7513/7513/7513 7512/7512/7512 7511/7511/7511 7510/7510/7510
v -748 -452 96
vn 1 0 0
vt 0.700587094 0.827205896
v -748 -452 192
vn 1 0 0
vt 0.700587094 0.871323526
v -748 -421 192
vn 1 0 0
vt 0.696795523 0.871323526
v -748 -421 0
vn 1 0 0
vt 0.696795523 0.783088207
v -748 -452 0
vn 1 0 0
vt 0.700587094 0.783088207
f 7518/7518/7518 7517/7517/7517 7516/7516/7516 7515/7515/7515 7514/7514/7514
v -748 -421 192
vn 0 0 1
vt 0.832191765 0.22931987
v -748 -452 192
vn 0 0 1
vt 0.832191765 0.215073526
v -592 -452 192
vn 0 0 1
vt 0.813111544 0.215073526
v -592 -421 192
vn 0 0 1
vt 0.813111544 0.22931987
f 7522/7522/7522 7521/7521/7521 7520/7520/7520 7519/7519/7519
v -748 -452 192
vn 1 0 0
vt 0.876712322 0.9375
v -748 -452 96
vn 1 0 0
vt 0.876712322 0.89338237
v -748 -479 96
vn 1 0 0
vt 0.880014658 0.89338237
v -748 -479 320
vn 1 0 0
vt 0.880014658 0.996323526
v -748 -452 320
vn 1 0 0
vt 0.876712322 0.996323526
f 7527/7527/7527 7526/7526/7526 7525/7525/7525 7524/7524/7524 7523/7523/7523
v -748 -452 0
vn 1 0 0
vt 0.547945201 0.363970578
v -748 -479 0
vn 1 0 0
vt 0.551247537 0.363970578
v -748 -479 96
vn 1 0 0
vt 0.551247537 0.408088207
v -748 -452 96
vn 1 0 0
vt 0.547945201 0.408088207
f 7531/7531/7531 7530/7530/7530 7529/7529/7529 7528/7528/7528
v -364 -601 356
vn 0 0 1
vt 0.810665369 0.477481604
v -364 -497 356
vn 0 0 1
vt 0.810665369 0.525275707
v -380 -601 356
vn 0 0 1
vt 0.812622309 0.477481604
f 7534/7534/7534 7533/7533/7533 7532/7532/7532
v -380 -496 356
vn 0 0 1
vt 0.499510765 0.584558845
v -380 -601 356
vn 0 0 1
vt 0.499510765 0.536305189
v -364 -497 356
vn 0 0 1
vt 0.497553825 0.584099293
v -364 -496 356
vn 0 0 1
vt 0.497553825 0.584558845
v -364 -495.959991 356
vn 0 0 1
vt 0.497553825 0.584577203
v -364 -496 356
vn 0 0 1
vt 0.497553825 0.584558845
f 7540/7540/7540 7539/7539/7539 7538/7538/7538 7537/7537/7537 7536/7536/7536 7535/7535/7535
v -576 -479 320
vn 0 0 1
vt 0.54708904 0.0409007072
v -576 -480 320
vn 0 0 1
vt 0.54708904 0.0404411554
v -364 -480 320
vn 0 0 1
vt 0.52115947 0.0404411554
v -364 -479 320
vn 0 0 1
vt 0.52115947 0.0409007072
f 7544/7544/7544 7543/7543/7543 7542/7542/7542 7541/7541/7541
v -592 -479.5 320
vn 0 0 1
vt 0.55100292 0.0406709313
v -592 -479 320
vn 0 0 1
vt 0.55100292 0.0409007072
v -748 -479 320
vn 0 0 1
vt 0.570083141 0.0409007072
v -748 -479.5 320
vn 0 0 1
vt 0.570083141 0.0406709313
f 7548/7548/7548 7547/7547/7547 7546/7546/7546 7545/7545/7545
v -380 -601 320
vn 0 0 1
vt 0.817147732 0.477481604
v -377.969971 -601 320
vn 0 0 1
vt 0.816899419 0.477481604
v -377 -496 320
vn 0 0 1
vt 0.816780806 0.525735259
v -415 -496 320
vn 0 0 1
vt 0.821428597 0.525735259
v -415 -601 320
vn 0 0 1
vt 0.821428597 0.477481604
f 7553/7553/7553 7552/7552/7552 7551/7551/7551 7550/7550/7550 7549/7549/7549
v -415 -601 320
vn 0 0 1
vt 0.576810181 0.0436580777
v -415 -603 320
vn 0 0 1
vt 0.576810181 0.0427389741
v -380 -603 320
vn 0 0 1
vt 0.572529376 0.0427389741
v -380 -601 320
vn 0 0 1
vt 0.572529376 0.0436580777
f 7557/7557/7557 7556/7556/7556 7555/7555/7555 7554/7554/7554
v -415 -496 320
vn 0 0 1
vt 0.580724061 0.0477941036
v -463 -496 320
vn 0 0 1
vt 0.586594939 0.0477941036
v -463 -497.248535 320
vn 0 0 1
vt 0.586594939 0.0472203493
f 7560/7560/7560 7559/7559/7559 7558/7558/7558
v -415 -601 320
vn 0 0 1
vt 0.825342476 0.477481604
v -415 -496 320
vn 0 0 1
vt 0.825342476 0.525735259
v -463 -497.248535 320
vn 0 0 1
vt 0.831213295 0.525161505
v -463 -603 320
vn 0 0 1
vt 0.831213295 0.4765625
v -415 -603 320
vn 0 0 1
vt 0.825342476 0.4765625
f 7565/7565/7565 7564/7564/7564 7563/7563/7563 7562/7562/7562 7561/7561/7561
v -591 -496.5 320
vn 0 0 1
vt 0.606164396 0.0475643277
v -463 -497.248535 320
vn 0 0 1
vt 0.590508819 0.0472203493
v -463 -496 320
vn 0 0 1
vt 0.590508819 0.0477941036
v -591.014709 -496 320
vn 0 0 1
vt 0.606166184 0.0477941036
f 7569/7569/7569 7568/7568/7568 7567/7567/7567 7566/7566/7566
v -591 -496.5 320
vn 0 0 1
vt 0.609711349 0.0475643277
v -591.014709 -496 320
vn 0 0 1
vt 0.609713137 0.0477941036
v -592 -496 320
vn 0 0 1
vt 0.609833658 0.0477941036
v -676.5 -496 320
vn 0 0 1
vt 0.620168805 0.0477941036
f 7573/7573/7573 7572/7572/7572 7571/7571/7571 7570/7570/7570
v -540 -603 320
vn 0 0 1
vt 0.844545007 0.4765625
v -463 -603 320
vn 0 0 1
vt 0.835127175 0.4765625
v -463 -497.248535 320
vn 0 0 1
vt 0.835127175 0.525161505
v -591 -496.5 320
vn 0 0 1
vt 0.850782752 0.525505543
v -624 -603 320
vn 0 0 1
vt 0.854819 0.4765625
f 7578/7578/7578 7577/7577/7577 7576/7576/7576 7575/7575/7575 7574/7574/7574
v -676.5 -496 320
vn 0 0 1
vt 0.512903631 0.584558845
v -687 -495.938599 320
vn 0 0 1
vt 0.514187872 0.584587038
v -687 -603 320
vn 0 0 1
vt 0.514187872 0.535386026
v -624 -603 320
vn 0 0 1
vt 0.506482363 0.535386026
v -591 -496.5 320
vn 0 0 1
vt 0.502446175 0.584329009
f 7583/7583/7583 7582/7582/7582 7581/7581/7581 7580/7580/7580 7579/7579/7579
v -748 -603 320
vn 0 0 1
vt 0.525562644 0.535386026
v -687 -603 320
vn 0 0 1
vt 0.518101752 0.535386026
v -687 -495.938599 320
vn 0 0 1
vt 0.518101752 0.584587038
v -748 -495.581879 320
vn 0 0 1
vt 0.525562644 0.58475095
f 7587/7587/7587 7586/7586/7586 7585/7585/7585 7584/7584/7584
v -748 -480 320
vn 0 0 1
vt 0.462573379 0.14338237
v -748 -495.581879 320
vn 0 0 1
vt 0.462573379 0.136221528
v -687 -495.938599 320
vn 0 0 1
vt 0.455112517 0.136057615
v -748 -479.5 320
vn 0 0 1
vt 0.462573379 0.143612146
f 7591/7591/7591 7590/7590/7590 7589/7589/7589 7588/7588/7588
v -676.5 -496 320
vn 0 0 1
vt 0.475354701 0.136029422
v -592 -496 320
vn 0 0 1
vt 0.465019584 0.136029422
v -592 -480 320
vn 0 0 1
vt 0.465019584 0.14338237
v -592 -479.5 320
vn 0 0 1
vt 0.465019584 0.143612146
v -748 -479.5 320
vn 0 0 1
vt 0.484099805 0.143612146
v -687 -495.938599 320
vn 0 0 1
vt 0.476638943 0.136057615
f 7597/7597/7597 7596/7596/7596 7595/7595/7595 7594/7594/7594 7593/7593/7593 7592/7592/7592
v -377 -496 336
vn 0 1 0
vt 0.488380641 0.136029422
v -380 -496 336
vn 0 1 0
vt 0.488747567 0.136029422
v -380 -496 356
vn 0 1 0
vt 0.488747567 0.145220578
v -364 -496 356
vn 0 1 0
vt 0.486790597 0.145220578
v -364 -496 336
vn 0 1 0
vt 0.486790597 0.136029422
f 7602/7602/7602 7601/7601/7601 7600/7600/7600 7599/7599/7599 7598/7598/7598
v -364 -496 336
vn 0 1 0
vt 0.623776913 0.0477941036
v -364 -496 320
vn 0 1 0
vt 0.623776913 0.0404411554
v -377 -496 320
vn 0 1 0
vt 0.625366926 0.0404411554
v -377 -496 336
vn 0 1 0
vt 0.625366926 0.0477941036
f 7606/7606/7606 7605/7605/7605 7604/7604/7604 7603/7603/7603
v -380 -496 336
vn 1 0 0
vt 0.49327299 0.136029422
v -380 -601 336
vn 1 0 0
vt 0.506115437 0.136029422
v -380 -601 356
vn 1 0 0
vt 0.506115437 0.145220578
v -380 -496 356
vn 1 0 0
vt 0.49327299 0.145220578
f 7610/7610/7610 7609/7609/7609 7608/7608/7608 7607/7607/7607
v -380 -496 336
vn 0 0 1
vt 0.859955966 0.525735259
v -377 -496 336
vn 0 0 1
vt 0.860322893 0.525735259
v -377.969971 -601 336
vn 0 0 1
vt 0.860204279 0.477481604
v -380 -601 336
vn 0 0 1
vt 0.859955966 0.477481604
f 7614/7614/7614 7613/7613/7613 7612/7612/7612 7611/7611/7611
v -377.969971 -601 336
vn 0 1 0
vt 0.511011541 0.136029422
v -364 -601 336
vn 0 1 0
vt 0.512720168 0.136029422
v -364 -601 356
vn 0 1 0
vt 0.512720168 0.145220578
v -380 -601 356
vn 0 1 0
vt 0.510763228 0.145220578
v -380 -601 336
vn 0 1 0
vt 0.510763228 0.136029422
f 7619/7619/7619 7618/7618/7618 7617/7617/7617 7616/7616/7616 7615/7615/7615
v -377.969971 -601 336
vn 0 1 0
vt 0.63038528 0.0477941036
v -377.969971 -601 320
vn 0 1 0
vt 0.63038528 0.0404411554
v -364 -601 320
vn 0 1 0
vt 0.632093906 0.0404411554
v -364 -601 336
vn 0 1 0
vt 0.632093906 0.0477941036
f 7623/7623/7623 7622/7622/7622 7621/7621/7621 7620/7620/7620
v -377.969971 -601 336
vn 0.999957323 -0.00923748128 0
vt 0.635885537 0.0477941036
v -377 -496 336
vn 0.999957323 -0.00923748128 0
vt 0.648728013 0.0477941036
v -377 -496 320
vn 0.999957323 -0.00923748128 0
vt 0.648728013 0.0404411554
v -377.969971 -601 320
vn 0.999957323 -0.00923748128 0
vt 0.635885537 0.0404411554
f 7627/7627/7627 7626/7626/7626 7625/7625/7625 7624/7624/7624
v -377 -480 128
vn 0 1 0
vt 0.72884053 0.783088207
v -364 -480 128
vn 0 1 0
vt 0.730430543 0.783088207
v -364 -480 320
vn 0 1 0
vt 0.730430543 0.871323526
v -576 -480 320
vn 0 1 0
vt 0.704500973 0.871323526
v -576 -480 128
vn 0 1 0
vt 0.704500973 0.783088207
f 7632/7632/7632 7631/7631/7631 7630/7630/7630 7629/7629/7629 7628/7628/7628
v -377 -480 128
vn 0 1 0
vt 0.859955966 0.23161763
v -576 -480 128
vn 0 1 0
vt 0.83561641 0.23161763
v -576 -480 84
vn 0 1 0
vt 0.83561641 0.211397052
v -377 -480 84
vn 0 1 0
vt 0.859955966 0.211397052
f 7636/7636/7636 7635/7635/7635 7634/7634/7634 7633/7633/7633
v -576 -480 128
vn 1 0 0
vt 0.33170253 0.908088207
v -576 -480 320
vn 1 0 0
vt 0.33170253 0.996323526
v -576 -479 320
vn 1 0 0
vt 0.331580222 0.996323526
v -576 -479 84
vn 1 0 0
vt 0.331580222 0.88786763
v -576 -480 84
vn 1 0 0
vt 0.33170253 0.88786763
f 7641/7641/7641 7640/7640/7640 7639/7639/7639 7638/7638/7638 7637/7637/7637
v -364 -480 128
vn 0 0 1
vt 0.652397275 0.0404411554
v -377 -480 128
vn 0 0 1
vt 0.650807261 0.0404411554
v -376.989136 -479 128
vn 0 0 1
vt 0.650808573 0.0409007072
v -364 -479 128
vn 0 0 1
vt 0.652397275 0.0409007072
f 7645/7645/7645 7644/7644/7644 7643/7643/7643 7642/7642/7642
v -576 -480 84
vn 0 0 1
vt 0.655577302 0.0404411554
v -576 -479 84
vn 0 0 1
vt 0.655577302 0.0409007072
v -457 -479 84
vn 0 0 1
vt 0.670132101 0.0409007072
f 7648/7648/7648 7647/7647/7647 7646/7646/7646
v -377 -480 84
vn 0 0 1
vt 0.697529376 0.0404411554
v -576 -480 84
vn 0 0 1
vt 0.673189819 0.0404411554
v -457 -479 84
vn 0 0 1
vt 0.687744617 0.0409007072
v -449 -479 84
vn 0 0 1
vt 0.688723087 0.0409007072
v -441 -479 84
vn 0 0 1
vt 0.689701557 0.0409007072
v -433 -479 84
vn 0 0 1
vt 0.690680027 0.0409007072
v -425 -479 84
vn 0 0 1
vt 0.691658497 0.0409007072
v -417 -479 84
vn 0 0 1
vt 0.692636967 0.0409007072
v -409 -479 84
vn 0 0 1
vt 0.693615437 0.0409007072
v -401 -479 84
vn 0 0 1
vt 0.694593906 0.0409007072
v -393 -479 84
vn 0 0 1
vt 0.695572436 0.0409007072
v -385 -479 84
vn 0 0 1
vt 0.696550906 0.0409007072
v -376.989136 -479 84
vn 0 0 1
vt 0.697530687 0.0409007072
f 7661/7661/7661 7660/7660/7660 7659/7659/7659 7658/7658/7658 7657/7657/7657 7656/7656/7656 7655/7655/7655 7654/7654/7654 7653/7653/7653 7652/7652/7652 7651/7651/7651 7650/7650/7650 7649/7649/7649
v -376.989136 -479 124
vn 0.999940932 -0.0108689228 -0
vt 0.862157524 0.229779422
v -376.989136 -479 128
vn 0.999940932 -0.0108689228 -0
vt 0.862157524 0.23161763
v -377 -480 128
vn 0.999940932 -0.0108689228 -0
vt 0.862035215 0.23161763
v -377 -480 84
vn 0.999940932 -0.0108689228 -0
vt 0.862035215 0.211397052
v -376.989136 -479 84
vn 0.999940932 -0.0108689228 -0
vt 0.862157524 0.211397052
f 7666/7666/7666 7665/7665/7665 7664/7664/7664 7663/7663/7663 7662/7662/7662
v -592 -479.5 320
vn 1 0 0
vt 0.883622825 0.996323526
v -592 -480 320
vn 1 0 0
vt 0.883561671 0.996323526
v -592 -480 96
vn 1 0 0
vt 0.883561671 0.89338237
v -592 -479 96
vn 1 0 0
vt 0.88368398 0.89338237
v -592 -479 320
vn 1 0 0
vt 0.88368398 0.996323526
f 7671/7671/7671 7670/7670/7670 7669/7669/7669 7668/7668/7668 7667/7667/7667
v -592 -479 96
vn 1 0 0
vt 0.554916859 0.408088207
v -592 -480 96
vn 1 0 0
vt 0.55479455 0.408088207
v -592 -480 0
vn 1 0 0
vt 0.55479455 0.363970578
v -592 -479 0
vn 1 0 0
vt 0.554916859 0.363970578
f 7675/7675/7675 7674/7674/7674 7673/7673/7673 7672/7672/7672
v -748 -479.5 320
vn 1 0 0
vt 0.887903631 0.996323526
v -748 -479 320
vn 1 0 0
vt 0.887842476 0.996323526
v -748 -479 96
vn 1 0 0
vt 0.887842476 0.89338237
v -748 -480 96
vn 1 0 0
vt 0.887964785 0.89338237
v -748 -480 320
vn 1 0 0
vt 0.887964785 0.996323526
f 7680/7680/7680 7679/7679/7679 7678/7678/7678 7677/7677/7677 7676/7676/7676
v -748 -480 96
vn 1 0 0
vt 0.559197664 0.408088207
v -748 -479 96
vn 1 0 0
vt 0.559075356 0.408088207
v -748 -479 0
vn 1 0 0
vt 0.559075356 0.363970578
v -748 -480 0
vn 1 0 0
vt 0.559197664 0.363970578
f 7684/7684/7684 7683/7683/7683 7682/7682/7682 7681/7681/7681
v -463 -496 72
vn 1 0 0
vt 0.713184953 0.0445771813
v -463 -603 72
vn 1 0 0
vt 0.700097859 0.0445771813
v -463 -603 66
vn 1 0 0
vt 0.700097859 0.0418198705
v -463 -496 66
vn 1 0 0
vt 0.713184953 0.0418198705
f 7688/7688/7688 7687/7687/7687 7686/7686/7686 7685/7685/7685
v -415 -496 109
vn 1 0 0
vt 0.72884053 0.046875
v -415 -603 109
vn 1 0 0
vt 0.715753436 0.046875
v -415 -603 103
vn 1 0 0
vt 0.715753436 0.0441176295
v -415 -496 103
vn 1 0 0
vt 0.72884053 0.0441176295
f 7692/7692/7692 7691/7691/7691 7690/7690/7690 7689/7689/7689
v -364 -497 128
vn 0 0 1
vt 0.531800389 0.585477948
v -364 -601 128
vn 0 0 1
vt 0.531800389 0.537683845
v -380 -601 128
vn 0 0 1
vt 0.52984345 0.537683845
f 7695/7695/7695 7694/7694/7694 7693/7693/7693
v -384 -496 128
vn 0 0 1
vt 0.535225034 0.5859375
v -364 -496 128
vn 0 0 1
vt 0.537671208 0.5859375
v -364 -497 128
vn 0 0 1
vt 0.537671208 0.585477948
v -380 -601 128
vn 0 0 1
vt 0.535714269 0.537683845
v -383.018677 -601 128
vn 0 0 1
vt 0.535345078 0.537683845
f 7700/7700/7700 7699/7699/7699 7698/7698/7698 7697/7697/7697 7696/7696/7696
v -383 -603 128
vn 0 0 1
vt 0.731042087 0.0441176295
v -383.018677 -601 128
vn 0 0 1
vt 0.731039822 0.0450367928
v -380 -601 128
vn 0 0 1
vt 0.731409013 0.0450367928
v -380 -603 128
vn 0 0 1
vt 0.731409013 0.0441176295
f 7704/7704/7704 7703/7703/7703 7702/7702/7702 7701/7701/7701
v -377.969971 -601 320
vn 0 1 0
vt 0.734103501 0.871323526
v -380 -601 320
vn 0 1 0
vt 0.733855188 0.871323526
v -380 -601 128
vn 0 1 0
vt 0.733855188 0.783088207
v -364 -601 128
vn 0 1 0
vt 0.735812128 0.783088207
v -364 -601 320
vn 0 1 0
vt 0.735812128 0.871323526
f 7709/7709/7709 7708/7708/7708 7707/7707/7707 7706/7706/7706 7705/7705/7705
v -407 -496 128
vn 0 1 0
vt 0.740582168 0.783088207
v -415 -496 128
vn 0 1 0
vt 0.741560638 0.783088207
v -415 -496 320
vn 0 1 0
vt 0.741560638 0.871323526
v -399 -496 128
vn 0 1 0
vt 0.739603698 0.783088207
f 7713/7713/7713 7712/7712/7712 7711/7711/7711 7710/7710/7710
v -377 -496 320
vn 0 1 0
vt 0.746697664 0.871323526
v -364 -496 320
vn 0 1 0
vt 0.745107651 0.871323526
v -364 -496 128
vn 0 1 0
vt 0.745107651 0.783088207
v -384 -496 128
vn 0 1 0
vt 0.747553825 0.783088207
v -391 -496 128
vn 0 1 0
vt 0.748409986 0.783088207
v -399 -496 128
vn 0 1 0
vt 0.749388456 0.783088207
v -415 -496 320
vn 0 1 0
vt 0.751345396 0.871323526
f 7720/7720/7720 7719/7719/7719 7718/7718/7718 7717/7717/7717 7716/7716/7716 7715/7715/7715 7714/7714/7714
v -380 -603 128
vn 1 0 0
vt 0.755014658 0.783088207
v -380 -601 128
vn 1 0 0
vt 0.755259275 0.783088207
v -380 -601 320
vn 1 0 0
vt 0.755259275 0.871323526
v -380 -603 320
vn 1 0 0
vt 0.755014658 0.871323526
f 7724/7724/7724 7723/7723/7723 7722/7722/7722 7721/7721/7721
v -391 -496 127
vn 1 0 0
vt 0.748409986 0.0477941036
v -391 -603 127
vn 1 0 0
vt 0.735322893 0.0477941036
v -391 -603 121
vn 1 0 0
vt 0.735322893 0.0450367928
v -391 -496 121
vn 1 0 0
vt 0.748409986 0.0450367928
f 7728/7728/7728 7727/7727/7727 7726/7726/7726 7725/7725/7725
v -384 -496 127
vn 0 1 0
vt 0.751467705 0.0473345518
v -391 -496 127
vn 0 1 0
vt 0.752323866 0.0473345518
v -391 -496 128
vn 0 1 0
vt 0.752323866 0.0477941036
v -384 -496 128
vn 0 1 0
vt 0.751467705 0.0477941036
f 7732/7732/7732 7731/7731/7731 7730/7730/7730 7729/7729/7729
v -391 -603 127
vn 0 0 1
vt 0.754892349 0.0441176295
v -391 -496 127
vn 0 0 1
vt 0.767979443 0.0441176295
v -384 -496 127
vn 0 0 1
vt 0.767979443 0.0409007072
v -383 -603 127
vn 0 0 1
vt 0.754892349 0.0404411554
f 7736/7736/7736 7735/7735/7735 7734/7734/7734 7733/7733/7733
v -383.018677 -601 128
vn 0.99995631 0.00934538618 -0
vt 0.784491181 0.0477941036
v -383 -603 128
vn 0.99995631 0.00934538618 -0
vt 0.784735799 0.0477941036
v -383 -603 127
vn 0.99995631 0.00934538618 -0
vt 0.784735799 0.0473345518
v -384 -496 127
vn 0.99995631 0.00934538618 -0
vt 0.771648705 0.0473345518
v -384 -496 128
vn 0.99995631 0.00934538618 -0
vt 0.771648705 0.0477941036
f 7741/7741/7741 7740/7740/7740 7739/7739/7739 7738/7738/7738 7737/7737/7737
v -399 -496 121
vn 1 0 0
vt 0.801247537 0.0450367928
v -399 -603 121
vn 1 0 0
vt 0.788160443 0.0450367928
v -399 -603 115
vn 1 0 0
vt 0.788160443 0.0422794223
v -399 -496 115
vn 1 0 0
vt 0.801247537 0.0422794223
f 7745/7745/7745 7744/7744/7744 7743/7743/7743 7742/7742/7742
v -391 -496 127
vn 0 1 0
vt 0.805161476 0.0473345518
v -391 -496 121
vn 0 1 0
vt 0.805161476 0.0445771813
v -399 -496 121
vn 0 1 0
vt 0.806139946 0.0445771813
v -399 -496 128
vn 0 1 0
vt 0.806139946 0.0477941036
v -391 -496 128
vn 0 1 0
vt 0.805161476 0.0477941036
f 7750/7750/7750 7749/7749/7749 7748/7748/7748 7747/7747/7747 7746/7746/7746
v -399 -496 121
vn 0 0 1
vt 0.822773993 0.0477941036
v -391 -496 121
vn 0 0 1
vt 0.822773993 0.0441176295
v -391 -603 121
vn 0 0 1
vt 0.809686899 0.0441176295
v -399 -603 121
vn 0 0 1
vt 0.809686899 0.0477941036
f 7754/7754/7754 7753/7753/7753 7752/7752/7752 7751/7751/7751
v -407 -496 115
vn 1 0 0
vt 0.529231906 0.145220578
v -407 -603 115
vn 1 0 0
vt 0.516144812 0.145220578
v -407 -603 109
vn 1 0 0
vt 0.516144812 0.142463207
v -407 -496 109
vn 1 0 0
vt 0.529231906 0.142463207
f 7758/7758/7758 7757/7757/7757 7756/7756/7756 7755/7755/7755
v -399 -496 121
vn 0 1 0
vt 0.825709403 0.0445771813
v -399 -496 115
vn 0 1 0
vt 0.825709403 0.0418198705
v -407 -496 115
vn 0 1 0
vt 0.826687872 0.0418198705
v -407 -496 128
vn 0 1 0
vt 0.826687872 0.0477941036
v -399 -496 128
vn 0 1 0
vt 0.825709403 0.0477941036
f 7763/7763/7763 7762/7762/7762 7761/7761/7761 7760/7760/7760 7759/7759/7759
v -407 -496 115
vn 0 0 1
vt 0.84234345 0.0441176295
v -399 -496 115
vn 0 0 1
vt 0.84234345 0.0404411554
v -399 -603 115
vn 0 0 1
vt 0.829256356 0.0404411554
v -407 -603 115
vn 0 0 1
vt 0.829256356 0.0441176295
f 7767/7767/7767 7766/7766/7766 7765/7765/7765 7764/7764/7764
v -407 -496 115
vn 0 1 0
vt 0.533145785 0.144761026
v -407 -496 109
vn 0 1 0
vt 0.533145785 0.142003655
v -415 -496 109
vn 0 1 0
vt 0.534124255 0.142003655
v -415 -496 128
vn 0 1 0
vt 0.534124255 0.150735319
v -407 -496 128
vn 0 1 0
vt 0.533145785 0.150735319
f 7772/7772/7772 7771/7771/7771 7770/7770/7770 7769/7769/7769 7768/7768/7768
v -415 -496 109
vn 0 0 1
vt 0.857999027 0.0477941036
v -407 -496 109
vn 0 0 1
vt 0.857999027 0.0441176295
v -407 -603 109
vn 0 0 1
vt 0.844911933 0.0441176295
v -415 -603 109
vn 0 0 1
vt 0.844911933 0.0477941036
f 7776/7776/7776 7775/7775/7775 7774/7774/7774 7773/7773/7773
v -415 -496 320
vn 0 1 0
vt 0.759173214 0.871323526
v -415 -496 128
vn 0 1 0
vt 0.759173214 0.783088207
v -423 -496 128
vn 0 1 0
vt 0.760151684 0.783088207
v -431 -496 128
vn 0 1 0
vt 0.761130154 0.783088207
v -439 -496 128
vn 0 1 0
vt 0.762108624 0.783088207
f 7781/7781/7781 7780/7780/7780 7779/7779/7779 7778/7778/7778 7777/7777/7777
v -463 -496 320
vn 0 1 0
vt 0.770914853 0.871323526
v -415 -496 320
vn 0 1 0
vt 0.765044034 0.871323526
v -439 -496 128
vn 0 1 0
vt 0.767979443 0.783088207
v -447 -496 128
vn 0 1 0
vt 0.768957913 0.783088207
v -455 -496 128
vn 0 1 0
vt 0.769936383 0.783088207
v -463 -496 128
vn 0 1 0
vt 0.770914853 0.783088207
f 7787/7787/7787 7786/7786/7786 7785/7785/7785 7784/7784/7784 7783/7783/7783 7782/7782/7782
v -439 -496 90
vn 1 0 0
vt 0.873654604 0.0454963446
v -439 -603 90
vn 1 0 0
vt 0.86056751 0.0454963446
v -439 -603 84
vn 1 0 0
vt 0.86056751 0.0427389741
v -439 -496 84
vn 1 0 0
vt 0.873654604 0.0427389741
f 7791/7791/7791 7790/7790/7790 7789/7789/7789 7788/7788/7788
v -423 -496 103
vn 1 0 0
vt 0.889310181 0.0441176295
v -423 -603 103
vn 1 0 0
vt 0.876223087 0.0441176295
v -423 -603 97
vn 1 0 0
vt 0.876223087 0.0413603187
v -423 -496 97
vn 1 0 0
vt 0.889310181 0.0413603187
f 7795/7795/7795 7794/7794/7794 7793/7793/7793 7792/7792/7792
v -415 -496 109
vn 0 1 0
vt 0.538038135 0.142003655
v -415 -496 103
vn 0 1 0
vt 0.538038135 0.139246345
v -423 -496 103
vn 0 1 0
vt 0.539016604 0.139246345
v -423 -496 128
vn 0 1 0
vt 0.539016604 0.150735319
v -415 -496 128
vn 0 1 0
vt 0.538038135 0.150735319
f 7800/7800/7800 7799/7799/7799 7798/7798/7798 7797/7797/7797 7796/7796/7796
v -423 -496 103
vn 0 0 1
vt 0.904965758 0.0441176295
v -415 -496 103
vn 0 0 1
vt 0.904965758 0.0404411554
v -415 -603 103
vn 0 0 1
vt 0.891878664 0.0404411554
v -423 -603 103
vn 0 0 1
vt 0.891878664 0.0441176295
f 7804/7804/7804 7803/7803/7803 7802/7802/7802 7801/7801/7801
v -431 -496 97
vn 1 0 0
vt 0.554672182 0.144301474
v -431 -603 97
vn 1 0 0
vt 0.541585147 0.144301474
v -431 -603 90
vn 1 0 0
vt 0.541585147 0.141084552
v -431 -496 90
vn 1 0 0
vt 0.554672182 0.141084552
f 7808/7808/7808 7807/7807/7807 7806/7806/7806 7805/7805/7805
v -423 -496 103
vn 0 1 0
vt 0.558586121 0.139246345
v -423 -496 97
vn 0 1 0
vt 0.558586121 0.136488974
v -431 -496 97
vn 0 1 0
vt 0.55956459 0.136488974
v -431 -496 128
vn 0 1 0
vt 0.55956459 0.150735319
v -423 -496 128
vn 0 1 0
vt 0.558586121 0.150735319
f 7813/7813/7813 7812/7812/7812 7811/7811/7811 7810/7810/7810 7809/7809/7809
v -431 -496 97
vn 0 0 1
vt 0.920621336 0.0477941036
v -423 -496 97
vn 0 0 1
vt 0.920621336 0.0441176295
v -423 -603 97
vn 0 0 1
vt 0.907534242 0.0441176295
v -431 -603 97
vn 0 0 1
vt 0.907534242 0.0477941036
f 7817/7817/7817 7816/7816/7816 7815/7815/7815 7814/7814/7814
v -431 -496 97
vn 0 1 0
vt 0.866805255 0.217371345
v -431 -496 90
vn 0 1 0
vt 0.866805255 0.214154422
v -439 -496 90
vn 0 1 0
vt 0.867783785 0.214154422
v -439 -496 128
vn 0 1 0
vt 0.867783785 0.23161763
v -431 -496 128
vn 0 1 0
vt 0.866805255 0.23161763
f 7822/7822/7822 7821/7821/7821 7820/7820/7820 7819/7819/7819 7818/7818/7818
v -439 -496 90
vn 0 0 1
vt 0.936276913 0.0441176295
v -431 -496 90
vn 0 0 1
vt 0.936276913 0.0404411554
v -431 -603 90
vn 0 0 1
vt 0.923189819 0.0404411554
v -439 -603 90
vn 0 0 1
vt 0.923189819 0.0441176295
f 7826/7826/7826 7825/7825/7825 7824/7824/7824 7823/7823/7823
v -447 -496 84
vn 1 0 0
vt 0.576198637 0.14568013
v -447 -603 84
vn 1 0 0
vt 0.563111544 0.14568013
v -447 -603 78
vn 1 0 0
vt 0.563111544 0.142922819
v -447 -496 78
vn 1 0 0
vt 0.576198637 0.142922819
f 7830/7830/7830 7829/7829/7829 7828/7828/7828 7827/7827/7827
v -439 -496 90
vn 0 1 0
vt 0.871697664 0.214154422
v -439 -496 84
vn 0 1 0
vt 0.871697664 0.211397052
v -447 -496 84
vn 0 1 0
vt 0.872676134 0.211397052
v -447 -496 128
vn 0 1 0
vt 0.872676134 0.23161763
v -439 -496 128
vn 0 1 0
vt 0.871697664 0.23161763
f 7835/7835/7835 7834/7834/7834 7833/7833/7833 7832/7832/7832 7831/7831/7831
v -447 -496 84
vn 0 0 1
vt 0.95193249 0.0477941036
v -439 -496 84
vn 0 0 1
vt 0.95193249 0.0441176295
v -439 -603 84
vn 0 0 1
vt 0.938845396 0.0441176295
v -447 -603 84
vn 0 0 1
vt 0.938845396 0.0477941036
f 7839/7839/7839 7838/7838/7838 7837/7837/7837 7836/7836/7836
v -455 -496 78
vn 1 0 0
vt 0.967588067 0.0473345518
v -455 -603 78
vn 1 0 0
vt 0.954500973 0.0473345518
v -455 -603 72
vn 1 0 0
vt 0.954500973 0.0445771813
v -455 -496 72
vn 1 0 0
vt 0.967588067 0.0445771813
f 7843/7843/7843 7842/7842/7842 7841/7841/7841 7840/7840/7840
v -447 -496 84
vn 0 1 0
vt 0.201443255 0.248161793
v -447 -496 78
vn 0 1 0
vt 0.201443255 0.245404422
v -455 -496 78
vn 0 1 0
vt 0.202421725 0.245404422
v -455 -496 128
vn 0 1 0
vt 0.202421725 0.26838237
v -447 -496 128
vn 0 1 0
vt 0.201443255 0.26838237
f 7848/7848/7848 7847/7847/7847 7846/7846/7846 7845/7845/7845 7844/7844/7844
v -455 -496 78
vn 0 0 1
vt 0.983243644 0.0441176295
v -447 -496 78
vn 0 0 1
vt 0.983243644 0.0404411554
v -447 -603 78
vn 0 0 1
vt 0.97015655 0.0404411554
v -455 -603 78
vn 0 0 1
vt 0.97015655 0.0441176295
f 7852/7852/7852 7851/7851/7851 7850/7850/7850 7849/7849/7849
v -455 -496 78
vn 0 1 0
vt 0.206335619 0.245404422
v -455 -496 72
vn 0 1 0
vt 0.206335619 0.242647052
v -463 -496 72
vn 0 1 0
vt 0.207314089 0.242647052
v -463 -496 128
vn 0 1 0
vt 0.207314089 0.26838237
v -455 -496 128
vn 0 1 0
vt 0.206335619 0.26838237
f 7857/7857/7857 7856/7856/7856 7855/7855/7855 7854/7854/7854 7853/7853/7853
v -463 -496 72
vn 0 0 1
vt 0.998899221 0.0477941036
v -455 -496 72
vn 0 0 1
vt 0.998899221 0.0441176295
v -455 -603 72
vn 0 0 1
vt 0.985812128 0.0441176295
v -463 -603 72
vn 0 0 1
vt 0.985812128 0.0477941036
f 7861/7861/7861 7860/7860/7860 7859/7859/7859 7858/7858/7858
v -592 -496 128
vn 1 0 0
vt 0.89138943 0.908088207
v -592 -496 96
vn 1 0 0
vt 0.89138943 0.89338237
v -592 -480 96
vn 1 0 0
vt 0.893346369 0.89338237
v -592 -480 320
vn 1 0 0
vt 0.893346369 0.996323526
v -592 -496 320
vn 1 0 0
vt 0.89138943 0.996323526
f 7866/7866/7866 7865/7865/7865 7864/7864/7864 7863/7863/7863 7862/7862/7862
v -592 -496 0
vn 1 0 0
vt 0.562622309 0.363970578
v -592 -480 0
vn 1 0 0
vt 0.564579248 0.363970578
v -592 -480 96
vn 1 0 0
vt 0.564579248 0.408088207
v -592 -496 96
vn 1 0 0
vt 0.562622309 0.408088207
f 7870/7870/7870 7869/7869/7869 7868/7868/7868 7867/7867/7867
v -591.014709 -496 320
vn 0 1 0
vt 0.782658339 0.871323526
v -527 -496 128
vn 0 1 0
vt 0.774828792 0.783088207
v -535 -496 128
vn 0 1 0
vt 0.775807261 0.783088207
v -543 -496 128
vn 0 1 0
vt 0.776785731 0.783088207
v -551 -496 128
vn 0 1 0
vt 0.777764201 0.783088207
v -592 -496 128
vn 0 1 0
vt 0.782778859 0.783088207
v -592 -496 320
vn 0 1 0
vt 0.782778859 0.871323526
f 7877/7877/7877 7876/7876/7876 7875/7875/7875 7874/7874/7874 7873/7873/7873 7872/7872/7872 7871/7871/7871
v -463 -496 320
vn 0 1 0
vt 0.78657043 0.871323526
v -463 -496 128
vn 0 1 0
vt 0.78657043 0.783088207
v -471 -496 128
vn 0 1 0
vt 0.7875489 0.783088207
v -479 -496 128
vn 0 1 0
vt 0.788527369 0.783088207
v -487 -496 128
vn 0 1 0
vt 0.789505899 0.783088207
v -495 -496 128
vn 0 1 0
vt 0.790484369 0.783088207
v -503 -496 128
vn 0 1 0
vt 0.791462839 0.783088207
v -511 -496 128
vn 0 1 0
vt 0.792441308 0.783088207
v -519 -496 128
vn 0 1 0
vt 0.793419778 0.783088207
v -527 -496 128
vn 0 1 0
vt 0.794398248 0.783088207
v -591.014709 -496 320
vn 0 1 0
vt 0.802227795 0.871323526
f 7888/7888/7888 7887/7887/7887 7886/7886/7886 7885/7885/7885 7884/7884/7884 7883/7883/7883 7882/7882/7882 7881/7881/7881 7880/7880/7880 7879/7879/7879 7878/7878/7878
v -511 -496 36
vn 1 0 0
vt 0.591854215 0.14568013
v -511 -603 36
vn 1 0 0
vt 0.578767121 0.14568013
v -511 -603 30
vn 1 0 0
vt 0.578767121 0.142922819
v -511 -496 30
vn 1 0 0
vt 0.591854215 0.142922819
f 7892/7892/7892 7891/7891/7891 7890/7890/7890 7889/7889/7889
v -487 -496 54
vn 1 0 0
vt 0.0145547949 0.0289521813
v -487 -603 54
vn 1 0 0
vt 0.00146771036 0.0289521813
v -487 -603 48
vn 1 0 0
vt 0.00146771036 0.0261948705
v -487 -496 48
vn 1 0 0
vt 0.0145547949 0.0261948705
f 7896/7896/7896 7895/7895/7895 7894/7894/7894 7893/7893/7893
v -471 -496 66
vn 1 0 0
vt 0.607509792 0.144761026
v -471 -603 66
vn 1 0 0
vt 0.594422698 0.144761026
v -471 -603 60
vn 1 0 0
vt 0.594422698 0.142003655
v -471 -496 60
vn 1 0 0
vt 0.607509792 0.142003655
f 7900/7900/7900 7899/7899/7899 7898/7898/7898 7897/7897/7897
v -463 -496 72
vn 0 1 0
vt 0.211227983 0.242647052
v -463 -496 66
vn 0 1 0
vt 0.211227983 0.239889681
v -471 -496 66
vn 0 1 0
vt 0.212206453 0.239889681
v -471 -496 128
vn 0 1 0
vt 0.212206453 0.26838237
v -463 -496 128
vn 0 1 0
vt 0.211227983 0.26838237
f 7905/7905/7905 7904/7904/7904 7903/7903/7903 7902/7902/7902 7901/7901/7901
v -471 -496 66
vn 0 0 1
vt 0.0302103721 0.0294117928
v -463 -496 66
vn 0 0 1
vt 0.0302103721 0.0257353187
v -463 -603 66
vn 0 0 1
vt 0.0171232875 0.0257353187
v -471 -603 66
vn 0 0 1
vt 0.0171232875 0.0294117928
f 7909/7909/7909 7908/7908/7908 7907/7907/7907 7906/7906/7906
v -479 -496 60
vn 1 0 0
vt 0.0458659492 0.0317095518
v -479 -603 60
vn 1 0 0
vt 0.0327788666 0.0317095518
v -479 -603 54
vn 1 0 0
vt 0.0327788666 0.0289521813
v -479 -496 54
vn 1 0 0
vt 0.0458659492 0.0289521813
f 7913/7913/7913 7912/7912/7912 7911/7911/7911 7910/7910/7910
v -471 -496 66
vn 0 1 0
vt 0.687744617 0.328125
v -471 -496 60
vn 0 1 0
vt 0.687744617 0.32536763
v -479 -496 60
vn 0 1 0
vt 0.688723087 0.32536763
v -479 -496 128
vn 0 1 0
vt 0.688723087 0.35661763
v -471 -496 128
vn 0 1 0
vt 0.687744617 0.35661763
f 7918/7918/7918 7917/7917/7917 7916/7916/7916 7915/7915/7915 7914/7914/7914
v -479 -496 60
vn 0 0 1
vt 0.0615215264 0.0330882072
v -471 -496 60
vn 0 0 1
vt 0.0615215264 0.0294117928
v -471 -603 60
vn 0 0 1
vt 0.0484344438 0.0294117928
v -479 -603 60
vn 0 0 1
vt 0.0484344438 0.0330882072
f 7922/7922/7922 7921/7921/7921 7920/7920/7920 7919/7919/7919
v -479 -496 60
vn 0 1 0
vt 0.692636967 0.32536763
v -479 -496 54
vn 0 1 0
vt 0.692636967 0.322610319
v -487 -496 54
vn 0 1 0
vt 0.693615437 0.322610319
v -487 -496 128
vn 0 1 0
vt 0.693615437 0.35661763
v -479 -496 128
vn 0 1 0
vt 0.692636967 0.35661763
f 7927/7927/7927 7926/7926/7926 7925/7925/7925 7924/7924/7924 7923/7923/7923
v -487 -496 54
vn 0 0 1
vt 0.0771771073 0.0330882072
v -479 -496 54
vn 0 0 1
vt 0.0771771073 0.0294117928
v -479 -603 54
vn 0 0 1
vt 0.064090021 0.0294117928
v -487 -603 54
vn 0 0 1
vt 0.064090021 0.0330882072
f 7931/7931/7931 7930/7930/7930 7929/7929/7929 7928/7928/7928
v -495 -496 48
vn 1 0 0
vt 0.623165369 0.143841922
v -495 -603 48
vn 1 0 0
vt 0.610078275 0.143841922
v -495 -603 42
vn 1 0 0
vt 0.610078275 0.141084552
v -495 -496 42
vn 1 0 0
vt 0.623165369 0.141084552
f 7935/7935/7935 7934/7934/7934 7933/7933/7933 7932/7932/7932
v -487 -496 54
vn 0 1 0
vt 0.697529376 0.322610319
v -487 -496 48
vn 0 1 0
vt 0.697529376 0.319852948
v -495 -496 48
vn 0 1 0
vt 0.698507845 0.319852948
v -495 -496 128
vn 0 1 0
vt 0.698507845 0.35661763
v -487 -496 128
vn 0 1 0
vt 0.697529376 0.35661763
f 7940/7940/7940 7939/7939/7939 7938/7938/7938 7937/7937/7937 7936/7936/7936
v -495 -496 48
vn 0 0 1
vt 0.0928326845 0.0330882072
v -487 -496 48
vn 0 0 1
vt 0.0928326845 0.0294117928
v -487 -603 48
vn 0 0 1
vt 0.0797455981 0.0294117928
v -495 -603 48
vn 0 0 1
vt 0.0797455981 0.0330882072
f 7944/7944/7944 7943/7943/7943 7942/7942/7942 7941/7941/7941
v -503 -496 42
vn 1 0 0
vt 0.108488262 0.0307904482
v -503 -603 42
vn 1 0 0
vt 0.0954011753 0.0307904482
v -503 -603 36
vn 1 0 0
vt 0.0954011753 0.0280330777
v -503 -496 36
vn 1 0 0
vt 0.108488262 0.0280330777
f 7948/7948/7948 7947/7947/7947 7946/7946/7946 7945/7945/7945
v -495 -496 48
vn 0 1 0
vt 0.567392349 0.371323526
v -495 -496 42
vn 0 1 0
vt 0.567392349 0.368566155
v -503 -496 42
vn 0 1 0
vt 0.568370819 0.368566155
v -503 -496 128
vn 0 1 0
vt 0.568370819 0.408088207
v -495 -496 128
vn 0 1 0
vt 0.567392349 0.408088207
f 7953/7953/7953 7952/7952/7952 7951/7951/7951 7950/7950/7950 7949/7949/7949
v -503 -496 42
vn 0 0 1
vt 0.124143839 0.0330882072
v -495 -496 42
vn 0 0 1
vt 0.124143839 0.0294117928
v -495 -603 42
vn 0 0 1
vt 0.111056753 0.0294117928
v -503 -603 42
vn 0 0 1
vt 0.111056753 0.0330882072
f 7957/7957/7957 7956/7956/7956 7955/7955/7955 7954/7954/7954
v -503 -496 42
vn 0 1 0
vt 0.572284758 0.368566155
v -503 -496 36
vn 0 1 0
vt 0.572284758 0.365808845
v -511 -496 36
vn 0 1 0
vt 0.573263228 0.365808845
v -511 -496 128
vn 0 1 0
vt 0.573263228 0.408088207
v -503 -496 128
vn 0 1 0
vt 0.572284758 0.408088207
f 7962/7962/7962 7961/7961/7961 7960/7960/7960 7959/7959/7959 7958/7958/7958
v -511 -496 36
vn 0 0 1
vt 0.139799416 0.0330882072
v -503 -496 36
vn 0 0 1
vt 0.139799416 0.0294117928
v -503 -603 36
vn 0 0 1
vt 0.126712322 0.0294117928
v -511 -603 36
vn 0 0 1
vt 0.126712322 0.0330882072
f 7966/7966/7966 7965/7965/7965 7964/7964/7964 7963/7963/7963
v -527 -496 24
vn 1 0 0
vt 0.155454993 0.0298713446
v -527 -603 24
vn 1 0 0
vt 0.142367899 0.0298713446
v -527 -603 18
vn 1 0 0
vt 0.142367899 0.0271139741
v -527 -496 18
vn 1 0 0
vt 0.155454993 0.0271139741
f 7970/7970/7970 7969/7969/7969 7968/7968/7968 7967/7967/7967
v -519 -496 30
vn 1 0 0
vt 0.17111057 0.0326286554
v -519 -603 30
vn 1 0 0
vt 0.158023477 0.0326286554
v -519 -603 24
vn 1 0 0
vt 0.158023477 0.0298713446
v -519 -496 24
vn 1 0 0
vt 0.17111057 0.0298713446
f 7974/7974/7974 7973/7973/7973 7972/7972/7972 7971/7971/7971
v -511 -496 36
vn 0 1 0
vt 0.864848316 0.483455896
v -511 -496 30
vn 0 1 0
vt 0.864848316 0.480698526
v -519 -496 30
vn 0 1 0
vt 0.865826786 0.480698526
v -519 -496 128
vn 0 1 0
vt 0.865826786 0.525735259
v -511 -496 128
vn 0 1 0
vt 0.864848316 0.525735259
f 7979/7979/7979 7978/7978/7978 7977/7977/7977 7976/7976/7976 7975/7975/7975
v -519 -496 30
vn 0 0 1
vt 0.186766148 0.0330882072
v -511 -496 30
vn 0 0 1
vt 0.186766148 0.0294117928
v -511 -603 30
vn 0 0 1
vt 0.173679054 0.0294117928
v -519 -603 30
vn 0 0 1
vt 0.173679054 0.0330882072
f 7983/7983/7983 7982/7982/7982 7981/7981/7981 7980/7980/7980
v -519 -496 30
vn 0 1 0
vt 0.869740725 0.480698526
v -519 -496 24
vn 0 1 0
vt 0.869740725 0.477941155
v -527 -496 24
vn 0 1 0
vt 0.870719194 0.477941155
v -527 -496 128
vn 0 1 0
vt 0.870719194 0.525735259
v -519 -496 128
vn 0 1 0
vt 0.869740725 0.525735259
f 7988/7988/7988 7987/7987/7987 7986/7986/7986 7985/7985/7985 7984/7984/7984
v -527 -496 24
vn 0 0 1
vt 0.202421725 0.0330882072
v -519 -496 24
vn 0 0 1
vt 0.202421725 0.0294117928
v -519 -603 24
vn 0 0 1
vt 0.189334631 0.0294117928
v -527 -603 24
vn 0 0 1
vt 0.189334631 0.0330882072
f 7992/7992/7992 7991/7991/7991 7990/7990/7990 7989/7989/7989
v -535 -496 18
vn 1 0 0
vt 0.638820946 0.144761026
v -535 -603 18
vn 1 0 0
vt 0.625733852 0.144761026
v -535 -603 12
vn 1 0 0
vt 0.625733852 0.142003655
v -535 -496 12
vn 1 0 0
vt 0.638820946 0.142003655
f 7996/7996/7996 7995/7995/7995 7994/7994/7994 7993/7993/7993
v -527 -496 24
vn 0 1 0
vt 0.874633074 0.477941155
v -527 -496 18
vn 0 1 0
vt 0.874633074 0.475183845
v -535 -496 18
vn 0 1 0
vt 0.875611544 0.475183845
v -535 -496 128
vn 0 1 0
vt 0.875611544 0.525735259
v -527 -496 128
vn 0 1 0
vt 0.874633074 0.525735259
f 8001/8001/8001 8000/8000/8000 7999/7999/7999 7998/7998/7998 7997/7997/7997
v -535 -496 18
vn 0 0 1
vt 0.218077302 0.0330882072
v -527 -496 18
vn 0 0 1
vt 0.218077302 0.0294117928
v -527 -603 18
vn 0 0 1
vt 0.204990208 0.0294117928
v -535 -603 18
vn 0 0 1
vt 0.204990208 0.0330882072
f 8005/8005/8005 8004/8004/8004 8003/8003/8003 8002/8002/8002
v -543 -496 12
vn 1 0 0
vt 0.233732879 0.0317095518
v -543 -603 12
vn 1 0 0
vt 0.220645785 0.0317095518
v -543 -603 6
vn 1 0 0
vt 0.220645785 0.0289521813
v -543 -496 6
vn 1 0 0
vt 0.233732879 0.0289521813
f 8009/8009/8009 8008/8008/8008 8007/8007/8007 8006/8006/8006
v -535 -496 18
vn 0 1 0
vt 0.542930543 0.541360259
v -535 -496 12
vn 0 1 0
vt 0.542930543 0.538602948
v -543 -496 12
vn 0 1 0
vt 0.543909013 0.538602948
v -543 -496 128
vn 0 1 0
vt 0.543909013 0.591911793
v -535 -496 128
vn 0 1 0
vt 0.542930543 0.591911793
f 8014/8014/8014 8013/8013/8013 8012/8012/8012 8011/8011/8011 8010/8010/8010
v -543 -496 12
vn 0 0 1
vt 0.249388456 0.0330882072
v -535 -496 12
vn 0 0 1
vt 0.249388456 0.0294117928
v -535 -603 12
vn 0 0 1
vt 0.236301363 0.0294117928
v -543 -603 12
vn 0 0 1
vt 0.236301363 0.0330882072
f 8018/8018/8018 8017/8017/8017 8016/8016/8016 8015/8015/8015
v -551 -496 6
vn 1 0 0
vt 0.265044034 0.0289521813
v -551 -603 6
vn 1 0 0
vt 0.25195694 0.0289521813
v -551 -603 0
vn 1 0 0
vt 0.25195694 0.0261948705
v -551 -496 0
vn 1 0 0
vt 0.265044034 0.0261948705
f 8022/8022/8022 8021/8021/8021 8020/8020/8020 8019/8019/8019
v -543 -496 12
vn 0 1 0
vt 0.547822893 0.538602948
v -543 -496 6
vn 0 1 0
vt 0.547822893 0.535845578
v -551 -496 6
vn 0 1 0
vt 0.548801363 0.535845578
v -551 -496 128
vn 0 1 0
vt 0.548801363 0.591911793
v -543 -496 128
vn 0 1 0
vt 0.547822893 0.591911793
f 8027/8027/8027 8026/8026/8026 8025/8025/8025 8024/8024/8024 8023/8023/8023
v -551 -496 6
vn 0 0 1
vt 0.280699611 0.0330882072
v -543 -496 6
vn 0 0 1
vt 0.280699611 0.0294117928
v -543 -603 6
vn 0 0 1
vt 0.267612517 0.0294117928
v -551 -603 6
vn 0 0 1
vt 0.267612517 0.0330882072
f 8031/8031/8031 8030/8030/8030 8029/8029/8029 8028/8028/8028
v -592 -496 96
vn 0 1 0
vt 0.647749484 0.136029422
v -592 -496 128
vn 0 1 0
vt 0.647749484 0.150735319
v -551 -496 128
vn 0 1 0
vt 0.642734826 0.150735319
f 8034/8034/8034 8033/8033/8033 8032/8032/8032
v -551 -496 6
vn 0 1 0
vt 0.552715242 0.535845578
v -551 -496 0
vn 0 1 0
vt 0.552715242 0.533088207
v -592 -496 0
vn 0 1 0
vt 0.557729959 0.533088207
v -592 -496 96
vn 0 1 0
vt 0.557729959 0.577205896
v -551 -496 128
vn 0 1 0
vt 0.552715242 0.591911793
f 8039/8039/8039 8038/8038/8038 8037/8037/8037 8036/8036/8036 8035/8035/8035
v -748 -495.581879 320
vn 1 0 0
vt 0.897698402 0.996323526
v -748 -480 320
vn 1 0 0
vt 0.895792544 0.996323526
v -748 -480 96
vn 1 0 0
vt 0.895792544 0.89338237
v -748 -603 96
vn 1 0 0
vt 0.910836577 0.89338237
v -748 -603 320
vn 1 0 0
vt 0.910836577 0.996323526
f 8044/8044/8044 8043/8043/8043 8042/8042/8042 8041/8041/8041 8040/8040/8040
v -748 -496 0
vn 1 0 0
vt 0.578767121 0.363970578
v -748 -603 0
vn 1 0 0
vt 0.591854215 0.363970578
v -748 -603 96
vn 1 0 0
vt 0.591854215 0.408088207
v -748 -480 96
vn 1 0 0
vt 0.576810181 0.408088207
v -748 -480 0
vn 1 0 0
vt 0.576810181 0.363970578
f 8049/8049/8049 8048/8048/8048 8047/8047/8047 8046/8046/8046 8045/8045/8045
v -380 -816 356
vn 0 0 1
vt 0.881115437 0.525735259
v -380 -912.353271 356
vn 0 0 1
vt 0.881115437 0.481455326
v -364 -896.353271 356
vn 0 0 1
vt 0.879158497 0.488808215
v -364 -816 356
vn 0 0 1
vt 0.879158497 0.525735259
f 8053/8053/8053 8052/8052/8052 8051/8051/8051 8050/8050/8050
v -380 -820.75 336
vn 1 0 0
vt 0.652366698 0.136029422
v -380 -912.353271 336
vn 1 0 0
vt 0.663570642 0.136029422
v -380 -912.353271 356
vn 1 0 0
vt 0.663570642 0.145220578
v -380 -816 356
vn 1 0 0
vt 0.651785731 0.145220578
v -380 -816 336
vn 1 0 0
vt 0.651785731 0.136029422
f 8058/8058/8058 8057/8057/8057 8056/8056/8056 8055/8055/8055 8054/8054/8054
v -380 -816 336
vn 0.999957323 -0.00923748128 0
vt 0.284735799 0.0330882072
v -380 -816 320
vn 0.999957323 -0.00923748128 0
vt 0.284735799 0.0257353187
v -380 -820.75 320
vn 0.999957323 -0.00923748128 0
vt 0.284154832 0.0257353187
v -380 -820.75 336
vn 0.999957323 -0.00923748128 0
vt 0.284154832 0.0330882072
f 8062/8062/8062 8061/8061/8061 8060/8060/8060 8059/8059/8059
v -380 -603 128
vn 1 0 0
vt 0.831335604 0.783088207
v -380 -603 320
vn 1 0 0
vt 0.831335604 0.871323526
v -380 -816 320
vn 1 0 0
vt 0.805283785 0.871323526
f 8065/8065/8065 8064/8064/8064 8063/8063/8063
v -380 -816 96
vn 1 0 0
vt 0.912915826 0.89338237
v -380 -603 96
vn 1 0 0
vt 0.938967705 0.89338237
v -380 -603 112
vn 1 0 0
vt 0.938967705 0.900735319
v -380 -603 128
vn 1 0 0
vt 0.938967705 0.908088207
v -380 -816 320
vn 1 0 0
vt 0.912915826 0.996323526
f 8070/8070/8070 8069/8069/8069 8068/8068/8068 8067/8067/8067 8066/8066/8066
v -380 -603 0
vn 1 0 0
vt 0.619985342 0.363970578
v -380 -603 96
vn 1 0 0
vt 0.619985342 0.408088207
v -380 -816 96
vn 1 0 0
vt 0.593933463 0.408088207
v -380 -816 0
vn 1 0 0
vt 0.593933463 0.363970578
f 8074/8074/8074 8073/8073/8073 8072/8072/8072 8071/8071/8071
v -364 -816 336
vn 0 1 0
vt 0.667319 0.136029422
v -380 -816 336
vn 0 1 0
vt 0.669275939 0.136029422
v -380 -816 356
vn 0 1 0
vt 0.669275939 0.145220578
v -364 -816 356
vn 0 1 0
vt 0.667319 0.145220578
f 8078/8078/8078 8077/8077/8077 8076/8076/8076 8075/8075/8075
v -364 -816 336
vn 0 1 0
vt 0.287671238 0.0330882072
v -364 -816 320
vn 0 1 0
vt 0.287671238 0.0257353187
v -380 -816 320
vn 0 1 0
vt 0.289628178 0.0257353187
v -380 -816 336
vn 0 1 0
vt 0.289628178 0.0330882072
f 8082/8082/8082 8081/8081/8081 8080/8080/8080 8079/8079/8079
v -364 -816 128
vn 0 1 0
vt 0.94324851 0.908088207
v -364 -816 96
vn 0 1 0
vt 0.94324851 0.89338237
v -380 -816 96
vn 0 1 0
vt 0.94520545 0.89338237
v -380 -816 320
vn 0 1 0
vt 0.94520545 0.996323526
v -364 -816 320
vn 0 1 0
vt 0.94324851 0.996323526
f 8087/8087/8087 8086/8086/8086 8085/8085/8085 8084/8084/8084 8083/8083/8083
v -380 -816 96
vn 0 1 0
vt 0.626223087 0.408088207
v -364 -816 96
vn 0 1 0
vt 0.624266148 0.408088207
v -364 -816 0
vn 0 1 0
vt 0.624266148 0.363970578
v -380 -816 0
vn 0 1 0
vt 0.626223087 0.363970578
f 8091/8091/8091 8090/8090/8090 8089/8089/8089 8088/8088/8088
v -748 -921.175415 320
vn 1 0 0
vt 0.961494029 0.996323526
v -748 -827 320
vn 1 0 0
vt 0.94997555 0.996323526
v -748 -827 96
vn 1 0 0
vt 0.94997555 0.89338237
v -748 -921.175415 96
vn 1 0 0
vt 0.961494029 0.89338237
f 8095/8095/8095 8094/8094/8094 8093/8093/8093 8092/8092/8092
v -748 -603 96
vn 1 0 0
vt 0.965631127 0.89338237
v -748 -827 96
vn 1 0 0
vt 0.993028402 0.89338237
v -748 -827 320
vn 1 0 0
vt 0.993028402 0.996323526
v -748 -603 320
vn 1 0 0
vt 0.965631127 0.996323526
f 8099/8099/8099 8098/8098/8098 8097/8097/8097 8096/8096/8096
v -748 -603 0
vn 1 0 0
vt 0.630993128 0.363970578
v -748 -827 0
vn 1 0 0
vt 0.658390403 0.363970578
v -748 -827 96
vn 1 0 0
vt 0.658390403 0.408088207
v -748 -603 96
vn 1 0 0
vt 0.630993128 0.408088207
f 8103/8103/8103 8102/8102/8102 8101/8101/8101 8100/8100/8100
v -748 -921.175415 0
vn 1 0 0
vt 0.67382282 0.363970578
v -748 -921.175415 96
vn 1 0 0
vt 0.67382282 0.408088207
v -748 -827 96
vn 1 0 0
vt 0.662304282 0.408088207
v -748 -827 0
vn 1 0 0
vt 0.662304282 0.363970578
f 8107/8107/8107 8106/8106/8106 8105/8105/8105 8104/8104/8104
v -540 -717 320
vn 1 0 0
vt 0.00207925634 0.871323526
v -540 -717 96
vn 1 0 0
vt 0.00207925634 0.76838237
v -540 -792 96
vn 1 0 0
vt 0.0112524461 0.76838237
v -540 -792 320
vn 1 0 0
vt 0.0112524461 0.871323526
f 8111/8111/8111 8110/8110/8110 8109/8109/8109 8108/8108/8108
v -540 -717 0
vn 1 0 0
vt 0.677226007 0.363970578
v -540 -792 0
vn 1 0 0
vt 0.686399221 0.363970578
v -540 -792 96
vn 1 0 0
vt 0.686399221 0.408088207
v -540 -717 96
vn 1 0 0
vt 0.677226007 0.408088207
f 8115/8115/8115 8114/8114/8114 8113/8113/8113 8112/8112/8112
v -380.854095 -913.207336 336
vn 0 0 1
vt 0.884644568 0.476926804
v -380 -912.353271 336
vn 0 0 1
vt 0.884540141 0.477319241
v -380 -820.75 336
vn 0 0 1
vt 0.884540141 0.519416332
f 8118/8118/8118 8117/8117/8117 8116/8116/8116
v -380 -816 320
vn 0 0 1
vt 0.875856161 0.216911793
v -540 -792 320
vn 0 0 1
vt 0.895425618 0.227941155
v -540 -827 320
vn 0 0 1
vt 0.895425618 0.211856604
v -380.057739 -827 320
vn 0 0 1
vt 0.875863194 0.211856604
v -380 -820.75 320
vn 0 0 1
vt 0.875856161 0.214728832
f 8123/8123/8123 8122/8122/8122 8121/8121/8121 8120/8120/8120 8119/8119/8119
v -540 -717 320
vn 0 0 1
vt 0.0343688838 0.813878655
v -540 -792 320
vn 0 0 1
vt 0.0343688838 0.779411793
v -380 -816 320
vn 0 0 1
vt 0.0147994133 0.76838237
v -380 -603 320
vn 0 0 1
vt 0.0147994133 0.866268396
v -415 -603 320
vn 0 0 1
vt 0.0190802347 0.866268396
v -463 -603 320
vn 0 0 1
vt 0.0249510761 0.866268396
v -540 -603 320
vn 0 0 1
vt 0.0343688838 0.866268396
f 8130/8130/8130 8129/8129/8129 8128/8128/8128 8127/8127/8127 8126/8126/8126 8125/8125/8125 8124/8124/8124
v -391.663116 -924.016357 320
vn 0 0 1
vt 0.889024377 0.476095438
v -380.854095 -913.207336 320
vn 0 0 1
vt 0.887702286 0.481062829
v -380.057739 -827 320
vn 0 0 1
vt 0.887604892 0.520680189
v -540 -827 320
vn 0 0 1
vt 0.907167315 0.520680189
v -540 -922.83374 320
vn 0 0 1
vt 0.907167315 0.476638913
f 8135/8135/8135 8134/8134/8134 8133/8133/8133 8132/8132/8132 8131/8131/8131
v -380.057739 -827 320
vn 0.999957323 -0.00923748128 0
vt 0.304916829 0.0257353187
v -380.854095 -913.207336 320
vn 0.999957323 -0.00923748128 0
vt 0.294372886 0.0257353187
v -380.854095 -913.207336 336
vn 0.999957323 -0.00923748128 0
vt 0.294372886 0.0330882072
v -380 -820.75 336
vn 0.999957323 -0.00923748128 0
vt 0.305681258 0.0330882072
v -380 -820.75 320
vn 0.999957323 -0.00923748128 0
vt 0.305681258 0.0257353187
f 8140/8140/8140 8139/8139/8139 8138/8138/8138 8137/8137/8137 8136/8136/8136
v -391.663116 -924.016357 128
vn 0.00797241181 0.999968231 0
vt 0.0567926727 0.783088207
v -391.663116 -924.016357 320
vn 0.00797241181 0.999968231 0
vt 0.0567926727 0.871323526
v -540 -922.83374 320
vn 0.00797241181 0.999968231 0
vt 0.038649708 0.871323526
v -540 -922.83374 96
vn 0.00797241181 0.999968231 0
vt 0.038649708 0.76838237
v -391.663116 -924.016357 96
vn 0.00797241181 0.999968231 0
vt 0.0567926727 0.76838237
f 8145/8145/8145 8144/8144/8144 8143/8143/8143 8142/8142/8142 8141/8141/8141
v -391.663116 -924.016357 96
vn 0.00797241181 0.999968231 0
vt 0.708456099 0.408088207
v -540 -922.83374 96
vn 0.00797241181 0.999968231 0
vt 0.690313101 0.408088207
v -540 -922.83374 0
vn 0.00797241181 0.999968231 0
vt 0.690313101 0.363970578
v -391.663116 -924.016357 0
vn 0.00797241181 0.999968231 0
vt 0.708456099 0.363970578
f 8149/8149/8149 8148/8148/8148 8147/8147/8147 8146/8146/8146
v -624 -922.164001 320
vn 0.00797241181 0.999968231 0
vt 0.0753424689 0.871323526
v -748 -921.175415 320
vn 0.00797241181 0.999968231 0
vt 0.0601761267 0.871323526
v -748 -921.175415 96
vn 0.00797241181 0.999968231 0
vt 0.0601761267 0.76838237
v -540 -922.83374 96
vn 0.00797241181 0.999968231 0
vt 0.0856164396 0.76838237
v -540 -922.83374 320
vn 0.00797241181 0.999968231 0
vt 0.0856164396 0.871323526
f 8154/8154/8154 8153/8153/8153 8152/8152/8152 8151/8151/8151 8150/8150/8150
v -624 -922.164001 0
vn 0.00797241181 0.999968231 0
vt 0.727005899 0.363970578
v -540 -922.83374 0
vn 0.00797241181 0.999968231 0
vt 0.737279832 0.363970578
v -540 -922.83374 96
vn 0.00797241181 0.999968231 0
vt 0.737279832 0.408088207
v -748 -921.175415 96
vn 0.00797241181 0.999968231 0
vt 0.711839557 0.408088207
v -748 -921.175415 0
vn 0.00797241181 0.999968231 0
vt 0.711839557 0.363970578
f 8159/8159/8159 8158/8158/8158 8157/8157/8157 8156/8156/8156 8155/8155/8155
v -624 -713 320
vn 1 0 0
vt 0.0982142836 0.871323526
v -624 -788 320
vn 1 0 0
vt 0.089041099 0.871323526
v -624 -788 96
vn 1 0 0
vt 0.089041099 0.76838237
v -624 -713 96
vn 1 0 0
vt 0.0982142836 0.76838237
f 8163/8163/8163 8162/8162/8162 8161/8161/8161 8160/8160/8160
v -624 -713 0
vn 1 0 0
vt 0.749877691 0.363970578
v -624 -713 96
vn 1 0 0
vt 0.749877691 0.408088207
v -624 -788 96
vn 1 0 0
vt 0.740704477 0.408088207
v -624 -788 0
vn 1 0 0
vt 0.740704477 0.363970578
f 8167/8167/8167 8166/8166/8166 8165/8165/8165 8164/8164/8164
v -540 -603 320
vn 0 0 1
vt 0.560787678 0.586856604
v -624 -603 320
vn 0 0 1
vt 0.571061671 0.586856604
v -624 -713 320
vn 0 0 1
vt 0.571061671 0.536305189
v -540 -717 320
vn 0 0 1
vt 0.560787678 0.534466922
f 8171/8171/8171 8170/8170/8170 8169/8169/8169 8168/8168/8168
v -540 -792 320
vn 0 0 1
vt 0.899339557 0.227941155
v -624 -788 320
vn 0 0 1
vt 0.90961349 0.229779422
v -624 -827 320
vn 0 0 1
vt 0.90961349 0.211856604
f 8174/8174/8174 8173/8173/8173 8172/8172/8172
v -540 -827 320
vn 0 0 1
vt 0.421844423 0.653033078
v -540 -792 320
vn 0 0 1
vt 0.421844423 0.669117689
v -624 -827 320
vn 0 0 1
vt 0.432118386 0.653033078
v -624 -922.164001 320
vn 0 0 1
vt 0.432118386 0.60929966
v -540 -922.83374 320
vn 0 0 1
vt 0.421844423 0.608991861
f 8179/8179/8179 8178/8178/8178 8177/8177/8177 8176/8176/8176 8175/8175/8175
v -540 -717 320
vn 0.047565151 0.998868167 0
vt 0.112035222 0.871323526
v -624 -713 320
vn 0.047565151 0.998868167 0
vt 0.101761252 0.871323526
v -624 -713 96
vn 0.047565151 0.998868167 0
vt 0.101761252 0.76838237
v -540 -717 96
vn 0.047565151 0.998868167 0
vt 0.112035222 0.76838237
f 8183/8183/8183 8182/8182/8182 8181/8181/8181 8180/8180/8180
v -540 -717 96
vn 0.047565151 0.998868167 0
vt 0.763698637 0.408088207
v -624 -713 96
vn 0.047565151 0.998868167 0
vt 0.753424644 0.408088207
v -624 -713 0
vn 0.047565151 0.998868167 0
vt 0.753424644 0.363970578
v -540 -717 0
vn 0.047565151 0.998868167 0
vt 0.763698637 0.363970578
f 8187/8187/8187 8186/8186/8186 8185/8185/8185 8184/8184/8184
v -624 -788 320
vn 0.047565151 0.998868167 0
vt 0.125244617 0.871323526
v -540 -792 320
vn 0.047565151 0.998868167 0
vt 0.114970647 0.871323526
v -540 -792 96
vn 0.047565151 0.998868167 0
vt 0.114970647 0.76838237
v -624 -788 96
vn 0.047565151 0.998868167 0
vt 0.125244617 0.76838237
f 8191/8191/8191 8190/8190/8190 8189/8189/8189 8188/8188/8188
v -624 -788 96
vn 0.047565151 0.998868167 0
vt 0.77690804 0.408088207
v -540 -792 96
vn 0.047565151 0.998868167 0
vt 0.766634047 0.408088207
v -540 -792 0
vn 0.047565151 0.998868167 0
vt 0.766634047 0.363970578
v -624 -788 0
vn 0.047565151 0.998868167 0
vt 0.77690804 0.363970578
f 8195/8195/8195 8194/8194/8194 8193/8193/8193 8192/8192/8192
v -748 -827 320
vn 0 0 1
vt 0.928693712 0.211856604
v -624 -827 320
vn 0 0 1
vt 0.913527369 0.211856604
v -624 -788 320
vn 0 0 1
vt 0.913527369 0.229779422
f 8198/8198/8198 8197/8197/8197 8196/8196/8196
v -624 -713 320
vn 0 0 1
vt 0.334271044 0.940716922
v -624 -603 320
vn 0 0 1
vt 0.334271044 0.991268396
v -687 -603 320
vn 0 0 1
vt 0.341976523 0.991268396
v -748 -603 320
vn 0 0 1
vt 0.349437386 0.991268396
v -748 -827 320
vn 0 0 1
vt 0.349437386 0.888327181
v -624 -788 320
vn 0 0 1
vt 0.334271044 0.90625
f 8204/8204/8204 8203/8203/8203 8202/8202/8202 8201/8201/8201 8200/8200/8200 8199/8199/8199
v -748 -921.175415 320
vn 0 0 1
vt 0.926736772 0.477401018
v -624 -922.164001 320
vn 0 0 1
vt 0.91157043 0.476946652
v -624 -827 320
vn 0 0 1
vt 0.91157043 0.520680189
v -748 -827 320
vn 0 0 1
vt 0.926736772 0.520680189
f 8208/8208/8208 8207/8207/8207 8206/8206/8206 8205/8205/8205
v 18.2849712 -534.095581 356
vn 0 0 1
vt 0.673888803 0.140581071
v 18.6551228 -513.69812 356
vn 0 0 1
vt 0.673843563 0.149954915
v 16 -516.353271 356
vn 0 0 1
vt 0.674168289 0.148734689
v 16 -534 356
vn 0 0 1
vt 0.674168289 0.140625
f 8212/8212/8212 8211/8211/8211 8210/8210/8210 8209/8209/8209
v 16.7645016 -617.882263 356
vn 0 0 1
vt 0.43740651 0.628730536
v 18.2849712 -534.095581 356
vn 0 0 1
vt 0.437220544 0.667235494
v 16 -534 356
vn 0 0 1
vt 0.4375 0.667279422
v 16 -660.010742 356
vn 0 0 1
vt 0.4375 0.609370053
f 8216/8216/8216 8215/8215/8215 8214/8214/8214 8213/8213/8213
v 16 -534 356
vn 0 0 1
vt 0.914872825 0.750919104
v 16 -516.353271 356
vn 0 0 1
vt 0.914872825 0.759028792
v 8.35324669 -524 356
vn 0 0 1
vt 0.915808082 0.755514741
v 16 -660.010742 356
vn 0 0 1
vt 0.914872825 0.693009734
f 8220/8220/8220 8219/8219/8219 8218/8218/8218 8217/8217/8217
v 16 -740.353271 356
vn 0 0 1
vt 0.676125228 0.141381741
v -187.646759 -720 356
vn 0 0 1
vt 0.701033115 0.150735319
v -208 -740.353271 356
vn 0 0 1
vt 0.703522503 0.141381741
f 8223/8223/8223 8222/8222/8222 8221/8221/8221
v -152 -684.353271 356
vn 0 0 1
vt 0.373776913 0.917117059
v -187.646759 -720 356
vn 0 0 1
vt 0.378136843 0.900735319
v 16 -740.353271 356
vn 0 0 1
vt 0.353228956 0.891381741
v 16 -660.010742 356
vn 0 0 1
vt 0.353228956 0.928303897
v 8.35324669 -524 356
vn 0 0 1
vt 0.354164243 0.990808845
f 8228/8228/8228 8227/8227/8227 8226/8226/8226 8225/8225/8225 8224/8224/8224
v -208 -820 356
vn 0 0 1
vt 0.77984345 0.369485319
v -208 -740.353271 356
vn 0 0 1
vt 0.77984345 0.406087637
v -232 -764.353271 356
vn 0 0 1
vt 0.782778859 0.395058215
f 8231/8231/8231 8230/8230/8230 8229/8229/8229
v -244 -791 356
vn 0 0 1
vt 0.705968678 0.33869487
v -244 -820 356
vn 0 0 1
vt 0.705968678 0.32536763
v -208 -820 356
vn 0 0 1
vt 0.701565564 0.32536763
v -232 -764.353271 356
vn 0 0 1
vt 0.704500973 0.350940585
v -244 -776.353271 356
vn 0 0 1
vt 0.705968678 0.345425904
f 8236/8236/8236 8235/8235/8235 8234/8234/8234 8233/8233/8233 8232/8232/8232
v 16 -820 356
vn 0 0 1
vt 0.785714269 0.369485319
v 16 -740.353271 356
vn 0 0 1
vt 0.785714269 0.406087637
v -208 -740.353271 356
vn 0 0 1
vt 0.813111544 0.406087637
v -208 -820 356
vn 0 0 1
vt 0.813111544 0.369485319
f 8240/8240/8240 8239/8239/8239 8238/8238/8238 8237/8237/8237
v -260 -820 356
vn 0 0 1
vt 0.932974577 0.215073526
v -260 -792.353271 356
vn 0 0 1
vt 0.932974577 0.227778852
v -271 -803.353271 356
vn 0 0 1
vt 0.934319973 0.222723663
v -287.646759 -820 356
vn 0 0 1
vt 0.936356068 0.215073526
f 8244/8244/8244 8243/8243/8243 8242/8242/8242 8241/8241/8241
v -156 -925.895203 356
vn 0 0 1
vt 0.951565564 0.475231946
v 16 -927.266541 356
vn 0 0 1
vt 0.930528402 0.474601746
v 16 -841.568542 356
vn 0 0 1
vt 0.930528402 0.513985038
v 16 -820 356
vn 0 0 1
vt 0.930528402 0.523897052
v -208 -820 356
vn 0 0 1
vt 0.957925618 0.523897052
v -208 -925.480652 356
vn 0 0 1
vt 0.957925618 0.475422442
f 8250/8250/8250 8249/8249/8249 8248/8248/8248 8247/8247/8247 8246/8246/8246 8245/8245/8245
v -364 -896.353271 356
vn 0 0 1
vt 0.97113502 0.488808215
v -380 -912.353271 356
vn 0 0 1
vt 0.97309196 0.481455326
v -380 -924.109314 356
vn 0 0 1
vt 0.97309196 0.476052701
v -287.646759 -820 356
vn 0 0 1
vt 0.961796343 0.523897052
f 8254/8254/8254 8253/8253/8253 8252/8252/8252 8251/8251/8251
v -208 -925.480652 356
vn 0 0 1
vt 0.975538135 0.475422442
v -208 -820 356
vn 0 0 1
vt 0.975538135 0.523897052
v -244 -820 356
vn 0 0 1
vt 0.979941308 0.523897052
v -260 -820 356
vn 0 0 1
vt 0.981898248 0.523897052
v -287.646759 -820 356
vn 0 0 1
vt 0.985279739 0.523897052
v -380 -924.109314 356
vn 0 0 1
vt 0.996575356 0.476052701
f 8260/8260/8260 8259/8259/8259 8258/8258/8258 8257/8257/8257 8256/8256/8256 8255/8255/8255
v 28.0782108 -617.568542 356
vn 0 0 1
vt 0.441893578 0.66563946
v 16.7645016 -617.882263 356
vn 0 0 1
vt 0.443277359 0.665495276
v 16 -660.010742 356
vn 0 0 1
vt 0.443370849 0.646134734
v 16 -740.353271 356
vn 0 0 1
vt 0.443370849 0.609212637
f 8264/8264/8264 8263/8263/8263 8262/8262/8262 8261/8261/8261
v 23.3176746 -839.35321 356
vn 0 0 1
vt 0.381810457 0.887245774
v 28.0782108 -617.568542 356
vn 0 0 1
vt 0.381228209 0.989168882
v 16 -740.353271 356
vn 0 0 1
vt 0.38270548 0.932742059
v 16 -820 356
vn 0 0 1
vt 0.38270548 0.896139681
v 16 -841.568542 356
vn 0 0 1
vt 0.38270548 0.886227667
v 23.2701225 -841.568542 356
vn 0 0 1
vt 0.381816298 0.886227667
f 8270/8270/8270 8269/8269/8269 8268/8268/8268 8267/8267/8267 8266/8266/8266 8265/8265/8265
v 21.4297142 -927.309814 356
vn 0 0 1
vt 0.00239362591 0.420353949
v 23.2701225 -841.568542 356
vn 0 0 1
vt 0.00216852711 0.45975709
v 16 -841.568542 356
vn 0 0 1
vt 0.00305772992 0.45975709
v 16 -927.266541 356
vn 0 0 1
vt 0.00305772992 0.420373797
f 8274/8274/8274 8273/8273/8273 8272/8272/8272 8271/8271/8271
v 108 -820 356
vn 0 0 1
vt 0.57497555 0.543198526
v 108 -715.514709 356
vn 0 0 1
vt 0.57497555 0.59121567
v 23.3176746 -839.35321 356
vn 0 0 1
vt 0.58533293 0.534304619
v 108 -839.35321 356
vn 0 0 1
vt 0.57497555 0.534304619
f 8278/8278/8278 8277/8277/8277 8276/8276/8276 8275/8275/8275
v 108 -715.514709 356
vn 0 0 1
vt 0.938967705 0.21621567
v 108 -705.731262 356
vn 0 0 1
vt 0.938967705 0.220711768
v 107.33197 -693.685242 356
vn 0 0 1
vt 0.939049423 0.226247549
v 96.4507904 -682.804016 356
vn 0 0 1
vt 0.940380275 0.2312482
f 8282/8282/8282 8281/8281/8281 8280/8280/8280 8279/8279/8279
v 28.0782108 -617.568542 356
vn 0 0 1
vt 0.396883786 0.989168882
v 23.3176746 -839.35321 356
vn 0 0 1
vt 0.397466034 0.887245774
v 108 -715.514709 356
vn 0 0 1
vt 0.387108624 0.944156826
v 96.4507904 -682.804016 356
vn 0 0 1
vt 0.388521194 0.959189355
v 39.7645035 -626.117737 356
vn 0 0 1
vt 0.395454466 0.985239983
v 30.4499092 -617.502808 356
vn 0 0 1
vt 0.39659369 0.989199102
v 28.1257629 -615.35321 356
vn 0 0 1
vt 0.396877974 0.99018693
f 8289/8289/8289 8288/8288/8288 8287/8287/8287 8286/8286/8286 8285/8285/8285 8284/8284/8284 8283/8283/8283
v 68 -927.681091 356
vn 0 0 1
vt 0.0123532293 0.420183301
v 108 -928 356
vn 0 0 1
vt 0.007460861 0.420036793
v 108 -839.35321 356
vn 0 0 1
vt 0.007460861 0.460775137
f 8292/8292/8292 8291/8291/8291 8290/8290/8290
v 23.2701225 -841.568542 356
vn 0 0 1
vt 0.0256518926 0.45975709
v 21.4297142 -927.309814 356
vn 0 0 1
vt 0.0258769915 0.420353949
v 68 -927.681091 356
vn 0 0 1
vt 0.020181017 0.420183301
v 108 -839.35321 356
vn 0 0 1
vt 0.0152886501 0.460775137
v 23.3176746 -839.35321 356
vn 0 0 1
vt 0.0256460775 0.460775137
f 8297/8297/8297 8296/8296/8296 8295/8295/8295 8294/8294/8294 8293/8293/8293
v 271.182861 -692.091858 39
vn 0.864540458 0.502563238 4.79029576e-12
vt 0.706063986 0.144761026
v 271.182861 -692.091858 33
vn 0.864540458 0.502563238 4.79029576e-12
vt 0.706063986 0.142003655
v 230.574371 -622.234619 33
vn 0.864540458 0.502563238 4.79029576e-12
vt 0.715946853 0.142003655
v 230.574371 -622.234619 39
vn 0.864540458 0.502563238 4.79029576e-12
vt 0.715946853 0.144761026
f 8301/8301/8301 8300/8300/8300 8299/8299/8299 8298/8298/8298
v 348.353821 -554.234619 136
vn -0.5 0.866025388 1.03254558e-12
vt 0.721105456 0.145220578
v 348.353821 -554.234619 128
vn -0.5 0.866025388 1.03254558e-12
vt 0.721105456 0.141544104
v 355.303131 -550.222473 128
vn -0.5 0.866025388 1.03254558e-12
vt 0.722086906 0.141544104
v 355.303131 -550.222473 142
vn -0.5 0.866025388 1.03254558e-12
vt 0.722086906 0.147977948
v 348.353821 -554.234619 142
vn -0.5 0.866025388 1.03254558e-12
vt 0.721105456 0.147977948
f 8306/8306/8306 8305/8305/8305 8304/8304/8304 8303/8303/8303 8302/8302/8302
v 230.574371 -622.234619 33
vn -0.5 0.866025388 1.03254558e-12
vt 0.726976335 0.142003655
v 230.574371 -622.234619 21.4250946
vn -0.5 0.866025388 1.03254558e-12
vt 0.726976335 0.136684299
v 237.502579 -618.234619 21.4250946
vn -0.5 0.866025388 1.03254558e-12
vt 0.727954805 0.136684299
v 237.502579 -618.234619 39
vn -0.5 0.866025388 1.03254558e-12
vt 0.727954805 0.144761026
v 230.574371 -622.234619 39
vn -0.5 0.866025388 1.03254558e-12
vt 0.726976335 0.144761026
f 8311/8311/8311 8310/8310/8310 8309/8309/8309 8308/8308/8308 8307/8307/8307
v 237.502579 -618.234619 39
vn -0.5 0.866025388 1.03254558e-12
vt 0.732847154 0.144761026
v 237.502579 -618.234619 21.4250946
vn -0.5 0.866025388 1.03254558e-12
vt 0.732847154 0.136684299
v 244.430786 -614.234619 21.4250946
vn -0.5 0.866025388 1.03254558e-12
vt 0.733825624 0.136684299
v 244.430786 -614.234619 45
vn -0.5 0.866025388 1.03254558e-12
vt 0.733825624 0.147518396
v 237.502579 -618.234619 45
vn -0.5 0.866025388 1.03254558e-12
vt 0.732847154 0.147518396
f 8316/8316/8316 8315/8315/8315 8314/8314/8314 8313/8313/8313 8312/8312/8312
v 244.430786 -614.234619 45
vn -0.5 0.866025388 1.03254558e-12
vt 0.738717973 0.147518396
v 244.430786 -614.234619 21.4250946
vn -0.5 0.866025388 1.03254558e-12
vt 0.738717973 0.136684299
v 251.358978 -610.234619 21.4250946
vn -0.5 0.866025388 1.03254558e-12
vt 0.739696443 0.136684299
v 251.358978 -610.234619 51
vn -0.5 0.866025388 1.03254558e-12
vt 0.739696443 0.150275707
v 244.430786 -614.234619 51
vn -0.5 0.866025388 1.03254558e-12
vt 0.738717973 0.150275707
f 8321/8321/8321 8320/8320/8320 8319/8319/8319 8318/8318/8318 8317/8317/8317
v 251.358978 -610.234619 51
vn -0.5 0.866025388 1.03254558e-12
vt 0.946154416 0.22380513
v 251.358978 -610.234619 21.4250946
vn -0.5 0.866025388 1.03254558e-12
vt 0.946154416 0.210213721
v 258.287201 -606.234619 21.4250946
vn -0.5 0.866025388 1.03254558e-12
vt 0.947132885 0.210213721
v 258.287201 -606.234619 57
vn -0.5 0.866025388 1.03254558e-12
vt 0.947132885 0.2265625
v 251.358978 -610.234619 57
vn -0.5 0.866025388 1.03254558e-12
vt 0.946154416 0.2265625
f 8326/8326/8326 8325/8325/8325 8324/8324/8324 8323/8323/8323 8322/8322/8322
v 258.287201 -606.234619 57
vn -0.5 0.866025388 1.03254558e-12
vt 0.952025235 0.2265625
v 258.287201 -606.234619 21.4250946
vn -0.5 0.866025388 1.03254558e-12
vt 0.952025235 0.210213721
v 265.215393 -602.234619 21.4250946
vn -0.5 0.866025388 1.03254558e-12
vt 0.953003705 0.210213721
v 265.215393 -602.234619 63
vn -0.5 0.866025388 1.03254558e-12
vt 0.953003705 0.22931987
v 258.287201 -606.234619 63
vn -0.5 0.866025388 1.03254558e-12
vt 0.952025235 0.22931987
f 8331/8331/8331 8330/8330/8330 8329/8329/8329 8328/8328/8328 8327/8327/8327
v 265.215393 -602.234619 63
vn -0.5 0.866025388 1.03254558e-12
vt 0.216213092 0.258731604
v 265.215393 -602.234619 21.4250946
vn -0.5 0.866025388 1.03254558e-12
vt 0.216213092 0.239625454
v 272.143585 -598.234619 21.4250946
vn -0.5 0.866025388 1.03254558e-12
vt 0.217191577 0.239625454
v 272.143585 -598.234619 69
vn -0.5 0.866025388 1.03254558e-12
vt 0.217191577 0.261488974
v 265.215393 -602.234619 69
vn -0.5 0.866025388 1.03254558e-12
vt 0.216213092 0.261488974
f 8336/8336/8336 8335/8335/8335 8334/8334/8334 8333/8333/8333 8332/8332/8332
v 272.143585 -598.234619 69
vn -0.5 0.866025388 1.03254558e-12
vt 0.222083941 0.261488974
v 272.143585 -598.234619 21.4250946
vn -0.5 0.866025388 1.03254558e-12
vt 0.222083941 0.239625454
v 279.071808 -594.234619 21.4250946
vn -0.5 0.866025388 1.03254558e-12
vt 0.223062411 0.239625454
v 279.071808 -594.234619 75
vn -0.5 0.866025388 1.03254558e-12
vt 0.223062411 0.264246345
v 272.143585 -598.234619 75
vn -0.5 0.866025388 1.03254558e-12
vt 0.222083941 0.264246345
f 8341/8341/8341 8340/8340/8340 8339/8339/8339 8338/8338/8338 8337/8337/8337
v 279.071808 -594.234619 75
vn -0.5 0.866025388 1.03254558e-12
vt 0.227954775 0.264246345
v 279.071808 -594.234619 21.4250946
vn -0.5 0.866025388 1.03254558e-12
vt 0.227954775 0.239625454
v 286 -590.234619 21.4250946
vn -0.5 0.866025388 1.03254558e-12
vt 0.22893326 0.239625454
v 286 -590.234619 81
vn -0.5 0.866025388 1.03254558e-12
vt 0.22893326 0.267003655
v 279.071808 -594.234619 81
vn -0.5 0.866025388 1.03254558e-12
vt 0.227954775 0.267003655
f 8346/8346/8346 8345/8345/8345 8344/8344/8344 8343/8343/8343 8342/8342/8342
v 286 -590.234619 81
vn -0.5 0.866025388 1.03254558e-12
vt 0.710342228 0.347886026
v 286 -590.234619 21.4250946
vn -0.5 0.866025388 1.03254558e-12
vt 0.710342228 0.320507824
v 292.928192 -586.234619 21.4250946
vn -0.5 0.866025388 1.03254558e-12
vt 0.711320758 0.320507824
v 292.928192 -586.234619 87
vn -0.5 0.866025388 1.03254558e-12
vt 0.711320758 0.350643396
v 286 -590.234619 87
vn -0.5 0.866025388 1.03254558e-12
vt 0.710342228 0.350643396
f 8351/8351/8351 8350/8350/8350 8349/8349/8349 8348/8348/8348 8347/8347/8347
v 292.928192 -586.234619 87
vn -0.5 0.866025388 1.03254558e-12
vt 0.715234637 0.350643396
v 292.928192 -586.234619 21.4250946
vn -0.5 0.866025388 1.03254558e-12
vt 0.715234637 0.320507824
v 299.856415 -582.234619 21.4250946
vn -0.5 0.866025388 1.03254558e-12
vt 0.716213107 0.320507824
v 299.856415 -582.234619 93
vn -0.5 0.866025388 1.03254558e-12
vt 0.716213107 0.353400707
v 292.928192 -586.234619 93
vn -0.5 0.866025388 1.03254558e-12
vt 0.715234637 0.353400707
f 8356/8356/8356 8355/8355/8355 8354/8354/8354 8353/8353/8353 8352/8352/8352
v 299.856415 -582.234619 93
vn -0.5 0.866025388 1.03254558e-12
vt 0.720126987 0.353400707
v 299.856415 -582.234619 21.4250946
vn -0.5 0.866025388 1.03254558e-12
vt 0.720126987 0.320507824
v 306.784607 -578.234619 21.4250946
vn -0.5 0.866025388 1.03254558e-12
vt 0.721105456 0.320507824
v 306.784607 -578.234619 99
vn -0.5 0.866025388 1.03254558e-12
vt 0.721105456 0.356158078
v 299.856415 -582.234619 99
vn -0.5 0.866025388 1.03254558e-12
vt 0.720126987 0.356158078
f 8361/8361/8361 8360/8360/8360 8359/8359/8359 8358/8358/8358 8357/8357/8357
v 306.784607 -578.234619 99
vn -0.5 0.866025388 1.03254558e-12
vt 0.816995859 0.400275707
v 306.784607 -578.234619 21.4250946
vn -0.5 0.866025388 1.03254558e-12
vt 0.816995859 0.364625454
v 313.712799 -574.234619 21.4250946
vn -0.5 0.866025388 1.03254558e-12
vt 0.817974329 0.364625454
v 313.712799 -574.234619 105
vn -0.5 0.866025388 1.03254558e-12
vt 0.817974329 0.403033078
v 306.784607 -578.234619 105
vn -0.5 0.866025388 1.03254558e-12
vt 0.816995859 0.403033078
f 8366/8366/8366 8365/8365/8365 8364/8364/8364 8363/8363/8363 8362/8362/8362
v 313.712799 -574.234619 105
vn -0.5 0.866025388 1.03254558e-12
vt 0.821888268 0.403033078
v 313.712799 -574.234619 21.4250946
vn -0.5 0.866025388 1.03254558e-12
vt 0.821888268 0.364625454
v 320.641022 -570.234619 21.4250946
vn -0.5 0.866025388 1.03254558e-12
vt 0.822866738 0.364625454
v 320.641022 -570.234619 111
vn -0.5 0.866025388 1.03254558e-12
vt 0.822866738 0.405790448
v 313.712799 -574.234619 111
vn -0.5 0.866025388 1.03254558e-12
vt 0.821888268 0.405790448
f 8371/8371/8371 8370/8370/8370 8369/8369/8369 8368/8368/8368 8367/8367/8367
v 320.641022 -570.234619 111
vn -0.5 0.866025388 1.03254558e-12
vt 0.0303031225 0.457261026
v 320.641022 -570.234619 21.4250946
vn -0.5 0.866025388 1.03254558e-12
vt 0.0303031225 0.416096091
v 327.569214 -566.234619 21.4250946
vn -0.5 0.866025388 1.03254558e-12
vt 0.0312815979 0.416096091
v 327.569214 -566.234619 118
vn -0.5 0.866025388 1.03254558e-12
vt 0.0312815979 0.460477948
v 320.641022 -570.234619 118
vn -0.5 0.866025388 1.03254558e-12
vt 0.0303031225 0.460477948
f 8376/8376/8376 8375/8375/8375 8374/8374/8374 8373/8373/8373 8372/8372/8372
v 327.569214 -566.234619 118
vn -0.5 0.866025388 1.03254558e-12
vt 0.0351954922 0.460477948
v 327.569214 -566.234619 21.4250946
vn -0.5 0.866025388 1.03254558e-12
vt 0.0351954922 0.416096091
v 334.497437 -562.234619 21.4250946
vn -0.5 0.866025388 1.03254558e-12
vt 0.0361739658 0.416096091
v 334.497437 -562.234619 124
vn -0.5 0.866025388 1.03254558e-12
vt 0.0361739658 0.463235319
v 327.569214 -566.234619 124
vn -0.5 0.866025388 1.03254558e-12
vt 0.0351954922 0.463235319
f 8381/8381/8381 8380/8380/8380 8379/8379/8379 8378/8378/8378 8377/8377/8377
v 334.497437 -562.234619 124
vn -0.5 0.866025388 1.03254558e-12
vt 0.0400878601 0.463235319
v 334.497437 -562.234619 21.4250946
vn -0.5 0.866025388 1.03254558e-12
vt 0.0400878601 0.416096091
v 341.425629 -558.234619 21.4250946
vn -0.5 0.866025388 1.03254558e-12
vt 0.0410663337 0.416096091
v 341.425629 -558.234619 130
vn -0.5 0.866025388 1.03254558e-12
vt 0.0410663337 0.46599263
v 334.497437 -562.234619 130
vn -0.5 0.866025388 1.03254558e-12
vt 0.0400878601 0.46599263
f 8386/8386/8386 8385/8385/8385 8384/8384/8384 8383/8383/8383 8382/8382/8382
v 348.353821 -554.234619 136
vn -0.5 0.866025388 1.03254558e-12
vt 0.744588852 0.145220578
v 341.425629 -558.234619 136
vn -0.5 0.866025388 1.03254558e-12
vt 0.743610382 0.145220578
v 341.425629 -558.234619 130
vn -0.5 0.866025388 1.03254558e-12
vt 0.743610382 0.142463207
f 8389/8389/8389 8388/8388/8388 8387/8387/8387
v 348.353821 -554.234619 128
vn -0.5 0.866025388 1.03254558e-12
vt 0.58999002 0.582720578
v 348.353821 -554.234619 136
vn -0.5 0.866025388 1.03254558e-12
vt 0.58999002 0.586397052
v 341.425629 -558.234619 130
vn -0.5 0.866025388 1.03254558e-12
vt 0.58901155 0.583639741
v 341.425629 -558.234619 21.4250946
vn -0.5 0.866025388 1.03254558e-12
vt 0.58901155 0.533743143
v 341.842224 -557.99408 21.4250946
vn -0.5 0.866025388 1.03254558e-12
vt 0.58907038 0.533743143
v 348.353821 -554.234619 21.4250946
vn -0.5 0.866025388 1.03254558e-12
vt 0.58999002 0.533743143
f 8395/8395/8395 8394/8394/8394 8393/8393/8393 8392/8392/8392 8391/8391/8391 8390/8390/8390
v 355.282043 -550.234619 21.4250946
vn -0.5 0.866025388 1.03254558e-12
vt 0.0469371751 0.416096091
v 355.303131 -550.222473 128
vn -0.5 0.866025388 1.03254558e-12
vt 0.0469401516 0.465073526
v 348.353821 -554.234619 128
vn -0.5 0.866025388 1.03254558e-12
vt 0.0459587015 0.465073526
v 348.353821 -554.234619 21.4250946
vn -0.5 0.866025388 1.03254558e-12
vt 0.0459587015 0.416096091
f 8399/8399/8399 8398/8398/8398 8397/8397/8397 8396/8396/8396
v 419.724945 -513.028503 128
vn 0 0 1
vt 0.308649629 0.029530108
v 419.109283 -513.383972 128
vn 0 0 1
vt 0.308649629 0.0298568606
v 420.048462 -507.584961 128
vn 0 0 1
vt 0.309206426 0.0281505585
v 420.72229 -507.165497 128
vn 0 0 1
vt 0.309209645 0.0277860165
f 8403/8403/8403 8402/8402/8402 8401/8401/8401 8400/8400/8400
v 361.166382 -544.238831 128
vn 0 0 1
vt 0.747281015 0.140889645
v 361.898621 -543.78302 128
vn 0 0 1
vt 0.747284532 0.140493572
v 357.162811 -548.626282 128
vn 0 0 1
vt 0.747061133 0.143491268
v 357.052734 -548.436951 128
vn 0 0 1
vt 0.747087955 0.143491507
f 8407/8407/8407 8406/8406/8406 8405/8405/8405 8404/8404/8404
v 411.967163 -473.120361 128
vn 0 0 1
vt 0.233449534 0.241548061
v 368.920502 -451.597076 128
vn 0 0 1
vt 0.235311002 0.262530565
v 414.44516 -474.502167 128
vn 0 0 1
vt 0.233354717 0.24029386
f 8410/8410/8410 8409/8409/8409 8408/8408/8408
v 361.166382 -544.238831 128
vn 0 0 1
vt 0.837153971 0.369242132
v 423.685272 -480.436523 128
vn 0 0 1
vt 0.826229036 0.369659126
v 317.747833 -480.822205 128
vn 0 0 1
vt 0.835424423 0.403958917
v 356.353821 -547.234619 128
vn 0 0 1
vt 0.837829292 0.369832516
f 8414/8414/8414 8413/8413/8413 8412/8412/8412 8411/8411/8411
v 317.747833 -480.822205 128
vn 0 0 1
vt 0.312919527 0.0289589167
v 316.165009 -480.827942 128
vn 0 0 1
vt 0.313056916 0.029471457
v 316.11911 -480.749237 128
vn 0 0 1
vt 0.313054085 0.0295119286
f 8417/8417/8417 8416/8416/8416 8415/8415/8415
v 316.11911 -480.749237 128
vn 0 0 1
vt 0.316967994 0.0295119286
v 316.165009 -480.827942 128
vn 0 0 1
vt 0.316970825 0.029471457
v 317.747833 -480.822205 128
vn 0 0 1
vt 0.316833436 0.0289589167
f 8420/8420/8420 8419/8419/8419 8418/8418/8418
v 423.685272 -480.436523 128
vn 0 0 1
vt 0.841884613 0.369659126
v 423.839905 -480.435974 128
vn 0 0 1
vt 0.841871142 0.369609058
v 424.036652 -480.234772 128
vn 0 0 1
vt 0.841836751 0.369610488
v 317.747833 -480.822205 128
vn 0 0 1
vt 0.85108 0.403958917
v 316.11911 -480.749237 128
vn 0 0 1
vt 0.851214588 0.404511929
v 317.747833 -480.822205 128
vn 0 0 1
vt 0.85108 0.403958917
f 8426/8426/8426 8425/8425/8425 8424/8424/8424 8423/8423/8423 8422/8422/8422 8421/8421/8421
v 424.515564 -480.002777 128
vn 0 0 1
vt 0.321331888 0.0315160155
v 424.565582 -479.693817 128
vn 0 0 1
vt 0.321302235 0.0314251184
v 424.279694 -479.986176 128
vn 0 0 1
vt 0.321315706 0.0316061378
v 424.498474 -480.108185 128
vn 0 0 1
vt 0.321341991 0.0315470695
f 8430/8430/8430 8429/8429/8429 8428/8428/8428 8427/8427/8427
v 423.839905 -480.435974 128
vn 0 0 1
vt 0.0512777492 0.421590388
v 361.898621 -543.78302 128
vn 0 0 1
vt 0.0541996509 0.460798264
v 420.048462 -507.584961 128
vn 0 0 1
vt 0.0539215803 0.429337621
f 8433/8433/8433 8432/8432/8432 8431/8431/8431
v 424.44574 -480.433746 128
vn 0 0 1
vt 0.751901627 0.141937017
v 424.498474 -480.108185 128
vn 0 0 1
vt 0.751870394 0.141841233
v 424.279694 -479.986176 128
vn 0 0 1
vt 0.751844049 0.141900241
v 424.036652 -480.234772 128
vn 0 0 1
vt 0.751855552 0.142054081
v 423.839905 -480.435974 128
vn 0 0 1
vt 0.751864851 0.142178655
v 420.048462 -507.584961 128
vn 0 0 1
vt 0.754508674 0.149925828
f 8439/8439/8439 8438/8438/8438 8437/8437/8437 8436/8436/8436 8435/8435/8435 8434/8434/8434
v 425.078217 -480.431458 128
vn 0 0 1
vt 0.324924439 0.0290293694
v 424.917175 -480.432037 128
vn 0 0 1
vt 0.324938416 0.029081583
v 424.917175 -480.341675 128
vn 0 0 1
vt 0.324930608 0.0291108489
f 8442/8442/8442 8441/8441/8441 8440/8440/8440
v 424.917175 -480.341675 128
vn 0 0 1
vt 0.328844488 0.0291108489
v 424.498474 -480.108185 128
vn 0 0 1
vt 0.328860521 0.0293229222
v 424.44574 -480.433746 128
vn 0 0 1
vt 0.328893214 0.0292341709
v 424.917175 -480.432037 128
vn 0 0 1
vt 0.328852326 0.029081583
v 425.078217 -480.431458 128
vn 0 0 1
vt 0.328838348 0.0290293694
v 424.917175 -480.432037 128
vn 0 0 1
vt 0.328852326 0.029081583
f 8448/8448/8448 8447/8447/8447 8446/8446/8446 8445/8445/8445 8444/8444/8444 8443/8443/8443
v 424.917175 -504.554199 128
vn 0 0 1
vt 0.762341499 0.141592383
v 424.917175 -482.505554 128
vn 0 0 1
vt 0.76000607 0.136525989
v 420.72229 -507.165497 128
vn 0 0 1
vt 0.762361586 0.14386189
f 8451/8451/8451 8450/8450/8450 8449/8449/8449
v 214.924438 -508.607269 128
vn 0 0 1
vt 0.451211691 0.639635026
v 215.075409 -481.695557 128
vn 0 0 1
vt 0.448871136 0.648331165
v 214.043289 -481.199738 128
vn 0 0 1
vt 0.448917508 0.648827672
v 148.728058 -481.4375 128
vn 0 0 1
vt 0.454586923 0.669975042
v 214.319458 -594.271912 128
vn 0 0 1
vt 0.458672762 0.611994267
f 8456/8456/8456 8455/8455/8455 8454/8454/8454 8453/8453/8453 8452/8452/8452
v 214.924438 -508.607269 128
vn 0 0 1
vt 0.23819612 0.267553389
v 214.319458 -594.271912 128
vn 0 0 1
vt 0.245657206 0.23991257
v 214.442703 -594.483948 128
vn 0 0 1
vt 0.24566488 0.239803672
f 8459/8459/8459 8458/8458/8458 8457/8457/8457
v 215.075409 -481.695557 128
vn 0 0 1
vt 0.768058717 0.142921686
v 215.078217 -481.195953 128
vn 0 0 1
vt 0.768015265 0.143083096
v 214.043289 -481.199738 128
vn 0 0 1
vt 0.76810509 0.143418133
f 8462/8462/8462 8461/8461/8461 8460/8460/8460
v 215.078217 -481.195953 128
vn 0 0 1
vt 0.593641758 0.538198471
v 121.778023 -410.575226 128
vn 0 0 1
vt 0.595603228 0.591465712
v 214.043289 -481.199738 128
vn 0 0 1
vt 0.593731582 0.538533568
f 8465/8465/8465 8464/8464/8464 8463/8463/8463
v 148.728058 -481.4375 128
vn 0 0 1
vt 0.605271876 0.559680939
v 214.043289 -481.199738 128
vn 0 0 1
vt 0.599602461 0.538533568
v 121.778023 -410.575226 128
vn 0 0 1
vt 0.601474047 0.591465712
v 120.117752 -412.235504 128
vn 0 0 1
vt 0.601761281 0.591465712
v 112.771111 -419.582153 128
vn 0 0 1
vt 0.603031993 0.591465712
f 8470/8470/8470 8469/8469/8469 8468/8468/8468 8467/8467/8467 8466/8466/8466
v 215.388062 -425.960571 128
vn 0 0 1
vt 0.610364318 0.556046903
v 215.541016 -398.693451 128
vn 0 0 1
vt 0.607992887 0.564857841
v 131.887939 -400.465302 128
vn 0 0 1
vt 0.615380943 0.591465712
v 121.778023 -410.575226 128
vn 0 0 1
vt 0.617129624 0.591465712
v 215.078217 -481.195953 128
vn 0 0 1
vt 0.615168214 0.538198471
f 8475/8475/8475 8474/8474/8474 8473/8473/8473 8472/8472/8472 8471/8471/8471
v 356.078217 -549.431458 128
vn 0 0 1
vt 0.333150744 0.030972898
v 356.129456 -549.37915 128
vn 0 0 1
vt 0.333141804 0.030973196
v 356.005554 -549.166626 128
vn 0 0 1
vt 0.333134145 0.0310826302
v 355.882263 -549.235474 128
vn 0 0 1
vt 0.333150744 0.0311002135
v 355.784241 -549.290222 128
vn 0 0 1
vt 0.333163977 0.0311142206
v 355.882263 -549.235474 128
vn 0 0 1
vt 0.333150744 0.0311002135
f 8481/8481/8481 8480/8480/8480 8479/8479/8479 8478/8478/8478 8477/8477/8477 8476/8476/8476
v 355.882263 -549.235474 128
vn 0 0 1
vt 0.28431356 0.68648684
v 355.784241 -549.290222 128
vn 0 0 1
vt 0.284326792 0.686500907
v 215.078217 -481.195953 128
vn 0 0 1
vt 0.290606648 0.754352093
v 355.784241 -549.290222 128
vn 0 0 1
vt 0.284326792 0.686500907
f 8485/8485/8485 8484/8484/8484 8483/8483/8483 8482/8482/8482
v 229.250809 -619.957764 128
vn 0 0 1
vt 0.311166584 0.704654932
v 355.784241 -549.290222 128
vn 0 0 1
vt 0.29411152 0.686500907
v 215.078217 -481.195953 128
vn 0 0 1
vt 0.300391376 0.754352093
v 215.075409 -481.695557 128
vn 0 0 1
vt 0.300434828 0.754190624
v 214.924438 -508.607269 128
vn 0 0 1
vt 0.302775383 0.745494604
v 214.442703 -594.483948 128
vn 0 0 1
vt 0.310244143 0.717744827
f 8491/8491/8491 8490/8490/8490 8489/8489/8489 8488/8488/8488 8487/8487/8487 8486/8486/8486
v 316.165009 -480.827942 128
vn 0 0 1
vt 0.919710577 0.728000879
v 316.11911 -480.749237 128
vn 0 0 1
vt 0.919707716 0.728041351
v 215.078217 -481.195953 128
vn 0 0 1
vt 0.928484976 0.760730147
v 355.784241 -549.290222 128
vn 0 0 1
vt 0.922205091 0.692878962
v 355.882263 -549.235474 128
vn 0 0 1
vt 0.922191858 0.692864895
v 356.005554 -549.166626 128
vn 0 0 1
vt 0.922175229 0.692847252
f 8497/8497/8497 8496/8496/8496 8495/8495/8495 8494/8494/8494 8493/8493/8493 8492/8492/8492
v 270.153229 -401.903748 128
vn 0 0 1
vt 0.957754791 0.215185642
v 266.837921 -400.235687 128
vn 0 0 1
vt 0.957897246 0.216805041
v 215.388062 -425.960571 128
vn 0 0 1
vt 0.964571774 0.225164533
f 8500/8500/8500 8499/8499/8499 8498/8498/8498
v 215.078217 -481.195953 128
vn 0 0 1
vt 0.632780731 0.567610204
v 316.11911 -480.749237 128
vn 0 0 1
vt 0.62400347 0.534921408
v 316.165009 -480.827942 128
vn 0 0 1
vt 0.624006331 0.534880877
v 316.11911 -480.749237 128
vn 0 0 1
vt 0.62400347 0.534921408
v 270.153229 -401.903748 128
vn 0 0 1
vt 0.621159852 0.575479746
v 215.388062 -425.960571 128
vn 0 0 1
vt 0.627976894 0.585458636
f 8506/8506/8506 8505/8505/8505 8504/8504/8504 8503/8503/8503 8502/8502/8502 8501/8501/8501
v 356.353821 -547.234619 128
vn 0 0 1
vt 0.857398748 0.369832516
v 317.747833 -480.822205 128
vn 0 0 1
vt 0.85499388 0.403958917
v 316.165009 -480.827942 128
vn 0 0 1
vt 0.855131328 0.404471457
f 8509/8509/8509 8508/8508/8508 8507/8507/8507
v 356.005554 -549.166626 128
vn 0 0 1
vt 0.863466799 0.36931783
v 356.129456 -549.37915 128
vn 0 0 1
vt 0.863474488 0.369208515
v 357.052734 -548.436951 128
vn 0 0 1
vt 0.863313138 0.369214654
v 356.353821 -547.234619 128
vn 0 0 1
vt 0.863269627 0.369832516
v 316.165009 -480.827942 128
vn 0 0 1
vt 0.861002147 0.404471457
f 8514/8514/8514 8513/8513/8513 8512/8512/8512 8511/8511/8511 8510/8510/8510
v 316.11911 -480.749237 128
vn 0 0 1
vt 0.336332262 0.0275684595
v 316.165009 -480.827942 128
vn 0 0 1
vt 0.336335093 0.027527988
v 317.747833 -480.822205 128
vn 0 0 1
vt 0.336197704 0.0270154476
f 8517/8517/8517 8516/8516/8516 8515/8515/8515
v 424.036652 -480.234772 128
vn 0 0 1
vt 0.773138404 0.139725924
v 424.279694 -479.986176 128
vn 0 0 1
vt 0.773095906 0.139727771
v 414.44516 -474.502167 128
vn 0 0 1
vt 0.77347213 0.144705594
f 8520/8520/8520 8519/8519/8519 8518/8518/8518
v 368.920502 -451.597076 128
vn 0 0 1
vt 0.317502797 0.711059928
v 270.153229 -401.903748 128
vn 0 0 1
vt 0.321746975 0.759303272
v 316.11911 -480.749237 128
vn 0 0 1
vt 0.324590564 0.718744993
v 317.747833 -480.822205 128
vn 0 0 1
vt 0.324456036 0.718191981
v 424.036652 -480.234772 128
vn 0 0 1
vt 0.315212786 0.683843553
v 414.44516 -474.502167 128
vn 0 0 1
vt 0.315546513 0.688823223
f 8526/8526/8526 8525/8525/8525 8524/8524/8524 8523/8523/8523 8522/8522/8522 8521/8521/8521
v 356.240479 -549.56958 128
vn 0 0 1
vt 0.340180844 0.0305562019
v 356.289185 -549.653137 128
vn 0 0 1
vt 0.340192676 0.0305560827
v 357.390198 -549.017456 128
vn 0 0 1
vt 0.340192676 0.0299717188
v 357.162811 -548.626282 128
vn 0 0 1
vt 0.340137333 0.029972434
f 8530/8530/8530 8529/8529/8529 8528/8528/8528 8527/8527/8527
v 266.837921 -400.235687 128
vn 0 0 1
vt 0.251439333 0.246216834
v 272.328033 -397.490662 128
vn 0 0 1
vt 0.250727117 0.245324731
v 261.824249 -397.713135 128
vn 0 0 1
vt 0.251654774 0.24866575
v 215.541016 -398.693451 128
vn 0 0 1
vt 0.255742401 0.263387203
v 215.388062 -425.960571 128
vn 0 0 1
vt 0.258113861 0.254576266
f 8535/8535/8535 8534/8534/8534 8533/8533/8533 8532/8532/8532 8531/8531/8531
v 414.44516 -474.502167 144
vn 0 0 1
vt 0.263709843 0.24029386
v 361.756805 -447.992767 144
vn 0 0 1
vt 0.261445731 0.266029716
v 411.577209 -472.902924 144
vn 0 0 1
vt 0.263600111 0.241745472
f 8538/8538/8538 8537/8537/8537 8536/8536/8536
v 161.857925 -504.024323 144
vn 0 0 1
vt 0.268665642 0.253956854
v 148.728058 -481.4375 144
vn 0 0 1
vt 0.269483536 0.265563309
v 214.043289 -481.199738 144
vn 0 0 1
vt 0.275152922 0.244415879
f 8541/8541/8541 8540/8540/8540 8539/8539/8539
v 214.924438 -508.607269 144
vn 0 0 1
vt 0.642721832 0.566105604
v 214.319458 -594.271912 144
vn 0 0 1
vt 0.635260701 0.538464904
v 161.857925 -504.024323 144
vn 0 0 1
vt 0.638528645 0.584839225
v 214.043289 -481.199738 144
vn 0 0 1
vt 0.645015955 0.57529825
v 215.075409 -481.695557 144
vn 0 0 1
vt 0.645062268 0.574801683
f 8546/8546/8546 8545/8545/8545 8544/8544/8544 8543/8543/8543 8542/8542/8542
v 214.442703 -594.483948 144
vn 0 0 1
vt 0.280753881 0.239803672
v 214.319458 -594.271912 144
vn 0 0 1
vt 0.2807616 0.23991257
v 214.924438 -508.607269 144
vn 0 0 1
vt 0.288222671 0.267553389
f 8549/8549/8549 8548/8548/8548 8547/8547/8547
v 214.043289 -481.199738 144
vn 0 0 1
vt 0.777883172 0.143418133
v 215.078217 -481.195953 144
vn 0 0 1
vt 0.777972996 0.143083096
v 215.075409 -481.695557 144
vn 0 0 1
vt 0.777929544 0.142921686
f 8552/8552/8552 8551/8551/8551 8550/8550/8550
v 121.778023 -410.575226 144
vn 0 0 1
vt 0.652929068 0.591465712
v 215.078217 -481.195953 144
vn 0 0 1
vt 0.654890478 0.538198471
v 214.043289 -481.199738 144
vn 0 0 1
vt 0.654800713 0.538533568
v 148.728058 -481.4375 144
vn 0 0 1
vt 0.649131298 0.559680939
v 112.771111 -419.582153 144
vn 0 0 1
vt 0.651371121 0.591465712
f 8557/8557/8557 8556/8556/8556 8555/8555/8555 8554/8554/8554 8553/8553/8553
v 215.388062 -425.960571 144
vn 0 0 1
vt 0.665565193 0.556046903
v 215.078217 -481.195953 144
vn 0 0 1
vt 0.660761356 0.538198471
v 121.778023 -410.575226 144
vn 0 0 1
vt 0.658799946 0.591465712
v 131.887939 -400.465302 144
vn 0 0 1
vt 0.660548627 0.591465712
v 215.541016 -398.693451 144
vn 0 0 1
vt 0.667936683 0.564857841
f 8562/8562/8562 8561/8561/8561 8560/8560/8560 8559/8559/8559 8558/8558/8558
v 356.078217 -549.431458 144
vn 0 0 1
vt 0.343952954 0.030972898
v 355.882263 -549.235474 144
vn 0 0 1
vt 0.343952954 0.0311002135
v 355.784241 -549.290222 144
vn 0 0 1
vt 0.343939722 0.0311142206
v 355.882263 -549.235474 144
vn 0 0 1
vt 0.343952954 0.0311002135
v 356.005554 -549.166626 144
vn 0 0 1
vt 0.343969554 0.0310826302
v 356.129456 -549.37915 144
vn 0 0 1
vt 0.343961924 0.030973196
f 8568/8568/8568 8567/8567/8567 8566/8566/8566 8565/8565/8565 8564/8564/8564 8563/8563/8563
v 215.078217 -481.195953 144
vn 0 0 1
vt 0.327788651 0.754352093
v 355.784241 -549.290222 144
vn 0 0 1
vt 0.334068537 0.686500907
v 355.882263 -549.235474 144
vn 0 0 1
vt 0.334081739 0.68648684
v 355.784241 -549.290222 144
vn 0 0 1
vt 0.334068537 0.686500907
f 8572/8572/8572 8571/8571/8571 8570/8570/8570 8569/8569/8569
v 229.250809 -619.957764 144
vn 0 0 1
vt 0.338539898 0.704654932
v 214.442703 -594.483948 144
vn 0 0 1
vt 0.33946231 0.717744827
v 214.924438 -508.607269 144
vn 0 0 1
vt 0.34693107 0.745494604
v 215.075409 -481.695557 144
vn 0 0 1
vt 0.349271625 0.754190624
v 215.078217 -481.195953 144
vn 0 0 1
vt 0.349315077 0.754352093
v 355.784241 -549.290222 144
vn 0 0 1
vt 0.355594933 0.686500907
f 8578/8578/8578 8577/8577/8577 8576/8576/8576 8575/8575/8575 8574/8574/8574 8573/8573/8573
v 316.165009 -480.827942 144
vn 0 0 1
vt 0.939389229 0.728000879
v 356.005554 -549.166626 144
vn 0 0 1
vt 0.936924577 0.692847252
v 355.882263 -549.235474 144
vn 0 0 1
vt 0.936907947 0.692864895
v 355.784241 -549.290222 144
vn 0 0 1
vt 0.936894715 0.692878962
v 215.078217 -481.195953 144
vn 0 0 1
vt 0.930614829 0.760730147
v 316.11911 -480.749237 144
vn 0 0 1
vt 0.93939209 0.728041351
f 8584/8584/8584 8583/8583/8583 8582/8582/8582 8581/8581/8581 8580/8580/8580 8579/8579/8579
v 215.388062 -425.960571 144
vn 0 0 1
vt 0.968892038 0.225164533
v 266.837921 -400.235687 144
vn 0 0 1
vt 0.975566506 0.216805041
v 270.153229 -401.903748 144
vn 0 0 1
vt 0.975709021 0.215185642
f 8587/8587/8587 8586/8586/8586 8585/8585/8585
v 215.078217 -481.195953 144
vn 0 0 1
vt 0.670546055 0.567610204
v 215.388062 -425.960571 144
vn 0 0 1
vt 0.675349951 0.585458636
v 270.153229 -401.903748 144
vn 0 0 1
vt 0.682166934 0.575479746
v 316.11911 -480.749237 144
vn 0 0 1
vt 0.679323316 0.534921408
v 316.165009 -480.827942 144
vn 0 0 1
vt 0.679320455 0.534880877
v 316.11911 -480.749237 144
vn 0 0 1
vt 0.679323316 0.534921408
f 8593/8593/8593 8592/8592/8592 8591/8591/8591 8590/8590/8590 8589/8589/8589 8588/8588/8588
v 356.005554 -549.166626 144
vn 0 0 1
vt 0.866474509 0.36931783
v 316.165009 -480.827942 144
vn 0 0 1
vt 0.868939102 0.404471457
v 423.685272 -480.436523 144
vn 0 0 1
vt 0.878271937 0.369659126
v 356.129456 -549.37915 144
vn 0 0 1
vt 0.866466761 0.369208515
f 8597/8597/8597 8596/8596/8596 8595/8595/8595 8594/8594/8594
v 423.685272 -480.436523 144
vn 0 0 1
vt 0.891970575 0.369659126
v 316.165009 -480.827942 144
vn 0 0 1
vt 0.882637739 0.404471457
v 316.11911 -480.749237 144
vn 0 0 1
vt 0.8826406 0.404511929
v 316.165009 -480.827942 144
vn 0 0 1
vt 0.882637739 0.404471457
v 424.036652 -480.234772 144
vn 0 0 1
vt 0.892018437 0.369610488
v 423.839905 -480.435974 144
vn 0 0 1
vt 0.891984046 0.369609058
f 8603/8603/8603 8602/8602/8602 8601/8601/8601 8600/8600/8600 8599/8599/8599 8598/8598/8598
v 414.44516 -474.502167 144
vn 0 0 1
vt 0.78230083 0.144705594
v 424.279694 -479.986176 144
vn 0 0 1
vt 0.782677114 0.139727771
v 424.036652 -480.234772 144
vn 0 0 1
vt 0.782634556 0.139725924
f 8606/8606/8606 8605/8605/8605 8604/8604/8604
v 361.756805 -447.992767 144
vn 0 0 1
vt 0.367120892 0.714559078
v 414.44516 -474.502167 144
vn 0 0 1
vt 0.369385004 0.688823223
v 424.036652 -480.234772 144
vn 0 0 1
vt 0.36971873 0.683843553
v 316.165009 -480.827942 144
vn 0 0 1
vt 0.360338092 0.718704462
v 316.11911 -480.749237 144
vn 0 0 1
vt 0.360340923 0.718744993
v 270.153229 -401.903748 144
vn 0 0 1
vt 0.363184541 0.759303272
f 8612/8612/8612 8611/8611/8611 8610/8610/8610 8609/8609/8609 8608/8608/8608 8607/8607/8607
v 423.839905 -480.435974 144
vn 0 0 1
vt 0.0622251853 0.421590388
v 424.036652 -480.234772 144
vn 0 0 1
vt 0.0622344725 0.421465874
v 424.44574 -480.433746 144
vn 0 0 1
vt 0.0621883832 0.42134881
v 419.109283 -513.383972 144
vn 0 0 1
vt 0.0590245426 0.431043923
v 356.240479 -549.56958 144
vn 0 0 1
vt 0.0590363741 0.464379787
f 8617/8617/8617 8616/8616/8616 8615/8615/8615 8614/8614/8614 8613/8613/8613
v 419.109283 -513.383972 144
vn 0 0 1
vt 0.724386573 0.32074976
v 356.289185 -549.653137 144
vn 0 0 1
vt 0.724386573 0.354085445
v 356.240479 -549.56958 144
vn 0 0 1
vt 0.724398434 0.354085624
f 8620/8620/8620 8619/8619/8619 8618/8618/8618
v 424.279694 -479.986176 144
vn 0 0 1
vt 0.347960234 0.0316061378
v 424.565582 -479.693817 144
vn 0 0 1
vt 0.347973704 0.0314251184
v 424.515564 -480.002777 144
vn 0 0 1
vt 0.347944051 0.0315160155
v 424.498474 -480.108185 144
vn 0 0 1
vt 0.347933918 0.0315470695
v 424.44574 -480.433746 144
vn 0 0 1
vt 0.347902656 0.0316429138
v 424.036652 -480.234772 144
vn 0 0 1
vt 0.34794876 0.0317599177
f 8626/8626/8626 8625/8625/8625 8624/8624/8624 8623/8623/8623 8622/8622/8622 8621/8621/8621
v 424.44574 -480.433746 144
vn 0 0 1
vt 0.352124393 0.0292341709
v 424.498474 -480.108185 144
vn 0 0 1
vt 0.352157086 0.0293229222
v 424.917175 -480.341675 144
vn 0 0 1
vt 0.35217312 0.0291108489
v 424.917175 -480.432037 144
vn 0 0 1
vt 0.352165312 0.029081583
f 8630/8630/8630 8629/8629/8629 8628/8628/8628 8627/8627/8627
v 424.917175 -510.030762 144
vn 0 0 1
vt 0.78698051 0.142850757
v 419.724945 -513.028503 144
vn 0 0 1
vt 0.78698051 0.145606041
v 424.917175 -482.505554 144
vn 0 0 1
vt 0.789896071 0.136525989
f 8633/8633/8633 8632/8632/8632 8631/8631/8631
v 266.837921 -400.235687 144
vn 0 0 1
vt 0.298462808 0.246216834
v 215.388062 -425.960571 144
vn 0 0 1
vt 0.29178831 0.254576266
v 215.541016 -398.693451 144
vn 0 0 1
vt 0.29415974 0.263387203
v 261.824249 -397.713135 144
vn 0 0 1
vt 0.298247367 0.24866575
v 272.328033 -397.490662 144
vn 0 0 1
vt 0.299175054 0.245324731
f 8638/8638/8638 8637/8637/8637 8636/8636/8636 8635/8635/8635 8634/8634/8634
v 270.153229 -401.903748 144
vn 0.449453115 0.893303931 -2.75192145e-14
vt 0.382295549 0.680147052
v 266.837921 -400.235687 144
vn 0.449453115 0.893303931 -2.75192145e-14
vt 0.382583171 0.680147052
v 266.837921 -400.235687 315
vn 0.449453115 0.893303931 -2.75192145e-14
vt 0.382583171 0.758731604
v 285.194885 -409.471741 315
vn 0.449453115 0.893303931 -2.75192145e-14
vt 0.380990595 0.758731604
v 361.756805 -447.992767 144
vn 0.449453115 0.893303931 -2.75192145e-14
vt 0.374348313 0.680147052
f 8643/8643/8643 8642/8642/8642 8641/8641/8641 8640/8640/8640 8639/8639/8639
v 272.328033 -397.490662 144
vn -0.0211762469 0.999775767 -1.57284764e-15
vt 0.385013312 0.680147052
v 261.824249 -397.713135 144
vn -0.0211762469 0.999775767 -1.57284764e-15
vt 0.386582613 0.680147052
v 261.824249 -397.713135 315
vn -0.0211762469 0.999775767 -1.57284764e-15
vt 0.386582613 0.758731604
v 272.328033 -397.490662 315
vn -0.0211762469 0.999775767 -1.57284764e-15
vt 0.385013312 0.758731604
f 8647/8647/8647 8646/8646/8646 8645/8645/8645 8644/8644/8644
v 266.837921 -400.235687 315
vn -0.447212726 0.894427598 -1.41386147e-14
vt 0.392367899 0.758731604
v 266.837921 -400.235687 144
vn -0.447212726 0.894427598 -1.41386147e-14
vt 0.392367899 0.680147052
v 272.328033 -397.490662 144
vn -0.447212726 0.894427598 -1.41386147e-14
vt 0.39284271 0.680147052
v 272.328033 -397.490662 315
vn -0.447212726 0.894427598 -1.41386147e-14
vt 0.39284271 0.758731604
f 8651/8651/8651 8650/8650/8650 8649/8649/8649 8648/8648/8648
v 261.824249 -397.713135 315
vn 0 0 1
vt 0.356754333 0.0319679379
v 266.837921 -400.235687 315
vn 0 0 1
vt 0.356648684 0.0299314857
v 272.328033 -397.490662 315
vn 0 0 1
vt 0.35605672 0.0294911861
f 8654/8654/8654 8653/8653/8653 8652/8652/8652
v 425.391144 -479.569702 315
vn 0 0 1
vt 0.460901678 0.612733424
v 285.194885 -409.471741 315
vn 0 0 1
vt 0.46389398 0.669534266
v 424.917175 -479.770996 315
vn 0 0 1
vt 0.460949689 0.612783074
v 424.950378 -479.78772 315
vn 0 0 1
vt 0.460948974 0.612769544
f 8658/8658/8658 8657/8657/8657 8656/8656/8656 8655/8655/8655
v 425.391144 -479.569702 315
vn 0.447212368 0.894426942 -0.00125622062
vt 0.398219824 0.758731604
v 425.149689 -479.689117 144
vn 0.447212368 0.894426942 -0.00125622062
vt 0.398219943 0.680147052
v 411.577209 -472.902924 144
vn 0.447212368 0.894426942 -0.00125622062
vt 0.399393767 0.680147052
v 361.756805 -447.992767 144
vn 0.447212368 0.894426942 -0.00125622062
vt 0.403702527 0.680147052
v 285.194885 -409.471741 315
vn 0.447212368 0.894426942 -0.00125622062
vt 0.410344779 0.758731604
f 8663/8663/8663 8662/8662/8662 8661/8661/8661 8660/8660/8660 8659/8659/8659
v 425.149689 -479.689117 144
vn -0.443341494 0.896352768 -4.18423739e-14
vt 0.414260268 0.680147052
v 425.391144 -479.569702 315
vn -0.443341494 0.896352768 -4.18423739e-14
vt 0.414281011 0.758731604
v 424.950378 -479.78772 315
vn -0.443341494 0.896352768 -4.18423739e-14
vt 0.414243132 0.758731604
v 424.950378 -479.78772 144
vn -0.443341494 0.896352768 -4.18423739e-14
vt 0.414243132 0.680147052
f 8667/8667/8667 8666/8666/8666 8665/8665/8665 8664/8664/8664
v 424.917175 -479.770996 315
vn 1 0 0
vt 0.42137903 0.758731604
v 424.950378 -479.78772 315
vn 1 0 0
vt 0.421376139 0.758731604
v 424.917175 -510.030762 315
vn 1 0 0
vt 0.418761998 0.758731604
v 424.917175 -510.030762 144
vn 1 0 0
vt 0.418761998 0.680147052
v 424.917175 -479.770996 144
vn 1 0 0
vt 0.42137903 0.680147052
f 8672/8672/8672 8671/8671/8671 8670/8670/8670 8669/8669/8669 8668/8668/8668
v 424.950378 -479.78772 144
vn 1 0 0
vt 0.998675585 0.0183823705
v 424.917175 -479.770996 144
vn 1 0 0
vt 0.998678446 0.0183823705
v 424.917175 -510.030762 144
vn 1 0 0
vt 0.996061385 0.0183823705
v 424.917175 -482.505554 144
vn 1 0 0
vt 0.998441935 0.0183823705
v 424.917175 -480.432037 144
vn 1 0 0
vt 0.998621285 0.0183823705
v 424.917175 -480.341675 144
vn 1 0 0
vt 0.998629093 0.0183823705
v 424.917175 -479.804138 144
vn 1 0 0
vt 0.998675585 0.0183823705
f 8679/8679/8679 8678/8678/8678 8677/8677/8677 8676/8676/8676 8675/8675/8675 8674/8674/8674 8673/8673/8673
v 161.857925 -504.024323 315
vn 0 0 1
vt 0.135614589 0.830504119
v 230.574371 -622.234619 315
vn 0 0 1
vt 0.14139995 0.775415182
v 306.784607 -578.234619 315
vn 0 0 1
vt 0.132672429 0.771219015
v 343.455414 -557.062744 315
vn 0 0 1
vt 0.128472924 0.769199967
v 124.09111 -408.262146 315
vn 0 0 1
vt 0.129771754 0.87078774
v 112.771111 -419.582153 315
vn 0 0 1
vt 0.131481916 0.869856298
f 8685/8685/8685 8684/8684/8684 8683/8683/8683 8682/8682/8682 8681/8681/8681 8680/8680/8680
v 424.917175 -479.770996 315
vn 0 0 1
vt 0.942358673 0.701018333
v 285.194885 -409.471741 315
vn 0 0 1
vt 0.945302963 0.757769585
v 343.455414 -557.062744 315
vn 0 0 1
vt 0.954304636 0.695670485
v 424.917175 -510.030762 315
vn 0 0 1
vt 0.944975734 0.691185236
v 424.950378 -479.78772 315
vn 0 0 1
vt 0.942357957 0.701004863
f 8690/8690/8690 8689/8689/8689 8688/8688/8688 8687/8687/8687 8686/8686/8686
v 124.09111 -408.262146 315
vn 0 0 1
vt 0.155212075 0.87078774
v 343.455414 -557.062744 315
vn 0 0 1
vt 0.153913245 0.769199908
v 285.194885 -409.471741 315
vn 0 0 1
vt 0.144911572 0.831298947
f 8693/8693/8693 8692/8692/8692 8691/8691/8691
v 266.837921 -400.235687 315
vn 0 0 1
vt 0.0670205131 0.42699033
v 261.824249 -397.713135 315
vn 0 0 1
vt 0.0671261624 0.429026783
v 131.887939 -400.465302 315
vn 0 0 1
vt 0.075756304 0.459664583
v 124.09111 -408.262146 315
vn 0 0 1
vt 0.0769341961 0.459022999
v 285.194885 -409.471741 315
vn 0 0 1
vt 0.0666336864 0.419534206
f 8698/8698/8698 8697/8697/8697 8696/8696/8696 8695/8695/8695 8694/8694/8694
v 215.541016 -398.693451 144
vn -0.0211762469 0.999775767 -1.57284764e-15
vt 0.43067947 0.680147052
v 131.887939 -400.465302 144
vn -0.0211762469 0.999775767 -1.57284764e-15
vt 0.443177521 0.680147052
v 131.887939 -400.465302 315
vn -0.0211762469 0.999775767 -1.57284764e-15
vt 0.443177521 0.758731604
v 261.824249 -397.713135 315
vn -0.0211762469 0.999775767 -1.57284764e-15
vt 0.423764616 0.758731604
v 261.824249 -397.713135 144
vn -0.0211762469 0.999775767 -1.57284764e-15
vt 0.423764616 0.680147052
f 8703/8703/8703 8702/8702/8702 8701/8701/8701 8700/8700/8700 8699/8699/8699
v 411.967163 -473.120361 128
vn 0.487025976 0.873387456 -5.07832491e-12
vt 0.359785795 0.0257353187
v 414.44516 -474.502167 128
vn 0.487025976 0.873387456 -5.07832491e-12
vt 0.359451979 0.0257353187
v 414.44516 -474.502167 144
vn 0.487025976 0.873387456 -5.07832491e-12
vt 0.359451979 0.0330882072
v 411.577209 -472.902924 144
vn 0.487025976 0.873387456 -5.07832491e-12
vt 0.359838307 0.0330882072
f 8707/8707/8707 8706/8706/8706 8705/8705/8705 8704/8704/8704
v 425.149689 -479.689117 144
vn 0.447212368 0.894426942 -0.00125622062
vt 0.364951819 0.0330882072
v 425.127106 -479.700317 128
vn 0.447212368 0.894426942 -0.00125622062
vt 0.364951849 0.0257353187
v 411.967163 -473.120361 128
vn 0.447212368 0.894426942 -0.00125622062
vt 0.36609 0.0257353187
v 411.577209 -472.902924 144
vn 0.447212368 0.894426942 -0.00125622062
vt 0.366125643 0.0330882072
f 8711/8711/8711 8710/8710/8710 8709/8709/8709 8708/8708/8708
v 424.950378 -479.78772 144
vn -0.443341494 0.896352768 -4.18423739e-14
vt 0.36923334 0.0330882072
v 424.950378 -479.78772 128
vn -0.443341494 0.896352768 -4.18423739e-14
vt 0.36923334 0.0257353187
v 425.127106 -479.700317 128
vn -0.443341494 0.896352768 -4.18423739e-14
vt 0.369248539 0.0257353187
v 425.149689 -479.689117 144
vn -0.443341494 0.896352768 -4.18423739e-14
vt 0.369250476 0.0330882072
f 8715/8715/8715 8714/8714/8714 8713/8713/8713 8712/8712/8712
v 420.72229 -507.165497 128
vn 0.985838056 -0.167700022 4.82189635e-12
vt 0.374624699 0.0257353187
v 424.917175 -482.505554 128
vn 0.985838056 -0.167700022 4.82189635e-12
vt 0.376980215 0.0257353187
v 424.917175 -482.505554 144
vn 0.985838056 -0.167700022 4.82189635e-12
vt 0.376980215 0.0330882072
v 419.724945 -513.028503 144
vn 0.985838056 -0.167700022 4.82189635e-12
vt 0.374064654 0.0330882072
v 419.724945 -513.028503 128
vn 0.985838056 -0.167700022 4.82189635e-12
vt 0.374064654 0.0257353187
f 8720/8720/8720 8719/8719/8719 8718/8718/8718 8717/8717/8717 8716/8716/8716
v 424.580536 -479.601624 144
vn 0.987137616 -0.159872755 3.95890222e-12
vt 0.381008953 0.0330882072
v 424.580536 -479.601624 128
vn 0.987137616 -0.159872755 3.95890222e-12
vt 0.381008953 0.0257353187
v 424.565582 -479.693817 128
vn 0.987137616 -0.159872755 3.95890222e-12
vt 0.381017804 0.0257353187
f 8723/8723/8723 8722/8722/8722 8721/8721/8721
v 424.565582 -479.693817 144
vn 0.987137616 -0.159872755 3.95890222e-12
vt 0.384931713 0.0330882072
v 424.580536 -479.601624 144
vn 0.987137616 -0.159872755 3.95890222e-12
vt 0.384922832 0.0330882072
v 424.565582 -479.693817 128
vn 0.987137616 -0.159872755 3.95890222e-12
vt 0.384931713 0.0257353187
v 424.515564 -480.002777 128
vn 0.987137616 -0.159872755 3.95890222e-12
vt 0.384961367 0.0257353187
v 424.515564 -480.002777 144
vn 0.987137616 -0.159872755 3.95890222e-12
vt 0.384961367 0.0330882072
f 8728/8728/8728 8727/8727/8727 8726/8726/8726 8725/8725/8725 8724/8724/8724
v 420.048462 -507.584961 128
vn 0.987137616 -0.159872755 3.95890222e-12
vt 0.391523659 0.0257353187
v 419.109283 -513.383972 128
vn 0.987137616 -0.159872755 3.95890222e-12
vt 0.392080456 0.0257353187
v 419.109283 -513.383972 144
vn 0.987137616 -0.159872755 3.95890222e-12
vt 0.392080456 0.0330882072
v 424.44574 -480.433746 144
vn 0.987137616 -0.159872755 3.95890222e-12
vt 0.388916612 0.0330882072
v 424.44574 -480.433746 128
vn 0.987137616 -0.159872755 3.95890222e-12
vt 0.388916612 0.0257353187
f 8733/8733/8733 8732/8732/8732 8731/8731/8731 8730/8730/8730 8729/8729/8729
v 424.917175 -480.432037 128
vn -0.00364046148 0.999993384 -1.7785891e-12
vt 0.395388514 0.0257353187
v 424.44574 -480.433746 128
vn -0.00364046148 0.999993384 -1.7785891e-12
vt 0.395429462 0.0257353187
v 424.44574 -480.433746 144
vn -0.00364046148 0.999993384 -1.7785891e-12
vt 0.395429462 0.0330882072
v 424.917175 -480.432037 144
vn -0.00364046148 0.999993384 -1.7785891e-12
vt 0.395388514 0.0330882072
f 8737/8737/8737 8736/8736/8736 8735/8735/8735 8734/8734/8734
v 424.498474 -480.108185 144
vn 0.487025976 0.873387456 -5.07832491e-12
vt 0.00193328259 0.00367647409
v 425.078217 -480.431458 144
vn 0.487025976 0.873387456 -5.07832491e-12
vt 0.00185518956 0.00367647409
v 424.917175 -480.432037 144
vn 0.487025976 0.873387456 -5.07832491e-12
vt 0.00186905987 0.00367647409
v 424.917175 -480.341675 144
vn 0.487025976 0.873387456 -5.07832491e-12
vt 0.00187687587 0.00367647409
f 8741/8741/8741 8740/8740/8740 8739/8739/8739 8738/8738/8738
v 424.498474 -480.108185 128
vn 0.487025976 0.873387456 -5.07832491e-12
vt 0.399193585 0.0257353187
v 424.917175 -480.341675 128
vn 0.487025976 0.873387456 -5.07832491e-12
vt 0.399137139 0.0257353187
v 424.917175 -480.432037 128
vn 0.487025976 0.873387456 -5.07832491e-12
vt 0.399129331 0.0257353187
v 425.078217 -480.431458 128
vn 0.487025976 0.873387456 -5.07832491e-12
vt 0.399115443 0.0257353187
v 425.078217 -480.431458 144
vn 0.487025976 0.873387456 -5.07832491e-12
vt 0.399115443 0.0330882072
v 424.498474 -480.108185 144
vn 0.487025976 0.873387456 -5.07832491e-12
vt 0.399193585 0.0330882072
f 8747/8747/8747 8746/8746/8746 8745/8745/8745 8744/8744/8744 8743/8743/8743 8742/8742/8742
v 424.917175 -480.341675 128
vn 1 0 0
vt 0.40371716 0.0257353187
v 424.917175 -479.804138 128
vn 1 0 0
vt 0.403763652 0.0257353187
v 424.917175 -479.804138 144
vn 1 0 0
vt 0.403763652 0.0330882072
v 424.917175 -480.341675 144
vn 1 0 0
vt 0.40371716 0.0330882072
f 8751/8751/8751 8750/8750/8750 8749/8749/8749 8748/8748/8748
v 424.917175 -482.505554 128
vn 1 0 0
vt 0.407443911 0.0257353187
v 424.917175 -480.432037 128
vn 1 0 0
vt 0.407623231 0.0257353187
v 424.917175 -480.432037 144
vn 1 0 0
vt 0.407623231 0.0330882072
v 424.917175 -482.505554 144
vn 1 0 0
vt 0.407443911 0.0330882072
f 8755/8755/8755 8754/8754/8754 8753/8753/8753 8752/8752/8752
v 424.279694 -479.986176 128
vn 0.714995682 -0.699128866 1.09971624e-12
vt 0.410547853 0.0257353187
v 424.565582 -479.693817 128
vn 0.714995682 -0.699128866 1.09971624e-12
vt 0.410596013 0.0257353187
v 424.565582 -479.693817 144
vn 0.714995682 -0.699128866 1.09971624e-12
vt 0.410596013 0.0330882072
v 424.279694 -479.986176 144
vn 0.714995682 -0.699128866 1.09971624e-12
vt 0.410547853 0.0330882072
f 8759/8759/8759 8758/8758/8758 8757/8757/8757 8756/8756/8756
v 356.240479 -549.56958 144
vn 0.714995682 -0.699128866 1.09971624e-12
vt 0.414741158 0.0330882072
v 356.240479 -549.56958 128
vn 0.714995682 -0.699128866 1.09971624e-12
vt 0.414741158 0.0257353187
v 357.162811 -548.626282 128
vn 0.714995682 -0.699128866 1.09971624e-12
vt 0.414896578 0.0257353187
f 8762/8762/8762 8761/8761/8761 8760/8760/8760
v 361.898621 -543.78302 128
vn 0.714995682 -0.699128866 1.09971624e-12
vt 0.419608265 0.0257353187
v 423.839905 -480.435974 128
vn 0.714995682 -0.699128866 1.09971624e-12
vt 0.430043221 0.0257353187
v 423.839905 -480.435974 144
vn 0.714995682 -0.699128866 1.09971624e-12
vt 0.430043221 0.0330882072
v 356.240479 -549.56958 144
vn 0.714995682 -0.699128866 1.09971624e-12
vt 0.418655068 0.0330882072
v 357.162811 -548.626282 128
vn 0.714995682 -0.699128866 1.09971624e-12
vt 0.418810457 0.0257353187
f 8767/8767/8767 8766/8766/8766 8765/8765/8765 8764/8764/8764 8763/8763/8763
v 414.44516 -474.502167 128
vn 0.487025976 0.873387456 -5.07832491e-12
vt 0.435772926 0.0257353187
v 424.279694 -479.986176 128
vn 0.487025976 0.873387456 -5.07832491e-12
vt 0.434448093 0.0257353187
v 424.279694 -479.986176 144
vn 0.487025976 0.873387456 -5.07832491e-12
vt 0.434448093 0.0330882072
v 414.44516 -474.502167 144
vn 0.487025976 0.873387456 -5.07832491e-12
vt 0.435772926 0.0330882072
f 8771/8771/8771 8770/8770/8770 8769/8769/8769 8768/8768/8768
v 423.685272 -480.436523 144
vn 0.714254141 -0.699886441 4.19565251e-12
vt 0.439760625 0.0330882072
v 423.685272 -480.436523 128
vn 0.714254141 -0.699886441 4.19565251e-12
vt 0.439760625 0.0257353187
v 361.166382 -544.238831 128
vn 0.714254141 -0.699886441 4.19565251e-12
vt 0.450685591 0.0257353187
f 8774/8774/8774 8773/8773/8773 8772/8772/8772
v 356.129456 -549.37915 144
vn 0.714254141 -0.699886441 4.19565251e-12
vt 0.46526444 0.0330882072
v 423.685272 -480.436523 144
vn 0.714254141 -0.699886441 4.19565251e-12
vt 0.453459263 0.0330882072
v 361.166382 -544.238831 128
vn 0.714254141 -0.699886441 4.19565251e-12
vt 0.464384228 0.0257353187
v 357.052734 -548.436951 128
vn 0.714254141 -0.699886441 4.19565251e-12
vt 0.46510309 0.0257353187
v 356.129456 -549.37915 128
vn 0.714254141 -0.699886441 4.19565251e-12
vt 0.46526444 0.0257353187
f 8779/8779/8779 8778/8778/8778 8777/8777/8777 8776/8776/8776 8775/8775/8775
v 229.250809 -619.957764 144
vn -0.487598598 0.873067915 -2.75656581e-12
vt 0.486342013 0.0330882072
v 355.784241 -549.290222 144
vn -0.487598598 0.873067915 -2.75656581e-12
vt 0.469286948 0.0330882072
v 355.784241 -549.290222 128
vn -0.487598598 0.873067915 -2.75656581e-12
vt 0.469286948 0.0257353187
v 229.250809 -619.957764 128
vn -0.487598598 0.873067915 -2.75656581e-12
vt 0.486342013 0.0257353187
f 8783/8783/8783 8782/8782/8782 8781/8781/8781 8780/8780/8780
v 356.078217 -549.431458 144
vn 0.433014572 0.901386917 -5.25552735e-12
vt 0.00545536773 0.00367647409
v 355.784241 -549.290222 144
vn 0.433014572 0.901386917 -5.25552735e-12
vt 0.00541772135 0.00367647409
v 355.882263 -549.235474 144
vn 0.433014572 0.901386917 -5.25552735e-12
vt 0.00542146852 0.00367647409
f 8786/8786/8786 8785/8785/8785 8784/8784/8784
v 355.784241 -549.290222 128
vn 0.433014572 0.901386917 -5.25552735e-12
vt 0.490740627 0.0257353187
v 355.784241 -549.290222 144
vn 0.433014572 0.901386917 -5.25552735e-12
vt 0.490740627 0.0330882072
v 356.078217 -549.431458 144
vn 0.433014572 0.901386917 -5.25552735e-12
vt 0.490778267 0.0330882072
v 356.078217 -549.431458 128
vn 0.433014572 0.901386917 -5.25552735e-12
vt 0.490778267 0.0257353187
v 355.882263 -549.235474 128
vn 0.433014572 0.901386917 -5.25552735e-12
vt 0.490744352 0.0257353187
f 8791/8791/8791 8790/8790/8790 8789/8789/8789 8788/8788/8788 8787/8787/8787
v 266.837921 -400.235687 21.4250946
vn 0.449453115 0.893303931 -2.75192145e-14
vt 0.0812133104 0.417934299
v 266.837921 -400.235687 128
vn 0.449453115 0.893303931 -2.75192145e-14
vt 0.0812133104 0.466911793
v 270.153229 -401.903748 128
vn 0.449453115 0.893303931 -2.75192145e-14
vt 0.0809256807 0.466911793
f 8794/8794/8794 8793/8793/8793 8792/8792/8792
v 272.582489 -403.126007 21.4250946
vn 0.449453115 0.893303931 -2.75192145e-14
vt 0.0963705033 0.417934299
v 266.837921 -400.235687 21.4250946
vn 0.449453115 0.893303931 -2.75192145e-14
vt 0.0968688875 0.417934299
v 270.153229 -401.903748 128
vn 0.449453115 0.893303931 -2.75192145e-14
vt 0.0965812579 0.466911793
v 368.920502 -451.597076 128
vn 0.449453115 0.893303931 -2.75192145e-14
vt 0.0880125165 0.466911793
v 416.63736 -475.605133 21.4250946
vn 0.449453115 0.893303931 -2.75192145e-14
vt 0.0838727579 0.417934299
f 8799/8799/8799 8798/8798/8798 8797/8797/8797 8796/8796/8796 8795/8795/8795
v 266.837921 -400.235687 21.4250946
vn 0 0 1
vt 0.494796306 0.0305814147
v 261.824249 -397.713135 21.4250946
vn 0 0 1
vt 0.494690657 0.0326179266
v 272.328033 -397.490662 21.4250946
vn 0 0 1
vt 0.495388299 0.0301411748
f 8802/8802/8802 8801/8801/8801 8800/8800/8800
v 416.63736 -475.605133 21.4250946
vn 0.447212368 0.894426942 -0.00125622062
vt 0.101485282 0.417934299
v 368.920502 -451.597076 128
vn 0.447212368 0.894426942 -0.00125622062
vt 0.105625041 0.466911793
v 411.967163 -473.120361 128
vn 0.447212368 0.894426942 -0.00125622062
vt 0.101902135 0.466911793
v 425.127106 -479.700317 128
vn 0.447212368 0.894426942 -0.00125622062
vt 0.100763984 0.466911793
v 424.976593 -479.77475 21.4250946
vn 0.447212368 0.894426942 -0.00125622062
vt 0.100764059 0.417934299
v 424.917175 -479.770996 21.4250946
vn 0.447212368 0.894426942 -0.00125622062
vt 0.100766949 0.417934299
f 8808/8808/8808 8807/8807/8807 8806/8806/8806 8805/8805/8805 8804/8804/8804 8803/8803/8803
v 266.837921 -400.235687 128
vn -0.447212726 0.894427598 -1.41386147e-14
vt 0.110567518 0.466911793
v 266.837921 -400.235687 21.4250946
vn -0.447212726 0.894427598 -1.41386147e-14
vt 0.110567518 0.417934299
v 272.328033 -397.490662 21.4250946
vn -0.447212726 0.894427598 -1.41386147e-14
vt 0.111042328 0.417934299
v 272.328033 -397.490662 128
vn -0.447212726 0.894427598 -1.41386147e-14
vt 0.111042328 0.466911793
f 8812/8812/8812 8811/8811/8811 8810/8810/8810 8809/8809/8809
v 272.328033 -397.490662 21.4250946
vn -0.0211762469 0.999775767 -1.57284764e-15
vt 0.114954606 0.417934299
v 261.824249 -397.713135 21.4250946
vn -0.0211762469 0.999775767 -1.57284764e-15
vt 0.116523899 0.417934299
v 261.824249 -397.713135 128
vn -0.0211762469 0.999775767 -1.57284764e-15
vt 0.116523899 0.466911793
v 272.328033 -397.490662 128
vn -0.0211762469 0.999775767 -1.57284764e-15
vt 0.114954606 0.466911793
f 8816/8816/8816 8815/8815/8815 8814/8814/8814 8813/8813/8813
v 424.917175 -504.554199 21.4250946
vn 1 0 0
vt 0.12177968 0.417934299
v 424.976593 -479.77475 21.4250946
vn 1 0 0
vt 0.123920172 0.417934299
v 424.917175 -479.770996 21.4250946
vn 1 0 0
vt 0.123923071 0.417934299
v 424.917175 -479.770996 128
vn 1 0 0
vt 0.123923071 0.466911793
v 424.917175 -504.554199 128
vn 1 0 0
vt 0.12177968 0.466911793
f 8821/8821/8821 8820/8820/8820 8819/8819/8819 8818/8818/8818 8817/8817/8817
v 424.950378 -479.78772 128
vn 1 0 0
vt 0.012374199 0.00367647409
v 424.917175 -479.804138 128
vn 1 0 0
vt 0.0123742139 0.00367647409
v 424.917175 -480.341675 128
vn 1 0 0
vt 0.0123277241 0.00367647409
v 424.917175 -480.432037 128
vn 1 0 0
vt 0.0123199122 0.00367647409
v 424.917175 -482.505554 128
vn 1 0 0
vt 0.0121405805 0.00367647409
v 424.917175 -504.554199 128
vn 1 0 0
vt 0.0102336872 0.00367647409
v 424.917175 -479.770996 128
vn 1 0 0
vt 0.0123770805 0.00367647409
f 8828/8828/8828 8827/8827/8827 8826/8826/8826 8825/8825/8825 8824/8824/8824 8823/8823/8823 8822/8822/8822
v 356.353821 -547.234619 21.4250946
vn 0.864540458 0.502563238 3.35536008e-14
vt 0.126905769 0.416096091
v 356.353821 -547.234619 128
vn 0.864540458 0.502563238 3.35536008e-14
vt 0.126905769 0.465073526
v 357.052734 -548.436951 128
vn 0.864540458 0.502563238 3.35536008e-14
vt 0.126735643 0.465073526
f 8831/8831/8831 8830/8830/8830 8829/8829/8829
v 357.390198 -549.017456 21.4250946
vn 0.864540458 0.502563238 3.35536008e-14
vt 0.130567431 0.416096091
v 356.353821 -547.234619 21.4250946
vn 0.864540458 0.502563238 3.35536008e-14
vt 0.130819663 0.416096091
v 357.052734 -548.436951 128
vn 0.864540458 0.502563238 3.35536008e-14
vt 0.130649537 0.465073526
v 357.162811 -548.626282 128
vn 0.864540458 0.502563238 3.35536008e-14
vt 0.130622759 0.465073526
v 357.390198 -549.017456 128
vn 0.864540458 0.502563238 3.35536008e-14
vt 0.130567431 0.465073526
f 8836/8836/8836 8835/8835/8835 8834/8834/8834 8833/8833/8833 8832/8832/8832
v 356.353821 -547.234619 21.4250946
vn -0.528469563 0.848952234 -9.51248425e-14
vt 0.135978267 0.416096091
v 361.898621 -543.78302 128
vn -0.528469563 0.848952234 -9.51248425e-14
vt 0.136776671 0.465073526
v 361.166382 -544.238831 128
vn -0.528469563 0.848952234 -9.51248425e-14
vt 0.136671245 0.465073526
v 356.353821 -547.234619 128
vn -0.528469563 0.848952234 -9.51248425e-14
vt 0.135978267 0.465073526
f 8840/8840/8840 8839/8839/8839 8838/8838/8838 8837/8837/8837
v 424.917175 -504.554199 21.4250946
vn -0.528469563 0.848952234 -9.51248425e-14
vt 0.151721641 0.416096091
v 424.917175 -504.554199 128
vn -0.528469563 0.848952234 -9.51248425e-14
vt 0.151721641 0.465073526
v 420.72229 -507.165497 128
vn -0.528469563 0.848952234 -9.51248425e-14
vt 0.151117608 0.465073526
v 420.048462 -507.584961 128
vn -0.528469563 0.848952234 -9.51248425e-14
vt 0.151020601 0.465073526
v 361.898621 -543.78302 128
vn -0.528469563 0.848952234 -9.51248425e-14
vt 0.142647505 0.465073526
v 356.353821 -547.234619 21.4250946
vn -0.528469563 0.848952234 -9.51248425e-14
vt 0.141849101 0.416096091
f 8846/8846/8846 8845/8845/8845 8844/8844/8844 8843/8843/8843 8842/8842/8842 8841/8841/8841
v 416.63736 -475.605133 21.4250946
vn 0 0 1
vt 0.456857055 0.697678328
v 424.917175 -479.770996 21.4250946
vn 0 0 1
vt 0.457031518 0.694315314
v 424.976593 -479.77475 21.4250946
vn 0 0 1
vt 0.457035035 0.694299698
v 424.917175 -504.554199 21.4250946
vn 0 0 1
vt 0.454888135 0.686261892
v 356.353821 -547.234619 21.4250946
vn 0 0 1
vt 0.446768612 0.689031065
v 272.582489 -403.126007 21.4250946
vn 0 0 1
vt 0.45382148 0.756189346
f 8852/8852/8852 8851/8851/8851 8850/8850/8850 8849/8849/8849 8848/8848/8848 8847/8847/8847
v 112.771111 -419.582153 21.4250946
vn 0 0 1
vt 0.168103993 0.870506227
v 120.117752 -412.235504 21.4250946
vn 0 0 1
vt 0.169213846 0.871110737
v 265.215393 -602.234619 21.4250946
vn 0 0 1
vt 0.162153006 0.774157703
v 258.287201 -606.234619 21.4250946
vn 0 0 1
vt 0.161359593 0.774539173
v 251.358978 -610.234619 21.4250946
vn 0 0 1
vt 0.160566181 0.774920642
v 244.430786 -614.234619 21.4250946
vn 0 0 1
vt 0.159772769 0.775302112
v 237.502579 -618.234619 21.4250946
vn 0 0 1
vt 0.158979356 0.775683582
v 230.574371 -622.234619 21.4250946
vn 0 0 1
vt 0.158185944 0.776065052
f 8860/8860/8860 8859/8859/8859 8858/8858/8858 8857/8857/8857 8856/8856/8856 8855/8855/8855 8854/8854/8854 8853/8853/8853
v 122.898552 -409.454712 21.4250946
vn 0 0 1
vt 0.408381522 0.988986611
v 341.842224 -557.99408 21.4250946
vn 0 0 1
vt 0.409675807 0.8875857
v 341.425629 -558.234619 21.4250946
vn 0 0 1
vt 0.409628063 0.887608647
v 334.497437 -562.234619 21.4250946
vn 0 0 1
vt 0.408834636 0.887990117
v 327.569214 -566.234619 21.4250946
vn 0 0 1
vt 0.408041239 0.888371587
v 320.641022 -570.234619 21.4250946
vn 0 0 1
vt 0.407247812 0.888753057
v 313.712799 -574.234619 21.4250946
vn 0 0 1
vt 0.406454414 0.889134526
v 306.784607 -578.234619 21.4250946
vn 0 0 1
vt 0.405661017 0.889515996
v 299.856415 -582.234619 21.4250946
vn 0 0 1
vt 0.404867589 0.889897466
v 292.928192 -586.234619 21.4250946
vn 0 0 1
vt 0.404074192 0.890278935
v 286 -590.234619 21.4250946
vn 0 0 1
vt 0.403280765 0.890660405
v 279.071808 -594.234619 21.4250946
vn 0 0 1
vt 0.402487367 0.891041815
v 272.143585 -598.234619 21.4250946
vn 0 0 1
vt 0.40169394 0.891423285
v 265.215393 -602.234619 21.4250946
vn 0 0 1
vt 0.400900543 0.891804755
v 120.117752 -412.235504 21.4250946
vn 0 0 1
vt 0.407961398 0.988757789
f 8875/8875/8875 8874/8874/8874 8873/8873/8873 8872/8872/8872 8871/8871/8871 8870/8870/8870 8869/8869/8869 8868/8868/8868 8867/8867/8867 8866/8866/8866 8865/8865/8865 8864/8864/8864 8863/8863/8863 8862/8862/8862 8861/8861/8861
v 128 -404.353241 21.4250946
vn 0 0 1
vt 0.896432042 0.401171088
v 131.887939 -400.465302 21.4250946
vn 0 0 1
vt 0.897019446 0.401490986
v 261.824249 -397.713135 21.4250946
vn 0 0 1
vt 0.905649543 0.370853126
v 266.837921 -400.235687 21.4250946
vn 0 0 1
vt 0.905755222 0.368816733
v 122.898552 -409.454712 21.4250946
vn 0 0 1
vt 0.895661354 0.400751352
f 8880/8880/8880 8879/8879/8879 8878/8878/8878 8877/8877/8877 8876/8876/8876
v 272.582489 -403.126007 21.4250946
vn 0 0 1
vt 0.422510326 0.954718769
v 341.842224 -557.99408 21.4250946
vn 0 0 1
vt 0.413589686 0.8875857
v 122.898552 -409.454712 21.4250946
vn 0 0 1
vt 0.412295401 0.988986611
v 266.837921 -400.235687 21.4250946
vn 0 0 1
vt 0.422389269 0.957052052
f 8884/8884/8884 8883/8883/8883 8882/8882/8882 8881/8881/8881
v 356.353821 -547.234619 21.4250946
vn 0 0 1
vt 0.961445749 0.689031065
v 357.390198 -549.017456 21.4250946
vn 0 0 1
vt 0.961358488 0.688200235
v 355.282043 -550.234619 21.4250946
vn 0 0 1
vt 0.961117029 0.688316286
v 348.353821 -554.234619 21.4250946
vn 0 0 1
vt 0.960323632 0.688697755
v 341.842224 -557.99408 21.4250946
vn 0 0 1
vt 0.959577918 0.689056277
v 272.582489 -403.126007 21.4250946
vn 0 0 1
vt 0.968498588 0.756189346
f 8890/8890/8890 8889/8889/8889 8888/8888/8888 8887/8887/8887 8886/8886/8886 8885/8885/8885
v 215.541016 -398.693451 128
vn -0.0211762469 0.999775767 -1.57284764e-15
vt 0.162577704 0.466911793
v 261.824249 -397.713135 128
vn -0.0211762469 0.999775767 -1.57284764e-15
vt 0.15566285 0.466911793
v 261.824249 -397.713135 21.4250946
vn -0.0211762469 0.999775767 -1.57284764e-15
vt 0.15566285 0.417934299
v 131.887939 -400.465302 21.4250946
vn -0.0211762469 0.999775767 -1.57284764e-15
vt 0.175075755 0.417934299
v 131.887939 -400.465302 124
vn -0.0211762469 0.999775767 -1.57284764e-15
vt 0.175075755 0.465073526
v 131.887939 -400.465302 128
vn -0.0211762469 0.999775767 -1.57284764e-15
vt 0.175075755 0.466911793
f 8896/8896/8896 8895/8895/8895 8894/8894/8894 8893/8893/8893 8892/8892/8892 8891/8891/8891
v 347.784607 -648.765381 105
vn 0.864540458 0.502563238 1.36786565e-13
vt 0.794031322 0.14568013
v 347.784607 -648.765381 99
vn 0.864540458 0.502563238 1.36786565e-13
vt 0.794031322 0.142922819
v 306.784607 -578.234619 99
vn 0.864540458 0.502563238 1.36786565e-13
vt 0.804009497 0.142922819
v 306.784607 -578.234619 105
vn 0.864540458 0.502563238 1.36786565e-13
vt 0.804009497 0.14568013
f 8900/8900/8900 8899/8899/8899 8898/8898/8898 8897/8897/8897
v 356.289185 -549.653137 144
vn 0 0 1
vt 0.73808521 0.354085445
v 419.109283 -513.383972 144
vn 0 0 1
vt 0.73808521 0.32074976
v 408.080566 -581.480896 144
vn 0 0 1
vt 0.73154664 0.340786397
v 400.573181 -625.613708 144
vn 0 0 1
vt 0.727331042 0.353915036
f 8904/8904/8904 8903/8903/8903 8902/8902/8902 8901/8901/8901
v 424.917175 -615.224854 144
vn 0 0 1
vt 0.809106171 0.137610435
v 400.241669 -627.562622 144
vn 0 0 1
vt 0.80930829 0.150265992
v 400.573181 -625.613708 144
vn 0 0 1
vt 0.809494495 0.149686277
f 8907/8907/8907 8906/8906/8906 8905/8905/8905
v 408.080566 -581.480896 144
vn 0 0 1
vt 0.915471315 0.393910468
v 419.724945 -513.028503 144
vn 0 0 1
vt 0.922009826 0.373547196
v 424.917175 -510.030762 144
vn 0 0 1
vt 0.922009826 0.370791912
v 424.917175 -615.224854 144
vn 0 0 1
vt 0.910867393 0.394963384
v 400.573181 -625.613708 144
vn 0 0 1
vt 0.911255717 0.407039165
f 8912/8912/8912 8911/8911/8911 8910/8910/8910 8909/8909/8909 8908/8908/8908
v 350.048157 -652.659302 315
vn 0 0 1
vt 0.18719548 0.427711725
v 424.917175 -615.224854 315
vn 0 0 1
vt 0.179122418 0.421707571
v 424.917175 -612.320374 315
vn 0 0 1
vt 0.178871214 0.42265141
v 343.455414 -557.062744 315
vn 0 0 1
vt 0.17935355 0.460376382
v 306.784607 -578.234619 315
vn 0 0 1
vt 0.183553055 0.462395489
f 8917/8917/8917 8916/8916/8916 8915/8915/8915 8914/8914/8914 8913/8913/8913
v 424.917175 -612.320374 315
vn 0 0 1
vt 0.20039764 0.42265135
v 424.917175 -510.030762 315
vn 0 0 1
vt 0.191551045 0.455891132
v 343.455414 -557.062744 315
vn 0 0 1
vt 0.200879976 0.460376382
f 8920/8920/8920 8919/8919/8919 8918/8918/8918
v 424.917175 -612.320374 315
vn 1 0 0
vt 0.462752968 0.758731604
v 424.917175 -615.224854 315
vn 1 0 0
vt 0.462501794 0.758731604
v 424.917175 -615.224854 144
vn 1 0 0
vt 0.462501794 0.680147052
v 424.917175 -510.030762 144
vn 1 0 0
vt 0.471599579 0.680147052
v 424.917175 -510.030762 315
vn 1 0 0
vt 0.471599579 0.758731604
f 8925/8925/8925 8924/8924/8924 8923/8923/8923 8922/8922/8922 8921/8921/8921
v 424.917175 -615.224854 315
vn -0.447212726 0.894427598 2.74204826e-14
vt 0.474586755 0.758731604
v 385.896027 -634.735413 144
vn -0.447212726 0.894427598 2.74204826e-14
vt 0.47796151 0.680147052
v 393.065613 -631.150635 144
vn -0.447212726 0.894427598 2.74204826e-14
vt 0.477341443 0.680147052
v 400.241669 -627.562622 144
vn -0.447212726 0.894427598 2.74204826e-14
vt 0.47672081 0.680147052
v 424.917175 -615.224854 144
vn -0.447212726 0.894427598 2.74204826e-14
vt 0.474586755 0.680147052
f 8930/8930/8930 8929/8929/8929 8928/8928/8928 8927/8927/8927 8926/8926/8926
v 350.048157 -652.659302 315
vn -0.447212726 0.894427598 2.74204826e-14
vt 0.486932695 0.758731604
v 350.048157 -652.659302 144
vn -0.447212726 0.894427598 2.74204826e-14
vt 0.486932695 0.680147052
v 371.556885 -641.904968 144
vn -0.447212726 0.894427598 2.74204826e-14
vt 0.485072494 0.680147052
v 378.726471 -638.32019 144
vn -0.447212726 0.894427598 2.74204826e-14
vt 0.484452426 0.680147052
v 385.896027 -634.735413 144
vn -0.447212726 0.894427598 2.74204826e-14
vt 0.48383233 0.680147052
v 424.917175 -615.224854 315
vn -0.447212726 0.894427598 2.74204826e-14
vt 0.480457574 0.758731604
f 8936/8936/8936 8935/8935/8935 8934/8934/8934 8933/8933/8933 8932/8932/8932 8931/8931/8931
v 368.569214 -636.765381 118
vn 0.864540458 0.502563238 -2.71908452e-14
vt 0.498532295 0.0266544223
v 327.569214 -566.234619 118
vn 0.864540458 0.502563238 -2.71908452e-14
vt 0.50851047 0.0266544223
v 327.569214 -566.234619 124
vn 0.864540458 0.502563238 -2.71908452e-14
vt 0.50851047 0.0294117928
v 368.569214 -636.765381 124
vn 0.864540458 0.502563238 -2.71908452e-14
vt 0.498532295 0.0294117928
f 8940/8940/8940 8939/8939/8939 8938/8938/8938 8937/8937/8937
v 375.497437 -632.765381 124
vn 0.864540458 0.502563238 -3.266696e-13
vt 0.512230933 0.0294117928
v 334.497437 -562.234619 124
vn 0.864540458 0.502563238 -3.266696e-13
vt 0.522209108 0.0294117928
v 334.497437 -562.234619 130
vn 0.864540458 0.502563238 -3.266696e-13
vt 0.522209108 0.0321691036
v 375.497437 -632.765381 130
vn 0.864540458 0.502563238 -3.266696e-13
vt 0.512230933 0.0321691036
f 8944/8944/8944 8943/8943/8943 8942/8942/8942 8941/8941/8941
v 382.425629 -628.765381 136
vn 0.864540458 0.502563238 2.55804601e-13
vt 0.813600779 0.145220578
v 382.425629 -628.765381 130
vn 0.864540458 0.502563238 2.55804601e-13
vt 0.813600779 0.142463207
v 341.425629 -558.234619 130
vn 0.864540458 0.502563238 2.55804601e-13
vt 0.823578954 0.142463207
v 341.425629 -558.234619 136
vn 0.864540458 0.502563238 2.55804601e-13
vt 0.823578954 0.145220578
f 8948/8948/8948 8947/8947/8947 8946/8946/8946 8945/8945/8945
v 419.109283 -513.383972 128
vn 0 0 1
vt 0.310606569 0.24309212
v 419.724945 -513.028503 128
vn 0 0 1
vt 0.310606569 0.242765427
v 408.080566 -581.480896 128
vn 0 0 1
vt 0.304067999 0.263128757
f 8951/8951/8951 8950/8950/8950 8949/8949/8949
v 397.353821 -617.765381 128
vn 0 0 1
vt 0.53582859 0.029863596
v 357.390198 -549.017456 128
vn 0 0 1
vt 0.526102602 0.0299717188
v 356.289185 -549.653137 128
vn 0 0 1
vt 0.526102662 0.0305560827
v 396.358826 -618.384766 128
vn 0 0 1
vt 0.535833359 0.0304018855
f 8955/8955/8955 8954/8954/8954 8953/8953/8953 8952/8952/8952
v 400.573181 -625.613708 128
vn 0 0 1
vt 0.54077071 0.0303856134
v 402.447662 -614.594482 128
vn 0 0 1
vt 0.539718091 0.0271075964
v 397.353821 -617.765381 128
vn 0 0 1
vt 0.53974247 0.029863596
v 396.358826 -618.384766 128
vn 0 0 1
vt 0.539747238 0.0304018855
f 8959/8959/8959 8958/8958/8958 8957/8957/8957 8956/8956/8956
v 424.917175 -615.224854 128
vn 0 0 1
vt 0.981500506 0.218492806
v 424.917175 -600.6073 128
vn 0 0 1
vt 0.979952157 0.215133965
v 402.447662 -614.594482 128
vn 0 0 1
vt 0.980059624 0.227290571
v 400.573181 -625.613708 128
vn 0 0 1
vt 0.981112182 0.230568588
v 400.241669 -627.562622 128
vn 0 0 1
vt 0.981298327 0.231148303
f 8964/8964/8964 8963/8963/8963 8962/8962/8962 8961/8961/8961 8960/8960/8960
v 348.353821 -554.234619 136
vn 0.864540458 0.502563238 4.94822316e-14
vt 0.553520262 0.0275735259
v 348.353821 -554.234619 142
vn 0.864540458 0.502563238 4.94822316e-14
vt 0.553520262 0.0303308964
v 389.353821 -624.765381 142
vn 0.864540458 0.502563238 4.94822316e-14
vt 0.543542087 0.0303308964
v 389.353821 -624.765381 136
vn 0.864540458 0.502563238 4.94822316e-14
vt 0.543542087 0.0275735259
f 8968/8968/8968 8967/8967/8967 8966/8966/8966 8965/8965/8965
v 396.282043 -620.765381 128
vn 0.864540458 0.502563238 -4.73189332e-14
vt 0.838062644 0.141544104
v 396.282043 -620.765381 142
vn 0.864540458 0.502563238 -4.73189332e-14
vt 0.838062644 0.147977948
v 355.303131 -550.222473 142
vn 0.864540458 0.502563238 -4.73189332e-14
vt 0.828084469 0.147977948
v 355.303131 -550.222473 128
vn 0.864540458 0.502563238 -4.73189332e-14
vt 0.828084469 0.141544104
f 8972/8972/8972 8971/8971/8971 8970/8970/8970 8969/8969/8969
v 396.358826 -618.384766 128
vn 0.863909185 0.503647625 3.61609007e-12
vt 0.55942446 0.0257353187
v 356.289185 -549.653137 128
vn 0.863909185 0.503647625 3.61609007e-12
vt 0.569155216 0.0257353187
v 356.289185 -549.653137 144
vn 0.863909185 0.503647625 3.61609007e-12
vt 0.569155216 0.0330882072
v 400.573181 -625.613708 144
vn 0.863909185 0.503647625 3.61609007e-12
vt 0.558401108 0.0330882072
v 400.573181 -625.613708 128
vn 0.863909185 0.503647625 3.61609007e-12
vt 0.558401108 0.0257353187
f 8977/8977/8977 8976/8976/8976 8975/8975/8975 8974/8974/8974 8973/8973/8973
v 408.080566 -581.480896 128
vn 0.987137616 -0.159872755 3.95890222e-12
vt 0.580615163 0.0257353187
v 408.080566 -581.480896 144
vn 0.987137616 -0.159872755 3.95890222e-12
vt 0.580615163 0.0330882072
v 419.109283 -513.383972 144
vn 0.987137616 -0.159872755 3.95890222e-12
vt 0.574076533 0.0330882072
v 419.109283 -513.383972 128
vn 0.987137616 -0.159872755 3.95890222e-12
vt 0.574076533 0.0257353187
f 8981/8981/8981 8980/8980/8980 8979/8979/8979 8978/8978/8978
v 419.724945 -513.028503 144
vn 0.985838056 -0.167700022 4.82189635e-12
vt 0.591285765 0.0330882072
v 408.080566 -581.480896 144
vn 0.985838056 -0.167700022 4.82189635e-12
vt 0.584747255 0.0330882072
v 408.080566 -581.480896 128
vn 0.985838056 -0.167700022 4.82189635e-12
vt 0.584747255 0.0257353187
v 419.724945 -513.028503 128
vn 0.985838056 -0.167700022 4.82189635e-12
vt 0.591285765 0.0257353187
f 8985/8985/8985 8984/8984/8984 8983/8983/8983 8982/8982/8982
v 400.241669 -627.562622 128
vn 0.985838056 -0.167700022 4.82189635e-12
vt 0.594044149 0.0257353187
v 400.573181 -625.613708 128
vn 0.985838056 -0.167700022 4.82189635e-12
vt 0.594230294 0.0257353187
v 400.573181 -625.613708 144
vn 0.985838056 -0.167700022 4.82189635e-12
vt 0.594230294 0.0330882072
v 400.241669 -627.562622 144
vn 0.985838056 -0.167700022 4.82189635e-12
vt 0.594044149 0.0330882072
f 8989/8989/8989 8988/8988/8988 8987/8987/8987 8986/8986/8986
v 393.065613 -631.150635 128
vn -0.447212726 0.894427598 2.74204826e-14
vt 0.598672152 0.0257353187
v 400.241669 -627.562622 128
vn -0.447212726 0.894427598 2.74204826e-14
vt 0.598051548 0.0257353187
v 400.241669 -627.562622 144
vn -0.447212726 0.894427598 2.74204826e-14
vt 0.598051548 0.0330882072
v 393.065613 -631.150635 144
vn -0.447212726 0.894427598 2.74204826e-14
vt 0.598672152 0.0330882072
f 8993/8993/8993 8992/8992/8992 8991/8991/8991 8990/8990/8990
v 389.353821 -624.765381 142
vn 0 0 1
vt 0.840998054 0.14338237
v 348.353821 -554.234619 142
vn 0 0 1
vt 0.850976229 0.143493414
v 355.303131 -550.222473 142
vn 0 0 1
vt 0.850976229 0.139805734
v 396.282043 -620.765381 142
vn 0 0 1
vt 0.840998054 0.139705896
f 8997/8997/8997 8996/8996/8996 8995/8995/8995 8994/8994/8994
v 389.353821 -624.765381 136
vn -0.5 0.866025388 -3.28619293e-12
vt 0.856164396 0.145220578
v 389.353821 -624.765381 142
vn -0.5 0.866025388 -3.28619293e-12
vt 0.856164396 0.147977948
v 396.282043 -620.765381 142
vn -0.5 0.866025388 -3.28619293e-12
vt 0.855185926 0.147977948
v 396.282043 -620.765381 128
vn -0.5 0.866025388 -3.28619293e-12
vt 0.855185926 0.141544104
v 389.353821 -624.765381 128
vn -0.5 0.866025388 -3.28619293e-12
vt 0.856164396 0.141544104
f 9002/9002/9002 9001/9001/9001 9000/9000/9000 8999/8999/8999 8998/8998/8998
v 385.896027 -634.735413 130
vn -0.447212726 0.894427598 2.74204826e-14
vt 0.603206158 0.0266544223
v 385.896027 -634.735413 128
vn -0.447212726 0.894427598 2.74204826e-14
vt 0.603206158 0.0257353187
v 393.065613 -631.150635 128
vn -0.447212726 0.894427598 2.74204826e-14
vt 0.602586091 0.0257353187
v 393.065613 -631.150635 144
vn -0.447212726 0.894427598 2.74204826e-14
vt 0.602586091 0.0330882072
v 385.896027 -634.735413 144
vn -0.447212726 0.894427598 2.74204826e-14
vt 0.603206158 0.0330882072
f 9007/9007/9007 9006/9006/9006 9005/9005/9005 9004/9004/9004 9003/9003/9003
v 382.425629 -628.765381 136
vn 0 0 1
vt 0.606164396 0.0294117928
v 341.425629 -558.234619 136
vn 0 0 1
vt 0.616142571 0.0295228362
v 348.353821 -554.234619 136
vn 0 0 1
vt 0.616142571 0.0258463621
v 389.353821 -624.765381 136
vn 0 0 1
vt 0.606164396 0.0257353187
f 9011/9011/9011 9010/9010/9010 9009/9009/9009 9008/9008/9008
v 382.425629 -628.765381 130
vn -0.5 0.866025388 -3.28619293e-12
vt 0.861056745 0.142463207
v 382.425629 -628.765381 136
vn -0.5 0.866025388 -3.28619293e-12
vt 0.861056745 0.145220578
v 389.353821 -624.765381 136
vn -0.5 0.866025388 -3.28619293e-12
vt 0.860078275 0.145220578
v 389.353821 -624.765381 128
vn -0.5 0.866025388 -3.28619293e-12
vt 0.860078275 0.141544104
v 382.425629 -628.765381 128
vn -0.5 0.866025388 -3.28619293e-12
vt 0.861056745 0.141544104
f 9016/9016/9016 9015/9015/9015 9014/9014/9014 9013/9013/9013 9012/9012/9012
v 396.282043 -620.765381 21.4250946
vn 0.864540458 0.502563238 -4.73189332e-14
vt 0.205968693 0.416096091
v 396.282043 -620.765381 128
vn 0.864540458 0.502563238 -4.73189332e-14
vt 0.205968693 0.465073526
v 395.286285 -619.052429 21.4250946
vn 0.864540458 0.502563238 -4.73189332e-14
vt 0.20572634 0.416096091
f 9019/9019/9019 9018/9018/9018 9017/9017/9017
v 371.481995 -578.102844 21.4250946
vn 0.864540458 0.502563238 -4.73189332e-14
vt 0.213631734 0.416096091
v 395.286285 -619.052429 21.4250946
vn 0.864540458 0.502563238 -4.73189332e-14
vt 0.219424963 0.416096091
v 396.282043 -620.765381 128
vn 0.864540458 0.502563238 -4.73189332e-14
vt 0.219667315 0.465073526
v 355.303131 -550.222473 128
vn 0.864540458 0.502563238 -4.73189332e-14
vt 0.209689155 0.465073526
v 355.282043 -550.234619 21.4250946
vn 0.864540458 0.502563238 -4.73189332e-14
vt 0.209689155 0.416096091
f 9024/9024/9024 9023/9023/9023 9022/9022/9022 9021/9021/9021 9020/9020/9020
v 397.353821 -617.765381 21.4250946
vn -0.528469563 0.848952234 6.2527552e-14
vt 0.224070445 0.416096091
v 397.353821 -617.765381 128
vn -0.528469563 0.848952234 6.2527552e-14
vt 0.224070445 0.465073526
v 402.447662 -614.594482 128
vn -0.528469563 0.848952234 6.2527552e-14
vt 0.22333698 0.465073526
f 9027/9027/9027 9026/9026/9026 9025/9025/9025
v 414.349426 -607.185669 21.4250946
vn -0.528469563 0.848952234 6.2527552e-14
vt 0.23140797 0.416096091
v 397.353821 -617.765381 21.4250946
vn -0.528469563 0.848952234 6.2527552e-14
vt 0.233855188 0.416096091
v 402.447662 -614.594482 128
vn -0.528469563 0.848952234 6.2527552e-14
vt 0.233121723 0.465073526
v 424.917175 -600.6073 128
vn -0.528469563 0.848952234 6.2527552e-14
vt 0.229886308 0.465073526
v 424.917175 -600.6073 21.4250946
vn -0.528469563 0.848952234 6.2527552e-14
vt 0.229886308 0.416096091
f 9032/9032/9032 9031/9031/9031 9030/9030/9030 9029/9029/9029 9028/9028/9028
v 376.131317 -581.25708 21.4250946
vn 0.864540458 0.502563238 3.35536008e-14
vt 0.243423238 0.416096091
v 357.390198 -549.017456 21.4250946
vn 0.864540458 0.502563238 3.35536008e-14
vt 0.24798426 0.416096091
v 357.390198 -549.017456 128
vn 0.864540458 0.502563238 3.35536008e-14
vt 0.24798426 0.465073526
v 397.353821 -617.765381 128
vn 0.864540458 0.502563238 3.35536008e-14
vt 0.238258317 0.465073526
v 397.353821 -617.765381 21.4250946
vn 0.864540458 0.502563238 3.35536008e-14
vt 0.238258317 0.416096091
f 9037/9037/9037 9036/9036/9036 9035/9035/9035 9034/9034/9034 9033/9033/9033
v 376.131317 -581.25708 21.4250946
vn 0 0 1
vt 0.317901969 0.261411071
v 397.353821 -617.765381 21.4250946
vn 0 0 1
vt 0.316115201 0.244397283
v 395.286285 -619.052429 21.4250946
vn 0 0 1
vt 0.315870345 0.244480729
v 371.481995 -578.102844 21.4250946
vn 0 0 1
vt 0.317874461 0.263564289
f 9041/9041/9041 9040/9040/9040 9039/9039/9039 9038/9038/9038
v 357.390198 -549.017456 21.4250946
vn 0 0 1
vt 0.988755763 0.224964917
v 376.131317 -581.25708 21.4250946
vn 0 0 1
vt 0.987177908 0.209940434
v 371.481995 -578.102844 21.4250946
vn 0 0 1
vt 0.987150431 0.212093711
v 355.282043 -550.234619 21.4250946
vn 0 0 1
vt 0.988514304 0.225080967
f 9045/9045/9045 9044/9044/9044 9043/9043/9043 9042/9042/9042
v 414.349426 -607.185669 21.4250946
vn 0 0 1
vt 0.868030071 0.148122549
v 424.917175 -614.355225 21.4250946
vn 0 0 1
vt 0.868092537 0.143228292
v 424.917175 -615.224854 21.4250946
vn 0 0 1
vt 0.868017256 0.142945707
v 400.235199 -627.565857 21.4250946
vn 0 0 1
vt 0.865355849 0.144925058
f 9049/9049/9049 9048/9048/9048 9047/9047/9047 9046/9046/9046
v 397.353821 -617.765381 21.4250946
vn 0 0 1
vt 0.621398926 0.0311620235
v 414.349426 -607.185669 21.4250946
vn 0 0 1
vt 0.623411655 0.0304754972
v 400.235199 -627.565857 21.4250946
vn 0 0 1
vt 0.620737433 0.0272780061
v 396.282043 -620.765381 21.4250946
vn 0 0 1
vt 0.621070266 0.0304472446
v 395.286285 -619.052429 21.4250946
vn 0 0 1
vt 0.62115413 0.0312455297
f 9054/9054/9054 9053/9053/9053 9052/9052/9052 9051/9051/9051 9050/9050/9050
v 414.349426 -607.185669 21.4250946
vn 0 0 1
vt 0.871943951 0.148122549
v 424.917175 -600.6073 21.4250946
vn 0 0 1
vt 0.87319541 0.14769578
v 424.917175 -614.355225 21.4250946
vn 0 0 1
vt 0.872006416 0.143228292
f 9057/9057/9057 9056/9056/9056 9055/9055/9055
v 424.917175 -614.355225 21.4250946
vn 1 0 0
vt 0.253183663 0.417934299
v 424.917175 -600.6073 21.4250946
vn 1 0 0
vt 0.254372656 0.417934299
v 424.917175 -600.6073 128
vn 1 0 0
vt 0.254372656 0.466911793
v 424.917175 -615.224854 128
vn 1 0 0
vt 0.253108442 0.466911793
v 424.917175 -615.224854 21.4250946
vn 1 0 0
vt 0.253108442 0.417934299
f 9062/9062/9062 9061/9061/9061 9060/9060/9060 9059/9059/9059 9058/9058/9058
v 400.241669 -627.562622 128
vn -0.447212726 0.894427598 2.74204826e-14
vt 0.259499699 0.466911793
v 400.235199 -627.565857 21.4250946
vn -0.447212726 0.894427598 2.74204826e-14
vt 0.259500265 0.417934299
v 424.917175 -615.224854 21.4250946
vn -0.447212726 0.894427598 2.74204826e-14
vt 0.257365614 0.417934299
v 424.917175 -615.224854 128
vn -0.447212726 0.894427598 2.74204826e-14
vt 0.257365614 0.466911793
f 9066/9066/9066 9065/9065/9065 9064/9064/9064 9063/9063/9063
v 393.065613 -631.150635 128
vn -0.447212726 0.894427598 2.74204826e-14
vt 0.264034212 0.466911793
v 393.065613 -631.150635 21.4250946
vn -0.447212726 0.894427598 2.74204826e-14
vt 0.264034212 0.417934299
v 400.235199 -627.565857 21.4250946
vn -0.447212726 0.894427598 2.74204826e-14
vt 0.263414145 0.417934299
v 400.241669 -627.562622 128
vn -0.447212726 0.894427598 2.74204826e-14
vt 0.263413578 0.466911793
f 9070/9070/9070 9069/9069/9069 9068/9068/9068 9067/9067/9067
v 396.282043 -620.765381 21.4250946
vn -0.5 0.866025388 -3.28619293e-12
vt 0.268101752 0.416096091
v 389.353821 -624.765381 21.4250946
vn -0.5 0.866025388 -3.28619293e-12
vt 0.269080222 0.416096091
v 389.353821 -624.765381 128
vn -0.5 0.866025388 -3.28619293e-12
vt 0.269080222 0.465073526
v 396.282043 -620.765381 128
vn -0.5 0.866025388 -3.28619293e-12
vt 0.268101752 0.465073526
f 9074/9074/9074 9073/9073/9073 9072/9072/9072 9071/9071/9071
v 393.065613 -631.150635 21.4250946
vn 0 0 1
vt 0.62779212 0.0278528929
v 389.353821 -624.765381 21.4250946
vn 0 0 1
vt 0.628104687 0.0308287144
v 396.282043 -620.765381 21.4250946
vn 0 0 1
vt 0.628898084 0.0304472446
v 400.235199 -627.565857 21.4250946
vn 0 0 1
vt 0.628565252 0.0272780061
f 9078/9078/9078 9077/9077/9077 9076/9076/9076 9075/9075/9075
v 393.065613 -631.150635 128
vn -0.447212726 0.894427598 2.74204826e-14
vt 0.27381894 0.466911793
v 385.896027 -634.735413 128
vn -0.447212726 0.894427598 2.74204826e-14
vt 0.274439007 0.466911793
v 385.896027 -634.735413 21.4250946
vn -0.447212726 0.894427598 2.74204826e-14
vt 0.274439007 0.417934299
v 393.065613 -631.150635 21.4250946
vn -0.447212726 0.894427598 2.74204826e-14
vt 0.27381894 0.417934299
f 9082/9082/9082 9081/9081/9081 9080/9080/9080 9079/9079/9079
v 382.425629 -628.765381 128
vn -0.5 0.866025388 -3.28619293e-12
vt 0.27788651 0.465073526
v 389.353821 -624.765381 128
vn -0.5 0.866025388 -3.28619293e-12
vt 0.27690801 0.465073526
v 389.353821 -624.765381 21.4250946
vn -0.5 0.866025388 -3.28619293e-12
vt 0.27690801 0.416096091
v 382.425629 -628.765381 21.4250946
vn -0.5 0.866025388 -3.28619293e-12
vt 0.27788651 0.416096091
f 9086/9086/9086 9085/9085/9085 9084/9084/9084 9083/9083/9083
v 385.896027 -634.735413 21.4250946
vn 0 0 1
vt 0.632889926 0.0284278989
v 382.425629 -628.765381 21.4250946
vn 0 0 1
vt 0.633182049 0.0312100649
v 389.353821 -624.765381 21.4250946
vn 0 0 1
vt 0.633975506 0.0308287144
v 393.065613 -631.150635 21.4250946
vn 0 0 1
vt 0.633662999 0.0278528929
f 9090/9090/9090 9089/9089/9089 9088/9088/9088 9087/9087/9087
v 375.497437 -632.765381 130
vn 0 0 1
vt 0.876223087 0.14338237
v 334.497437 -562.234619 130
vn 0 0 1
vt 0.886201262 0.143493414
v 341.425629 -558.234619 130
vn 0 0 1
vt 0.886201262 0.13981694
v 382.425629 -628.765381 130
vn 0 0 1
vt 0.876223087 0.139705896
f 9094/9094/9094 9093/9093/9093 9092/9092/9092 9091/9091/9091
v 378.726471 -638.32019 130
vn -0.447212726 0.894427598 2.74204826e-14
vt 0.639051199 0.0266544223
v 385.896027 -634.735413 130
vn -0.447212726 0.894427598 2.74204826e-14
vt 0.638431191 0.0266544223
v 385.896027 -634.735413 144
vn -0.447212726 0.894427598 2.74204826e-14
vt 0.638431191 0.0330882072
v 378.726471 -638.32019 144
vn -0.447212726 0.894427598 2.74204826e-14
vt 0.639051199 0.0330882072
f 9098/9098/9098 9097/9097/9097 9096/9096/9096 9095/9095/9095
v 385.896027 -634.735413 128
vn -0.447212726 0.894427598 2.74204826e-14
vt 0.644302011 0.0257353187
v 385.896027 -634.735413 130
vn -0.447212726 0.894427598 2.74204826e-14
vt 0.644302011 0.0266544223
v 378.726471 -638.32019 130
vn -0.447212726 0.894427598 2.74204826e-14
vt 0.644922078 0.0266544223
f 9101/9101/9101 9100/9100/9100 9099/9099/9099
v 378.726471 -638.32019 124
vn -0.447212726 0.894427598 2.74204826e-14
vt 0.68797493 0.582720578
v 378.726471 -638.32019 21.4250946
vn -0.447212726 0.894427598 2.74204826e-14
vt 0.68797493 0.53558135
v 385.896027 -634.735413 21.4250946
vn -0.447212726 0.894427598 2.74204826e-14
vt 0.687354863 0.53558135
v 385.896027 -634.735413 128
vn -0.447212726 0.894427598 2.74204826e-14
vt 0.687354863 0.584558845
v 378.726471 -638.32019 130
vn -0.447212726 0.894427598 2.74204826e-14
vt 0.68797493 0.585477948
f 9106/9106/9106 9105/9105/9105 9104/9104/9104 9103/9103/9103 9102/9102/9102
v 375.497437 -632.765381 21.4250946
vn -0.5 0.866025388 -3.28619293e-12
vt 0.282778859 0.416096091
v 375.497437 -632.765381 124
vn -0.5 0.866025388 -3.28619293e-12
vt 0.282778859 0.463235319
v 382.425629 -628.765381 21.4250946
vn -0.5 0.866025388 -3.28619293e-12
vt 0.281800389 0.416096091
f 9109/9109/9109 9108/9108/9108 9107/9107/9107
v 382.425629 -628.765381 128
vn -0.5 0.866025388 -3.28619293e-12
vt 0.285714298 0.465073526
v 382.425629 -628.765381 21.4250946
vn -0.5 0.866025388 -3.28619293e-12
vt 0.285714298 0.416096091
v 375.497437 -632.765381 124
vn -0.5 0.866025388 -3.28619293e-12
vt 0.286692768 0.463235319
v 375.497437 -632.765381 130
vn -0.5 0.866025388 -3.28619293e-12
vt 0.286692768 0.46599263
v 382.425629 -628.765381 130
vn -0.5 0.866025388 -3.28619293e-12
vt 0.285714298 0.46599263
f 9114/9114/9114 9113/9113/9113 9112/9112/9112 9111/9111/9111 9110/9110/9110
v 378.726471 -638.32019 21.4250946
vn 0 0 1
vt 0.649729311 0.0290029049
v 375.497437 -632.765381 21.4250946
vn 0 0 1
vt 0.650001168 0.0315915346
v 382.425629 -628.765381 21.4250946
vn 0 0 1
vt 0.650794566 0.0312100649
v 385.896027 -634.735413 21.4250946
vn 0 0 1
vt 0.650502443 0.0284278989
f 9118/9118/9118 9117/9117/9117 9116/9116/9116 9115/9115/9115
v 368.569214 -636.765381 124
vn 0 0 1
vt 0.889921725 0.147058845
v 327.569214 -566.234619 124
vn 0 0 1
vt 0.8998999 0.147169888
v 334.497437 -562.234619 124
vn 0 0 1
vt 0.8998999 0.143493414
v 375.497437 -632.765381 124
vn 0 0 1
vt 0.889921725 0.14338237
f 9122/9122/9122 9121/9121/9121 9120/9120/9120 9119/9119/9119
v 378.726471 -638.32019 130
vn -0.447212726 0.894427598 2.74204826e-14
vt 0.903239071 0.144301474
v 378.726471 -638.32019 144
vn -0.447212726 0.894427598 2.74204826e-14
vt 0.903239071 0.150735319
v 371.556885 -641.904968 144
vn -0.447212726 0.894427598 2.74204826e-14
vt 0.903859198 0.150735319
v 371.556885 -641.904968 124
vn -0.447212726 0.894427598 2.74204826e-14
vt 0.903859198 0.141544104
v 378.726471 -638.32019 124
vn -0.447212726 0.894427598 2.74204826e-14
vt 0.903239071 0.141544104
f 9127/9127/9127 9126/9126/9126 9125/9125/9125 9124/9124/9124 9123/9123/9123
v 378.726471 -638.32019 124
vn -0.447212726 0.894427598 2.74204826e-14
vt 0.288757712 0.465073526
v 371.556885 -641.904968 124
vn -0.447212726 0.894427598 2.74204826e-14
vt 0.289377779 0.465073526
v 371.556885 -641.904968 21.4250946
vn -0.447212726 0.894427598 2.74204826e-14
vt 0.289377779 0.417934299
v 378.726471 -638.32019 21.4250946
vn -0.447212726 0.894427598 2.74204826e-14
vt 0.288757712 0.417934299
f 9131/9131/9131 9130/9130/9130 9129/9129/9129 9128/9128/9128
v 368.569214 -636.765381 118
vn -0.5 0.866025388 -3.28619293e-12
vt 0.295499027 0.460477948
v 368.569214 -636.765381 124
vn -0.5 0.866025388 -3.28619293e-12
vt 0.295499027 0.463235319
v 375.497437 -632.765381 124
vn -0.5 0.866025388 -3.28619293e-12
vt 0.294520557 0.463235319
v 375.497437 -632.765381 21.4250946
vn -0.5 0.866025388 -3.28619293e-12
vt 0.294520557 0.416096091
v 368.569214 -636.765381 21.4250946
vn -0.5 0.866025388 -3.28619293e-12
vt 0.295499027 0.416096091
f 9136/9136/9136 9135/9135/9135 9134/9134/9134 9133/9133/9133 9132/9132/9132
v 371.556885 -641.904968 21.4250946
vn 0 0 1
vt 0.654827058 0.0295777917
v 368.569214 -636.765381 21.4250946
vn 0 0 1
vt 0.65507865 0.0319730043
v 375.497437 -632.765381 21.4250946
vn 0 0 1
vt 0.655872047 0.0315915346
v 378.726471 -638.32019 21.4250946
vn 0 0 1
vt 0.65560019 0.0290029049
f 9140/9140/9140 9139/9139/9139 9138/9138/9138 9137/9137/9137
v 347.784607 -648.765381 99
vn -0.5 0.866025388 -3.28619293e-12
vt 0.926614463 0.400275707
v 347.784607 -648.765381 105
vn -0.5 0.866025388 -3.28619293e-12
vt 0.926614463 0.403033078
v 354.712799 -644.765381 105
vn -0.5 0.866025388 -3.28619293e-12
vt 0.925635993 0.403033078
v 354.712799 -644.765381 21.4250946
vn -0.5 0.866025388 -3.28619293e-12
vt 0.925635993 0.364625454
v 347.784607 -648.765381 21.4250946
vn -0.5 0.866025388 -3.28619293e-12
vt 0.926614463 0.364625454
f 9145/9145/9145 9144/9144/9144 9143/9143/9143 9142/9142/9142 9141/9141/9141
v 354.712799 -644.765381 105
vn -0.5 0.866025388 -3.28619293e-12
vt 0.933463812 0.403033078
v 354.712799 -644.765381 111
vn -0.5 0.866025388 -3.28619293e-12
vt 0.933463812 0.405790448
v 361.641022 -640.765381 111
vn -0.5 0.866025388 -3.28619293e-12
vt 0.932485342 0.405790448
v 361.641022 -640.765381 21.4250946
vn -0.5 0.866025388 -3.28619293e-12
vt 0.932485342 0.364625454
v 354.712799 -644.765381 21.4250946
vn -0.5 0.866025388 -3.28619293e-12
vt 0.933463812 0.364625454
f 9150/9150/9150 9149/9149/9149 9148/9148/9148 9147/9147/9147 9146/9146/9146
v 361.641022 -640.765381 111
vn -0.5 0.866025388 -3.28619293e-12
vt 0.300391376 0.457261026
v 361.641022 -640.765381 118
vn -0.5 0.866025388 -3.28619293e-12
vt 0.300391376 0.460477948
v 368.569214 -636.765381 118
vn -0.5 0.866025388 -3.28619293e-12
vt 0.299412906 0.460477948
v 368.569214 -636.765381 21.4250946
vn -0.5 0.866025388 -3.28619293e-12
vt 0.299412906 0.416096091
v 361.641022 -640.765381 21.4250946
vn -0.5 0.866025388 -3.28619293e-12
vt 0.300391376 0.416096091
f 9155/9155/9155 9154/9154/9154 9153/9153/9153 9152/9152/9152 9151/9151/9151
v 361.641022 -640.765381 118
vn 0 0 1
vt 0.907534242 0.14338237
v 320.641022 -570.234619 118
vn 0 0 1
vt 0.917512417 0.143493414
v 327.569214 -566.234619 118
vn 0 0 1
vt 0.917512417 0.13981694
v 368.569214 -636.765381 118
vn 0 0 1
vt 0.907534242 0.139705896
f 9159/9159/9159 9158/9158/9158 9157/9157/9157 9156/9156/9156
v 313.712799 -574.234619 105
vn 0.864540458 0.502563238 1.41180673e-13
vt 0.668980122 0.0280330777
v 313.712799 -574.234619 111
vn 0.864540458 0.502563238 1.41180673e-13
vt 0.668980122 0.0307904482
v 354.712799 -644.765381 111
vn 0.864540458 0.502563238 1.41180673e-13
vt 0.659001946 0.0307904482
v 354.712799 -644.765381 105
vn 0.864540458 0.502563238 1.41180673e-13
vt 0.659001946 0.0280330777
f 9163/9163/9163 9162/9162/9162 9161/9161/9161 9160/9160/9160
v 320.641022 -570.234619 118
vn 0.864540458 0.502563238 -3.67036371e-13
vt 0.931211054 0.144301474
v 361.641022 -640.765381 118
vn 0.864540458 0.502563238 -3.67036371e-13
vt 0.921232879 0.144301474
v 361.641022 -640.765381 111
vn 0.864540458 0.502563238 -3.67036371e-13
vt 0.921232879 0.141084552
v 320.641022 -570.234619 111
vn 0.864540458 0.502563238 -3.67036371e-13
vt 0.931211054 0.141084552
f 9167/9167/9167 9166/9166/9166 9165/9165/9165 9164/9164/9164
v 354.712799 -644.765381 111
vn 0 0 1
vt 0.934931517 0.147058845
v 313.712799 -574.234619 111
vn 0 0 1
vt 0.944909692 0.147169888
v 320.641022 -570.234619 111
vn 0 0 1
vt 0.944909692 0.143493414
v 361.641022 -640.765381 111
vn 0 0 1
vt 0.934931517 0.14338237
f 9171/9171/9171 9170/9170/9170 9169/9169/9169 9168/9168/9168
v 313.712799 -574.234619 105
vn 0 0 1
vt 0.958608329 0.13981694
v 354.712799 -644.765381 105
vn 0 0 1
vt 0.948630154 0.139705896
v 347.784607 -648.765381 105
vn 0 0 1
vt 0.948630154 0.14338237
v 306.784607 -578.234619 105
vn 0 0 1
vt 0.958608329 0.143493414
f 9175/9175/9175 9174/9174/9174 9173/9173/9173 9172/9172/9172
v 350.048157 -652.659302 21.4250946
vn 0 0 1
vt 0.963662386 0.141596913
v 347.784607 -648.765381 21.4250946
vn 0 0 1
vt 0.963853002 0.143411577
v 354.712799 -644.765381 21.4250946
vn 0 0 1
vt 0.964646459 0.143030107
f 9178/9178/9178 9177/9177/9177 9176/9176/9176
v 361.641022 -640.765381 21.4250946
vn 0 0 1
vt 0.675811648 0.0323544741
v 368.569214 -636.765381 21.4250946
vn 0 0 1
vt 0.676605046 0.0319730043
v 371.556885 -641.904968 21.4250946
vn 0 0 1
vt 0.676353514 0.0295777917
v 350.048157 -652.659302 21.4250946
vn 0 0 1
vt 0.674034238 0.0313027501
v 354.712799 -644.765381 21.4250946
vn 0 0 1
vt 0.675018251 0.0327359438
f 9183/9183/9183 9182/9182/9182 9181/9181/9181 9180/9180/9180 9179/9179/9179
v 371.556885 -641.904968 124
vn -0.447212726 0.894427598 2.74204826e-14
vt 0.968438447 0.141544104
v 371.556885 -641.904968 144
vn -0.447212726 0.894427598 2.74204826e-14
vt 0.968438447 0.150735319
v 350.048157 -652.659302 144
vn -0.447212726 0.894427598 2.74204826e-14
vt 0.970298648 0.150735319
f 9186/9186/9186 9185/9185/9185 9184/9184/9184
v 350.048157 -652.659302 91
vn -0.447212726 0.894427598 2.74204826e-14
vt 0.694369078 0.567555189
v 350.048157 -652.659302 21.4250946
vn -0.447212726 0.894427598 2.74204826e-14
vt 0.694369078 0.53558135
v 371.556885 -641.904968 21.4250946
vn -0.447212726 0.894427598 2.74204826e-14
vt 0.692508876 0.53558135
v 371.556885 -641.904968 124
vn -0.447212726 0.894427598 2.74204826e-14
vt 0.692508876 0.582720578
v 350.048157 -652.659302 144
vn -0.447212726 0.894427598 2.74204826e-14
vt 0.694369078 0.591911793
f 9191/9191/9191 9190/9190/9190 9189/9189/9189 9188/9188/9188 9187/9187/9187
v 299.99881 -677.683899 315
vn 0 0 1
vt 0.744785428 0.321431339
v 234.754639 -629.425781 315
vn 0 0 1
vt 0.744745195 0.352946222
v 271.182861 -692.091858 315
vn 0 0 1
vt 0.741678238 0.32374227
f 9194/9194/9194 9193/9193/9193 9192/9192/9192
v 234.754639 -629.425781 315
vn 0 0 1
vt 0.750362456 0.352946222
v 299.99881 -677.683899 315
vn 0 0 1
vt 0.750322223 0.321431339
v 307.030731 -674.167969 315
vn 0 0 1
vt 0.749563992 0.320867419
f 9197/9197/9197 9196/9196/9196 9195/9195/9195
v 306.784607 -578.234619 315
vn 0 0 1
vt 0.936977744 0.403571963
v 230.574371 -622.234619 315
vn 0 0 1
vt 0.945705235 0.40776813
v 234.754639 -629.425781 315
vn 0 0 1
vt 0.946057141 0.4044168
v 307.030731 -674.167969 315
vn 0 0 1
vt 0.945258677 0.372337997
v 350.048157 -652.659302 315
vn 0 0 1
vt 0.940620124 0.368888199
f 9202/9202/9202 9201/9201/9201 9200/9200/9200 9199/9199/9199 9198/9198/9198
v 306.215393 -672.765381 63
vn 0.864540458 0.502563238 -1.18893469e-12
vt 0.97407043 0.141084552
v 265.215393 -602.234619 63
vn 0.864540458 0.502563238 -1.18893469e-12
vt 0.984048605 0.141084552
v 265.215393 -602.234619 69
vn 0.864540458 0.502563238 -1.18893469e-12
vt 0.984048605 0.143841922
v 306.215393 -672.765381 69
vn 0.864540458 0.502563238 -1.18893469e-12
vt 0.97407043 0.143841922
f 9206/9206/9206 9205/9205/9205 9204/9204/9204 9203/9203/9203
v 306.215393 -672.765381 63
vn -0.5 0.866025388 -3.28619293e-12
vt 0.321917802 0.258731604
v 306.215393 -672.765381 69
vn -0.5 0.866025388 -3.28619293e-12
vt 0.321917802 0.261488974
v 313.143585 -668.765381 69
vn -0.5 0.866025388 -3.28619293e-12
vt 0.320939332 0.261488974
v 313.143585 -668.765381 21.4250946
vn -0.5 0.866025388 -3.28619293e-12
vt 0.320939332 0.239625454
v 306.215393 -672.765381 21.4250946
vn -0.5 0.866025388 -3.28619293e-12
vt 0.321917802 0.239625454
f 9211/9211/9211 9210/9210/9210 9209/9209/9209 9208/9208/9208 9207/9207/9207
v 313.143585 -668.765381 69
vn -0.5 0.866025388 -3.28619293e-12
vt 0.327788651 0.261488974
v 313.143585 -668.765381 75
vn -0.5 0.866025388 -3.28619293e-12
vt 0.327788651 0.264246345
v 320.071808 -664.765381 75
vn -0.5 0.866025388 -3.28619293e-12
vt 0.326810181 0.264246345
v 320.071808 -664.765381 21.4250946
vn -0.5 0.866025388 -3.28619293e-12
vt 0.326810181 0.239625454
v 313.143585 -668.765381 21.4250946
vn -0.5 0.866025388 -3.28619293e-12
vt 0.327788651 0.239625454
f 9216/9216/9216 9215/9215/9215 9214/9214/9214 9213/9213/9213 9212/9212/9212
v 320.071808 -664.765381 75
vn -0.5 0.866025388 -3.28619293e-12
vt 0.3336595 0.264246345
v 320.071808 -664.765381 81
vn -0.5 0.866025388 -3.28619293e-12
vt 0.3336595 0.267003655
v 327 -660.765381 81
vn -0.5 0.866025388 -3.28619293e-12
vt 0.33268103 0.267003655
v 327 -660.765381 21.4250946
vn -0.5 0.866025388 -3.28619293e-12
vt 0.33268103 0.239625454
v 320.071808 -664.765381 21.4250946
vn -0.5 0.866025388 -3.28619293e-12
vt 0.3336595 0.239625454
f 9221/9221/9221 9220/9220/9220 9219/9219/9219 9218/9218/9218 9217/9217/9217
v 327 -660.765381 81
vn -0.5 0.866025388 -3.28619293e-12
vt 0.753424644 0.347886026
v 327 -660.765381 87
vn -0.5 0.866025388 -3.28619293e-12
vt 0.753424644 0.350643396
v 333.928192 -656.765381 87
vn -0.5 0.866025388 -3.28619293e-12
vt 0.752446175 0.350643396
v 333.928192 -656.765381 21.4250946
vn -0.5 0.866025388 -3.28619293e-12
vt 0.752446175 0.320507824
v 327 -660.765381 21.4250946
vn -0.5 0.866025388 -3.28619293e-12
vt 0.753424644 0.320507824
f 9226/9226/9226 9225/9225/9225 9224/9224/9224 9223/9223/9223 9222/9222/9222
v 333.928192 -656.765381 87
vn -0.5 0.866025388 -3.28619293e-12
vt 0.758317053 0.350643396
v 333.928192 -656.765381 93
vn -0.5 0.866025388 -3.28619293e-12
vt 0.758317053 0.353400707
v 340.856415 -652.765381 93
vn -0.5 0.866025388 -3.28619293e-12
vt 0.757338524 0.353400707
v 340.856415 -652.765381 21.4250946
vn -0.5 0.866025388 -3.28619293e-12
vt 0.757338524 0.320507824
v 333.928192 -656.765381 21.4250946
vn -0.5 0.866025388 -3.28619293e-12
vt 0.758317053 0.320507824
f 9231/9231/9231 9230/9230/9230 9229/9229/9229 9228/9228/9228 9227/9227/9227
v 340.856415 -652.765381 93
vn -0.5 0.866025388 -3.28619293e-12
vt 0.763209403 0.353400707
v 340.856415 -652.765381 99
vn -0.5 0.866025388 -3.28619293e-12
vt 0.763209403 0.356158078
v 347.784607 -648.765381 99
vn -0.5 0.866025388 -3.28619293e-12
vt 0.762230933 0.356158078
v 347.784607 -648.765381 21.4250946
vn -0.5 0.866025388 -3.28619293e-12
vt 0.762230933 0.320507824
v 340.856415 -652.765381 21.4250946
vn -0.5 0.866025388 -3.28619293e-12
vt 0.763209403 0.320507824
f 9236/9236/9236 9235/9235/9235 9234/9234/9234 9233/9233/9233 9232/9232/9232
v 272.143585 -598.234619 69
vn 0.864540458 0.502563238 1.54297243e-13
vt 0.690506577 0.0261948705
v 272.143585 -598.234619 75
vn 0.864540458 0.502563238 1.54297243e-13
vt 0.690506577 0.0289521813
v 313.143585 -668.765381 75
vn 0.864540458 0.502563238 1.54297243e-13
vt 0.680528402 0.0289521813
v 313.143585 -668.765381 69
vn 0.864540458 0.502563238 1.54297243e-13
vt 0.680528402 0.0261948705
f 9240/9240/9240 9239/9239/9239 9238/9238/9238 9237/9237/9237
v 286 -590.234619 87
vn 0.864540458 0.502563238 -5.19407507e-15
vt 0.997747242 0.144761026
v 327 -660.765381 87
vn 0.864540458 0.502563238 -5.19407507e-15
vt 0.987769067 0.144761026
v 327 -660.765381 81
vn 0.864540458 0.502563238 -5.19407507e-15
vt 0.987769067 0.142003655
v 286 -590.234619 81
vn 0.864540458 0.502563238 -5.19407507e-15
vt 0.997747242 0.142003655
f 9244/9244/9244 9243/9243/9243 9242/9242/9242 9241/9241/9241
v 340.856415 -652.765381 99
vn 0 0 1
vt 0.69422698 0.0294117928
v 299.856415 -582.234619 99
vn 0 0 1
vt 0.704205155 0.0295228362
v 306.784607 -578.234619 99
vn 0 0 1
vt 0.704205155 0.0258463621
v 347.784607 -648.765381 99
vn 0 0 1
vt 0.69422698 0.0257353187
f 9248/9248/9248 9247/9247/9247 9246/9246/9246 9245/9245/9245
v 299.856415 -582.234619 93
vn 0.864540458 0.502563238 1.17506077e-14
vt 0.717903793 0.0298713446
v 299.856415 -582.234619 99
vn 0.864540458 0.502563238 1.17506077e-14
vt 0.717903793 0.0326286554
v 340.856415 -652.765381 99
vn 0.864540458 0.502563238 1.17506077e-14
vt 0.707925618 0.0326286554
v 340.856415 -652.765381 93
vn 0.864540458 0.502563238 1.17506077e-14
vt 0.707925618 0.0298713446
f 9252/9252/9252 9251/9251/9251 9250/9250/9250 9249/9249/9249
v 299.856415 -582.234619 93
vn 0 0 1
vt 0.0114458762 0.117758155
v 340.856415 -652.765381 93
vn 0 0 1
vt 0.00146771036 0.117647052
v 333.928192 -656.765381 93
vn 0 0 1
vt 0.00146771036 0.121323526
v 292.928192 -586.234619 93
vn 0 0 1
vt 0.0114458762 0.121434629
f 9256/9256/9256 9255/9255/9255 9254/9254/9254 9253/9253/9253
v 292.928192 -586.234619 87
vn 0.864540458 0.502563238 7.92486939e-14
vt 0.73160243 0.0271139741
v 292.928192 -586.234619 93
vn 0.864540458 0.502563238 7.92486939e-14
vt 0.73160243 0.0298713446
v 333.928192 -656.765381 93
vn 0.864540458 0.502563238 7.92486939e-14
vt 0.721624255 0.0298713446
v 333.928192 -656.765381 87
vn 0.864540458 0.502563238 7.92486939e-14
vt 0.721624255 0.0271139741
f 9260/9260/9260 9259/9259/9259 9258/9258/9258 9257/9257/9257
v 327 -660.765381 87
vn 0 0 1
vt 0.735322893 0.0294117928
v 286 -590.234619 87
vn 0 0 1
vt 0.745301068 0.0295228362
v 292.928192 -586.234619 87
vn 0 0 1
vt 0.745301068 0.0258463621
v 333.928192 -656.765381 87
vn 0 0 1
vt 0.735322893 0.0257353187
f 9264/9264/9264 9263/9263/9263 9262/9262/9262 9261/9261/9261
v 286 -590.234619 81
vn 0 0 1
vt 0.0251444988 0.117758155
v 327 -660.765381 81
vn 0 0 1
vt 0.0151663404 0.117647052
v 320.071808 -664.765381 81
vn 0 0 1
vt 0.0151663478 0.121323526
v 279.071808 -594.234619 81
vn 0 0 1
vt 0.0251445062 0.121434629
f 9268/9268/9268 9267/9267/9267 9266/9266/9266 9265/9265/9265
v 279.071808 -594.234619 75
vn 0.864540458 0.502563238 3.5275751e-13
vt 0.758999705 0.0289521813
v 279.071808 -594.234619 81
vn 0.864540458 0.502563238 3.5275751e-13
vt 0.758999705 0.0317095518
v 320.071808 -664.765381 81
vn 0.864540458 0.502563238 3.5275751e-13
vt 0.74902153 0.0317095518
v 320.071808 -664.765381 75
vn 0.864540458 0.502563238 3.5275751e-13
vt 0.74902153 0.0289521813
f 9272/9272/9272 9271/9271/9271 9270/9270/9270 9269/9269/9269
v 313.143585 -668.765381 75
vn 0 0 1
vt 0.0288649779 0.121323526
v 272.143585 -598.234619 75
vn 0 0 1
vt 0.0388431363 0.121434629
v 279.071808 -594.234619 75
vn 0 0 1
vt 0.0388431363 0.117758155
v 320.071808 -664.765381 75
vn 0 0 1
vt 0.0288649779 0.117647052
f 9276/9276/9276 9275/9275/9275 9274/9274/9274 9273/9273/9273
v 272.143585 -598.234619 69
vn 0 0 1
vt 0.0525417663 0.117758155
v 313.143585 -668.765381 69
vn 0 0 1
vt 0.0425636098 0.117647052
v 306.215393 -672.765381 69
vn 0 0 1
vt 0.0425636023 0.121323526
v 265.215393 -602.234619 69
vn 0 0 1
vt 0.0525417589 0.121434629
f 9280/9280/9280 9279/9279/9279 9278/9278/9278 9277/9277/9277
v 307.030731 -674.167969 21.4250946
vn 0 0 1
vt 0.763329208 0.0273995996
v 306.215393 -672.765381 21.4250946
vn 0 0 1
vt 0.763397813 0.0280532837
v 313.143585 -668.765381 21.4250946
vn 0 0 1
vt 0.76419121 0.027671814
v 320.071808 -664.765381 21.4250946
vn 0 0 1
vt 0.764984667 0.0272903442
v 327 -660.765381 21.4250946
vn 0 0 1
vt 0.765778065 0.0269088745
f 9285/9285/9285 9284/9284/9284 9283/9283/9283 9282/9282/9282 9281/9281/9281
v 350.048157 -652.659302 21.4250946
vn 0 0 1
vt 0.0615097806 0.119538069
v 307.030731 -674.167969 21.4250946
vn 0 0 1
vt 0.0568712428 0.122987926
v 327 -660.765381 21.4250946
vn 0 0 1
vt 0.059320122 0.122497141
v 333.928192 -656.765381 21.4250946
vn 0 0 1
vt 0.0601135306 0.122115672
v 340.856415 -652.765381 21.4250946
vn 0 0 1
vt 0.0609069429 0.121734202
v 347.784607 -648.765381 21.4250946
vn 0 0 1
vt 0.0617003515 0.121352732
f 9291/9291/9291 9290/9290/9290 9289/9289/9289 9288/9288/9288 9287/9287/9287 9286/9286/9286
v 350.048157 -652.659302 144
vn -0.447212726 0.894427598 2.74204826e-14
vt 0.426267326 0.915441155
v 350.048157 -652.659302 315
vn -0.447212726 0.894427598 2.74204826e-14
vt 0.426267326 0.994025707
v 307.030731 -674.167969 315
vn -0.447212726 0.894427598 2.74204826e-14
vt 0.429987699 0.994025707
v 307.030731 -674.167969 91
vn -0.447212726 0.894427598 2.74204826e-14
vt 0.429987699 0.891084552
v 350.048157 -652.659302 91
vn -0.447212726 0.894427598 2.74204826e-14
vt 0.426267326 0.891084552
f 9296/9296/9296 9295/9295/9295 9294/9294/9294 9293/9293/9293 9292/9292/9292
v 307.030731 -674.167969 63
vn -0.447212726 0.894427598 2.74204826e-14
vt 0.770496547 0.341452181
v 307.030731 -674.167969 21.4250946
vn -0.447212726 0.894427598 2.74204826e-14
vt 0.770496547 0.322346091
v 350.048157 -652.659302 21.4250946
vn -0.447212726 0.894427598 2.74204826e-14
vt 0.766776145 0.322346091
v 350.048157 -652.659302 91
vn -0.447212726 0.894427598 2.74204826e-14
vt 0.766776145 0.35431987
v 307.030731 -674.167969 91
vn -0.447212726 0.894427598 2.74204826e-14
vt 0.770496547 0.35431987
f 9301/9301/9301 9300/9300/9300 9299/9299/9299 9298/9298/9298 9297/9297/9297
v 265.215393 -602.234619 63
vn 0 0 1
vt 0.0760251284 0.117758155
v 306.215393 -672.765381 63
vn 0 0 1
vt 0.0660469681 0.117647052
v 299.287201 -676.765381 63
vn 0 0 1
vt 0.0660469681 0.121323526
v 258.287201 -606.234619 63
vn 0 0 1
vt 0.0760251284 0.121434629
f 9305/9305/9305 9304/9304/9304 9303/9303/9303 9302/9302/9302
v 307.030731 -674.167969 91
vn -0.447212726 0.894427598 2.74204826e-14
vt 0.991631567 0.214613974
v 271.182861 -692.091858 128
vn -0.447212726 0.894427598 2.74204826e-14
vt 0.994731843 0.23161763
v 271.182861 -692.091858 91
vn -0.447212726 0.894427598 2.74204826e-14
vt 0.994731843 0.214613974
f 9308/9308/9308 9307/9307/9307 9306/9306/9306
v 271.182861 -692.091858 144
vn -0.447212726 0.894427598 2.74204826e-14
vt 0.437001914 0.915441155
v 271.182861 -692.091858 128
vn -0.447212726 0.894427598 2.74204826e-14
vt 0.437001914 0.908088207
v 307.030731 -674.167969 91
vn -0.447212726 0.894427598 2.74204826e-14
vt 0.433901578 0.891084552
v 307.030731 -674.167969 315
vn -0.447212726 0.894427598 2.74204826e-14
vt 0.433901578 0.994025707
v 299.99881 -677.683899 315
vn -0.447212726 0.894427598 2.74204826e-14
vt 0.434509754 0.994025707
v 271.182861 -692.091858 315
vn -0.447212726 0.894427598 2.74204826e-14
vt 0.437001914 0.994025707
f 9314/9314/9314 9313/9313/9313 9312/9312/9312 9311/9311/9311 9310/9310/9310 9309/9309/9309
v 285.522003 -684.922302 63
vn -0.447212726 0.894427598 2.74204826e-14
vt 0.00327646662 0.187040448
v 307.030731 -674.167969 63
vn -0.447212726 0.894427598 2.74204826e-14
vt 0.00141627167 0.187040448
v 307.030731 -674.167969 91
vn -0.447212726 0.894427598 2.74204826e-14
vt 0.00141627167 0.199908078
f 9317/9317/9317 9316/9316/9316 9315/9315/9315
v 271.182861 -692.091858 91
vn -0.447212726 0.894427598 2.74204826e-14
vt 0.0103874356 0.199908078
v 271.182861 -692.091858 63
vn -0.447212726 0.894427598 2.74204826e-14
vt 0.0103874356 0.187040448
v 278.352417 -688.50708 63
vn -0.447212726 0.894427598 2.74204826e-14
vt 0.00976737216 0.187040448
v 285.522003 -684.922302 63
vn -0.447212726 0.894427598 2.74204826e-14
vt 0.00914730784 0.187040448
v 307.030731 -674.167969 91
vn -0.447212726 0.894427598 2.74204826e-14
vt 0.007287113 0.199908078
f 9322/9322/9322 9321/9321/9321 9320/9320/9320 9319/9319/9319 9318/9318/9318
v 278.352417 -688.50708 39
vn 0.864540458 0.502563238 -2.98311939e-12
vt 0.768627524 0.0271139741
v 237.502579 -618.234619 39
vn 0.864540458 0.502563238 -2.98311939e-12
vt 0.778569162 0.0271139741
v 237.502579 -618.234619 45
vn 0.864540458 0.502563238 -2.98311939e-12
vt 0.778569162 0.0298713446
v 278.352417 -688.50708 45
vn 0.864540458 0.502563238 -2.98311939e-12
vt 0.768627524 0.0298713446
f 9326/9326/9326 9325/9325/9325 9324/9324/9324 9323/9323/9323
v 285.430786 -684.765381 45
vn 0.864540458 0.502563238 -1.18945988e-12
vt 0.782289624 0.0298713446
v 244.430786 -614.234619 45
vn 0.864540458 0.502563238 -1.18945988e-12
vt 0.792267799 0.0298713446
v 244.430786 -614.234619 51
vn 0.864540458 0.502563238 -1.18945988e-12
vt 0.792267799 0.0326286554
v 285.430786 -684.765381 51
vn 0.864540458 0.502563238 -1.18945988e-12
vt 0.782289624 0.0326286554
f 9330/9330/9330 9329/9329/9329 9328/9328/9328 9327/9327/9327
v 285.430786 -684.765381 45
vn -0.5 0.866025388 -3.28619293e-12
vt 0.0812133104 0.125459552
v 285.430786 -684.765381 51
vn -0.5 0.866025388 -3.28619293e-12
vt 0.0812133104 0.128216922
v 292.358978 -680.765381 51
vn -0.5 0.866025388 -3.28619293e-12
vt 0.0802348331 0.128216922
v 299.287201 -676.765381 51
vn -0.5 0.866025388 -3.28619293e-12
vt 0.0792563632 0.128216922
v 299.287201 -676.765381 21.4250946
vn -0.5 0.866025388 -3.28619293e-12
vt 0.0792563632 0.114625454
v 296.025848 -678.648315 21.4250946
vn -0.5 0.866025388 -3.28619293e-12
vt 0.0797169581 0.114625454
v 285.430786 -684.765381 21.4250946
vn -0.5 0.866025388 -3.28619293e-12
vt 0.0812133104 0.114625454
f 9337/9337/9337 9336/9336/9336 9335/9335/9335 9334/9334/9334 9333/9333/9333 9332/9332/9332 9331/9331/9331
v 292.358978 -680.765381 57
vn -0.5 0.866025388 -3.28619293e-12
vt 0.0861056745 0.123621345
v 299.287201 -676.765381 57
vn -0.5 0.866025388 -3.28619293e-12
vt 0.0851272047 0.123621345
v 299.287201 -676.765381 51
vn -0.5 0.866025388 -3.28619293e-12
vt 0.0851272047 0.120863974
v 292.358978 -680.765381 51
vn -0.5 0.866025388 -3.28619293e-12
vt 0.0861056745 0.120863974
f 9341/9341/9341 9340/9340/9340 9339/9339/9339 9338/9338/9338
v 299.287201 -676.765381 21.4250946
vn -0.5 0.866025388 -3.28619293e-12
vt 0.0909980461 0.114625454
v 299.287201 -676.765381 51
vn -0.5 0.866025388 -3.28619293e-12
vt 0.0909980461 0.128216922
v 306.215393 -672.765381 21.4250946
vn -0.5 0.866025388 -3.28619293e-12
vt 0.0900195688 0.114625454
f 9344/9344/9344 9343/9343/9343 9342/9342/9342
v 306.215393 -672.765381 63
vn -0.5 0.866025388 -3.28619293e-12
vt 0.013698631 0.199908078
v 306.215393 -672.765381 21.4250946
vn -0.5 0.866025388 -3.28619293e-12
vt 0.013698631 0.180801928
v 299.287201 -676.765381 51
vn -0.5 0.866025388 -3.28619293e-12
vt 0.0146771045 0.194393396
v 299.287201 -676.765381 57
vn -0.5 0.866025388 -3.28619293e-12
vt 0.0146771045 0.197150707
v 299.287201 -676.765381 63
vn -0.5 0.866025388 -3.28619293e-12
vt 0.0146771045 0.199908078
f 9349/9349/9349 9348/9348/9348 9347/9347/9347 9346/9346/9346 9345/9345/9345
v 258.287201 -606.234619 57
vn 0.864540458 0.502563238 7.46731995e-13
vt 0.805966437 0.0280330777
v 258.287201 -606.234619 63
vn 0.864540458 0.502563238 7.46731995e-13
vt 0.805966437 0.0307904482
v 299.287201 -676.765381 63
vn 0.864540458 0.502563238 7.46731995e-13
vt 0.795988262 0.0307904482
v 299.287201 -676.765381 57
vn 0.864540458 0.502563238 7.46731995e-13
vt 0.795988262 0.0280330777
f 9353/9353/9353 9352/9352/9352 9351/9351/9351 9350/9350/9350
v 258.287201 -606.234619 57
vn 0 0 1
vt 0.103422388 0.117758155
v 299.287201 -676.765381 57
vn 0 0 1
vt 0.0934442282 0.117647052
v 292.358978 -680.765381 57
vn 0 0 1
vt 0.0934442282 0.121323526
v 251.358978 -610.234619 57
vn 0 0 1
vt 0.103422388 0.121434629
f 9357/9357/9357 9356/9356/9356 9355/9355/9355 9354/9354/9354
v 285.430786 -684.765381 51
vn 0 0 1
vt 0.107142858 0.121323526
v 244.430786 -614.234619 51
vn 0 0 1
vt 0.117121026 0.121434629
v 251.358978 -610.234619 51
vn 0 0 1
vt 0.117121018 0.117758155
v 292.358978 -680.765381 51
vn 0 0 1
vt 0.107142858 0.117647052
f 9361/9361/9361 9360/9360/9360 9359/9359/9359 9358/9358/9358
v 292.358978 -680.765381 57
vn 0.864540458 0.502563238 1.62467338e-12
vt 0.120841488 0.123621345
v 292.358978 -680.765381 51
vn 0.864540458 0.502563238 1.62467338e-12
vt 0.120841488 0.120863974
v 251.358978 -610.234619 51
vn 0.864540458 0.502563238 1.62467338e-12
vt 0.130819649 0.120863974
v 251.358978 -610.234619 57
vn 0.864540458 0.502563238 1.62467338e-12
vt 0.130819649 0.123621345
f 9365/9365/9365 9364/9364/9364 9363/9363/9363 9362/9362/9362
v 285.522003 -684.922302 21.4250946
vn 0 0 1
vt 0.812375605 0.029124558
v 285.430786 -684.765381 21.4250946
vn 0 0 1
vt 0.812367976 0.0291976929
v 296.025848 -678.648315 21.4250946
vn 0 0 1
vt 0.811154604 0.0286144018
v 296.845612 -679.260498 21.4250946
vn 0 0 1
vt 0.811154604 0.0282164216
f 9369/9369/9369 9368/9368/9368 9367/9367/9367 9366/9366/9366
v 299.287201 -676.765381 21.4250946
vn 0 0 1
vt 0.815441966 0.0284347534
v 306.215393 -672.765381 21.4250946
vn 0 0 1
vt 0.816235363 0.0280532837
v 307.030731 -674.167969 21.4250946
vn 0 0 1
vt 0.816166759 0.0273995996
v 296.845612 -679.260498 21.4250946
vn 0 0 1
vt 0.815068483 0.0282164216
v 296.025848 -678.648315 21.4250946
vn 0 0 1
vt 0.815068483 0.0286144018
f 9374/9374/9374 9373/9373/9373 9372/9372/9372 9371/9371/9371 9370/9370/9370
v 285.522003 -684.922302 45
vn -0.447212726 0.894427598 2.74204826e-14
vt 0.0189320445 0.193474293
v 285.522003 -684.922302 21.4250946
vn -0.447212726 0.894427598 2.74204826e-14
vt 0.0189320445 0.182640195
v 296.845612 -679.260498 21.4250946
vn -0.447212726 0.894427598 2.74204826e-14
vt 0.0179527123 0.182640195
v 307.030731 -674.167969 21.4250946
vn -0.447212726 0.894427598 2.74204826e-14
vt 0.0170718487 0.182640195
v 307.030731 -674.167969 63
vn -0.447212726 0.894427598 2.74204826e-14
vt 0.0170718487 0.201746345
v 285.522003 -684.922302 63
vn -0.447212726 0.894427598 2.74204826e-14
vt 0.0189320445 0.201746345
f 9380/9380/9380 9379/9379/9379 9378/9378/9378 9377/9377/9377 9376/9376/9376 9375/9375/9375
v 278.352417 -688.50708 45
vn 0 0 1
vt 0.134576663 0.121323943
v 237.502579 -618.234619 45
vn 0 0 1
vt 0.144518286 0.121434629
v 244.430786 -614.234619 45
vn 0 0 1
vt 0.144518286 0.117758155
v 285.430786 -684.765381 45
vn 0 0 1
vt 0.134540111 0.117647052
v 285.522003 -684.922302 45
vn 0 0 1
vt 0.134517938 0.117646813
f 9385/9385/9385 9384/9384/9384 9383/9383/9383 9382/9382/9382 9381/9381/9381
v 278.352417 -688.50708 45
vn -0.447212726 0.894427598 2.74204826e-14
vt 0.148710623 0.11994487
v 285.522003 -684.922302 45
vn -0.447212726 0.894427598 2.74204826e-14
vt 0.148090556 0.11994487
v 285.522003 -684.922302 63
vn -0.447212726 0.894427598 2.74204826e-14
vt 0.148090556 0.128216922
v 278.352417 -688.50708 63
vn -0.447212726 0.894427598 2.74204826e-14
vt 0.148710623 0.128216922
f 9389/9389/9389 9388/9388/9388 9387/9387/9387 9386/9386/9386
v 271.182861 -692.091858 39
vn 0 0 1
vt 0.152247921 0.121324599
v 230.574371 -622.234619 39
vn 0 0 1
vt 0.162130818 0.121434629
v 237.502579 -618.234619 39
vn 0 0 1
vt 0.162130818 0.117758155
v 278.352417 -688.50708 39
vn 0 0 1
vt 0.152189195 0.117647469
f 9393/9393/9393 9392/9392/9392 9391/9391/9391 9390/9390/9390
v 278.352417 -688.50708 45
vn -0.447212726 0.894427598 2.74204826e-14
vt 0.16632314 0.11994487
v 278.352417 -688.50708 63
vn -0.447212726 0.894427598 2.74204826e-14
vt 0.16632314 0.128216922
v 271.182861 -692.091858 63
vn -0.447212726 0.894427598 2.74204826e-14
vt 0.166943222 0.128216922
v 271.182861 -692.091858 39
vn -0.447212726 0.894427598 2.74204826e-14
vt 0.166943222 0.1171875
v 278.352417 -688.50708 39
vn -0.447212726 0.894427598 2.74204826e-14
vt 0.16632314 0.1171875
f 9398/9398/9398 9397/9397/9397 9396/9396/9396 9395/9395/9395 9394/9394/9394
v 28.0782108 -617.568542 128
vn 0 0 1
vt 0.820079565 0.0288724303
v 28.1205692 -615.595093 128
vn 0 0 1
vt 0.819905221 0.0282449126
v 28.3795376 -615.587891 128
vn 0 0 1
vt 0.819882214 0.0283266902
v 30.4499092 -617.502808 128
vn 0 0 1
vt 0.819868743 0.0296217799
f 9402/9402/9402 9401/9401/9401 9400/9400/9400 9399/9399/9399
v -64.8114624 -597.164734 128
vn 0 0 1
vt 0.775039613 0.352637708
v -38.0807343 -570.43396 128
vn 0 0 1
vt 0.779663265 0.352637708
v 9.56710339 -618.081848 128
vn 0 0 1
vt 0.779663265 0.321670651
f 9405/9405/9405 9404/9404/9404 9403/9403/9403
v 16.9096127 -625.424316 128
vn 0 0 1
vt 0.501776755 0.721310437
v 14.9741344 -743.856384 128
vn 0 0 1
vt 0.491366684 0.683454037
v -65.2705994 -675.611633 128
vn 0 0 1
vt 0.490328878 0.731706738
v -64.8114624 -597.164734 128
vn 0 0 1
vt 0.497153103 0.757049441
v 9.56710339 -618.081848 128
vn 0 0 1
vt 0.501776755 0.726082444
f 9410/9410/9410 9409/9409/9409 9408/9408/9408 9407/9407/9407 9406/9406/9406
v 16.9096127 -625.424316 128
vn 0 0 1
vt 0.171052709 0.118369281
v 9.56710339 -618.081848 128
vn 0 0 1
vt 0.171052694 0.123141229
v 16.7645016 -617.882263 128
vn 0 0 1
vt 0.171692431 0.120867252
v 17.0329895 -617.874817 128
vn 0 0 1
vt 0.171716288 0.120782375
f 9414/9414/9414 9413/9413/9413 9412/9412/9412 9411/9411/9411
v 17.5501633 -626.06488 128
vn 0 0 1
vt 0.305090845 0.425270975
v 17.7283115 -617.85553 128
vn 0 0 1
vt 0.304365456 0.422661245
v 28.0782108 -617.568542 128
vn 0 0 1
vt 0.303445518 0.425931275
v 39.7645035 -626.117737 128
vn 0 0 1
vt 0.303174198 0.432506919
v 92.4005432 -678.753784 128
vn 0 0 1
vt 0.303174198 0.466715813
v 14.9741344 -743.856384 128
vn 0 0 1
vt 0.315500945 0.462711096
f 9420/9420/9420 9419/9419/9419 9418/9418/9418 9417/9417/9417 9416/9416/9416 9415/9415/9415
v 28.0782108 -617.568542 128
vn 0 0 1
vt 0.176243946 0.117107749
v 30.4499092 -617.502808 128
vn 0 0 1
vt 0.176033154 0.117857039
v 39.7645035 -626.117737 128
vn 0 0 1
vt 0.175972641 0.123683393
f 9423/9423/9423 9422/9422/9422 9421/9421/9421
v 107.8377 -791 128
vn 0 0 1
vt 0.319374591 0.464089811
v 13.970993 -791 128
vn 0 0 1
vt 0.327492744 0.433587134
v 14.9741344 -743.856384 128
vn 0 0 1
vt 0.323328733 0.418593466
f 9426/9426/9426 9425/9425/9425 9424/9424/9424
v 108 -715.514709 128
vn 0 0 1
vt 0.332401633 0.439612985
v 108 -791 128
vn 0 0 1
vt 0.338930011 0.464142501
v 107.8377 -791 128
vn 0 0 1
vt 0.338944048 0.464089811
v 14.9741344 -743.856384 128
vn 0 0 1
vt 0.34289819 0.418593466
v 92.4005432 -678.753784 128
vn 0 0 1
vt 0.330571443 0.422598183
v 96.4507904 -682.804016 128
vn 0 0 1
vt 0.330571443 0.425230503
v 107.33197 -693.685242 128
vn 0 0 1
vt 0.330571443 0.432302296
v 108 -705.731262 128
vn 0 0 1
vt 0.331555516 0.436433852
f 9434/9434/9434 9433/9433/9433 9432/9432/9432 9431/9431/9431 9430/9430/9430 9429/9429/9429 9428/9428/9428 9427/9427/9427
v 16.7645016 -617.882263 128
vn 0 0 1
vt 0.950557411 0.370867252
v 9.56710339 -618.081848 128
vn 0 0 1
vt 0.949917674 0.373141229
v -38.0807343 -570.43396 128
vn 0 0 1
vt 0.949917674 0.404108286
v 8.35324669 -524 128
vn 0 0 1
vt 0.9579494 0.404108286
v 18.6551228 -513.69812 128
vn 0 0 1
vt 0.95973134 0.404108286
f 9439/9439/9439 9438/9438/9438 9437/9437/9437 9436/9436/9436 9435/9435/9435
v 12.9816513 -820 128
vn 0 0 1
vt 0.82350558 0.0257353187
v 11.782609 -820 128
vn 0 0 1
vt 0.823358953 0.0257353187
v 11.782609 -819.004456 128
vn 0 0 1
vt 0.823358953 0.0261928439
v 13 -819 128
vn 0 0 1
vt 0.823507845 0.0261948705
f 9443/9443/9443 9442/9442/9442 9441/9441/9441 9440/9440/9440
v -271 -803.353271 128
vn 0 0 1
vt 0.0245841481 0.19331193
v -260 -792.353271 128
vn 0 0 1
vt 0.0259295497 0.198367059
v -260 -820 128
vn 0 0 1
vt 0.0259295497 0.185661793
v -287.646759 -820 128
vn 0 0 1
vt 0.0225480963 0.185661793
f 9447/9447/9447 9446/9446/9446 9445/9445/9445 9444/9444/9444
v -287.646759 -820 128
vn 0 0 1
vt 0.179103881 0.126838207
v -260 -820 128
vn 0 0 1
vt 0.182485327 0.126838207
v -259.778778 -843.89209 128
vn 0 0 1
vt 0.182512373 0.115858436
f 9450/9450/9450 9449/9449/9449 9448/9448/9448
v -259.959961 -925.066406 128
vn 0 0 1
vt 0.358615458 0.416789353
v -363 -924.244873 128
vn 0 0 1
vt 0.346012712 0.417166889
v -363 -895.353271 128
vn 0 0 1
vt 0.346012712 0.430444241
v -287.646759 -820 128
vn 0 0 1
vt 0.35522911 0.465073526
v -259.778778 -843.89209 128
vn 0 0 1
vt 0.358637631 0.454093695
f 9455/9455/9455 9454/9454/9454 9453/9453/9453 9452/9452/9452 9451/9451/9451
v -36 -926.851929 128
vn 0 0 1
vt 0.377201557 0.417807043
v -167.663101 -925.802246 128
vn 0 0 1
vt 0.361097962 0.418289423
v -36 -820 128
vn 0 0 1
vt 0.377201557 0.466911793
f 9458/9458/9458 9457/9457/9457 9456/9456/9456
v -246 -820 128
vn 0 0 1
vt 0.382827789 0.466911793
v -36 -820 128
vn 0 0 1
vt 0.408512712 0.466911793
v -167.663101 -925.802246 128
vn 0 0 1
vt 0.392409116 0.418289423
v -259.0271 -925.073792 128
vn 0 0 1
vt 0.381234467 0.418624222
v -259.778778 -843.89209 128
vn 0 0 1
vt 0.381142527 0.455931962
v -260 -820 128
vn 0 0 1
vt 0.381115466 0.466911793
f 9464/9464/9464 9463/9463/9463 9462/9462/9462 9461/9461/9461 9460/9460/9460 9459/9459/9459
v 12.9816513 -820 128
vn 0 0 1
vt 0.412546694 0.466911793
v 11.0148067 -927.226746 128
vn 0 0 1
vt 0.41230613 0.417634726
v 11.782609 -820 128
vn 0 0 1
vt 0.412400037 0.466911793
f 9467/9467/9467 9466/9466/9466 9465/9465/9465
v -14.1999998 -820 128
vn 0 0 1
vt 0.419006854 0.466911793
v 11.782609 -820 128
vn 0 0 1
vt 0.422184765 0.466911793
v 11.0148067 -927.226746 128
vn 0 0 1
vt 0.422090858 0.417634726
v -36 -926.851929 128
vn 0 0 1
vt 0.4163405 0.417807043
v -36 -820 128
vn 0 0 1
vt 0.4163405 0.466911793
f 9472/9472/9472 9471/9471/9471 9470/9470/9470 9469/9469/9469 9468/9468/9468
v 56.336895 -927.588135 128
vn 0 0 1
vt 0.703547657 0.587327719
v 11.0148067 -927.226746 128
vn 0 0 1
vt 0.707436085 0.572482586
v 13.3416786 -820 128
vn 0 0 1
vt 0.697961271 0.53839469
f 9475/9475/9475 9474/9474/9474 9473/9473/9473
v 107.710388 -820 128
vn 0 0 1
vt 0.507803679 0.723472178
v 107.236305 -927.993896 128
vn 0 0 1
vt 0.517184556 0.758411527
v 56.336895 -927.588135 128
vn 0 0 1
vt 0.521551549 0.741739511
v 13.3416786 -820 128
vn 0 0 1
vt 0.515965164 0.692806423
v 13.970993 -791 128
vn 0 0 1
vt 0.5134027 0.683587134
v 107.8377 -791 128
vn 0 0 1
vt 0.505284548 0.714089751
f 9481/9481/9481 9480/9480/9480 9479/9479/9479 9478/9478/9478 9477/9477/9477 9476/9476/9476
v 214.442703 -594.483948 128
vn 0 0 1
vt 0.0284437444 0.195685983
v 214.319458 -594.271912 128
vn 0 0 1
vt 0.0284360629 0.19579494
v 214.078217 -628.431458 128
vn 0 0 1
vt 0.0314112417 0.184772968
v 214.252808 -628.333923 128
vn 0 0 1
vt 0.0313877054 0.184747934
v 229.250809 -619.957764 128
vn 0 0 1
vt 0.0293661784 0.182596087
f 9486/9486/9486 9485/9485/9485 9484/9484/9484 9483/9483/9483 9482/9482/9482
v 175.61203 -649.914368 128
vn 0 0 1
vt 0.194817021 0.121197045
v 214.078217 -628.431458 128
vn 0 0 1
vt 0.189632282 0.115678251
v 214.319458 -594.271912 128
vn 0 0 1
vt 0.186657116 0.126700163
f 9489/9489/9489 9488/9488/9488 9487/9487/9487
v 148.728058 -481.4375 128
vn 0 0 1
vt 0.174743474 0.839092672
v 112.771111 -419.582153 128
vn 0 0 1
vt 0.172503635 0.870877504
v 108.804039 -423.549194 128
vn 0 0 1
vt 0.173189819 0.870877504
v 52.2354965 -480.117737 128
vn 0 0 1
vt 0.182974562 0.870877504
v 52.1177483 -480.235504 128
vn 0 0 1
vt 0.182994932 0.870877504
v 40.804039 -491.549194 128
vn 0 0 1
vt 0.184951872 0.870877504
v 40.0216103 -492.331635 128
vn 0 0 1
vt 0.185087219 0.870877504
v 175.61203 -649.914368 128
vn 0 0 1
vt 0.186989233 0.775608778
v 214.319458 -594.271912 128
vn 0 0 1
vt 0.178829327 0.781111956
f 9498/9498/9498 9497/9497/9497 9496/9496/9496 9495/9495/9495 9494/9494/9494 9493/9493/9493 9492/9492/9492 9491/9491/9491 9490/9490/9490
v 155.570251 -693.566833 128
vn 0 0 1
vt 0.20084852 0.120877504
v 186.531784 -662.605286 128
vn 0 0 1
vt 0.206203967 0.120877564
v 175.61203 -649.914368 128
vn 0 0 1
vt 0.206357151 0.128549993
v 133.390854 -693.427795 128
vn 0 0 1
vt 0.198942333 0.128130078
f 9502/9502/9502 9501/9501/9501 9500/9500/9500 9499/9499/9499
v 40.0216103 -492.331635 128
vn 0 0 1
vt 0.345245481 0.267936289
v 30.5633621 -501.789886 128
vn 0 0 1
vt 0.343609482 0.267936289
v 29.0782108 -570.980347 128
vn 0 0 1
vt 0.337497026 0.245934963
f 9505/9505/9505 9504/9504/9504 9503/9503/9503
v 51.0782089 -614.804016 128
vn 0 0 1
vt 0.192752451 0.827486277
v 133.390854 -693.427795 128
vn 0 0 1
vt 0.193071485 0.775188863
v 175.61203 -649.914368 128
vn 0 0 1
vt 0.200486302 0.775608778
v 40.0216103 -492.331635 128
vn 0 0 1
vt 0.202388316 0.870877504
v 29.0782108 -570.980347 128
vn 0 0 1
vt 0.194639891 0.848876178
v 29.0782108 -593.747681 128
vn 0 0 1
vt 0.192670852 0.841477752
v 29.0782108 -593.789978 128
vn 0 0 1
vt 0.192667186 0.841464043
f 9512/9512/9512 9511/9511/9511 9510/9510/9510 9509/9509/9509 9508/9508/9508 9507/9507/9507 9506/9506/9506
v 155.570251 -693.566833 128
vn 0 0 1
vt 0.0345080011 0.201759815
v 213.48468 -693.929871 128
vn 0 0 1
vt 0.0394853763 0.182822168
v 186.531784 -662.605286 128
vn 0 0 1
vt 0.0398634598 0.201759875
f 9515/9515/9515 9514/9514/9514 9513/9513/9513
v 186.531784 -662.605286 128
vn 0 0 1
vt 0.353482932 0.260583401
v 213.48468 -693.929871 128
vn 0 0 1
vt 0.353861004 0.241645694
v 213.884827 -693.932373 128
vn 0 0 1
vt 0.353826612 0.241514862
v 214.252808 -628.333923 128
vn 0 0 1
vt 0.348121464 0.262712002
v 214.078217 -628.431458 128
vn 0 0 1
vt 0.348145008 0.262737036
v 175.61203 -649.914368 128
vn 0 0 1
vt 0.353329748 0.26825583
f 9521/9521/9521 9520/9520/9520 9519/9519/9519 9518/9518/9518 9517/9517/9517 9516/9516/9516
v 107.764503 -671.490356 128
vn 0 0 1
vt 0.468682021 0.628880382
v 129.678696 -693.404541 128
vn 0 0 1
vt 0.468682021 0.614638031
v 133.390854 -693.427795 128
vn 0 0 1
vt 0.469001025 0.613424182
v 51.0782089 -614.804016 128
vn 0 0 1
vt 0.468682021 0.665721655
f 9525/9525/9525 9524/9524/9524 9523/9523/9523 9522/9522/9522
v 107.764503 -671.490356 128
vn 0 0 1
vt 0.0440244749 0.195056796
v 128.733063 -693.398621 128
vn 0 0 1
vt 0.0439432003 0.181123674
v 129.678696 -693.404541 128
vn 0 0 1
vt 0.0440244749 0.180814505
f 9528/9528/9528 9527/9527/9527 9526/9526/9526
v 97.4486237 -681.806213 128
vn 0 0 1
vt 0.962005317 0.364174426
v 107.764503 -671.490356 128
vn 0 0 1
vt 0.963789642 0.364174426
v 51.0782089 -614.804016 128
vn 0 0 1
vt 0.963789642 0.401015759
v 40.1271553 -625.755066 128
vn 0 0 1
vt 0.961895406 0.401015759
f 9532/9532/9532 9531/9531/9531 9530/9530/9530 9529/9529/9529
v 30.9081173 -638.422852 138
vn 0.707106769 0.707106769 5.12478189e-13
vt 0.836594939 0.0330882072
v 81.819809 -689.334534 138
vn 0.707106769 0.707106769 5.12478189e-13
vt 0.827788651 0.0330882072
v 81.819809 -689.334534 134
vn 0.707106769 0.707106769 5.12478189e-13
vt 0.827788651 0.03125
v 30.9081173 -638.422852 134
vn 0.707106769 0.707106769 5.12478189e-13
vt 0.836594939 0.03125
f 9536/9536/9536 9535/9535/9535 9534/9534/9534 9533/9533/9533
v 51.0782089 -614.804016 208
vn -0.707106769 0.707106769 1.61196157e-13
vt 0.357142866 0.26838237
v 51.0782089 -614.804016 144
vn -0.707106769 0.707106769 1.61196157e-13
vt 0.357142866 0.238970578
v 39.7645035 -626.117737 144
vn -0.707106769 0.707106769 1.61196157e-13
vt 0.359099805 0.238970578
v 39.7645035 -626.117737 208
vn -0.707106769 0.707106769 1.61196157e-13
vt 0.359099805 0.26838237
f 9540/9540/9540 9539/9539/9539 9538/9538/9538 9537/9537/9537
v 18.2849712 -534.095581 356
vn 0.999835372 -0.0181439221 -7.14148894e-15
vt 0.369472444 0.26286763
v 16.7645016 -617.882263 356
vn 0.999835372 -0.0181439221 -7.14148894e-15
vt 0.362094581 0.26286763
v 16.7645016 -617.882263 315
vn 0.999835372 -0.0181439221 -7.14148894e-15
vt 0.362094581 0.244025707
f 9543/9543/9543 9542/9542/9542 9541/9541/9541
v 18.6551228 -513.69812 268
vn 0.999835372 -0.0181439221 -7.14148894e-15
vt 0.449546397 0.95036763
v 18.6551228 -513.69812 356
vn 0.999835372 -0.0181439221 -7.14148894e-15
vt 0.449546397 0.990808845
v 18.2849712 -534.095581 356
vn 0.999835372 -0.0181439221 -7.14148894e-15
vt 0.44775033 0.990808845
v 16.7645016 -617.882263 315
vn 0.999835372 -0.0181439221 -7.14148894e-15
vt 0.440372467 0.971966922
v 16.7645016 -617.882263 128
vn 0.999835372 -0.0181439221 -7.14148894e-15
vt 0.440372467 0.886029422
v 18.6551228 -513.69812 128
vn 0.999835372 -0.0181439221 -7.14148894e-15
vt 0.449546397 0.886029422
f 9549/9549/9549 9548/9548/9548 9547/9547/9547 9546/9546/9546 9545/9545/9545 9544/9544/9544
v 120.767517 -545.114746 315
vn 0 0 1
vt 0.429606378 0.422711313
v 44.0114517 -488.341797 315
vn 0 0 1
vt 0.429559022 0.459786773
v 30.5633621 -501.789886 315
vn 0 0 1
vt 0.427527368 0.458680212
f 9552/9552/9552 9551/9551/9551 9550/9550/9550
v 28.5993557 -593.289368 315
vn 0 0 1
vt 0.96743232 0.377952814
v 51.0782089 -614.804016 315
vn 0 0 1
vt 0.967023432 0.36550647
v 52.3205833 -613.561646 315
vn 0 0 1
vt 0.967211187 0.365608692
v 120.767517 -545.114746 315
vn 0 0 1
vt 0.97755152 0.371240735
v 30.5633621 -501.789886 315
vn 0 0 1
vt 0.975472569 0.407209635
f 9557/9557/9557 9556/9556/9556 9555/9555/9555 9554/9554/9554 9553/9553/9553
v 52.1177483 -480.235504 315
vn 0 0 1
vt 0.443971753 0.460453808
v 44.0114517 -488.341797 315
vn 0 0 1
vt 0.44519636 0.459786832
v 120.767517 -545.114746 315
vn 0 0 1
vt 0.445149004 0.422711313
v 161.857925 -504.024323 315
vn 0 0 1
vt 0.438941389 0.426092386
v 112.771111 -419.582153 315
vn 0 0 1
vt 0.434808731 0.465444565
f 9562/9562/9562 9561/9561/9561 9560/9560/9560 9559/9559/9559 9558/9558/9558
v 28.0782108 -617.568542 315
vn -0.0277175233 0.999615788 1.00524169e-13
vt 0.374668866 0.244025707
v 16.7645016 -617.882263 315
vn -0.0277175233 0.999615788 1.00524169e-13
vt 0.375674486 0.244025707
v 16.7645016 -617.882263 356
vn -0.0277175233 0.999615788 1.00524169e-13
vt 0.375674486 0.26286763
v 28.0782108 -617.568542 356
vn -0.0277175233 0.999615788 1.00524169e-13
vt 0.374668866 0.26286763
f 9566/9566/9566 9565/9565/9565 9564/9564/9564 9563/9563/9563
v 28.1257629 -615.35321 356
vn 0.678998232 0.734139919 2.19136233e-14
vt 0.38060683 0.26286763
v 30.4499092 -617.502808 356
vn 0.678998232 0.734139919 2.19136233e-14
vt 0.380219936 0.26286763
v 30.4499092 -617.502808 315
vn 0.678998232 0.734139919 2.19136233e-14
vt 0.380219936 0.244025707
v 28.1257629 -615.35321 315
vn 0.678998232 0.734139919 2.19136233e-14
vt 0.38060683 0.244025707
f 9570/9570/9570 9569/9569/9569 9568/9568/9568 9567/9567/9567
v 28.1257629 -615.35321 315
vn 0.999769688 -0.0214597341 -8.09997448e-15
vt 0.384257942 0.244025707
v 28.0782108 -617.568542 315
vn 0.999769688 -0.0214597341 -8.09997448e-15
vt 0.384453654 0.244025707
v 28.0782108 -617.568542 356
vn 0.999769688 -0.0214597341 -8.09997448e-15
vt 0.384453654 0.26286763
v 28.1257629 -615.35321 356
vn 0.999769688 -0.0214597341 -8.09997448e-15
vt 0.384257942 0.26286763
f 9574/9574/9574 9573/9573/9573 9572/9572/9572 9571/9571/9571
v 30.4499092 -617.502808 356
vn 0.678998232 0.734139919 2.19136233e-14
vt 0.388047725 0.26286763
v 39.7645035 -626.117737 356
vn 0.678998232 0.734139919 2.19136233e-14
vt 0.386497051 0.26286763
v 39.7645035 -626.117737 315
vn 0.678998232 0.734139919 2.19136233e-14
vt 0.386497051 0.244025707
v 30.4499092 -617.502808 315
vn 0.678998232 0.734139919 2.19136233e-14
vt 0.388047725 0.244025707
f 9578/9578/9578 9577/9577/9577 9576/9576/9576 9575/9575/9575
v 28.0782108 -617.568542 268
vn -0.0277175233 0.999615788 1.00524169e-13
vt 0.836508453 0.847426474
v 28.0782108 -617.568542 128
vn -0.0277175233 0.999615788 1.00524169e-13
vt 0.836508453 0.783088207
v 17.7283115 -617.85553 128
vn -0.0277175233 0.999615788 1.00524169e-13
vt 0.837428391 0.783088207
v 17.0329895 -617.874817 128
vn -0.0277175233 0.999615788 1.00524169e-13
vt 0.837490141 0.783088207
v 16.7645016 -617.882263 128
vn -0.0277175233 0.999615788 1.00524169e-13
vt 0.837514043 0.783088207
v 16.7645016 -617.882263 315
vn -0.0277175233 0.999615788 1.00524169e-13
vt 0.837514043 0.869025707
v 28.0782108 -617.568542 315
vn -0.0277175233 0.999615788 1.00524169e-13
vt 0.836508453 0.869025707
f 9585/9585/9585 9584/9584/9584 9583/9583/9583 9582/9582/9582 9581/9581/9581 9580/9580/9580 9579/9579/9579
v 29.0782108 -593.747681 268
vn 0 0 1
vt 0.209956124 0.122885406
v 28.5993557 -593.289368 268
vn 0 0 1
vt 0.209954351 0.122580886
v 29.0782108 -570.980347 268
vn 0 0 1
vt 0.211925164 0.115487039
f 9588/9588/9588 9587/9587/9587 9586/9586/9586
v 28.1205692 -615.595093 268
vn 0 0 1
vt 0.840077758 0.0267325044
v 28.1257629 -615.35321 268
vn 0 0 1
vt 0.840099096 0.026655674
v 28.3795376 -615.587891 268
vn 0 0 1
vt 0.840100765 0.0268142819
f 9591/9591/9591 9590/9590/9590 9589/9589/9589
v 28.3795376 -615.587891 268
vn 0.678998232 0.734139919 2.19136233e-14
vt 0.392306268 0.244485319
v 28.1257629 -615.35321 268
vn 0.678998232 0.734139919 2.19136233e-14
vt 0.392348528 0.244485319
v 28.1257629 -615.35321 315
vn 0.678998232 0.734139919 2.19136233e-14
vt 0.392348528 0.266084552
v 30.4499092 -617.502808 315
vn 0.678998232 0.734139919 2.19136233e-14
vt 0.391961634 0.266084552
v 30.4499092 -617.502808 268
vn 0.678998232 0.734139919 2.19136233e-14
vt 0.391961634 0.244485319
f 9596/9596/9596 9595/9595/9595 9594/9594/9594 9593/9593/9593 9592/9592/9592
v 29.0782108 -593.747681 268
vn 0.691443324 0.722430706 -1.28638867e-13
vt 0.394515008 0.244485319
v 51.0782089 -614.804016 268
vn 0.691443324 0.722430706 -1.28638867e-13
vt 0.398238748 0.244485319
v 51.0782089 -614.804016 315
vn 0.691443324 0.722430706 -1.28638867e-13
vt 0.398238748 0.266084552
v 28.5993557 -593.289368 315
vn 0.691443324 0.722430706 -1.28638867e-13
vt 0.394433945 0.266084552
v 28.5993557 -593.289368 268
vn 0.691443324 0.722430706 -1.28638867e-13
vt 0.394433945 0.244485319
f 9601/9601/9601 9600/9600/9600 9599/9599/9599 9598/9598/9598 9597/9597/9597
v 29.0782108 -570.980347 268
vn 0.999769688 -0.0214597341 -8.09997448e-15
vt 0.407735199 0.244485319
v 28.5993557 -593.289368 268
vn 0.999769688 -0.0214597341 -8.09997448e-15
vt 0.409705997 0.244485319
v 28.5993557 -593.289368 315
vn 0.999769688 -0.0214597341 -8.09997448e-15
vt 0.409705997 0.266084552
v 30.5633621 -501.789886 315
vn 0.999769688 -0.0214597341 -8.09997448e-15
vt 0.401622772 0.266084552
v 30.5633621 -501.789886 268
vn 0.999769688 -0.0214597341 -8.09997448e-15
vt 0.401622772 0.244485319
f 9606/9606/9606 9605/9605/9605 9604/9604/9604 9603/9603/9603 9602/9602/9602
v 28.1205692 -615.595093 268
vn 0.999769688 -0.0214597341 -8.09997448e-15
vt 0.413633496 0.244485319
v 28.0782108 -617.568542 268
vn 0.999769688 -0.0214597341 -8.09997448e-15
vt 0.413807839 0.244485319
v 28.0782108 -617.568542 315
vn 0.999769688 -0.0214597341 -8.09997448e-15
vt 0.413807839 0.266084552
v 28.1257629 -615.35321 315
vn 0.999769688 -0.0214597341 -8.09997448e-15
vt 0.413612127 0.266084552
v 28.1257629 -615.35321 268
vn 0.999769688 -0.0214597341 -8.09997448e-15
vt 0.413612127 0.244485319
f 9611/9611/9611 9610/9610/9610 9609/9609/9609 9608/9608/9608 9607/9607/9607
v 30.4499092 -617.502808 144
vn 0.678998232 0.734139919 2.19136233e-14
vt 0.474153399 0.613970578
v 30.4499092 -617.502808 128
vn 0.678998232 0.734139919 2.19136233e-14
vt 0.474153399 0.606617689
v 28.3795376 -615.587891 128
vn 0.678998232 0.734139919 2.19136233e-14
vt 0.474498063 0.606617689
v 28.3795376 -615.587891 268
vn 0.678998232 0.734139919 2.19136233e-14
vt 0.474498063 0.670955896
v 30.4499092 -617.502808 268
vn 0.678998232 0.734139919 2.19136233e-14
vt 0.474153399 0.670955896
f 9616/9616/9616 9615/9615/9615 9614/9614/9614 9613/9613/9613 9612/9612/9612
v 52.3205833 -613.561646 144
vn 0 0 1
vt 0.216034606 0.114250958
v 51.0782089 -614.804016 144
vn 0 0 1
vt 0.216249496 0.114251018
v 29.0782108 -593.747681 144
vn 0 0 1
vt 0.216331109 0.128242493
f 9619/9619/9619 9618/9618/9618 9617/9617/9617
v 29.0782108 -570.980347 144
vn 0 0 1
vt 0.989313126 0.38564086
v 30.5633621 -501.789886 144
vn 0 0 1
vt 0.983200729 0.407642186
v 40.0216103 -492.331635 144
vn 0 0 1
vt 0.981564701 0.407642186
v 101.777786 -564.104492 144
vn 0 0 1
vt 0.982430995 0.364250958
v 52.3205833 -613.561646 144
vn 0 0 1
vt 0.990985692 0.364250958
v 29.0782108 -593.747681 144
vn 0 0 1
vt 0.991282165 0.378242493
f 9625/9625/9625 9624/9624/9624 9623/9623/9623 9622/9622/9622 9621/9621/9621 9620/9620/9620
v 101.777786 -564.104492 144
vn 0 0 1
vt 0.99604255 0.364250958
v 40.0216103 -492.331635 144
vn 0 0 1
vt 0.996908903 0.407642186
v 52.1177483 -480.235504 144
vn 0 0 1
vt 0.999001145 0.407642186
f 9628/9628/9628 9627/9627/9627 9626/9626/9626
v 148.728058 -481.4375 144
vn 0 0 1
vt 0.0131234545 0.324386835
v 161.857925 -504.024323 144
vn 0 0 1
vt 0.0123055605 0.31278038
v 101.777786 -564.104492 144
vn 0 0 1
vt 0.0019134141 0.31278038
v 52.1177483 -480.235504 144
vn 0 0 1
vt 0.00487199938 0.356171608
v 108.804039 -423.549194 144
vn 0 0 1
vt 0.0146771036 0.356171608
v 112.771111 -419.582153 144
vn 0 0 1
vt 0.01536329 0.356171608
f 9634/9634/9634 9633/9633/9633 9632/9632/9632 9631/9631/9631 9630/9630/9630 9629/9629/9629
v 51.0782089 -614.804016 208
vn 0.691443324 0.722430706 -1.28638867e-13
vt 0.713307261 0.5625
v 51.0782089 -614.804016 268
vn 0.691443324 0.722430706 -1.28638867e-13
vt 0.713307261 0.590073526
v 29.0782108 -593.747681 268
vn 0.691443324 0.722430706 -1.28638867e-13
vt 0.709583521 0.590073526
v 29.0782108 -593.747681 144
vn 0.691443324 0.722430706 -1.28638867e-13
vt 0.709583521 0.533088207
v 51.0782089 -614.804016 144
vn 0.691443324 0.722430706 -1.28638867e-13
vt 0.713307261 0.533088207
f 9639/9639/9639 9638/9638/9638 9637/9637/9637 9636/9636/9636 9635/9635/9635
v 29.0782108 -593.747681 144
vn 1 0 0
vt 0.716805458 0.533088207
v 29.0782108 -593.747681 268
vn 1 0 0
vt 0.716805458 0.590073526
v 29.0782108 -570.980347 268
vn 1 0 0
vt 0.718774498 0.590073526
v 29.0782108 -570.980347 144
vn 1 0 0
vt 0.718774498 0.533088207
f 9643/9643/9643 9642/9642/9642 9641/9641/9641 9640/9640/9640
v 30.5633621 -501.789886 144
vn 0.999769688 -0.0214597341 -8.09997448e-15
vt 0.722562134 0.533088207
v 29.0782108 -570.980347 144
vn 0.999769688 -0.0214597341 -8.09997448e-15
vt 0.728674531 0.533088207
v 29.0782108 -570.980347 268
vn 0.999769688 -0.0214597341 -8.09997448e-15
vt 0.728674531 0.590073526
v 30.5633621 -501.789886 268
vn 0.999769688 -0.0214597341 -8.09997448e-15
vt 0.722562134 0.590073526
f 9647/9647/9647 9646/9646/9646 9645/9645/9645 9644/9644/9644
v 28.1205692 -615.595093 128
vn -0.0277175233 0.999615788 8.05686491e-14
vt 0.478212744 0.606617689
v 28.1205692 -615.595093 268
vn -0.0277175233 0.999615788 8.05686491e-14
vt 0.478212744 0.670955896
v 28.3795376 -615.587891 268
vn -0.0277175233 0.999615788 8.05686491e-14
vt 0.478189737 0.670955896
v 28.3795376 -615.587891 128
vn -0.0277175233 0.999615788 8.05686491e-14
vt 0.478189737 0.606617689
f 9651/9651/9651 9650/9650/9650 9649/9649/9649 9648/9648/9648
v 28.1205692 -615.595093 128
vn 0.999769688 -0.0214597341 -8.09997448e-15
vt 0.482126653 0.606617689
v 28.0782108 -617.568542 128
vn 0.999769688 -0.0214597341 -8.09997448e-15
vt 0.482300997 0.606617689
v 28.0782108 -617.568542 268
vn 0.999769688 -0.0214597341 -8.09997448e-15
vt 0.482300997 0.670955896
v 28.1205692 -615.595093 268
vn 0.999769688 -0.0214597341 -8.09997448e-15
vt 0.482126653 0.670955896
f 9655/9655/9655 9654/9654/9654 9653/9653/9653 9652/9652/9652
v 39.7645035 -626.117737 208
vn 0.678998232 0.734139919 2.19136233e-14
vt 0.415851265 0.26838237
v 39.7645035 -626.117737 144
vn 0.678998232 0.734139919 2.19136233e-14
vt 0.415851265 0.238970578
v 30.4499092 -617.502808 144
vn 0.678998232 0.734139919 2.19136233e-14
vt 0.41740194 0.238970578
f 9658/9658/9658 9657/9657/9657 9656/9656/9656
v 30.4499092 -617.502808 268
vn 0.678998232 0.734139919 2.19136233e-14
vt 0.52699095 0.737132311
v 30.4499092 -617.502808 315
vn 0.678998232 0.734139919 2.19136233e-14
vt 0.52699095 0.758731604
v 39.7645035 -626.117737 315
vn 0.678998232 0.734139919 2.19136233e-14
vt 0.525440335 0.758731604
v 39.7645035 -626.117737 208
vn 0.678998232 0.734139919 2.19136233e-14
vt 0.525440335 0.709558845
v 30.4499092 -617.502808 144
vn 0.678998232 0.734139919 2.19136233e-14
vt 0.52699095 0.680147052
f 9663/9663/9663 9662/9662/9662 9661/9661/9661 9660/9660/9660 9659/9659/9659
v 30.4499092 -617.502808 128
vn 0.678998232 0.734139919 2.19136233e-14
vt 0.844016433 0.0257353187
v 39.7645035 -626.117737 129
vn 0.678998232 0.734139919 2.19136233e-14
vt 0.842465758 0.0261948705
v 39.7645035 -626.117737 128
vn 0.678998232 0.734139919 2.19136233e-14
vt 0.842465758 0.0257353187
f 9666/9666/9666 9665/9665/9665 9664/9664/9664
v 39.7645035 -626.117737 142
vn 0.678998232 0.734139919 2.19136233e-14
vt 0.846379638 0.0321691036
v 39.7645035 -626.117737 129
vn 0.678998232 0.734139919 2.19136233e-14
vt 0.846379638 0.0261948705
v 30.4499092 -617.502808 128
vn 0.678998232 0.734139919 2.19136233e-14
vt 0.847930312 0.0257353187
v 30.4499092 -617.502808 144
vn 0.678998232 0.734139919 2.19136233e-14
vt 0.847930312 0.0330882072
v 39.7645035 -626.117737 144
vn 0.678998232 0.734139919 2.19136233e-14
vt 0.846379638 0.0330882072
f 9671/9671/9671 9670/9670/9670 9669/9669/9669 9668/9668/9668 9667/9667/9667
v 96.4507904 -682.804016 128
vn 0.707106769 0.707106769 -0
vt 0.850347817 0.0257353187
v 92.4005432 -678.753784 128
vn 0.707106769 0.707106769 -0
vt 0.85104835 0.0257353187
v 92.4005432 -678.753784 129
vn 0.707106769 0.707106769 -0
vt 0.85104835 0.0261948705
f 9674/9674/9674 9673/9673/9673 9672/9672/9672
v 92.4005432 -678.753784 142
vn 0.707106769 0.707106769 -0
vt 0.85496223 0.0321691036
v 92.4005432 -678.753784 144
vn 0.707106769 0.707106769 -0
vt 0.85496223 0.0330882072
v 96.4507904 -682.804016 144
vn 0.707106769 0.707106769 -0
vt 0.854261696 0.0330882072
v 96.4507904 -682.804016 128
vn 0.707106769 0.707106769 -0
vt 0.854261696 0.0257353187
v 92.4005432 -678.753784 129
vn 0.707106769 0.707106769 -0
vt 0.85496223 0.0261948705
f 9679/9679/9679 9678/9678/9678 9677/9677/9677 9676/9676/9676 9675/9675/9675
v 96.4507904 -682.804016 356
vn 0.707106769 0.707106769 -4.77831479e-14
vt 0.973581195 0.755514741
v 107.33197 -693.685242 356
vn 0.707106769 0.707106769 -4.77831479e-14
vt 0.971699119 0.755514741
v 96.4507904 -682.804016 208
vn 0.707106769 0.707106769 -4.77831479e-14
vt 0.973581195 0.6875
f 9682/9682/9682 9681/9681/9681 9680/9680/9680
v 107.33197 -693.685242 128
vn 0.707106769 0.707106769 -4.77831479e-14
vt 0.453108102 0.886029422
v 96.4507904 -682.804016 128
vn 0.707106769 0.707106769 -4.77831479e-14
vt 0.454990208 0.886029422
v 96.4507904 -682.804016 144
vn 0.707106769 0.707106769 -4.77831479e-14
vt 0.454990208 0.89338237
v 96.4507904 -682.804016 172
vn 0.707106769 0.707106769 -4.77831479e-14
vt 0.454990208 0.90625
v 96.4507904 -682.804016 208
vn 0.707106769 0.707106769 -4.77831479e-14
vt 0.454990208 0.922794104
v 107.33197 -693.685242 356
vn 0.707106769 0.707106769 -4.77831479e-14
vt 0.453108102 0.990808845
f 9688/9688/9688 9687/9687/9687 9686/9686/9686 9685/9685/9685 9684/9684/9684 9683/9683/9683
v 41.4888535 -627.842102 142
vn 0.707106769 0.707106769 -0
vt 0.867682397 0.0321691036
v 39.7645035 -626.117737 142
vn 0.707106769 0.707106769 -0
vt 0.867980719 0.0321691036
v 39.7645035 -626.117737 144
vn 0.707106769 0.707106769 -0
vt 0.867980719 0.0330882072
v 92.4005432 -678.753784 144
vn 0.707106769 0.707106769 -0
vt 0.858876169 0.0330882072
v 92.4005432 -678.753784 142
vn 0.707106769 0.707106769 -0
vt 0.858876169 0.0321691036
f 9693/9693/9693 9692/9692/9692 9691/9691/9691 9690/9690/9690 9689/9689/9689
v 39.8822517 -626.235474 208
vn 0.707106769 0.707106769 -4.77831479e-14
vt 0.0479452014 0.202205896
v 49.1389198 -635.492188 198.181824
vn 0.707106769 0.707106769 -4.77831479e-14
vt 0.0495463461 0.197693884
v 45.5391045 -631.892334 188
vn 0.707106769 0.707106769 -4.77831479e-14
vt 0.048923675 0.193014681
v 39.8822517 -626.235474 172
vn 0.707106769 0.707106769 -4.77831479e-14
vt 0.0479452014 0.185661793
f 9697/9697/9697 9696/9696/9696 9695/9695/9695 9694/9694/9694
v 51.195961 -637.549194 196
vn 0.707106769 0.707106769 -4.77831479e-14
vt 0.222113505 0.123161793
v 45.5391045 -631.892334 188
vn 0.707106769 0.707106769 -4.77831479e-14
vt 0.221135035 0.119485319
v 49.1389198 -635.492188 198.181824
vn 0.707106769 0.707106769 -4.77831479e-14
vt 0.221757695 0.124164462
f 9700/9700/9700 9699/9699/9699 9698/9698/9698
v 56.8528137 -643.206055 204
vn 0.707106769 0.707106769 -4.77831479e-14
vt 0.874755383 0.03125
v 51.195961 -637.549194 196
vn 0.707106769 0.707106769 -4.77831479e-14
vt 0.873776913 0.0275735259
v 49.1389198 -635.492188 198.181824
vn 0.707106769 0.707106769 -4.77831479e-14
vt 0.873421073 0.0285762548
v 39.8822517 -626.235474 208
vn 0.707106769 0.707106769 -4.77831479e-14
vt 0.871819973 0.0330882072
f 9704/9704/9704 9703/9703/9703 9702/9702/9702 9701/9701/9701
v 56.8528137 -643.206055 204
vn 0.707106769 0.707106769 -4.77831479e-14
vt 0.880626202 0.03125
v 39.8822517 -626.235474 208
vn 0.707106769 0.707106769 -4.77831479e-14
vt 0.883561671 0.0330882072
v 65.3380966 -651.691345 208
vn 0.707106769 0.707106769 -4.77831479e-14
vt 0.879158497 0.0330882072
f 9707/9707/9707 9706/9706/9706 9705/9705/9705
v 96.4507904 -682.804016 208
vn 0.707106769 0.707106769 -4.77831479e-14
vt 0.224070445 0.128676474
v 90.7939377 -677.147156 188
vn 0.707106769 0.707106769 -4.77831479e-14
vt 0.225048929 0.119485319
v 85.137085 -671.490356 196
vn 0.707106769 0.707106769 -4.77831479e-14
vt 0.226027399 0.123161793
f 9710/9710/9710 9709/9709/9709 9708/9708/9708
v 90.7939377 -677.147156 188
vn 0.707106769 0.707106769 -4.77831479e-14
vt 0.052837573 0.193014681
v 96.4507904 -682.804016 208
vn 0.707106769 0.707106769 -4.77831479e-14
vt 0.0518590994 0.202205896
v 96.4507904 -682.804016 172
vn 0.707106769 0.707106769 -4.77831479e-14
vt 0.0518590994 0.185661793
f 9713/9713/9713 9712/9712/9712 9711/9711/9711
v 96.4507904 -682.804016 208
vn 0.707106769 0.707106769 -4.77831479e-14
vt 0.88747555 0.0330882072
v 85.137085 -671.490356 196
vn 0.707106769 0.707106769 -4.77831479e-14
vt 0.88943249 0.0275735259
v 79.4802322 -665.833496 204
vn 0.707106769 0.707106769 -4.77831479e-14
vt 0.89041096 0.03125
f 9716/9716/9716 9715/9715/9715 9714/9714/9714
v 96.4507904 -682.804016 208
vn 0.707106769 0.707106769 -4.77831479e-14
vt 0.893346369 0.0330882072
v 79.4802322 -665.833496 204
vn 0.707106769 0.707106769 -4.77831479e-14
vt 0.896281779 0.03125
v 70.9949493 -657.348206 208
vn 0.707106769 0.707106769 -4.77831479e-14
vt 0.897749484 0.0330882072
f 9719/9719/9719 9718/9718/9718 9717/9717/9717
v 39.7645035 -626.117737 315
vn 0.707106769 0.707106769 -4.77831479e-14
vt 0.985343277 0.736672759
v 39.7645035 -626.117737 356
vn 0.707106769 0.707106769 -4.77831479e-14
vt 0.985343277 0.755514741
v 96.4507904 -682.804016 356
vn 0.707106769 0.707106769 -4.77831479e-14
vt 0.975538135 0.755514741
v 96.4507904 -682.804016 208
vn 0.707106769 0.707106769 -4.77831479e-14
vt 0.975538135 0.6875
v 70.9949493 -657.348206 208
vn 0.707106769 0.707106769 -4.77831479e-14
vt 0.979941308 0.6875
v 65.3380966 -651.691345 208
vn 0.707106769 0.707106769 -4.77831479e-14
vt 0.980919778 0.6875
v 39.8822517 -626.235474 208
vn 0.707106769 0.707106769 -4.77831479e-14
vt 0.985322893 0.6875
v 39.7645035 -626.117737 208
vn 0.707106769 0.707106769 -4.77831479e-14
vt 0.985343277 0.6875
f 9727/9727/9727 9726/9726/9726 9725/9725/9725 9724/9724/9724 9723/9723/9723 9722/9722/9722 9721/9721/9721 9720/9720/9720
v 41.4888535 -627.842102 129
vn 0.707106769 0.707106769 -0
vt 0.902907431 0.0261948705
v 39.7645035 -626.117737 129
vn 0.707106769 0.707106769 -0
vt 0.903205752 0.0261948705
v 39.7645035 -626.117737 142
vn 0.707106769 0.707106769 -0
vt 0.903205752 0.0321691036
v 41.4888535 -627.842102 142
vn 0.707106769 0.707106769 -0
vt 0.902907431 0.0321691036
f 9731/9731/9731 9730/9730/9730 9729/9729/9729 9728/9728/9728
v 41.4888535 -627.842102 129
vn 0.707106769 0.707106769 -0
vt 0.916606069 0.0261948705
v 92.4005432 -678.753784 129
vn 0.707106769 0.707106769 -0
vt 0.90779984 0.0261948705
v 92.4005432 -678.753784 128
vn 0.707106769 0.707106769 -0
vt 0.90779984 0.0257353187
v 39.7645035 -626.117737 128
vn 0.707106769 0.707106769 -0
vt 0.91690439 0.0257353187
v 39.7645035 -626.117737 129
vn 0.707106769 0.707106769 -0
vt 0.91690439 0.0261948705
f 9736/9736/9736 9735/9735/9735 9734/9734/9734 9733/9733/9733 9732/9732/9732
v 128.733063 -693.398621 315
vn 0.722430706 0.691443324 -1.9833702e-13
vt 0.450870663 0.464613974
v 107.764503 -671.490356 315
vn 0.722430706 0.691443324 -1.9833702e-13
vt 0.44716242 0.464613974
v 107.764503 -671.490356 208
vn 0.722430706 0.691443324 -1.9833702e-13
vt 0.44716242 0.415441155
f 9739/9739/9739 9738/9738/9738 9737/9737/9737
v 128.733063 -693.398621 144
vn 0.722430706 0.691443324 -1.9833702e-13
vt 0.533062398 0.680147052
v 128.733063 -693.398621 315
vn 0.722430706 0.691443324 -1.9833702e-13
vt 0.533062398 0.758731604
v 107.764503 -671.490356 208
vn 0.722430706 0.691443324 -1.9833702e-13
vt 0.529354215 0.709558845
v 107.764503 -671.490356 180
vn 0.722430706 0.691443324 -1.9833702e-13
vt 0.529354215 0.696691155
v 107.764503 -671.490356 172
vn 0.722430706 0.691443324 -1.9833702e-13
vt 0.529354215 0.693014741
v 107.764503 -671.490356 144
vn 0.722430706 0.691443324 -1.9833702e-13
vt 0.529354215 0.680147052
f 9745/9745/9745 9744/9744/9744 9743/9743/9743 9742/9742/9742 9741/9741/9741 9740/9740/9740
v 213.884827 -693.932373 144
vn 0 0 1
vt 0.421124458 0.241514862
v 213.48468 -693.929871 144
vn 0 0 1
vt 0.421090096 0.241645694
v 175.61203 -649.914368 144
vn 0 0 1
vt 0.421621323 0.26825583
v 214.078217 -628.431458 144
vn 0 0 1
vt 0.426806062 0.262737036
v 214.252808 -628.333923 144
vn 0 0 1
vt 0.426829606 0.262712002
f 9750/9750/9750 9749/9749/9749 9748/9748/9748 9747/9747/9747 9746/9746/9746
v 175.61203 -649.914368 144
vn 0 0 1
vt 0.781901121 0.3491382
v 213.48468 -693.929871 144
vn 0 0 1
vt 0.782432437 0.322528064
v 128.733063 -693.398621 144
vn 0 0 1
vt 0.789716244 0.350241303
f 9753/9753/9753 9752/9752/9752 9751/9751/9751
v 107.764503 -671.490356 144
vn 0 0 1
vt 0.494136006 0.628880382
v 52.3205833 -613.561646 144
vn 0 0 1
vt 0.493921101 0.665721595
v 101.777786 -564.104492 144
vn 0 0 1
vt 0.485366434 0.665721595
v 175.61203 -649.914368 144
vn 0 0 1
vt 0.486402154 0.613844097
v 128.733063 -693.398621 144
vn 0 0 1
vt 0.494217277 0.6149472
f 9758/9758/9758 9757/9757/9757 9756/9756/9756 9755/9755/9755 9754/9754/9754
v 214.319458 -594.271912 144
vn 0 0 1
vt 0.508059144 0.619347215
v 214.078217 -628.431458 144
vn 0 0 1
vt 0.505083978 0.608325243
v 175.61203 -649.914368 144
vn 0 0 1
vt 0.499899209 0.613844097
v 101.777786 -564.104492 144
vn 0 0 1
vt 0.500934958 0.665721595
v 161.857925 -504.024323 144
vn 0 0 1
vt 0.511327088 0.665721595
f 9763/9763/9763 9762/9762/9762 9761/9761/9761 9760/9760/9760 9759/9759/9759
v 214.442703 -594.483948 144
vn 0 0 1
vt 0.0596188754 0.195685983
v 229.250809 -619.957764 144
vn 0 0 1
vt 0.0586964451 0.182596087
v 214.252808 -628.333923 144
vn 0 0 1
vt 0.0566749163 0.184747934
v 214.078217 -628.431458 144
vn 0 0 1
vt 0.0566513836 0.184772968
v 214.319458 -594.271912 144
vn 0 0 1
vt 0.0596265569 0.19579494
f 9768/9768/9768 9767/9767/9767 9766/9766/9766 9765/9765/9765 9764/9764/9764
v 266.837921 -694.264282 144
vn -0.447212726 0.894427598 2.74204826e-14
vt 0.537181973 0.680147052
v 271.182861 -692.091858 144
vn -0.447212726 0.894427598 2.74204826e-14
vt 0.536806226 0.680147052
v 271.182861 -692.091858 315
vn -0.447212726 0.894427598 2.74204826e-14
vt 0.536806226 0.758731604
v 266.837921 -694.264282 315
vn -0.447212726 0.894427598 2.74204826e-14
vt 0.537181973 0.758731604
f 9772/9772/9772 9771/9771/9771 9770/9770/9770 9769/9769/9769
v 128.733063 -693.398621 315
vn 0.00626831781 0.99998033 4.12549853e-15
vt 0.540930867 0.758731604
v 128.733063 -693.398621 144
vn 0.00626831781 0.99998033 4.12549853e-15
vt 0.540930867 0.680147052
v 213.48468 -693.929871 144
vn 0.00626831781 0.99998033 4.12549853e-15
vt 0.548237741 0.680147052
f 9775/9775/9775 9774/9774/9774 9773/9773/9773
v 266.837921 -694.264282 315
vn 0.00626831781 0.99998033 4.12549853e-15
vt 0.564579248 0.758731604
v 128.733063 -693.398621 315
vn 0.00626831781 0.99998033 4.12549853e-15
vt 0.552672565 0.758731604
v 213.48468 -693.929871 144
vn 0.00626831781 0.99998033 4.12549853e-15
vt 0.559979379 0.680147052
v 213.884827 -693.932373 144
vn 0.00626831781 0.99998033 4.12549853e-15
vt 0.56001395 0.680147052
v 266.837921 -694.264282 144
vn 0.00626831781 0.99998033 4.12549853e-15
vt 0.564579248 0.680147052
f 9780/9780/9780 9779/9779/9779 9778/9778/9778 9777/9777/9777 9776/9776/9776
v 120.767517 -545.114746 315
vn 0 0 1
vt 0.0303891394 0.356534839
v 52.3205833 -613.561646 315
vn 0 0 1
vt 0.0200487208 0.350902796
v 107.764503 -671.490356 315
vn 0 0 1
vt 0.0186196454 0.318623662
f 9783/9783/9783 9782/9782/9782 9781/9781/9781
v 234.754639 -629.425781 315
vn 0 0 1
vt 0.854334235 0.81618154
v 120.767517 -545.114746 315
vn 0 0 1
vt 0.854263902 0.871240735
v 107.764503 -671.490356 315
vn 0 0 1
vt 0.842494428 0.833329558
v 128.733063 -693.398621 315
vn 0 0 1
vt 0.841953933 0.821121752
v 266.837921 -694.264282 315
vn 0 0 1
vt 0.850798786 0.787325978
v 271.182861 -692.091858 315
vn 0 0 1
vt 0.851267278 0.78697753
f 9789/9789/9789 9788/9788/9788 9787/9787/9787 9786/9786/9786 9785/9785/9785 9784/9784/9784
v 230.574371 -622.234619 315
vn 0 0 1
vt 0.521047711 0.613650441
v 161.857925 -504.024323 315
vn 0 0 1
vt 0.515262365 0.668739438
v 120.767517 -545.114746 315
vn 0 0 1
vt 0.52147001 0.665358365
v 234.754639 -629.425781 315
vn 0 0 1
vt 0.521399617 0.61029923
f 9793/9793/9793 9792/9792/9792 9791/9791/9791 9790/9790/9790
v 271.182861 -692.091858 144
vn -0.447212726 0.894427598 2.74204826e-14
vt 0.922324836 0.0330882072
v 266.837921 -694.264282 144
vn -0.447212726 0.894427598 2.74204826e-14
vt 0.922700584 0.0330882072
v 266.837921 -694.264282 128
vn -0.447212726 0.894427598 2.74204826e-14
vt 0.922700584 0.0257353187
v 271.182861 -692.091858 128
vn -0.447212726 0.894427598 2.74204826e-14
vt 0.922324836 0.0257353187
f 9797/9797/9797 9796/9796/9796 9795/9795/9795 9794/9794/9794
v 229.250809 -619.957764 128
vn -0.487598598 0.873067915 -2.75656581e-12
vt 0.924698234 0.0257353187
v 214.252808 -628.333923 128
vn -0.487598598 0.873067915 -2.75656581e-12
vt 0.926719725 0.0257353187
v 214.252808 -628.333923 144
vn -0.487598598 0.873067915 -2.75656581e-12
vt 0.926719725 0.0330882072
v 229.250809 -619.957764 144
vn -0.487598598 0.873067915 -2.75656581e-12
vt 0.924698234 0.0330882072
f 9801/9801/9801 9800/9800/9800 9799/9799/9799 9798/9798/9798
v 214.252808 -628.333923 128
vn 0.999984264 -0.00560958404 -6.83673257e-12
vt 0.932122707 0.0257353187
v 213.884827 -693.932373 128
vn 0.999984264 -0.00560958404 -6.83673257e-12
vt 0.937827826 0.0257353187
v 213.884827 -693.932373 144
vn 0.999984264 -0.00560958404 -6.83673257e-12
vt 0.937827826 0.0330882072
v 214.252808 -628.333923 144
vn 0.999984264 -0.00560958404 -6.83673257e-12
vt 0.932122707 0.0330882072
f 9805/9805/9805 9804/9804/9804 9803/9803/9803 9802/9802/9802
v 263.178955 -694.241394 128
vn 0.00626831781 0.99998033 4.12549853e-15
vt 0.945868492 0.0257353187
v 266.837921 -694.264282 128
vn 0.00626831781 0.99998033 4.12549853e-15
vt 0.94618398 0.0257353187
v 266.837921 -694.264282 144
vn 0.00626831781 0.99998033 4.12549853e-15
vt 0.94618398 0.0330882072
v 213.884827 -693.932373 144
vn 0.00626831781 0.99998033 4.12549853e-15
vt 0.941618621 0.0330882072
v 213.884827 -693.932373 128
vn 0.00626831781 0.99998033 4.12549853e-15
vt 0.941618621 0.0257353187
f 9810/9810/9810 9809/9809/9809 9808/9808/9808 9807/9807/9807 9806/9806/9806
v 82.3086548 -646.034485 208
vn 0 0 1
vt 0.950587094 0.0330882072
v 76.6518021 -640.377625 208
vn 0 0 1
vt 0.951565564 0.0330882072
v 65.3380966 -651.691345 208
vn 0 0 1
vt 0.951565564 0.0257353187
v 70.9949493 -657.348206 208
vn 0 0 1
vt 0.950587094 0.0257353187
f 9814/9814/9814 9813/9813/9813 9812/9812/9812 9811/9811/9811
v 51.0782089 -614.804016 268
vn 0.707106769 0.707106769 0
vt 0.454969853 0.443014681
v 51.0782089 -614.804016 208
vn 0.707106769 0.707106769 0
vt 0.454969853 0.415441155
v 51.195961 -614.921814 208
vn 0.707106769 0.707106769 0
vt 0.454990208 0.415441155
v 76.6518021 -640.377625 208
vn 0.707106769 0.707106769 0
vt 0.459393352 0.415441155
v 82.3086548 -646.034485 208
vn 0.707106769 0.707106769 0
vt 0.460371822 0.415441155
v 87.9655151 -651.691345 208
vn 0.707106769 0.707106769 0
vt 0.461350292 0.415441155
v 95.0365829 -658.76239 208
vn 0.707106769 0.707106769 0
vt 0.462573379 0.415441155
v 107.764503 -671.490356 208
vn 0.707106769 0.707106769 0
vt 0.464774936 0.415441155
v 107.764503 -671.490356 315
vn 0.707106769 0.707106769 0
vt 0.464774936 0.464613974
v 51.0782089 -614.804016 315
vn 0.707106769 0.707106769 0
vt 0.454969853 0.464613974
f 9824/9824/9824 9823/9823/9823 9822/9822/9822 9821/9821/9821 9820/9820/9820 9819/9819/9819 9818/9818/9818 9817/9817/9817 9816/9816/9816 9815/9815/9815
v 52.3205833 -613.561646 315
vn 0 0 1
vt 0.0357042961 0.350902796
v 51.0782089 -614.804016 315
vn 0 0 1
vt 0.0355166085 0.350800574
v 107.764503 -671.490356 315
vn 0 0 1
vt 0.0342752226 0.318623662
f 9827/9827/9827 9826/9826/9826 9825/9825/9825
v 92.4005432 -678.753784 144
vn 0 0 1
vt 0.0420811996 0.315336227
v 39.7645035 -626.117737 144
vn 0 0 1
vt 0.0420812033 0.349545121
v 51.0782089 -614.804016 144
vn 0 0 1
vt 0.0401242562 0.349545121
v 52.3205833 -613.561646 144
vn 0 0 1
vt 0.0399093591 0.349545062
v 107.764503 -671.490356 144
vn 0 0 1
vt 0.0401242562 0.312703848
v 96.4507904 -682.804016 144
vn 0 0 1
vt 0.0420811996 0.312703848
f 9833/9833/9833 9832/9832/9832 9831/9831/9831 9830/9830/9830 9829/9829/9829 9828/9828/9828
v 96.4507904 -660.176636 196
vn 0.5 -0.5 0.707106769
vt 0.229452059 0.128676474
v 85.137085 -671.490356 196
vn 0.5 -0.5 0.707106769
vt 0.229452059 0.121323526
v 90.7939377 -677.147156 188
vn 0.5 -0.5 0.707106769
vt 0.230430529 0.121323526
v 102.107651 -665.833496 188
vn 0.5 -0.5 0.707106769
vt 0.230430529 0.128676474
f 9837/9837/9837 9836/9836/9836 9835/9835/9835 9834/9834/9834
v 96.4507904 -660.176636 196
vn 0.5 -0.5 0.707106769
vt 0.235812128 0.128676474
v 90.7939377 -654.519775 204
vn 0.5 -0.5 0.707106769
vt 0.236790612 0.128676474
v 79.4802322 -665.833496 204
vn 0.5 -0.5 0.707106769
vt 0.236790612 0.121323526
v 85.137085 -671.490356 196
vn 0.5 -0.5 0.707106769
vt 0.235812128 0.121323526
f 9841/9841/9841 9840/9840/9840 9839/9839/9839 9838/9838/9838
v 98.5078278 -662.233643 198.181824
vn 0.707106769 0.707106769 0
vt 0.240081832 0.124164462
v 102.107651 -665.833496 188
vn 0.707106769 0.707106769 0
vt 0.240704507 0.119485319
v 107.764503 -671.490356 208
vn 0.707106769 0.707106769 0
vt 0.241682976 0.128676474
f 9844/9844/9844 9843/9843/9843 9842/9842/9842
v 102.107651 -665.833496 188
vn 0.707106769 0.707106769 0
vt 0.246575341 0.119485319
v 107.764503 -671.490356 180
vn 0.707106769 0.707106769 0
vt 0.24755381 0.115808845
v 107.764503 -671.490356 208
vn 0.707106769 0.707106769 0
vt 0.24755381 0.128676474
f 9847/9847/9847 9846/9846/9846 9845/9845/9845
v 96.0156479 -659.741455 205.230774
vn 0.707106769 0.707106769 0
vt 0.955893457 0.0318155885
v 98.5078278 -662.233643 198.181824
vn 0.707106769 0.707106769 0
vt 0.956324518 0.0285762548
v 107.764503 -671.490356 208
vn 0.707106769 0.707106769 0
vt 0.957925618 0.0330882072
f 9850/9850/9850 9849/9849/9849 9848/9848/9848
v 95.0365829 -658.76239 208
vn 0.707106769 0.707106769 0
vt 0.961594939 0.0330882072
v 96.0156479 -659.741455 205.230774
vn 0.707106769 0.707106769 0
vt 0.961764276 0.0318155885
v 107.764503 -671.490356 208
vn 0.707106769 0.707106769 0
vt 0.963796496 0.0330882072
f 9853/9853/9853 9852/9852/9852 9851/9851/9851
v 96.4507904 -660.176636 196
vn 0.707106769 0.707106769 0
vt 0.249510765 0.123161793
v 102.107651 -665.833496 188
vn 0.707106769 0.707106769 0
vt 0.250489235 0.119485319
v 98.5078278 -662.233643 198.181824
vn 0.707106769 0.707106769 0
vt 0.249866575 0.124164462
f 9856/9856/9856 9855/9855/9855 9854/9854/9854
v 96.4507904 -660.176636 196
vn 0.707106769 0.707106769 0
vt 0.969667315 0.0275735259
v 98.5078278 -662.233643 198.181824
vn 0.707106769 0.707106769 0
vt 0.970023155 0.0285762548
v 96.0156479 -659.741455 205.230774
vn 0.707106769 0.707106769 0
vt 0.969592094 0.0318155885
v 90.7939377 -654.519775 204
vn 0.707106769 0.707106769 0
vt 0.968688846 0.03125
f 9860/9860/9860 9859/9859/9859 9858/9858/9858 9857/9857/9857
v 90.7939377 -654.519775 204
vn 0.707106769 0.707106769 0
vt 0.974559665 0.03125
v 96.0156479 -659.741455 205.230774
vn 0.707106769 0.707106769 0
vt 0.975462914 0.0318155885
v 95.0365829 -658.76239 208
vn 0.707106769 0.707106769 0
vt 0.975293517 0.0330882072
v 87.9655151 -651.691345 208
vn 0.707106769 0.707106769 0
vt 0.97407043 0.0330882072
f 9864/9864/9864 9863/9863/9863 9862/9862/9862 9861/9861/9861
v 96.4507904 -682.804016 172
vn 0.707106769 -0.707106769 0
vt 0.253424644 0.126838207
v 96.4507904 -682.804016 144
vn 0.707106769 -0.707106769 0
vt 0.253424644 0.113970578
v 107.764503 -671.490356 144
vn 0.707106769 -0.707106769 0
vt 0.255381614 0.113970578
v 107.764503 -671.490356 172
vn 0.707106769 -0.707106769 0
vt 0.255381614 0.126838207
f 9868/9868/9868 9867/9867/9867 9866/9866/9866 9865/9865/9865
v 51.195961 -614.921814 208
vn 0.707106769 0.707106769 0
vt 0.063600786 0.202205896
v 51.195961 -614.921814 172
vn 0.707106769 0.707106769 0
vt 0.063600786 0.185661793
v 56.8528137 -620.578613 188
vn 0.707106769 0.707106769 0
vt 0.0626223087 0.193014681
v 60.4526291 -624.178467 198.181824
vn 0.707106769 0.707106769 0
vt 0.0619996488 0.197693884
f 9872/9872/9872 9871/9871/9871 9870/9870/9870 9869/9869/9869
v 60.4526291 -624.178467 198.181824
vn 0.707106769 0.707106769 0
vt 0.257694364 0.124164462
v 56.8528137 -620.578613 188
vn 0.707106769 0.707106769 0
vt 0.258317024 0.119485319
v 62.5096664 -626.235474 196
vn 0.707106769 0.707106769 0
vt 0.257338554 0.123161793
f 9875/9875/9875 9874/9874/9874 9873/9873/9873
v 68.1665192 -631.892334 204
vn 0.707106769 0.707106769 0
vt 0.978473604 0.03125
v 51.195961 -614.921814 208
vn 0.707106769 0.707106769 0
vt 0.981409013 0.0330882072
v 60.4526291 -624.178467 198.181824
vn 0.707106769 0.707106769 0
vt 0.979807854 0.0285762548
v 62.5096664 -626.235474 196
vn 0.707106769 0.707106769 0
vt 0.979452074 0.0275735259
f 9879/9879/9879 9878/9878/9878 9877/9877/9877 9876/9876/9876
v 51.195961 -614.921814 208
vn 0.707106769 0.707106769 0
vt 0.983365953 0.0330882072
v 68.1665192 -631.892334 204
vn 0.707106769 0.707106769 0
vt 0.986301363 0.03125
v 76.6518021 -640.377625 208
vn 0.707106769 0.707106769 0
vt 0.987769067 0.0330882072
f 9882/9882/9882 9881/9881/9881 9880/9880/9880
v 90.7939377 -654.519775 204
vn 0.707106769 0.707106769 0
vt 0.994129181 0.03125
v 87.9655151 -651.691345 208
vn 0.707106769 0.707106769 0
vt 0.993639946 0.0330882072
v 82.3086548 -646.034485 208
vn 0.707106769 0.707106769 0
vt 0.992661476 0.0330882072
f 9885/9885/9885 9884/9884/9884 9883/9883/9883
v 107.764503 -671.490356 172
vn 0.707106769 0.707106769 0
vt 0.263209403 0.119485319
v 107.764503 -671.490356 180
vn 0.707106769 0.707106769 0
vt 0.263209403 0.123161793
v 102.107651 -665.833496 188
vn 0.707106769 0.707106769 0
vt 0.262230933 0.126838207
f 9888/9888/9888 9887/9887/9887 9886/9886/9886
v 51.195961 -614.921814 172
vn 0.632455528 -0.632455528 -0.44721359
vt 0.267612517 0.121323526
v 39.8822517 -626.235474 172
vn 0.632455528 -0.632455528 -0.44721359
vt 0.267612517 0.113970578
v 45.5391045 -631.892334 188
vn 0.632455528 -0.632455528 -0.44721359
vt 0.265655577 0.113970578
v 56.8528137 -620.578613 188
vn 0.632455528 -0.632455528 -0.44721359
vt 0.265655577 0.121323526
f 9892/9892/9892 9891/9891/9891 9890/9890/9890 9889/9889/9889
v 96.4507904 -682.804016 172
vn 0.632455528 -0.632455528 0.44721359
vt 0.00342465751 0.0110294223
v 107.764503 -671.490356 172
vn 0.632455528 -0.632455528 0.44721359
vt 0.00342465751 0.0183823705
v 102.107651 -665.833496 188
vn 0.632455528 -0.632455528 0.44721359
vt 0.00146771036 0.0183823705
v 90.7939377 -677.147156 188
vn 0.632455528 -0.632455528 0.44721359
vt 0.00146771036 0.0110294223
f 9896/9896/9896 9895/9895/9895 9894/9894/9894 9893/9893/9893
v 70.9949493 -657.348206 208
vn 0.223606795 -0.223606795 0.948683321
vt 0.271037191 0.123161793
v 79.4802322 -665.833496 204
vn 0.223606795 -0.223606795 0.948683321
vt 0.271037191 0.117647052
v 90.7939377 -654.519775 204
vn 0.223606795 -0.223606795 0.948683321
vt 0.272994131 0.117647052
v 82.3086548 -646.034485 208
vn 0.223606795 -0.223606795 0.948683321
vt 0.272994131 0.123161793
f 9900/9900/9900 9899/9899/9899 9898/9898/9898 9897/9897/9897
v 62.5096664 -626.235474 196
vn -0.5 0.5 0.707106769
vt 0.276418775 0.121323526
v 56.8528137 -620.578613 188
vn -0.5 0.5 0.707106769
vt 0.277397275 0.121323526
v 45.5391045 -631.892334 188
vn -0.5 0.5 0.707106769
vt 0.277397275 0.113970578
v 51.195961 -637.549194 196
vn -0.5 0.5 0.707106769
vt 0.276418775 0.113970578
f 9904/9904/9904 9903/9903/9903 9902/9902/9902 9901/9901/9901
v 51.195961 -637.549194 196
vn -0.5 0.5 0.707106769
vt 0.00880625844 0.0110294223
v 56.8528137 -643.206055 204
vn -0.5 0.5 0.707106769
vt 0.00978473574 0.0110294223
v 68.1665192 -631.892334 204
vn -0.5 0.5 0.707106769
vt 0.00978473201 0.0183823705
v 62.5096664 -626.235474 196
vn -0.5 0.5 0.707106769
vt 0.00880625844 0.0183823705
f 9908/9908/9908 9907/9907/9907 9906/9906/9906 9905/9905/9905
v 76.6518021 -640.377625 208
vn -0.223606795 0.223606795 0.948683321
vt 0.280821919 0.123161793
v 68.1665192 -631.892334 204
vn -0.223606795 0.223606795 0.948683321
vt 0.280821919 0.117647052
v 56.8528137 -643.206055 204
vn -0.223606795 0.223606795 0.948683321
vt 0.282778859 0.117647052
v 65.3380966 -651.691345 208
vn -0.223606795 0.223606795 0.948683321
vt 0.282778859 0.123161793
f 9912/9912/9912 9911/9911/9911 9910/9910/9910 9909/9909/9909
v 39.8822517 -626.235474 172
vn 0.707106769 -0.707106769 -0
vt 0.0675146803 0.185661793
v 51.195961 -614.921814 172
vn 0.707106769 -0.707106769 -0
vt 0.0655577332 0.185661793
v 51.195961 -614.921814 208
vn 0.707106769 -0.707106769 -0
vt 0.0655577332 0.202205896
v 39.8822517 -626.235474 208
vn 0.707106769 -0.707106769 -0
vt 0.0675146803 0.202205896
f 9916/9916/9916 9915/9915/9915 9914/9914/9914 9913/9913/9913
v 81.819809 -689.334534 134
vn 0.707106769 -0.707106769 -4.0596311e-12
vt 0.0146770999 0.0165441036
v 81.819809 -689.334534 138
vn 0.707106769 -0.707106769 -4.0596311e-12
vt 0.0146770999 0.0183823705
v 87.4766617 -683.677673 138
vn 0.707106769 -0.707106769 -4.0596311e-12
vt 0.0136986263 0.0183823705
v 87.4766617 -683.677673 129
vn 0.707106769 -0.707106769 -4.0596311e-12
vt 0.0136986263 0.0142463446
v 81.819809 -689.334534 129
vn 0.707106769 -0.707106769 -4.0596311e-12
vt 0.0146770999 0.0142463446
f 9921/9921/9921 9920/9920/9920 9919/9919/9919 9918/9918/9918 9917/9917/9917
v 87.4766617 -683.677673 138
vn 0.707106769 -0.707106769 -4.0596311e-12
vt 0.286692768 0.121323526
v 87.4766617 -683.677673 142
vn 0.707106769 -0.707106769 -4.0596311e-12
vt 0.286692768 0.123161793
v 92.4005432 -678.753784 142
vn 0.707106769 -0.707106769 -4.0596311e-12
vt 0.285841078 0.123161793
v 92.4005432 -678.753784 129
vn 0.707106769 -0.707106769 -4.0596311e-12
vt 0.285841078 0.1171875
v 87.4766617 -683.677673 129
vn 0.707106769 -0.707106769 -4.0596311e-12
vt 0.286692768 0.1171875
f 9926/9926/9926 9925/9925/9925 9924/9924/9924 9923/9923/9923 9922/9922/9922
v 108 -705.731262 128
vn 0.998465836 0.0553714074 6.76191188e-15
vt 0.456953198 0.886029422
v 107.33197 -693.685242 128
vn 0.998465836 0.0553714074 6.76191188e-15
vt 0.458023876 0.886029422
v 107.33197 -693.685242 356
vn 0.998465836 0.0553714074 6.76191188e-15
vt 0.458023876 0.990808845
v 108 -705.731262 356
vn 0.998465836 0.0553714074 6.76191188e-15
vt 0.456953198 0.990808845
f 9930/9930/9930 9929/9929/9929 9928/9928/9928 9927/9927/9927
v 108 -715.514709 128
vn 1 0 0
vt 0.461409658 0.886029422
v 108 -705.731262 128
vn 1 0 0
vt 0.462606251 0.886029422
v 108 -705.731262 356
vn 1 0 0
vt 0.462606251 0.990808845
v 108 -715.514709 356
vn 1 0 0
vt 0.461409658 0.990808845
f 9934/9934/9934 9933/9933/9933 9932/9932/9932 9931/9931/9931
v 30.9081173 -638.422852 129
vn 0 0 1
vt 0.0166340508 0.0183823705
v 81.819809 -689.334534 129
vn 0 0 1
vt 0.0254403129 0.0183823705
v 87.4766617 -683.677673 129
vn 0 0 1
vt 0.0254403129 0.0147058964
v 36.5649719 -632.765991 129
vn 0 0 1
vt 0.0166340508 0.0147058964
f 9938/9938/9938 9937/9937/9937 9936/9936/9936 9935/9935/9935
v 36.5649719 -632.765991 129
vn 0 0 1
vt 0.0283757336 0.0183823705
v 87.4766617 -683.677673 129
vn 0 0 1
vt 0.0371819958 0.0183823705
v 92.4005432 -678.753784 129
vn 0 0 1
vt 0.0371819958 0.0151822567
v 41.4888535 -627.842102 129
vn 0 0 1
vt 0.0283757299 0.0151822567
f 9942/9942/9942 9941/9941/9941 9940/9940/9940 9939/9939/9939
v 36.5649719 -632.765991 142
vn 0.707106769 0.707106769 -2.00301928e-12
vt 0.0499021523 0.0128676295
v 87.4766617 -683.677673 142
vn 0.707106769 0.707106769 -2.00301928e-12
vt 0.0410958901 0.0128676295
v 87.4766617 -683.677673 138
vn 0.707106769 0.707106769 -2.00301928e-12
vt 0.0410958901 0.0110294223
v 36.5649719 -632.765991 138
vn 0.707106769 0.707106769 -2.00301928e-12
vt 0.0499021523 0.0110294223
f 9946/9946/9946 9945/9945/9945 9944/9944/9944 9943/9943/9943
v 92.4005432 -678.753784 142
vn 0 0 1
vt 0.052837573 0.0151822567
v 87.4766617 -683.677673 142
vn 0 0 1
vt 0.052837573 0.0183823705
v 36.5649719 -632.765991 142
vn 0 0 1
vt 0.0616438352 0.0183823705
v 41.4888535 -627.842102 142
vn 0 0 1
vt 0.0616438389 0.0151822567
f 9950/9950/9950 9949/9949/9949 9948/9948/9948 9947/9947/9947
v 36.5649719 -632.765991 138
vn 0.707106769 -0.707106769 3.51700717e-14
vt 0.288649708 0.121323526
v 36.5649719 -632.765991 129
vn 0.707106769 -0.707106769 3.51700717e-14
vt 0.288649708 0.1171875
v 41.4888535 -627.842102 129
vn 0.707106769 -0.707106769 3.51700717e-14
vt 0.289501399 0.1171875
v 41.4888535 -627.842102 142
vn 0.707106769 -0.707106769 3.51700717e-14
vt 0.289501399 0.123161793
v 36.5649719 -632.765991 142
vn 0.707106769 -0.707106769 3.51700717e-14
vt 0.288649708 0.123161793
f 9955/9955/9955 9954/9954/9954 9953/9953/9953 9952/9952/9952 9951/9951/9951
v 87.4766617 -683.677673 138
vn 0 0 1
vt 0.0645792559 0.0147058964
v 81.819809 -689.334534 138
vn 0 0 1
vt 0.0645792559 0.0183823705
v 30.9081173 -638.422852 138
vn 0 0 1
vt 0.0733855218 0.0183823705
v 36.5649719 -632.765991 138
vn 0 0 1
vt 0.0733855218 0.0147058964
f 9959/9959/9959 9958/9958/9958 9957/9957/9957 9956/9956/9956
v 30.9081173 -638.422852 134
vn 0.707106769 -0.707106769 3.51700717e-14
vt 0.0753424689 0.0165441036
v 30.9081173 -638.422852 129
vn 0.707106769 -0.707106769 3.51700717e-14
vt 0.0753424689 0.0142463446
v 36.5649719 -632.765991 129
vn 0.707106769 -0.707106769 3.51700717e-14
vt 0.0763209388 0.0142463446
v 36.5649719 -632.765991 138
vn 0.707106769 -0.707106769 3.51700717e-14
vt 0.0763209388 0.0183823705
v 30.9081173 -638.422852 138
vn 0.707106769 -0.707106769 3.51700717e-14
vt 0.0753424689 0.0183823705
f 9964/9964/9964 9963/9963/9963 9962/9962/9962 9961/9961/9961 9960/9960/9960
v -246 -820 160
vn 0 1 0
vt 0.293786705 0.128676474
v -246 -820 128
vn 0 1 0
vt 0.293786705 0.113970578
v -260 -820 128
vn 0 1 0
vt 0.295499027 0.113970578
v -260 -820 160
vn 0 1 0
vt 0.295499027 0.128676474
f 9968/9968/9968 9967/9967/9967 9966/9966/9966 9965/9965/9965
v -246 -820 160
vn 0 1 0
vt 0.285958916 0.775735259
v -260 -820 160
vn 0 1 0
vt 0.287671238 0.775735259
v -260 -820 356
vn 0 1 0
vt 0.287671238 0.865808845
v -244 -820 356
vn 0 1 0
vt 0.285714298 0.865808845
v -244 -820 160
vn 0 1 0
vt 0.285714298 0.775735259
f 9973/9973/9973 9972/9972/9972 9971/9971/9971 9970/9970/9970 9969/9969/9969
v -246 -820 128
vn 0 1 0
vt 0.0967465788 0.183823526
v -246 -820 160
vn 0 1 0
vt 0.0967465788 0.198529422
v -244 -820 160
vn 0 1 0
vt 0.0965019539 0.198529422
v -36 -820 128
vn 0 1 0
vt 0.071061641 0.183823526
f 9977/9977/9977 9976/9976/9976 9975/9975/9975 9974/9974/9974
v -14.521739 -820 160
vn 0 1 0
vt 0.09974581 0.198529422
v -11 -820 160
vn 0 1 0
vt 0.0993150696 0.198529422
v -14.1999998 -820 128
vn 0 1 0
vt 0.0997064561 0.183823526
v -36 -820 128
vn 0 1 0
vt 0.102372795 0.183823526
v -244 -820 160
vn 0 1 0
vt 0.127813116 0.198529422
f 9982/9982/9982 9981/9981/9981 9980/9980/9980 9979/9979/9979 9978/9978/9978
v -11 -820 160
vn 0 1 0
vt 0.301859111 0.128676474
v 12.478261 -820 160
vn 0 1 0
vt 0.298987478 0.128676474
v 11.782609 -820 128
vn 0 1 0
vt 0.299072564 0.113970578
v -14.1999998 -820 128
vn 0 1 0
vt 0.302250475 0.113970578
f 9986/9986/9986 9985/9985/9985 9984/9984/9984 9983/9983/9983
v -11 -820 160
vn 0 1 0
vt 0.30772993 0.113970578
v -14.521739 -820 160
vn 0 1 0
vt 0.308160692 0.113970578
v -14 -820 184
vn 0 1 0
vt 0.308096856 0.125
v 13 -820 184
vn 0 1 0
vt 0.30479452 0.125
v 12.478261 -820 160
vn 0 1 0
vt 0.304858327 0.113970578
f 9991/9991/9991 9990/9990/9990 9989/9989/9989 9988/9988/9988 9987/9987/9987
v 108 -791 128
vn 1 0 0
vt 0.469789624 0.886029422
v 108 -715.514709 128
vn 1 0 0
vt 0.479022175 0.886029422
v 108 -715.514709 356
vn 1 0 0
vt 0.479022175 0.990808845
v 108 -820 356
vn 1 0 0
vt 0.466242671 0.990808845
v 108 -820 128
vn 1 0 0
vt 0.466242671 0.886029422
f 9996/9996/9996 9995/9995/9995 9994/9994/9994 9993/9993/9993 9992/9992/9992
v -11 -791 160
vn 0 1 0
vt 0.310665369 0.113970578
v 12.478261 -791 160
vn 0 1 0
vt 0.313536972 0.113970578
v 13 -791 184
vn 0 1 0
vt 0.313600779 0.125
v -14 -791 184
vn 0 1 0
vt 0.310298443 0.125
v -14.521739 -791 160
vn 0 1 0
vt 0.310234636 0.113970578
f 10001/10001/10001 10000/10000/10000 9999/9999/9999 9998/9998/9998 9997/9997/9997
v -14.521739 -791 160
vn 0 1 0
vt 0.158571213 0.198529422
v -244 -791 160
vn 0 1 0
vt 0.130503908 0.198529422
v -244 -791 128
vn 0 1 0
vt 0.130503908 0.183823526
v -14.1999998 -791 128
vn 0 1 0
vt 0.158610567 0.183823526
v -11 -791 160
vn 0 1 0
vt 0.159001961 0.198529422
f 10006/10006/10006 10005/10005/10005 10004/10004/10004 10003/10003/10003 10002/10002/10002
v 11.782609 -791 128
vn 0 1 0
vt 0.319322735 0.113970578
v 12.478261 -791 160
vn 0 1 0
vt 0.319407821 0.128676474
v -11 -791 160
vn 0 1 0
vt 0.316536218 0.128676474
v -14.1999998 -791 128
vn 0 1 0
vt 0.316144824 0.113970578
f 10010/10010/10010 10009/10009/10009 10008/10008/10008 10007/10007/10007
v -244 -791 160
vn 1 0 0
vt 0.484711349 0.900735319
v -244 -791 356
vn 1 0 0
vt 0.484711349 0.990808845
v -244 -776.353271 356
vn 1 0 0
vt 0.482919931 0.990808845
v -244 -776.353271 128
vn 1 0 0
vt 0.482919931 0.886029422
v -244 -791 128
vn 1 0 0
vt 0.484711349 0.886029422
f 10015/10015/10015 10014/10014/10014 10013/10013/10013 10012/10012/10012 10011/10011/10011
v 76.1629486 -694.991394 129
vn 0 0 1
vt 0.0880626217 0.0147058964
v 25.2512627 -644.079712 129
vn 0 0 1
vt 0.0792563632 0.0147058964
v 19.594408 -649.736572 129
vn 0 0 1
vt 0.0792563632 0.0183823705
v 70.5060959 -700.648254 129
vn 0 0 1
vt 0.0880626217 0.0183823705
f 10019/10019/10019 10018/10018/10018 10017/10017/10017 10016/10016/10016
v 25.2512627 -644.079712 129
vn 0 0 1
vt 0.0909980461 0.0183823705
v 76.1629486 -694.991394 129
vn 0 0 1
vt 0.0998043045 0.0183823705
v 81.819809 -689.334534 129
vn 0 0 1
vt 0.0998043045 0.0147058964
v 30.9081173 -638.422852 129
vn 0 0 1
vt 0.0909980461 0.0147058964
f 10023/10023/10023 10022/10022/10022 10021/10021/10021 10020/10020/10020
v 25.2512627 -644.079712 130
vn 0.707106769 0.707106769 2.00971831e-14
vt 0.112524465 0.0147058964
v 25.2512627 -644.079712 134
vn 0.707106769 0.707106769 2.00971831e-14
vt 0.112524465 0.0165441036
v 76.1629486 -694.991394 134
vn 0.707106769 0.707106769 2.00971831e-14
vt 0.103718199 0.0165441036
v 76.1629486 -694.991394 130
vn 0.707106769 0.707106769 2.00971831e-14
vt 0.103718199 0.0147058964
f 10027/10027/10027 10026/10026/10026 10025/10025/10025 10024/10024/10024
v 25.2512627 -644.079712 134
vn 0 0 1
vt 0.124266148 0.0183823705
v 30.9081173 -638.422852 134
vn 0 0 1
vt 0.124266148 0.0147058964
v 81.819809 -689.334534 134
vn 0 0 1
vt 0.115459882 0.0147058964
v 76.1629486 -694.991394 134
vn 0 0 1
vt 0.115459882 0.0183823705
f 10031/10031/10031 10030/10030/10030 10029/10029/10029 10028/10028/10028
v 25.2512627 -644.079712 130
vn 0.707106769 -0.707106769 3.51700717e-14
vt 0.126223087 0.0147058964
v 25.2512627 -644.079712 129
vn 0.707106769 -0.707106769 3.51700717e-14
vt 0.126223087 0.0142463446
v 30.9081173 -638.422852 129
vn 0.707106769 -0.707106769 3.51700717e-14
vt 0.127201572 0.0142463446
v 30.9081173 -638.422852 134
vn 0.707106769 -0.707106769 3.51700717e-14
vt 0.127201572 0.0165441036
v 25.2512627 -644.079712 134
vn 0.707106769 -0.707106769 3.51700717e-14
vt 0.126223087 0.0165441036
f 10036/10036/10036 10035/10035/10035 10034/10034/10034 10033/10033/10033 10032/10032/10032
v 76.1629486 -694.991394 130
vn 0.707106769 -0.707106769 -4.0596311e-12
vt 0.132093936 0.0147058964
v 76.1629486 -694.991394 134
vn 0.707106769 -0.707106769 -4.0596311e-12
vt 0.132093936 0.0165441036
v 81.819809 -689.334534 134
vn 0.707106769 -0.707106769 -4.0596311e-12
vt 0.131115466 0.0165441036
v 81.819809 -689.334534 129
vn 0.707106769 -0.707106769 -4.0596311e-12
vt 0.131115466 0.0142463446
v 76.1629486 -694.991394 129
vn 0.707106769 -0.707106769 -4.0596311e-12
vt 0.132093936 0.0142463446
f 10041/10041/10041 10040/10040/10040 10039/10039/10039 10038/10038/10038 10037/10037/10037
v 76.1629486 -694.991394 130
vn 0 0 1
vt 0.135029361 0.0147058964
v 70.5060959 -700.648254 130
vn 0 0 1
vt 0.135029361 0.0183823705
v 19.594408 -649.736572 130
vn 0 0 1
vt 0.143835619 0.0183823705
v 25.2512627 -644.079712 130
vn 0 0 1
vt 0.143835619 0.0147058964
f 10045/10045/10045 10044/10044/10044 10043/10043/10043 10042/10042/10042
v 19.594408 -649.736572 129
vn 0.707106769 -0.707106769 3.51700717e-14
vt 0.145792559 0.0142463446
v 25.2512627 -644.079712 129
vn 0.707106769 -0.707106769 3.51700717e-14
vt 0.146771044 0.0142463446
v 25.2512627 -644.079712 130
vn 0.707106769 -0.707106769 3.51700717e-14
vt 0.146771044 0.0147058964
v 19.594408 -649.736572 130
vn 0.707106769 -0.707106769 3.51700717e-14
vt 0.145792559 0.0147058964
f 10049/10049/10049 10048/10048/10048 10047/10047/10047 10046/10046/10046
v 70.5060959 -700.648254 130
vn 0.707106769 0.707106769 3.57227442e-12
vt 0.150684938 0.0147058964
v 70.5060959 -700.648254 129
vn 0.707106769 0.707106769 3.57227442e-12
vt 0.150684938 0.0142463446
v 19.594408 -649.736572 129
vn 0.707106769 0.707106769 3.57227442e-12
vt 0.159491196 0.0142463446
v 19.594408 -649.736572 130
vn 0.707106769 0.707106769 3.57227442e-12
vt 0.159491196 0.0147058964
f 10053/10053/10053 10052/10052/10052 10051/10051/10051 10050/10050/10050
v 70.5060959 -700.648254 130
vn 0.707106769 -0.707106769 -4.0596311e-12
vt 0.163405091 0.0147058964
v 76.1629486 -694.991394 130
vn 0.707106769 -0.707106769 -4.0596311e-12
vt 0.162426621 0.0147058964
v 76.1629486 -694.991394 129
vn 0.707106769 -0.707106769 -4.0596311e-12
vt 0.162426621 0.0142463446
v 70.5060959 -700.648254 129
vn 0.707106769 -0.707106769 -4.0596311e-12
vt 0.163405091 0.0142463446
f 10057/10057/10057 10056/10056/10056 10055/10055/10055 10054/10054/10054
v -260 -820 160
vn 1 0 0
vt 0.488258302 0.900735319
v -260 -820 128
vn 1 0 0
vt 0.488258302 0.886029422
v -260 -792.353271 128
vn 1 0 0
vt 0.491639763 0.886029422
v -260 -792.353271 356
vn 1 0 0
vt 0.491639763 0.990808845
v -260 -820 356
vn 1 0 0
vt 0.488258302 0.990808845
f 10062/10062/10062 10061/10061/10061 10060/10060/10060 10059/10059/10059 10058/10058/10058
v -244 -820 160
vn 1 0 0
vt 0.294520557 0.775735259
v -244 -820 356
vn 1 0 0
vt 0.294520557 0.865808845
v -244 -791 356
vn 1 0 0
vt 0.290973574 0.865808845
v -244 -791 160
vn 1 0 0
vt 0.290973574 0.775735259
f 10066/10066/10066 10065/10065/10065 10064/10064/10064 10063/10063/10063
v 13 -791 184
vn 0 0 1
vt 0.164872795 0.1953125
v 13 -820 184
vn 0 0 1
vt 0.164872795 0.181985319
v -14 -820 184
vn 0 0 1
vt 0.161570445 0.181985319
v -14 -791 184
vn 0 0 1
vt 0.161570445 0.1953125
f 10070/10070/10070 10069/10069/10069 10068/10068/10068 10067/10067/10067
v 12.478261 -791 160
vn 0.999763787 0 -0.0217339955
vt 0.323752433 0.128676474
v 11.782609 -791 128
vn 0.999763787 0 -0.0217339955
vt 0.323752433 0.113970578
v 11.782609 -819.004456 128
vn 0.999763787 0 -0.0217339955
vt 0.327177644 0.113970578
f 10073/10073/10073 10072/10072/10072 10071/10071/10071
v 12.478261 -820 160
vn 0.999763787 0 -0.0217339955
vt 0.434931517 0.253676474
v 13 -820 184
vn 0.999763787 0 -0.0217339955
vt 0.434931517 0.264705896
v 13 -791 184
vn 0.999763787 0 -0.0217339955
vt 0.431384534 0.264705896
v 12.478261 -791 160
vn 0.999763787 0 -0.0217339955
vt 0.431384534 0.253676474
v 11.782609 -819.004456 128
vn 0.999763787 0 -0.0217339955
vt 0.434809744 0.238970578
v 11.782609 -820 128
vn 0.999763787 0 -0.0217339955
vt 0.434931517 0.238970578
f 10079/10079/10079 10078/10078/10078 10077/10077/10077 10076/10076/10076 10075/10075/10075 10074/10074/10074
v -244 -791 160
vn 0 0 1
vt 0.167685911 0.1953125
v -14.521739 -791 160
vn 0 0 1
vt 0.195753217 0.1953125
v -14.521739 -820 160
vn 0 0 1
vt 0.195753217 0.181985319
v -244 -820 160
vn 0 0 1
vt 0.167685911 0.181985319
f 10083/10083/10083 10082/10082/10082 10081/10081/10081 10080/10080/10080
v -14 -820 184
vn 0.999763787 -0 -0.0217339955
vt 0.330234826 0.125
v -14.521739 -820 160
vn 0.999763787 -0 -0.0217339955
vt 0.330234826 0.113970578
v -14.521739 -791 160
vn 0.999763787 -0 -0.0217339955
vt 0.333781809 0.113970578
v -14 -791 184
vn 0.999763787 -0 -0.0217339955
vt 0.333781809 0.125
f 10087/10087/10087 10086/10086/10086 10085/10085/10085 10084/10084/10084
v 108 -839.35321 356
vn 1 0 0
vt 0.348415703 0.123161793
v 108 -928 356
vn 1 0 0
vt 0.337573379 0.123161793
v 108 -928 336
vn 1 0 0
vt 0.337573379 0.113970578
f 10090/10090/10090 10089/10089/10089 10088/10088/10088
v 108 -928 320
vn 1 0 0
vt 0.494129151 0.974264681
v 108 -928 128
vn 1 0 0
vt 0.494129151 0.886029422
v 108 -820 128
vn 1 0 0
vt 0.507338524 0.886029422
v 108 -820 356
vn 1 0 0
vt 0.507338524 0.990808845
v 108 -839.35321 356
vn 1 0 0
vt 0.504971504 0.990808845
v 108 -928 336
vn 1 0 0
vt 0.494129151 0.98161763
f 10096/10096/10096 10095/10095/10095 10094/10094/10094 10093/10093/10093 10092/10092/10092 10091/10091/10091
v -380 -924.109314 336
vn 0 0 1
vt 0.352250487 0.118975461
v -380 -912.353271 336
vn 0 0 1
vt 0.352250487 0.124378085
v -380.854095 -913.207336 336
vn 0 0 1
vt 0.352354944 0.123985648
v -380.954742 -924.101746 336
vn 0 0 1
vt 0.352367282 0.118978977
f 10100/10100/10100 10099/10099/10099 10098/10098/10098 10097/10097/10097
v -380 -924.109314 336
vn 1 0 0
vt 0.357767791 0.113970578
v -380 -924.109314 356
vn 1 0 0
vt 0.357767791 0.123161793
v -380 -912.353271 356
vn 1 0 0
vt 0.356329888 0.123161793
v -380 -912.353271 336
vn 1 0 0
vt 0.356329888 0.113970578
f 10104/10104/10104 10103/10103/10103 10102/10102/10102 10101/10101/10101
v -156 -925.895203 336
vn 0.00797241181 0.999968231 0
vt 0.36154598 0.113970578
v 16 -927.266541 356
vn 0.00797241181 0.999968231 0
vt 0.382583171 0.123161793
v -156 -925.895203 356
vn 0.00797241181 0.999968231 0
vt 0.36154598 0.123161793
f 10107/10107/10107 10106/10106/10106 10105/10105/10105
v 67.0452499 -927.673462 336
vn 0.00797241181 0.999968231 0
vt 0.412309825 0.113970578
v 68 -927.681091 336
vn 0.00797241181 0.999968231 0
vt 0.412426621 0.113970578
v 68 -927.681091 356
vn 0.00797241181 0.999968231 0
vt 0.412426621 0.123161793
v 21.4297142 -927.309814 356
vn 0.00797241181 0.999968231 0
vt 0.406730622 0.123161793
v 16 -927.266541 356
vn 0.00797241181 0.999968231 0
vt 0.406066537 0.123161793
v -156 -925.895203 336
vn 0.00797241181 0.999968231 0
vt 0.385029346 0.113970578
f 10113/10113/10113 10112/10112/10112 10111/10111/10111 10110/10110/10110 10109/10109/10109 10108/10108/10108
v -156.954758 -925.887634 336
vn 0.00797241181 0.999968231 0
vt 0.416223735 0.113970578
v -156 -925.895203 336
vn 0.00797241181 0.999968231 0
vt 0.4163405 0.113970578
v -156 -925.895203 356
vn 0.00797241181 0.999968231 0
vt 0.4163405 0.123161793
f 10116/10116/10116 10115/10115/10115 10114/10114/10114
v -208 -925.480652 356
vn 0.00797241181 0.999968231 0
vt 0.441291571 0.123161793
v -380 -924.109314 356
vn 0.00797241181 0.999968231 0
vt 0.420254409 0.123161793
v -380 -924.109314 336
vn 0.00797241181 0.999968231 0
vt 0.420254409 0.113970578
v -156.954758 -925.887634 336
vn 0.00797241181 0.999968231 0
vt 0.447534889 0.113970578
v -156 -925.895203 356
vn 0.00797241181 0.999968231 0
vt 0.447651654 0.123161793
f 10121/10121/10121 10120/10120/10120 10119/10119/10119 10118/10118/10118 10117/10117/10117
v 108 -928 336
vn 0.00797241181 0.999968231 0
vt 0.456457913 0.113970578
v 108 -928 356
vn 0.00797241181 0.999968231 0
vt 0.456457913 0.123161793
v 68 -927.681091 356
vn 0.00797241181 0.999968231 0
vt 0.451565564 0.123161793
v 68 -927.681091 336
vn 0.00797241181 0.999968231 0
vt 0.451565564 0.113970578
f 10125/10125/10125 10124/10124/10124 10123/10123/10123 10122/10122/10122
v -380.954742 -924.101746 320
vn 0 0 1
vt 0.165601119 0.0128208399
v -380.854095 -913.207336 320
vn 0 0 1
vt 0.165588811 0.0178275108
v -391.663116 -924.016357 320
vn 0 0 1
vt 0.166910842 0.0128601193
f 10128/10128/10128 10127/10127/10127 10126/10126/10126
v 56.336895 -927.588135 320
vn 0.00797241181 0.999968231 0
vt 0.170295611 0.0110294223
v 67.0452499 -927.673462 320
vn 0.00797241181 0.999968231 0
vt 0.171605349 0.0110294223
v 67.0452499 -927.673462 336
vn 0.00797241181 0.999968231 0
vt 0.171605349 0.0183823705
f 10131/10131/10131 10130/10130/10130 10129/10129/10129
v -156 -925.895203 336
vn 0.00797241181 0.999968231 0
vt 0.175636008 0.0183823705
v -156.954758 -925.887634 336
vn 0.00797241181 0.999968231 0
vt 0.175519243 0.0183823705
v -156.954758 -925.887634 320
vn 0.00797241181 0.999968231 0
vt 0.175519243 0.0110294223
v 56.336895 -927.588135 320
vn 0.00797241181 0.999968231 0
vt 0.201606765 0.0110294223
v 67.0452499 -927.673462 336
vn 0.00797241181 0.999968231 0
vt 0.202916503 0.0183823705
f 10136/10136/10136 10135/10135/10135 10134/10134/10134 10133/10133/10133 10132/10132/10132
v -167.663101 -925.802246 320
vn 0.00797241181 0.999968231 0
vt 0.207477614 0.0110294223
v -156.954758 -925.887634 320
vn 0.00797241181 0.999968231 0
vt 0.208787337 0.0110294223
v -156.954758 -925.887634 336
vn 0.00797241181 0.999968231 0
vt 0.208787337 0.0183823705
f 10139/10139/10139 10138/10138/10138 10137/10137/10137
v -380 -924.109314 336
vn 0.00797241181 0.999968231 0
vt 0.212817997 0.0183823705
v -380.954742 -924.101746 336
vn 0.00797241181 0.999968231 0
vt 0.212701231 0.0183823705
v -380.954742 -924.101746 320
vn 0.00797241181 0.999968231 0
vt 0.212701231 0.0110294223
v -167.663101 -925.802246 320
vn 0.00797241181 0.999968231 0
vt 0.238788769 0.0110294223
v -156.954758 -925.887634 336
vn 0.00797241181 0.999968231 0
vt 0.240098491 0.0183823705
f 10144/10144/10144 10143/10143/10143 10142/10142/10142 10141/10141/10141 10140/10140/10140
v 68 -927.681091 336
vn 0.00797241181 0.999968231 0
vt 0.244129151 0.0183823705
v 67.0452499 -927.673462 336
vn 0.00797241181 0.999968231 0
vt 0.244012386 0.0183823705
v 67.0452499 -927.673462 320
vn 0.00797241181 0.999968231 0
vt 0.244012386 0.0110294223
v 108 -928 320
vn 0.00797241181 0.999968231 0
vt 0.24902153 0.0110294223
v 108 -928 336
vn 0.00797241181 0.999968231 0
vt 0.24902153 0.0183823705
f 10149/10149/10149 10148/10148/10148 10147/10147/10147 10146/10146/10146 10145/10145/10145
v -380.954742 -924.101746 320
vn 0.999957323 -0.00923748128 0
vt 0.251944482 0.0110294223
v -380.954742 -924.101746 336
vn 0.999957323 -0.00923748128 0
vt 0.251944482 0.0183823705
v -380.854095 -913.207336 336
vn 0.999957323 -0.00923748128 0
vt 0.253277004 0.0183823705
v -380.854095 -913.207336 320
vn 0.999957323 -0.00923748128 0
vt 0.253277004 0.0110294223
f 10153/10153/10153 10152/10152/10152 10151/10151/10151 10150/10150/10150
v 11.0148067 -927.226746 128
vn 0.00797241181 0.999968231 0
vt 0.865339339 0.783088207
v 56.336895 -927.588135 128
vn 0.00797241181 0.999968231 0
vt 0.87088269 0.783088207
v 56.336895 -927.588135 320
vn 0.00797241181 0.999968231 0
vt 0.87088269 0.871323526
v -36 -926.851929 128
vn 0.00797241181 0.999968231 0
vt 0.85958904 0.783088207
f 10157/10157/10157 10156/10156/10156 10155/10155/10155 10154/10154/10154
v -156.954758 -925.887634 320
vn 0.00797241181 0.999968231 0
vt 0.876106322 0.871323526
v -167.663101 -925.802246 320
vn 0.00797241181 0.999968231 0
vt 0.874796569 0.871323526
v -167.663101 -925.802246 128
vn 0.00797241181 0.999968231 0
vt 0.874796569 0.783088207
v -36 -926.851929 128
vn 0.00797241181 0.999968231 0
vt 0.890900195 0.783088207
v 56.336895 -927.588135 320
vn 0.00797241181 0.999968231 0
vt 0.902193844 0.871323526
f 10162/10162/10162 10161/10161/10161 10160/10160/10160 10159/10159/10159 10158/10158/10158
v -259.0271 -925.073792 128
vn 0.00797241181 0.999968231 0
vt 0.906674743 0.783088207
v -167.663101 -925.802246 128
vn 0.00797241181 0.999968231 0
vt 0.917849422 0.783088207
v -167.663101 -925.802246 320
vn 0.00797241181 0.999968231 0
vt 0.917849422 0.871323526
v -259.959961 -925.066406 128
vn 0.00797241181 0.999968231 0
vt 0.906560659 0.783088207
f 10166/10166/10166 10165/10165/10165 10164/10164/10164 10163/10163/10163
v -380.954742 -924.101746 320
vn 0.00797241181 0.999968231 0
vt 0.923073053 0.871323526
v -391.663116 -924.016357 320
vn 0.00797241181 0.999968231 0
vt 0.921763301 0.871323526
v -391.663116 -924.016357 128
vn 0.00797241181 0.999968231 0
vt 0.921763301 0.783088207
v -363 -924.244873 128
vn 0.00797241181 0.999968231 0
vt 0.925269067 0.783088207
v -259.959961 -925.066406 128
vn 0.00797241181 0.999968231 0
vt 0.937871814 0.783088207
v -167.663101 -925.802246 320
vn 0.00797241181 0.999968231 0
vt 0.949160576 0.871323526
f 10172/10172/10172 10171/10171/10171 10170/10170/10170 10169/10169/10169 10168/10168/10168 10167/10167/10167
v 107.236305 -927.993896 128
vn 0.00797241181 0.999968231 0
vt 0.953429103 0.783088207
v 108 -928 128
vn 0.00797241181 0.999968231 0
vt 0.953522503 0.783088207
v 108 -928 320
vn 0.00797241181 0.999968231 0
vt 0.953522503 0.871323526
f 10175/10175/10175 10174/10174/10174 10173/10173/10173
v 67.0452499 -927.673462 320
vn 0.00797241181 0.999968231 0
vt 0.958298147 0.871323526
v 56.336895 -927.588135 320
vn 0.00797241181 0.999968231 0
vt 0.956988394 0.871323526
v 56.336895 -927.588135 128
vn 0.00797241181 0.999968231 0
vt 0.956988394 0.783088207
v 107.236305 -927.993896 128
vn 0.00797241181 0.999968231 0
vt 0.963213861 0.783088207
v 108 -928 320
vn 0.00797241181 0.999968231 0
vt 0.963307261 0.871323526
f 10180/10180/10180 10179/10179/10179 10178/10178/10178 10177/10177/10177 10176/10176/10176
v 29.9081173 -638.422852 12
vn 0.707106769 0.707106769 0
vt 0.265166342 0.0183823705
v 80.819809 -689.334534 12
vn 0.707106769 0.707106769 0
vt 0.256360084 0.0183823705
v 80.819809 -689.334534 8
vn 0.707106769 0.707106769 0
vt 0.256360084 0.0165441036
v 29.9081173 -638.422852 8
vn 0.707106769 0.707106769 0
vt 0.265166342 0.0165441036
f 10184/10184/10184 10183/10183/10183 10182/10182/10182 10181/10181/10181
v 51.0782089 -614.804016 128
vn 0.690717518 0.723124683 1.22152397e-13
vt 0.271037191 0.0183823705
v 29.0782108 -593.789978 128
vn 0.690717518 0.723124683 1.22152397e-13
vt 0.267317086 0.0183823705
v 51.0782089 -614.804016 127
vn 0.690717518 0.723124683 1.22152397e-13
vt 0.271037191 0.0179228187
f 10187/10187/10187 10186/10186/10186 10185/10185/10185
v 51.0782089 -614.804016 96
vn 0.690717518 0.723124683 1.22152397e-13
vt 0.470645785 0.452205896
v 51.0782089 -614.804016 127
vn 0.690717518 0.723124683 1.22152397e-13
vt 0.470645785 0.466452181
v 29.0782108 -593.789978 128
vn 0.690717518 0.723124683 1.22152397e-13
vt 0.466925681 0.466911793
v 29.0782108 -593.789978 21.4250946
vn 0.690717518 0.723124683 1.22152397e-13
vt 0.466925681 0.417934299
v 51.0782089 -614.804016 21.4250946
vn 0.690717518 0.723124683 1.22152397e-13
vt 0.470645785 0.417934299
f 10192/10192/10192 10191/10191/10191 10190/10190/10190 10189/10189/10189 10188/10188/10188
v 216.717972 -630.234619 21.4250946
vn -0.5 0.866025388 1.03254558e-12
vt 0.274921507 0.0116842985
v 223.646164 -626.234619 21.4250946
vn -0.5 0.866025388 1.03254558e-12
vt 0.275899976 0.0116842985
v 223.646164 -626.234619 27
vn -0.5 0.866025388 1.03254558e-12
vt 0.275899976 0.0142463446
v 216.717972 -630.234619 27
vn -0.5 0.866025388 1.03254558e-12
vt 0.274921507 0.0142463446
f 10196/10196/10196 10195/10195/10195 10194/10194/10194 10193/10193/10193
v 223.646164 -626.234619 27
vn -0.5 0.866025388 1.03254558e-12
vt 0.280792356 0.0142463446
v 223.646164 -626.234619 21.4250946
vn -0.5 0.866025388 1.03254558e-12
vt 0.280792356 0.0116842985
v 224.883636 -625.520203 21.4250946
vn -0.5 0.866025388 1.03254558e-12
vt 0.280967116 0.0116842985
v 230.574371 -622.234619 21.4250946
vn -0.5 0.866025388 1.03254558e-12
vt 0.281770825 0.0116842985
v 230.574371 -622.234619 33
vn -0.5 0.866025388 1.03254558e-12
vt 0.281770825 0.0170036554
v 223.646164 -626.234619 33
vn -0.5 0.866025388 1.03254558e-12
vt 0.280792356 0.0170036554
f 10202/10202/10202 10201/10201/10201 10200/10200/10200 10199/10199/10199 10198/10198/10198 10197/10197/10197
v 29.0782108 -570.980347 21.4250946
vn 0 0 1
vt 0.803428471 0.326912463
v 30.5633621 -501.789886 21.4250946
vn 0 0 1
vt 0.797348619 0.349036038
v 36.3532486 -496 21.4250946
vn 0 0 1
vt 0.79647392 0.349512458
v 40.804039 -491.549194 21.4250946
vn 0 0 1
vt 0.79580152 0.349878669
v 42.8062515 -489.546997 21.4250946
vn 0 0 1
vt 0.795499027 0.350043416
f 10207/10207/10207 10206/10206/10206 10205/10205/10205 10204/10204/10204 10203/10203/10203
v 51.0782089 -614.804016 21.4250946
vn 0 0 1
vt 0.308733106 0.82203877
v 29.0782108 -593.789978 21.4250946
vn 0 0 1
vt 0.308336616 0.834206223
v 29.0782108 -570.980347 21.4250946
vn 0 0 1
vt 0.30636391 0.841618359
v 42.8062515 -489.546997 21.4250946
vn 0 0 1
vt 0.298434436 0.864749312
v 224.883636 -625.520203 21.4250946
vn 0 0 1
vt 0.298434436 0.776378393
v 223.646164 -626.234619 21.4250946
vn 0 0 1
vt 0.298576146 0.776446521
v 216.717972 -630.234619 21.4250946
vn 0 0 1
vt 0.299369544 0.776827931
v 123.54818 -684.026245 21.4250946
vn 0 0 1
vt 0.310039282 0.781957865
f 10215/10215/10215 10214/10214/10214 10213/10213/10213 10212/10212/10212 10211/10211/10211 10210/10210/10210 10209/10209/10209 10208/10208/10208
v 230.574371 -622.234619 21.4250946
vn 0 0 1
vt 0.312784791 0.776065052
v 108.804039 -423.549194 21.4250946
vn 0 0 1
vt 0.322103471 0.870179772
v 112.771111 -419.582153 21.4250946
vn 0 0 1
vt 0.322702825 0.870506227
f 10218/10218/10218 10217/10217/10217 10216/10216/10216
v 52.1177483 -480.235504 21.4250946
vn 0 0 1
vt 0.32919535 0.865515471
v 108.804039 -423.549194 21.4250946
vn 0 0 1
vt 0.337759048 0.870179772
v 230.574371 -622.234619 21.4250946
vn 0 0 1
vt 0.328440368 0.776065052
v 224.883636 -625.520203 21.4250946
vn 0 0 1
vt 0.327788651 0.776378393
v 42.8062515 -489.546997 21.4250946
vn 0 0 1
vt 0.327788651 0.864749312
f 10223/10223/10223 10222/10222/10222 10221/10221/10221 10220/10220/10220 10219/10219/10219
v 29.0782108 -593.747681 128
vn 1 0 0
vt 0.474144012 0.466911793
v 29.0782108 -570.980347 128
vn 1 0 0
vt 0.476113051 0.466911793
v 29.0782108 -570.980347 21.4250946
vn 1 0 0
vt 0.476113051 0.417934299
v 29.0782108 -593.789978 21.4250946
vn 1 0 0
vt 0.474140316 0.417934299
v 29.0782108 -593.789978 128
vn 1 0 0
vt 0.474140316 0.466911793
f 10228/10228/10228 10227/10227/10227 10226/10226/10226 10225/10225/10225 10224/10224/10224
v 30.5633621 -501.789886 124
vn 0.999769688 -0.0214597341 -8.09997448e-15
vt 0.479900658 0.465073526
v 30.5633621 -501.789886 21.4250946
vn 0.999769688 -0.0214597341 -8.09997448e-15
vt 0.479900658 0.417934299
v 29.0782108 -570.980347 21.4250946
vn 0.999769688 -0.0214597341 -8.09997448e-15
vt 0.486013085 0.417934299
v 29.0782108 -570.980347 128
vn 0.999769688 -0.0214597341 -8.09997448e-15
vt 0.486013085 0.466911793
v 30.5633621 -501.789886 128
vn 0.999769688 -0.0214597341 -8.09997448e-15
vt 0.479900658 0.466911793
f 10233/10233/10233 10232/10232/10232 10231/10231/10231 10230/10230/10230 10229/10229/10229
v 8.35324669 -524 124
vn 0 0 1
vt 0.439310849 0.26440239
v -17.2166252 -549.569885 124
vn 0 0 1
vt 0.443733722 0.26440239
v 17.4040585 -582.639038 124
vn 0 0 1
vt 0.443599522 0.24240607
v 18.6551228 -513.69812 124
vn 0 0 1
vt 0.437528908 0.26440239
f 10237/10237/10237 10236/10236/10236 10235/10235/10235 10234/10234/10234
v 18.6551228 -513.69812 21.4250946
vn 0.999835372 -0.0181439221 -7.14148894e-15
vt 0.494556189 0.417934299
v 18.6551228 -513.69812 124
vn 0.999835372 -0.0181439221 -7.14148894e-15
vt 0.494556189 0.465073526
v 17.4040585 -582.639038 124
vn 0.999835372 -0.0181439221 -7.14148894e-15
vt 0.488485605 0.465073526
v 17.4040585 -582.639038 21.4250946
vn 0.999835372 -0.0181439221 -7.14148894e-15
vt 0.488485605 0.417934299
f 10241/10241/10241 10240/10240/10240 10239/10239/10239 10238/10238/10238
v 17.4040585 -582.639038 16
vn 0.999835372 -0.0181439221 -7.14148894e-15
vt 0.45913142 0.121323526
v 17.4040585 -582.639038 0
vn 0.999835372 -0.0181439221 -7.14148894e-15
vt 0.45913142 0.113970578
v 18.6551228 -513.69812 0
vn 0.999835372 -0.0181439221 -7.14148894e-15
vt 0.465201974 0.113970578
v 18.6551228 -513.69812 21.4250946
vn 0.999835372 -0.0181439221 -7.14148894e-15
vt 0.465201974 0.123816669
v 17.4040585 -582.639038 21.4250946
vn 0.999835372 -0.0181439221 -7.14148894e-15
vt 0.45913142 0.123816669
f 10246/10246/10246 10245/10245/10245 10244/10244/10244 10243/10243/10243 10242/10242/10242
v 263.178955 -694.241394 33
vn 0.864540458 0.502563238 2.76414417e-12
vt 0.285582125 0.0170036554
v 263.178955 -694.241394 27
vn 0.864540458 0.502563238 2.76414417e-12
vt 0.285582125 0.0142463446
v 223.646164 -626.234619 27
vn 0.864540458 0.502563238 2.76414417e-12
vt 0.295203209 0.0142463446
v 223.646164 -626.234619 33
vn 0.864540458 0.502563238 2.76414417e-12
vt 0.295203209 0.0170036554
f 10250/10250/10250 10249/10249/10249 10248/10248/10248 10247/10247/10247
v 263.178955 -694.241394 33
vn 0 0 1
vt 0.469535142 0.121327519
v 223.646164 -626.234619 33
vn 0 0 1
vt 0.479156256 0.121434629
v 230.574371 -622.234619 33
vn 0 0 1
vt 0.479156256 0.117758155
v 271.182861 -692.091858 33
vn 0 0 1
vt 0.469273359 0.117648125
v 266.837921 -694.264282 33
vn 0 0 1
vt 0.469309002 0.119876504
f 10255/10255/10255 10254/10254/10254 10253/10253/10253 10252/10252/10252 10251/10251/10251
v 263.178955 -694.241394 33
vn 0.00626831781 0.99998033 4.12549853e-15
vt 0.047629755 0.312959552
v 266.837921 -694.264282 33
vn 0.00626831781 0.99998033 4.12549853e-15
vt 0.0479452126 0.312959552
v 266.837921 -694.264282 128
vn 0.00626831781 0.99998033 4.12549853e-15
vt 0.0479452126 0.35661763
v 263.178955 -694.241394 128
vn 0.00626831781 0.99998033 4.12549853e-15
vt 0.047629755 0.35661763
f 10259/10259/10259 10258/10258/10258 10257/10257/10257 10256/10256/10256
v 266.837921 -694.264282 128
vn -0.447212726 0.894427598 2.74204826e-14
vt 0.200587079 0.202205896
v 271.182861 -692.091858 91
vn -0.447212726 0.894427598 2.74204826e-14
vt 0.200211316 0.185202181
v 271.182861 -692.091858 128
vn -0.447212726 0.894427598 2.74204826e-14
vt 0.200211316 0.202205896
f 10262/10262/10262 10261/10261/10261 10260/10260/10260
v 266.837921 -694.264282 33
vn -0.447212726 0.894427598 2.74204826e-14
vt 0.0538160466 0.312959552
v 271.182861 -692.091858 33
vn -0.447212726 0.894427598 2.74204826e-14
vt 0.0534402728 0.312959552
v 271.182861 -692.091858 39
vn -0.447212726 0.894427598 2.74204826e-14
vt 0.0534402728 0.315716922
v 271.182861 -692.091858 63
vn -0.447212726 0.894427598 2.74204826e-14
vt 0.0534402728 0.326746345
v 271.182861 -692.091858 91
vn -0.447212726 0.894427598 2.74204826e-14
vt 0.0534402728 0.339613974
v 266.837921 -694.264282 128
vn -0.447212726 0.894427598 2.74204826e-14
vt 0.0538160466 0.35661763
f 10268/10268/10268 10267/10267/10267 10266/10266/10266 10265/10265/10265 10264/10264/10264 10263/10263/10263
v 223.646164 -626.234619 27
vn 0 0 1
vt 0.492854893 0.117758155
v 263.178955 -694.241394 27
vn 0 0 1
vt 0.48323378 0.117651045
v 253.891678 -694.183167 27
vn 0 0 1
vt 0.483807921 0.121333897
v 216.717972 -630.234619 27
vn 0 0 1
vt 0.492854893 0.121434629
f 10272/10272/10272 10271/10271/10271 10270/10270/10270 10269/10269/10269
v 155.570251 -693.566833 128
vn 0.00626831781 0.99998033 4.12549853e-15
vt 0.500191808 0.466911793
v 133.390854 -693.427795 128
vn 0.00626831781 0.99998033 4.12549853e-15
vt 0.498279631 0.466911793
v 133.390854 -693.427795 27
vn 0.00626831781 0.99998033 4.12549853e-15
vt 0.498279631 0.420496345
v 213.48468 -693.929871 128
vn 0.00626831781 0.99998033 4.12549853e-15
vt 0.505184889 0.466911793
f 10276/10276/10276 10275/10275/10275 10274/10274/10274 10273/10273/10273
v 253.891678 -694.183167 27
vn 0.00626831781 0.99998033 4.12549853e-15
vt 0.51845336 0.420496345
v 263.178955 -694.241394 27
vn 0.00626831781 0.99998033 4.12549853e-15
vt 0.519254029 0.420496345
v 263.178955 -694.241394 33
vn 0.00626831781 0.99998033 4.12549853e-15
vt 0.519254029 0.423253655
v 263.178955 -694.241394 128
vn 0.00626831781 0.99998033 4.12549853e-15
vt 0.519254029 0.466911793
v 213.884827 -693.932373 128
vn 0.00626831781 0.99998033 4.12549853e-15
vt 0.515004158 0.466911793
v 213.48468 -693.929871 128
vn 0.00626831781 0.99998033 4.12549853e-15
vt 0.514969647 0.466911793
v 133.390854 -693.427795 27
vn 0.00626831781 0.99998033 4.12549853e-15
vt 0.508064389 0.420496345
f 10283/10283/10283 10282/10282/10282 10281/10281/10281 10280/10280/10280 10279/10279/10279 10278/10278/10278 10277/10277/10277
v 253.891678 -694.183167 27
vn 0.00626831781 0.99998033 4.12549853e-15
vt 0.309059978 0.0160845518
v 133.390854 -693.427795 27
vn 0.00626831781 0.99998033 4.12549853e-15
vt 0.298671037 0.0160845518
v 133.390854 -693.427795 21.4250946
vn 0.00626831781 0.99998033 4.12549853e-15
vt 0.298671037 0.0135225654
v 253.891678 -694.183167 21.4250946
vn 0.00626831781 0.99998033 4.12549853e-15
vt 0.309059978 0.0135225654
f 10287/10287/10287 10286/10286/10286 10285/10285/10285 10284/10284/10284
v 216.717972 -630.234619 27
vn 0.864540458 0.502563238 -7.929041e-13
vt 0.322600484 0.0142463446
v 253.891678 -694.183167 27
vn 0.864540458 0.502563238 -7.929041e-13
vt 0.313553512 0.0142463446
v 253.891678 -694.183167 21.4250946
vn 0.864540458 0.502563238 -7.929041e-13
vt 0.313553512 0.0116842985
v 216.717972 -630.234619 21.4250946
vn 0.864540458 0.502563238 -7.929041e-13
vt 0.322600484 0.0116842985
f 10291/10291/10291 10290/10290/10290 10289/10289/10289 10288/10288/10288
v 216.717972 -630.234619 21.4250946
vn 0 0 1
vt 0.808175802 0.350357413
v 253.891678 -694.183167 21.4250946
vn 0 0 1
vt 0.811305523 0.320555747
v 133.390854 -693.427795 21.4250946
vn 0 0 1
vt 0.819022954 0.350043714
v 123.54818 -684.026245 21.4250946
vn 0 0 1
vt 0.81884551 0.355487347
f 10295/10295/10295 10294/10294/10294 10293/10293/10293 10292/10292/10292
v 51.0782089 -614.804016 128
vn -0.707106769 0.707106769 1.61196157e-13
vt 0.325831711 0.0183823705
v 51.0782089 -614.804016 127
vn -0.707106769 0.707106769 1.61196157e-13
vt 0.325831711 0.0179228187
v 40.1271553 -625.755066 127
vn -0.707106769 0.707106769 1.61196157e-13
vt 0.327725917 0.0179228187
v 40.1271553 -625.755066 128
vn -0.707106769 0.707106769 1.61196157e-13
vt 0.327725917 0.0183823705
f 10299/10299/10299 10298/10298/10298 10297/10297/10297 10296/10296/10296
v 39.804039 -626.078186 16
vn -0.707106769 0.707106769 1.61196157e-13
vt 0.331695706 0.0110294223
v 39.7645035 -626.117737 16
vn -0.707106769 0.707106769 1.61196157e-13
vt 0.33170253 0.0110294223
v 39.7645035 -626.117737 21.4250946
vn -0.707106769 0.707106769 1.61196157e-13
vt 0.33170253 0.0135225654
v 45.3538971 -620.528381 21.4250946
vn -0.707106769 0.707106769 1.61196157e-13
vt 0.330735743 0.0135225654
v 45.3538971 -620.528381 16
vn -0.707106769 0.707106769 1.61196157e-13
vt 0.330735743 0.0110294223
f 10304/10304/10304 10303/10303/10303 10302/10302/10302 10301/10301/10301 10300/10300/10300
v 45.3538971 -620.528381 21.4250946
vn -0.707106769 0.707106769 1.61196157e-13
vt 0.823886395 0.322346091
v 39.7645035 -626.117737 21.4250946
vn -0.707106769 0.707106769 1.61196157e-13
vt 0.824853241 0.322346091
v 39.7645035 -626.117737 96
vn -0.707106769 0.707106769 1.61196157e-13
vt 0.824853241 0.35661763
v 51.0782089 -614.804016 96
vn -0.707106769 0.707106769 1.61196157e-13
vt 0.822896302 0.35661763
v 51.0782089 -614.804016 21.4250946
vn -0.707106769 0.707106769 1.61196157e-13
vt 0.822896302 0.322346091
f 10309/10309/10309 10308/10308/10308 10307/10307/10307 10306/10306/10306 10305/10305/10305
v 39.7645035 -626.117737 124
vn 0 0 1
vt 0.499174148 0.123683393
v 29.0782108 -615.568542 124
vn 0 0 1
vt 0.499162287 0.116782725
v 29.0782108 -615.431458 124
vn 0 0 1
vt 0.499174148 0.1167382
v 29.0782108 -615.568542 124
vn 0 0 1
vt 0.499162287 0.116782725
v 29.0782108 -617.540833 124
vn 0 0 1
vt 0.498991698 0.117423654
v 29.0782108 -636.804016 124
vn 0 0 1
vt 0.497325718 0.123683393
f 10315/10315/10315 10314/10314/10314 10313/10313/10313 10312/10312/10312 10311/10311/10311 10310/10310/10310
v 28.1205692 -615.595093 124
vn 0 0 1
vt 0.334693581 0.0135390162
v 28.0782108 -617.568542 124
vn 0 0 1
vt 0.334519267 0.0141665339
v 29.0782108 -617.540833 124
vn 0 0 1
vt 0.334608138 0.0144824982
v 29.0782108 -615.568542 124
vn 0 0 1
vt 0.334778726 0.0138415098
f 10319/10319/10319 10318/10318/10318 10317/10317/10317 10316/10316/10316
v 17.5501633 -626.06488 124
vn 0 0 1
vt 0.203715399 0.189976871
v 28.6837654 -637.198486 124
vn 0 0 1
vt 0.203715399 0.197212756
v 29.0782108 -636.804016 124
vn 0 0 1
vt 0.203783631 0.197212756
v 29.0782108 -617.540833 124
vn 0 0 1
vt 0.205449626 0.190953076
v 28.0782108 -617.568542 124
vn 0 0 1
vt 0.205360755 0.190637112
v 17.7283115 -617.85553 124
vn 0 0 1
vt 0.204440802 0.187367082
f 10325/10325/10325 10324/10324/10324 10323/10323/10323 10322/10322/10322 10321/10321/10321 10320/10320/10320
v 16.9096127 -625.424316 124
vn 0 0 1
vt 0.504094064 0.118369281
v 17.0329895 -617.874817 124
vn 0 0 1
vt 0.503430426 0.120782375
v 16.7645016 -617.882263 124
vn 0 0 1
vt 0.503454328 0.120867252
v 9.56710339 -618.081848 124
vn 0 0 1
vt 0.504094064 0.123141229
f 10329/10329/10329 10328/10328/10328 10327/10327/10327 10326/10326/10326
v 17.4040585 -582.639038 124
vn 0 0 1
vt 0.0561239831 0.330641329
v -17.2166252 -549.569885 124
vn 0 0 1
vt 0.0562581643 0.352637708
v -38.0807343 -570.43396 124
vn 0 0 1
vt 0.0598670617 0.352637708
v 9.56710339 -618.081848 124
vn 0 0 1
vt 0.0598670654 0.321670651
v 16.7645016 -617.882263 124
vn 0 0 1
vt 0.0592273287 0.319396675
f 10334/10334/10334 10333/10333/10333 10332/10332/10332 10331/10331/10331 10330/10330/10330
v 17.7283115 -617.85553 128
vn -0.0277175233 0.999615788 1.00524169e-13
vt 0.338406831 0.0183823705
v 17.7283115 -617.85553 124
vn -0.0277175233 0.999615788 1.00524169e-13
vt 0.338406831 0.0165441036
v 17.0329895 -617.874817 124
vn -0.0277175233 0.999615788 1.00524169e-13
vt 0.338468641 0.0165441036
v 17.0329895 -617.874817 128
vn -0.0277175233 0.999615788 1.00524169e-13
vt 0.338468641 0.0183823705
f 10338/10338/10338 10337/10337/10337 10336/10336/10336 10335/10335/10335
v 17.0329895 -617.874817 124
vn 0.999866486 -0.0163403358 -5.09737044e-11
vt 0.342960805 0.0110294223
v 16.9096127 -625.424316 124
vn 0.999866486 -0.0163403358 -5.09737044e-11
vt 0.343624413 0.0110294223
v 16.9096127 -625.424316 128
vn 0.999866486 -0.0163403358 -5.09737044e-11
vt 0.343624413 0.0128676295
v 17.0329895 -617.874817 128
vn 0.999866486 -0.0163403358 -5.09737044e-11
vt 0.342960805 0.0128676295
f 10342/10342/10342 10341/10341/10341 10340/10340/10340 10339/10339/10339
v 17.5501633 -626.06488 124
vn 0.999764621 -0.0216953717 6.92991292e-13
vt 0.348019898 0.0110294223
v 17.7283115 -617.85553 124
vn 0.999764621 -0.0216953717 6.92991292e-13
vt 0.348745286 0.0110294223
v 17.7283115 -617.85553 128
vn 0.999764621 -0.0216953717 6.92991292e-13
vt 0.348745286 0.0128676295
v 17.5501633 -626.06488 128
vn 0.999764621 -0.0216953717 6.92991292e-13
vt 0.348019898 0.0128676295
f 10346/10346/10346 10345/10345/10345 10344/10344/10344 10343/10343/10343
v 17.4040585 -582.639038 21.4250946
vn 0.999835372 -0.0181439221 -7.14148894e-15
vt 0.525667608 0.417934299
v 17.4040585 -582.639038 124
vn 0.999835372 -0.0181439221 -7.14148894e-15
vt 0.525667608 0.465073526
v 16.7645016 -617.882263 124
vn 0.999835372 -0.0181439221 -7.14148894e-15
vt 0.522564232 0.465073526
v 16.7645016 -617.882263 16
vn 0.999835372 -0.0181439221 -7.14148894e-15
vt 0.522564232 0.415441155
v 17.4040585 -582.639038 16
vn 0.999835372 -0.0181439221 -7.14148894e-15
vt 0.525667608 0.415441155
f 10351/10351/10351 10350/10350/10350 10349/10349/10349 10348/10348/10348 10347/10347/10347
v 29.0782108 -615.431458 124
vn 0.707106769 0.707106769 -4.77831479e-14
vt 0.509676218 0.126838207
v 29.0782108 -615.568542 124
vn 0.707106769 0.707106769 -4.77831479e-14
vt 0.509664357 0.126838207
v 39.7645035 -626.117737 124
vn 0.707106769 0.707106769 -4.77831479e-14
vt 0.507827818 0.126838207
v 39.7645035 -626.117737 96
vn 0.707106769 0.707106769 -4.77831479e-14
vt 0.507827818 0.113970578
f 10355/10355/10355 10354/10354/10354 10353/10353/10353 10352/10352/10352
v 39.7645035 -626.117737 21.4250946
vn 0.707106769 0.707106769 -4.77831479e-14
vt 0.351272017 0.0135225654
v 39.7645035 -626.117737 16
vn 0.707106769 0.707106769 -4.77831479e-14
vt 0.351272017 0.0110294223
v 39.804039 -626.078186 16
vn 0.707106769 0.707106769 -4.77831479e-14
vt 0.351272017 0.0110294223
f 10358/10358/10358 10357/10357/10357 10356/10356/10356
v 29.0782108 -615.431458 16
vn 0.707106769 0.707106769 -4.77831479e-14
vt 0.531202614 0.415441155
v 29.0782108 -615.431458 124
vn 0.707106769 0.707106769 -4.77831479e-14
vt 0.531202614 0.465073526
v 39.7645035 -626.117737 96
vn 0.707106769 0.707106769 -4.77831479e-14
vt 0.529354215 0.452205896
v 39.7645035 -626.117737 21.4250946
vn 0.707106769 0.707106769 -4.77831479e-14
vt 0.529354215 0.417934299
v 39.804039 -626.078186 16
vn 0.707106769 0.707106769 -4.77831479e-14
vt 0.529354215 0.415441155
v 29.0782108 -615.568542 16
vn 0.707106769 0.707106769 -4.77831479e-14
vt 0.531190753 0.415441155
f 10364/10364/10364 10363/10363/10363 10362/10362/10362 10361/10361/10361 10360/10360/10360 10359/10359/10359
v 16.7645016 -617.882263 16
vn -0.0277175233 0.999615788 1.00524169e-13
vt 0.534187198 0.415441155
v 16.7645016 -617.882263 124
vn -0.0277175233 0.999615788 1.00524169e-13
vt 0.534187198 0.465073526
v 17.0329895 -617.874817 124
vn -0.0277175233 0.999615788 1.00524169e-13
vt 0.534163296 0.465073526
f 10367/10367/10367 10366/10366/10366 10365/10365/10365
v 17.7283115 -617.85553 124
vn -0.0277175233 0.999615788 1.00524169e-13
vt 0.539972425 0.465073526
v 28.0782108 -617.568542 124
vn -0.0277175233 0.999615788 1.00524169e-13
vt 0.539052486 0.465073526
v 28.0782108 -617.568542 16
vn -0.0277175233 0.999615788 1.00524169e-13
vt 0.539052486 0.415441155
v 16.7645016 -617.882263 16
vn -0.0277175233 0.999615788 1.00524169e-13
vt 0.540058076 0.415441155
v 17.0329895 -617.874817 124
vn -0.0277175233 0.999615788 1.00524169e-13
vt 0.540034175 0.465073526
f 10372/10372/10372 10371/10371/10371 10370/10370/10370 10369/10369/10369 10368/10368/10368
v 29.0782108 -615.568542 124
vn -0.0277175233 0.999615788 8.05686491e-14
vt 0.544663846 0.465073526
v 29.0782108 -615.568542 16
vn -0.0277175233 0.999615788 8.05686491e-14
vt 0.544663846 0.415441155
v 28.1205692 -615.595093 16
vn -0.0277175233 0.999615788 8.05686491e-14
vt 0.544748902 0.415441155
v 28.1205692 -615.595093 124
vn -0.0277175233 0.999615788 8.05686491e-14
vt 0.544748902 0.465073526
f 10376/10376/10376 10375/10375/10375 10374/10374/10374 10373/10373/10373
v 28.1205692 -615.595093 16
vn 0.999769688 -0.0214597341 -8.09997448e-15
vt 0.548662901 0.415441155
v 28.0782108 -617.568542 16
vn 0.999769688 -0.0214597341 -8.09997448e-15
vt 0.548837185 0.415441155
v 28.0782108 -617.568542 124
vn 0.999769688 -0.0214597341 -8.09997448e-15
vt 0.548837185 0.465073526
v 28.1205692 -615.595093 124
vn 0.999769688 -0.0214597341 -8.09997448e-15
vt 0.548662901 0.465073526
f 10380/10380/10380 10379/10379/10379 10378/10378/10378 10377/10377/10377
v 17.4040585 -582.639038 0
vn 0.999835372 -0.0181439221 -7.14148894e-15
vt 0.359327108 0.0110294223
v 17.4040585 -582.639038 16
vn 0.999835372 -0.0181439221 -7.14148894e-15
vt 0.359327108 0.0183823705
v 16.7645016 -617.882263 16
vn 0.999835372 -0.0181439221 -7.14148894e-15
vt 0.356223732 0.0183823705
v 16.7645016 -617.882263 0
vn 0.999835372 -0.0181439221 -7.14148894e-15
vt 0.356223732 0.0110294223
f 10384/10384/10384 10383/10383/10383 10382/10382/10382 10381/10381/10381
v 39.804039 -626.078186 16
vn 0.707106769 0.707106769 -0
vt 0.36308831 0.0183823705
v 39.804039 -626.078186 0
vn 0.707106769 0.707106769 -0
vt 0.36308831 0.0110294223
v 29.0782108 -615.352356 0
vn 0.707106769 0.707106769 -0
vt 0.364943594 0.0110294223
v 29.0782108 -615.352356 16
vn 0.707106769 0.707106769 -0
vt 0.364943594 0.0183823705
v 29.0782108 -615.431458 16
vn 0.707106769 0.707106769 -0
vt 0.364936739 0.0183823705
f 10389/10389/10389 10388/10388/10388 10387/10387/10387 10386/10386/10386 10385/10385/10385
v 29.0782108 -615.431458 16
vn 1 0 0
vt 0.36855045 0.0183823705
v 29.0782108 -615.352356 16
vn 1 0 0
vt 0.368557304 0.0183823705
v 29.0782108 -615.352356 0
vn 1 0 0
vt 0.368557304 0.0110294223
v 29.0782108 -615.568542 0
vn 1 0 0
vt 0.368538618 0.0110294223
v 29.0782108 -615.568542 16
vn 1 0 0
vt 0.368538618 0.0183823705
f 10394/10394/10394 10393/10393/10393 10392/10392/10392 10391/10391/10391 10390/10390/10390
v 28.0782108 -617.568542 16
vn -0.0277175233 0.999615788 1.00524169e-13
vt 0.372711927 0.0183823705
v 28.0782108 -617.568542 0
vn -0.0277175233 0.999615788 1.00524169e-13
vt 0.372711927 0.0110294223
v 16.7645016 -617.882263 0
vn -0.0277175233 0.999615788 1.00524169e-13
vt 0.373717546 0.0110294223
v 16.7645016 -617.882263 16
vn -0.0277175233 0.999615788 1.00524169e-13
vt 0.373717546 0.0183823705
f 10398/10398/10398 10397/10397/10397 10396/10396/10396 10395/10395/10395
v 29.0782108 -615.568542 16
vn -0.0277175233 0.999615788 8.05686491e-14
vt 0.378323317 0.0183823705
v 29.0782108 -615.568542 0
vn -0.0277175233 0.999615788 8.05686491e-14
vt 0.378323317 0.0110294223
v 28.1205692 -615.595093 0
vn -0.0277175233 0.999615788 8.05686491e-14
vt 0.378408432 0.0110294223
v 28.1205692 -615.595093 16
vn -0.0277175233 0.999615788 8.05686491e-14
vt 0.378408432 0.0183823705
f 10402/10402/10402 10401/10401/10401 10400/10400/10400 10399/10399/10399
v 28.1205692 -615.595093 0
vn 0.999769688 -0.0214597341 -8.09997448e-15
vt 0.382322341 0.0110294223
v 28.0782108 -617.568542 0
vn 0.999769688 -0.0214597341 -8.09997448e-15
vt 0.382496685 0.0110294223
v 28.0782108 -617.568542 16
vn 0.999769688 -0.0214597341 -8.09997448e-15
vt 0.382496685 0.0183823705
v 28.1205692 -615.595093 16
vn 0.999769688 -0.0214597341 -8.09997448e-15
vt 0.382322341 0.0183823705
f 10406/10406/10406 10405/10405/10405 10404/10404/10404 10403/10403/10403
v 51.195961 -614.921814 96
vn 0.707106769 0.707106769 0
vt 0.210371822 0.202205896
v 51.195961 -614.921814 60
vn 0.707106769 0.707106769 0
vt 0.210371822 0.185661793
v 56.8528137 -620.578613 76
vn 0.707106769 0.707106769 0
vt 0.209393352 0.193014681
v 60.4526291 -624.178467 86.1818161
vn 0.707106769 0.707106769 0
vt 0.208770692 0.197693825
f 10410/10410/10410 10409/10409/10409 10408/10408/10408 10407/10407/10407
v 60.4526291 -624.178467 86.1818161
vn 0.707106769 0.707106769 0
vt 0.512097478 0.124164402
v 56.8528137 -620.578613 76
vn 0.707106769 0.707106769 0
vt 0.512720168 0.119485319
v 62.5096664 -626.235474 84
vn 0.707106769 0.707106769 0
vt 0.511741698 0.123161793
f 10413/10413/10413 10412/10412/10412 10411/10411/10411
v 68.1665192 -631.892334 92
vn 0.707106769 0.707106769 0
vt 0.385518581 0.0165441036
v 51.195961 -614.921814 96
vn 0.707106769 0.707106769 0
vt 0.38845402 0.0183823705
v 60.4526291 -624.178467 86.1818161
vn 0.707106769 0.707106769 0
vt 0.38685289 0.0138703585
v 62.5096664 -626.235474 84
vn 0.707106769 0.707106769 0
vt 0.386497051 0.0128676295
f 10417/10417/10417 10416/10416/10416 10415/10415/10415 10414/10414/10414
v 68.1665192 -631.892334 92
vn 0.707106769 0.707106769 0
vt 0.393346369 0.0165441036
v 76.6518021 -640.377625 96
vn 0.707106769 0.707106769 0
vt 0.394814104 0.0183823705
v 51.195961 -614.921814 96
vn 0.707106769 0.707106769 0
vt 0.39041096 0.0183823705
f 10420/10420/10420 10419/10419/10419 10418/10418/10418
v 102.107651 -665.833496 76
vn 0.707106769 0.707106769 0
vt 0.516634047 0.119485319
v 107.764503 -671.490356 96
vn 0.707106769 0.707106769 0
vt 0.517612517 0.128676474
v 96.4507904 -660.176636 84
vn 0.707106769 0.707106769 0
vt 0.515655577 0.123161793
f 10423/10423/10423 10422/10422/10422 10421/10421/10421
v 107.764503 -671.490356 60
vn 0.707106769 0.707106769 0
vt 0.214285716 0.185661793
v 107.764503 -671.490356 96
vn 0.707106769 0.707106769 0
vt 0.214285716 0.202205896
v 102.107651 -665.833496 76
vn 0.707106769 0.707106769 0
vt 0.213307247 0.193014681
f 10426/10426/10426 10425/10425/10425 10424/10424/10424
v 107.764503 -671.490356 96
vn 0.707106769 0.707106769 0
vt 0.402152628 0.0183823705
v 90.7939377 -654.519775 92
vn 0.707106769 0.707106769 0
vt 0.399217218 0.0165441036
v 96.4507904 -660.176636 84
vn 0.707106769 0.707106769 0
vt 0.400195688 0.0128676295
f 10429/10429/10429 10428/10428/10428 10427/10427/10427
v 107.764503 -671.490356 96
vn 0.707106769 0.707106769 0
vt 0.409980416 0.0183823705
v 82.3086548 -646.034485 96
vn 0.707106769 0.707106769 0
vt 0.405577302 0.0183823705
v 90.7939377 -654.519775 92
vn 0.707106769 0.707106769 0
vt 0.407045007 0.0165441036
f 10432/10432/10432 10431/10431/10431 10430/10430/10430
v 107.764503 -671.490356 127
vn 0.707106769 0.707106769 0
vt 0.527397275 0.128216922
v 82.3086548 -646.034485 96
vn 0.707106769 0.707106769 0
vt 0.522994101 0.113970578
v 107.764503 -671.490356 96
vn 0.707106769 0.707106769 0
vt 0.527397275 0.113970578
f 10435/10435/10435 10434/10434/10434 10433/10433/10433
v 51.0782089 -614.804016 127
vn 0.707106769 0.707106769 0
vt 0.53129077 0.128216922
v 51.0782089 -614.804016 96
vn 0.707106769 0.707106769 0
vt 0.53129077 0.113970578
v 51.195961 -614.921814 96
vn 0.707106769 0.707106769 0
vt 0.531311154 0.113970578
f 10438/10438/10438 10437/10437/10437 10436/10436/10436
v 76.6518021 -640.377625 96
vn 0.707106769 0.707106769 0
vt 0.539628208 0.113970578
v 82.3086548 -646.034485 96
vn 0.707106769 0.707106769 0
vt 0.540606678 0.113970578
v 107.764503 -671.490356 127
vn 0.707106769 0.707106769 0
vt 0.545009792 0.128216922
v 51.0782089 -614.804016 127
vn 0.707106769 0.707106769 0
vt 0.535204709 0.128216922
v 51.195961 -614.921814 96
vn 0.707106769 0.707106769 0
vt 0.535225034 0.113970578
f 10443/10443/10443 10442/10442/10442 10441/10441/10441 10440/10440/10440 10439/10439/10439
v 133.390854 -693.427795 27
vn 0.00626831781 0.99998033 4.12549853e-15
vt 0.553074181 0.420496345
v 133.390854 -693.427795 128
vn 0.00626831781 0.99998033 4.12549853e-15
vt 0.553074181 0.466911793
v 129.678696 -693.404541 128
vn 0.00626831781 0.99998033 4.12549853e-15
vt 0.552754164 0.466911793
v 129.678696 -693.404541 21.4250946
vn 0.00626831781 0.99998033 4.12549853e-15
vt 0.552754164 0.417934299
v 133.390854 -693.427795 21.4250946
vn 0.00626831781 0.99998033 4.12549853e-15
vt 0.553074181 0.417934299
f 10448/10448/10448 10447/10447/10447 10446/10446/10446 10445/10445/10445 10444/10444/10444
v 123.54818 -684.026245 21.4250946
vn 0 0 1
vt 0.558571517 0.421663761
v 133.390854 -693.427795 21.4250946
vn 0 0 1
vt 0.55874896 0.416220129
v 129.678696 -693.404541 21.4250946
vn 0 0 1
vt 0.558986723 0.417128503
v 107.764503 -671.490356 21.4250946
vn 0 0 1
vt 0.558506787 0.429567695
v 51.0782089 -614.804016 21.4250946
vn 0 0 1
vt 0.557265401 0.461744666
f 10453/10453/10453 10452/10452/10452 10451/10451/10451 10450/10450/10450 10449/10449/10449
v 46.6521988 -621.678772 16
vn 0 0 1
vt 0.827794373 0.356102347
v 100.638863 -669.515442 16
vn 0 0 1
vt 0.827262521 0.323014081
v 92.1335144 -678.020813 16
vn 0 0 1
vt 0.828733683 0.323014081
v 41.2218246 -627.109131 16
vn 0 0 1
vt 0.828733683 0.356102347
f 10457/10457/10457 10456/10456/10456 10455/10455/10455 10454/10454/10454
v 45.3538971 -620.528381 16
vn 0 0 1
vt 0.547963738 0.121603906
v 46.6521988 -621.678772 16
vn 0 0 1
vt 0.547950923 0.120808184
v 41.2218246 -627.109131 16
vn 0 0 1
vt 0.548890233 0.120808184
v 39.804039 -626.078186 16
vn 0 0 1
vt 0.548923671 0.121603906
f 10461/10461/10461 10460/10460/10460 10459/10459/10459 10458/10458/10458
v 39.7645035 -626.117737 16
vn 0 0 1
vt 0.550887406 0.121603966
v 40.9888535 -627.342102 16
vn 0 0 1
vt 0.550887406 0.120808184
v 41.0283928 -627.302551 16
vn 0 0 1
vt 0.550880611 0.120808184
f 10464/10464/10464 10463/10463/10463 10462/10462/10462
v 41.0283928 -627.302551 16
vn 0 0 1
vt 0.55675149 0.120808184
v 40.9888535 -627.342102 16
vn 0 0 1
vt 0.556758285 0.120808184
v 39.7645035 -626.117737 16
vn 0 0 1
vt 0.556758285 0.121603966
v 39.804039 -626.078186 16
vn 0 0 1
vt 0.55675149 0.121603906
v 41.2218246 -627.109131 16
vn 0 0 1
vt 0.556718051 0.120808184
f 10469/10469/10469 10468/10468/10468 10467/10467/10467 10466/10466/10466 10465/10465/10465
v 96.4507904 -682.804016 16
vn 0 0 1
vt 0.41585812 0.0112332702
v 91.9005432 -678.253784 16
vn 0 0 1
vt 0.41585812 0.0141905546
v 91.9400787 -678.214233 16
vn 0 0 1
vt 0.415851265 0.0141905546
v 92.1335144 -678.020813 16
vn 0 0 1
vt 0.415817827 0.0141905546
v 100.638863 -669.515442 16
vn 0 0 1
vt 0.414346635 0.0141905546
v 105.463943 -673.790894 16
vn 0 0 1
vt 0.414299101 0.0112332702
f 10475/10475/10475 10474/10474/10474 10473/10473/10473 10472/10472/10472 10471/10471/10471 10470/10470/10470
v 35.5649719 -632.765991 16
vn 0 0 1
vt 0.429549903 0.0183823705
v 40.9888535 -627.342102 16
vn 0 0 1
vt 0.429549903 0.0148573518
v 91.9005432 -678.253784 16
vn 0 0 1
vt 0.420743644 0.0148573518
v 86.4766617 -683.677673 16
vn 0 0 1
vt 0.420743644 0.0183823705
f 10479/10479/10479 10478/10478/10478 10477/10477/10477 10476/10476/10476
v 91.9400787 -678.214233 16
vn 0 0 1
vt 0.434442282 0.014831543
v 91.9005432 -678.253784 16
vn 0 0 1
vt 0.434442282 0.0148573518
v 40.9888535 -627.342102 16
vn 0 0 1
vt 0.44324854 0.0148573518
v 41.0283928 -627.302551 16
vn 0 0 1
vt 0.44324854 0.014831543
v 41.2218246 -627.109131 16
vn 0 0 1
vt 0.44324854 0.0147058964
v 92.1335144 -678.020813 16
vn 0 0 1
vt 0.434442282 0.0147058964
f 10485/10485/10485 10484/10484/10484 10483/10483/10483 10482/10482/10482 10481/10481/10481 10480/10480/10480
v 39.8822517 -626.235474 96
vn 0.707106769 0.707106769 -4.77831479e-14
vt 0.218199611 0.202205896
v 49.1389198 -635.492188 86.1818161
vn 0.707106769 0.707106769 -4.77831479e-14
vt 0.219800755 0.197693825
v 45.5391045 -631.892334 76
vn 0.707106769 0.707106769 -4.77831479e-14
vt 0.219178081 0.193014681
v 39.8822517 -626.235474 60
vn 0.707106769 0.707106769 -4.77831479e-14
vt 0.218199611 0.185661793
f 10489/10489/10489 10488/10488/10488 10487/10487/10487 10486/10486/10486
v 51.195961 -637.549194 84
vn 0.707106769 0.707106769 -4.77831479e-14
vt 0.562622309 0.123161793
v 45.5391045 -631.892334 76
vn 0.707106769 0.707106769 -4.77831479e-14
vt 0.561643839 0.119485319
v 49.1389198 -635.492188 86.1818161
vn 0.707106769 0.707106769 -4.77831479e-14
vt 0.562266469 0.124164402
f 10492/10492/10492 10491/10491/10491 10490/10490/10490
v 56.8528137 -643.206055 92
vn 0.707106769 0.707106769 -4.77831479e-14
vt 0.450097859 0.0165441036
v 51.195961 -637.549194 84
vn 0.707106769 0.707106769 -4.77831479e-14
vt 0.449119359 0.0128676295
v 49.1389198 -635.492188 86.1818161
vn 0.707106769 0.707106769 -4.77831479e-14
vt 0.448763549 0.0138703585
v 39.8822517 -626.235474 96
vn 0.707106769 0.707106769 -4.77831479e-14
vt 0.44716242 0.0183823705
f 10496/10496/10496 10495/10495/10495 10494/10494/10494 10493/10493/10493
v 65.3380966 -651.691345 96
vn 0.707106769 0.707106769 -4.77831479e-14
vt 0.454500973 0.0183823705
v 56.8528137 -643.206055 92
vn 0.707106769 0.707106769 -4.77831479e-14
vt 0.455968678 0.0165441036
v 39.8822517 -626.235474 96
vn 0.707106769 0.707106769 -4.77831479e-14
vt 0.458904117 0.0183823705
f 10499/10499/10499 10498/10498/10498 10497/10497/10497
v 96.4507904 -682.804016 96
vn 0.707106769 0.707106769 -4.77831479e-14
vt 0.564579248 0.128676474
v 90.7939377 -677.147156 76
vn 0.707106769 0.707106769 -4.77831479e-14
vt 0.565557718 0.119485319
v 85.137085 -671.490356 84
vn 0.707106769 0.707106769 -4.77831479e-14
vt 0.566536188 0.123161793
f 10502/10502/10502 10501/10501/10501 10500/10500/10500
v 90.7939377 -677.147156 76
vn 0.707106769 0.707106769 -4.77831479e-14
vt 0.223091975 0.193014681
v 96.4507904 -682.804016 96
vn 0.707106769 0.707106769 -4.77831479e-14
vt 0.222113505 0.202205896
v 96.4507904 -682.804016 60
vn 0.707106769 0.707106769 -4.77831479e-14
vt 0.222113505 0.185661793
f 10505/10505/10505 10504/10504/10504 10503/10503/10503
v 96.4507904 -682.804016 96
vn 0.707106769 0.707106769 -4.77831479e-14
vt 0.462817997 0.0183823705
v 85.137085 -671.490356 84
vn 0.707106769 0.707106769 -4.77831479e-14
vt 0.464774936 0.0128676295
v 79.4802322 -665.833496 92
vn 0.707106769 0.707106769 -4.77831479e-14
vt 0.465753436 0.0165441036
f 10508/10508/10508 10507/10507/10507 10506/10506/10506
v 96.4507904 -682.804016 96
vn 0.707106769 0.707106769 -4.77831479e-14
vt 0.468688846 0.0183823705
v 79.4802322 -665.833496 92
vn 0.707106769 0.707106769 -4.77831479e-14
vt 0.471624255 0.0165441036
v 70.9949493 -657.348206 96
vn 0.707106769 0.707106769 -4.77831479e-14
vt 0.47309199 0.0183823705
f 10511/10511/10511 10510/10510/10510 10509/10509/10509
v 39.7645035 -626.117737 124
vn 0.707106769 0.707106769 -4.77831479e-14
vt 0.568513513 0.126838207
v 39.8822517 -626.235474 96
vn 0.707106769 0.707106769 -4.77831479e-14
vt 0.568493128 0.113970578
v 39.7645035 -626.117737 96
vn 0.707106769 0.707106769 -4.77831479e-14
vt 0.568513513 0.113970578
f 10514/10514/10514 10513/10513/10513 10512/10512/10512
v 96.4507904 -682.804016 124
vn 0.707106769 0.707106769 -4.77831479e-14
vt 0.572407067 0.126838207
v 96.4507904 -682.804016 96
vn 0.707106769 0.707106769 -4.77831479e-14
vt 0.572407067 0.113970578
v 70.9949493 -657.348206 96
vn 0.707106769 0.707106769 -4.77831479e-14
vt 0.576810181 0.113970578
f 10517/10517/10517 10516/10516/10516 10515/10515/10515
v 65.3380966 -651.691345 96
vn 0.707106769 0.707106769 -4.77831479e-14
vt 0.58561641 0.113970578
v 39.8822517 -626.235474 96
vn 0.707106769 0.707106769 -4.77831479e-14
vt 0.590019584 0.113970578
v 39.7645035 -626.117737 124
vn 0.707106769 0.707106769 -4.77831479e-14
vt 0.590039909 0.126838207
v 96.4507904 -682.804016 124
vn 0.707106769 0.707106769 -4.77831479e-14
vt 0.580234826 0.126838207
v 70.9949493 -657.348206 96
vn 0.707106769 0.707106769 -4.77831479e-14
vt 0.58463794 0.113970578
f 10522/10522/10522 10521/10521/10521 10520/10520/10520 10519/10519/10519 10518/10518/10518
v 96.4507904 -682.804016 96
vn 0.707106769 0.707106769 -4.77831479e-14
vt 0.832681 0.341911793
v 96.4507904 -682.804016 124
vn 0.707106769 0.707106769 -4.77831479e-14
vt 0.832681 0.354779422
v 107.33197 -693.685242 124
vn 0.707106769 0.707106769 -4.77831479e-14
vt 0.830798924 0.354779422
v 96.4507904 -682.804016 60
vn 0.707106769 0.707106769 -4.77831479e-14
vt 0.832681 0.32536763
f 10526/10526/10526 10525/10525/10525 10524/10524/10524 10523/10523/10523
v 107.33197 -693.685242 16
vn 0.707106769 0.707106769 -4.77831479e-14
vt 0.562697113 0.415441155
v 107.327324 -693.601501 16
vn 0.707106769 0.707106769 -4.77831479e-14
vt 0.562704802 0.415441155
v 106.988129 -693.262268 16
vn 0.707106769 0.707106769 -4.77831479e-14
vt 0.562763453 0.415441155
v 96.4507904 -682.804016 16
vn 0.707106769 0.707106769 -4.77831479e-14
vt 0.564579248 0.415441155
v 96.4507904 -682.804016 21.4250946
vn 0.707106769 0.707106769 -4.77831479e-14
vt 0.564579248 0.417934299
v 96.4507904 -682.804016 60
vn 0.707106769 0.707106769 -4.77831479e-14
vt 0.564579248 0.435661793
v 107.33197 -693.685242 124
vn 0.707106769 0.707106769 -4.77831479e-14
vt 0.562697113 0.465073526
f 10533/10533/10533 10532/10532/10532 10531/10531/10531 10530/10530/10530 10529/10529/10529 10528/10528/10528 10527/10527/10527
v 107.764503 -671.490356 128
vn 0.707106769 -0.707106769 0
vt 0.478473574 0.0183823705
v 97.4486237 -681.806213 128
vn 0.707106769 -0.707106769 0
vt 0.476689219 0.0183823705
v 97.4486237 -681.806213 127
vn 0.707106769 -0.707106769 0
vt 0.476689219 0.0179228187
v 107.764503 -671.490356 127
vn 0.707106769 -0.707106769 0
vt 0.478473574 0.0179228187
f 10537/10537/10537 10536/10536/10536 10535/10535/10535 10534/10534/10534
v 105.463943 -673.790894 21.4250946
vn 0.707106769 -0.707106769 0
vt 0.227586403 0.182640195
v 107.764503 -671.490356 21.4250946
vn 0.707106769 -0.707106769 0
vt 0.227984339 0.182640195
v 107.764503 -671.490356 60
vn 0.707106769 -0.707106769 0
vt 0.227984339 0.20036763
v 96.4507904 -682.804016 60
vn 0.707106769 -0.707106769 0
vt 0.226027399 0.20036763
v 96.4507904 -682.804016 21.4250946
vn 0.707106769 -0.707106769 0
vt 0.226027399 0.182640195
f 10542/10542/10542 10541/10541/10541 10540/10540/10540 10539/10539/10539 10538/10538/10538
v 96.4507904 -682.804016 21.4250946
vn 0.707106769 -0.707106769 0
vt 0.480430514 0.0135225654
v 96.4507904 -682.804016 16
vn 0.707106769 -0.707106769 0
vt 0.480430514 0.0110294223
v 105.463943 -673.790894 16
vn 0.707106769 -0.707106769 0
vt 0.481989563 0.0110294223
v 105.463943 -673.790894 21.4250946
vn 0.707106769 -0.707106769 0
vt 0.481989563 0.0135225654
f 10546/10546/10546 10545/10545/10545 10544/10544/10544 10543/10543/10543
v 129.678696 -693.404541 21.4250946
vn 0.00626831781 0.99998033 4.12549853e-15
vt 0.568409741 0.417934299
v 129.678696 -693.404541 128
vn 0.00626831781 0.99998033 4.12549853e-15
vt 0.568409741 0.466911793
v 128.733063 -693.398621 128
vn 0.00626831781 0.99998033 4.12549853e-15
vt 0.568328142 0.466911793
v 128.733063 -693.398621 21.4250946
vn 0.00626831781 0.99998033 4.12549853e-15
vt 0.568328142 0.417934299
f 10550/10550/10550 10549/10549/10549 10548/10548/10548 10547/10547/10547
v 129.678696 -693.404541 21.4250946
vn 0 0 1
vt 0.596168697 0.115657926
v 128.733063 -693.398621 21.4250946
vn 0 0 1
vt 0.596229255 0.11588937
v 107.764503 -671.490356 21.4250946
vn 0 0 1
vt 0.59568882 0.128097057
f 10553/10553/10553 10552/10552/10552 10551/10551/10551
v 107.764503 -671.490356 60
vn 0.722430706 0.691443324 -1.9833702e-13
vt 0.229941294 0.20036763
v 107.764503 -671.490356 21.4250946
vn 0.722430706 0.691443324 -1.9833702e-13
vt 0.229941294 0.182640195
v 128.733063 -693.398621 21.4250946
vn 0.722430706 0.691443324 -1.9833702e-13
vt 0.233649537 0.182640195
f 10556/10556/10556 10555/10555/10555 10554/10554/10554
v 128.733063 -693.398621 128
vn 0.722430706 0.691443324 -1.9833702e-13
vt 0.574158311 0.466911793
v 107.764503 -671.490356 128
vn 0.722430706 0.691443324 -1.9833702e-13
vt 0.570450127 0.466911793
v 107.764503 -671.490356 127
vn 0.722430706 0.691443324 -1.9833702e-13
vt 0.570450127 0.466452181
v 107.764503 -671.490356 96
vn 0.722430706 0.691443324 -1.9833702e-13
vt 0.570450127 0.452205896
v 107.764503 -671.490356 60
vn 0.722430706 0.691443324 -1.9833702e-13
vt 0.570450127 0.435661793
v 128.733063 -693.398621 21.4250946
vn 0.722430706 0.691443324 -1.9833702e-13
vt 0.574158311 0.417934299
f 10562/10562/10562 10561/10561/10561 10560/10560/10560 10559/10559/10559 10558/10558/10558 10557/10557/10557
v 82.3086548 -646.034485 96
vn 0 0 1
vt 0.484833658 0.0183823705
v 76.6518021 -640.377625 96
vn 0 0 1
vt 0.485812128 0.0183823705
v 65.3380966 -651.691345 96
vn 0 0 1
vt 0.485812128 0.0110294223
v 70.9949493 -657.348206 96
vn 0 0 1
vt 0.484833658 0.0110294223
f 10566/10566/10566 10565/10565/10565 10564/10564/10564 10563/10563/10563
v 97.4486237 -681.806213 127
vn 0 0 1
vt 0.5 0.0116779208
v 40.1271553 -625.755066 127
vn 0 0 1
vt 0.490194887 0.0112651587
v 51.0782089 -614.804016 127
vn 0 0 1
vt 0.490194887 0.0183823705
v 107.764503 -671.490356 127
vn 0 0 1
vt 0.5 0.0183823705
f 10570/10570/10570 10569/10569/10569 10568/10568/10568 10567/10567/10567
v 40.1271553 -625.755066 127
vn 0.699139655 0.714985132 -2.71881337e-11
vt 0.502584994 0.0124080777
v 97.4486237 -681.806213 127
vn 0.699139655 0.714985132 -2.71881337e-11
vt 0.512390137 0.0124080777
v 97.4486237 -681.806213 128
vn 0.699139655 0.714985132 -2.71881337e-11
vt 0.512390137 0.0128676295
v 40.1271553 -625.755066 128
vn 0.699139655 0.714985132 -2.71881337e-11
vt 0.502584994 0.0128676295
f 10574/10574/10574 10573/10573/10573 10572/10572/10572 10571/10571/10571
v 45.5391045 -631.892334 76
vn 0.632455528 -0.632455528 -0.44721359
vt 0.600293517 0.113970578
v 56.8528137 -620.578613 76
vn 0.632455528 -0.632455528 -0.44721359
vt 0.600293517 0.121323526
v 51.195961 -614.921814 60
vn 0.632455528 -0.632455528 -0.44721359
vt 0.602250516 0.121323526
v 39.8822517 -626.235474 60
vn 0.632455528 -0.632455528 -0.44721359
vt 0.602250516 0.113970578
f 10578/10578/10578 10577/10577/10577 10576/10576/10576 10575/10575/10575
v 102.107651 -665.833496 76
vn 0.632455528 -0.632455528 0.44721359
vt 0.516144812 0.0183823705
v 90.7939377 -677.147156 76
vn 0.632455528 -0.632455528 0.44721359
vt 0.516144812 0.0110294223
v 96.4507904 -682.804016 60
vn 0.632455528 -0.632455528 0.44721359
vt 0.518101752 0.0110294223
v 107.764503 -671.490356 60
vn 0.632455528 -0.632455528 0.44721359
vt 0.518101752 0.0183823705
f 10582/10582/10582 10581/10581/10581 10580/10580/10580 10579/10579/10579
v 96.4507904 -660.176636 84
vn 0.5 -0.5 0.707106769
vt 0.607142866 0.128676474
v 85.137085 -671.490356 84
vn 0.5 -0.5 0.707106769
vt 0.607142866 0.121323526
v 90.7939377 -677.147156 76
vn 0.5 -0.5 0.707106769
vt 0.608121336 0.121323526
v 102.107651 -665.833496 76
vn 0.5 -0.5 0.707106769
vt 0.608121336 0.128676474
f 10586/10586/10586 10585/10585/10585 10584/10584/10584 10583/10583/10583
v 96.4507904 -660.176636 84
vn 0.5 -0.5 0.707106769
vt 0.61350292 0.128676474
v 90.7939377 -654.519775 92
vn 0.5 -0.5 0.707106769
vt 0.61448139 0.128676474
v 79.4802322 -665.833496 92
vn 0.5 -0.5 0.707106769
vt 0.61448139 0.121323526
v 85.137085 -671.490356 84
vn 0.5 -0.5 0.707106769
vt 0.61350292 0.121323526
f 10590/10590/10590 10589/10589/10589 10588/10588/10588 10587/10587/10587
v 56.8528137 -643.206055 92
vn -0.223606795 0.223606795 0.948683321
vt 0.619373798 0.117647052
v 65.3380966 -651.691345 96
vn -0.223606795 0.223606795 0.948683321
vt 0.619373798 0.123161793
v 76.6518021 -640.377625 96
vn -0.223606795 0.223606795 0.948683321
vt 0.617416859 0.123161793
v 68.1665192 -631.892334 92
vn -0.223606795 0.223606795 0.948683321
vt 0.617416859 0.117647052
f 10594/10594/10594 10593/10593/10593 10592/10592/10592 10591/10591/10591
v 62.5096664 -626.235474 84
vn -0.5 0.5 0.707106769
vt 0.622798443 0.121323526
v 56.8528137 -620.578613 76
vn -0.5 0.5 0.707106769
vt 0.623776913 0.121323526
v 45.5391045 -631.892334 76
vn -0.5 0.5 0.707106769
vt 0.623776913 0.113970578
v 51.195961 -637.549194 84
vn -0.5 0.5 0.707106769
vt 0.622798443 0.113970578
f 10598/10598/10598 10597/10597/10597 10596/10596/10596 10595/10595/10595
v 51.195961 -637.549194 84
vn -0.5 0.5 0.707106769
vt 0.523483396 0.0110294223
v 56.8528137 -643.206055 92
vn -0.5 0.5 0.707106769
vt 0.524461865 0.0110294223
v 68.1665192 -631.892334 92
vn -0.5 0.5 0.707106769
vt 0.524461865 0.0183823705
v 62.5096664 -626.235474 84
vn -0.5 0.5 0.707106769
vt 0.523483396 0.0183823705
f 10602/10602/10602 10601/10601/10601 10600/10600/10600 10599/10599/10599
v 70.9949493 -657.348206 96
vn 0.223606795 -0.223606795 0.948683321
vt 0.627201557 0.123161793
v 79.4802322 -665.833496 92
vn 0.223606795 -0.223606795 0.948683321
vt 0.627201557 0.117647052
v 90.7939377 -654.519775 92
vn 0.223606795 -0.223606795 0.948683321
vt 0.629158497 0.117647052
v 82.3086548 -646.034485 96
vn 0.223606795 -0.223606795 0.948683321
vt 0.629158497 0.123161793
f 10606/10606/10606 10605/10605/10605 10604/10604/10604 10603/10603/10603
v 105.463943 -673.790894 21.4250946
vn 0 0 1
vt 0.0657036602 0.319084287
v 45.3538971 -620.528381 21.4250946
vn 0 0 1
vt 0.0649795085 0.350979447
v 51.0782089 -614.804016 21.4250946
vn 0 0 1
vt 0.0641147271 0.351450503
v 107.764503 -671.490356 21.4250946
vn 0 0 1
vt 0.065356113 0.319273531
f 10610/10610/10610 10609/10609/10609 10608/10608/10608 10607/10607/10607
v 45.3538971 -620.528381 16
vn 0.663190186 0.748450875 1.47093383e-13
vt 0.631571829 0.119461656
v 45.3538971 -620.528381 21.4250946
vn 0.663190186 0.748450875 1.47093383e-13
vt 0.631571829 0.121323526
v 46.6521988 -621.678772 16
vn 0.663190186 0.748450875 1.47093383e-13
vt 0.631388485 0.119461656
f 10613/10613/10613 10612/10612/10612 10611/10611/10611
v 100.638863 -669.515442 16
vn 0.663190186 0.748450875 1.47093383e-13
vt 0.637463093 0.119461656
v 46.6521988 -621.678772 16
vn 0.663190186 0.748450875 1.47093383e-13
vt 0.645087123 0.119461656
v 45.3538971 -620.528381 21.4250946
vn 0.663190186 0.748450875 1.47093383e-13
vt 0.645270467 0.121323526
v 105.463943 -673.790894 21.4250946
vn 0.663190186 0.748450875 1.47093383e-13
vt 0.636781752 0.121323526
v 105.463943 -673.790894 16
vn 0.663190186 0.748450875 1.47093383e-13
vt 0.636781752 0.119461656
f 10618/10618/10618 10617/10617/10617 10616/10616/10616 10615/10615/10615 10614/10614/10614
v 39.8822517 -626.235474 96
vn 0.707106769 -0.707106769 -0
vt 0.237769082 0.202205896
v 39.8822517 -626.235474 60
vn 0.707106769 -0.707106769 -0
vt 0.237769082 0.185661793
v 51.195961 -614.921814 60
vn 0.707106769 -0.707106769 -0
vt 0.235812128 0.185661793
v 51.195961 -614.921814 96
vn 0.707106769 -0.707106769 -0
vt 0.235812128 0.202205896
f 10622/10622/10622 10621/10621/10621 10620/10620/10620 10619/10619/10619
v 108 -705.731262 124
vn 0 0 1
vt 0.650831938 0.120257378
v 107.33197 -693.685242 124
vn 0 0 1
vt 0.65181601 0.116125822
v 108 -716.514709 124
vn 0 0 1
vt 0.649899364 0.123761594
f 10625/10625/10625 10624/10624/10624 10623/10623/10623
v 96.4507904 -682.804016 124
vn 0 0 1
vt 0.734007776 0.572289288
v 39.7645035 -626.117737 124
vn 0 0 1
vt 0.734007776 0.535448074
v 29.0782108 -636.804016 124
vn 0 0 1
vt 0.732159376 0.535448074
v 28.6837654 -637.198486 124
vn 0 0 1
vt 0.732091129 0.535448074
v 108 -716.514709 124
vn 0 0 1
vt 0.732091129 0.586996794
v 107.33197 -693.685242 124
vn 0 0 1
vt 0.734007776 0.579361141
f 10631/10631/10631 10630/10630/10630 10629/10629/10629 10628/10628/10628 10627/10627/10627 10626/10626/10626
v 107.33197 -693.685242 16
vn 0.998465836 0.0553714074 6.76191188e-15
vt 0.577397645 0.415441155
v 107.33197 -693.685242 124
vn 0.998465836 0.0553714074 6.76191188e-15
vt 0.577397645 0.465073526
v 108 -705.731262 124
vn 0.998465836 0.0553714074 6.76191188e-15
vt 0.576326966 0.465073526
v 108 -705.731262 16
vn 0.998465836 0.0553714074 6.76191188e-15
vt 0.576326966 0.415441155
f 10635/10635/10635 10634/10634/10634 10633/10633/10633 10632/10632/10632
v 108 -716.514709 16
vn 1 0 0
vt 0.580661118 0.415441155
v 108 -705.731262 16
vn 1 0 0
vt 0.58197999 0.415441155
v 108 -705.731262 124
vn 1 0 0
vt 0.58197999 0.465073526
v 108 -716.514709 124
vn 1 0 0
vt 0.580661118 0.465073526
f 10639/10639/10639 10638/10638/10638 10637/10637/10637 10636/10636/10636
v 80.819809 -689.334534 8
vn 0.707106769 -0.707106769 0
vt 0.529354215 0.0165441036
v 80.819809 -689.334534 12
vn 0.707106769 -0.707106769 0
vt 0.529354215 0.0183823705
v 86.4766617 -683.677673 12
vn 0.707106769 -0.707106769 0
vt 0.528375745 0.0183823705
v 86.4766617 -683.677673 0
vn 0.707106769 -0.707106769 0
vt 0.528375745 0.0128676295
v 80.819809 -689.334534 0
vn 0.707106769 -0.707106769 0
vt 0.529354215 0.0128676295
f 10644/10644/10644 10643/10643/10643 10642/10642/10642 10641/10641/10641 10640/10640/10640
v 86.4766617 -683.677673 12
vn 0.707106769 -0.707106769 0
vt 0.656555772 0.121323526
v 86.4766617 -683.677673 16
vn 0.707106769 -0.707106769 0
vt 0.656555772 0.123161793
v 91.9005432 -678.253784 16
vn 0.707106769 -0.707106769 0
vt 0.655617595 0.123161793
v 91.9400787 -678.214233 16
vn 0.707106769 -0.707106769 0
vt 0.65561074 0.123161793
v 91.9400787 -678.214233 0
vn 0.707106769 -0.707106769 0
vt 0.65561074 0.115808845
v 86.4766617 -683.677673 0
vn 0.707106769 -0.707106769 0
vt 0.656555772 0.115808845
f 10650/10650/10650 10649/10649/10649 10648/10648/10648 10647/10647/10647 10646/10646/10646 10645/10645/10645
v 96.4507904 -682.804016 16
vn 0.707106769 0.707106769 -0
vt 0.533322394 0.0183823705
v 106.988129 -693.262268 16
vn 0.707106769 0.707106769 -0
vt 0.531506538 0.0183823705
v 106.988129 -693.262268 0
vn 0.707106769 0.707106769 -0
vt 0.531506538 0.0110294223
v 91.9400787 -678.214233 0
vn 0.707106769 0.707106769 -0
vt 0.534109473 0.0110294223
v 91.9400787 -678.214233 16
vn 0.707106769 0.707106769 -0
vt 0.534109473 0.0183823705
v 91.9005432 -678.253784 16
vn 0.707106769 0.707106769 -0
vt 0.534109473 0.0183823705
f 10656/10656/10656 10655/10655/10655 10654/10654/10654 10653/10653/10653 10652/10652/10652 10651/10651/10651
v 107.33197 -693.685242 16
vn 0.998465836 0.0553714074 6.76191188e-15
vt 0.538258731 0.0183823705
v 108 -705.731262 16
vn 0.998465836 0.0553714074 6.76191188e-15
vt 0.537188053 0.0183823705
v 108 -705.731262 0
vn 0.998465836 0.0553714074 6.76191188e-15
vt 0.537188053 0.0110294223
v 107.327324 -693.601501 0
vn 0.998465836 0.0553714074 6.76191188e-15
vt 0.538266182 0.0110294223
v 107.327324 -693.601501 16
vn 0.998465836 0.0553714074 6.76191188e-15
vt 0.538266182 0.0183823705
f 10661/10661/10661 10660/10660/10660 10659/10659/10659 10658/10658/10658 10657/10657/10657
v 108 -716.514709 0
vn 1 0 0
vt 0.541522205 0.0110294223
v 108 -705.731262 0
vn 1 0 0
vt 0.542841077 0.0110294223
v 108 -705.731262 16
vn 1 0 0
vt 0.542841077 0.0183823705
v 108 -716.514709 16
vn 1 0 0
vt 0.541522205 0.0183823705
f 10665/10665/10665 10664/10664/10664 10663/10663/10663 10662/10662/10662
v 107.327324 -693.601501 0
vn 0.707106769 0.707106769 -0
vt 0.545146465 0.0110294223
v 106.988129 -693.262268 0
vn 0.707106769 0.707106769 -0
vt 0.545205176 0.0110294223
v 106.988129 -693.262268 16
vn 0.707106769 0.707106769 -0
vt 0.545205176 0.0183823705
v 107.327324 -693.601501 16
vn 0.707106769 0.707106769 -0
vt 0.545146465 0.0183823705
f 10669/10669/10669 10668/10668/10668 10667/10667/10667 10666/10666/10666
v 35.5649719 -632.765991 16
vn 0.707106769 0.707106769 0
vt 0.558708429 0.0128676295
v 86.4766617 -683.677673 16
vn 0.707106769 0.707106769 0
vt 0.549902141 0.0128676295
v 86.4766617 -683.677673 12
vn 0.707106769 0.707106769 0
vt 0.549902141 0.0110294223
v 35.5649719 -632.765991 12
vn 0.707106769 0.707106769 0
vt 0.558708429 0.0110294223
f 10673/10673/10673 10672/10672/10672 10671/10671/10671 10670/10670/10670
v 35.5649719 -632.765991 12
vn -0.707106769 0.707106769 0
vt 0.658512712 0.121323526
v 35.5649719 -632.765991 0
vn -0.707106769 0.707106769 0
vt 0.658512712 0.115808845
v 41.0283928 -627.302551 0
vn -0.707106769 0.707106769 0
vt 0.659457743 0.115808845
v 41.0283928 -627.302551 16
vn -0.707106769 0.707106769 0
vt 0.659457743 0.123161793
v 40.9888535 -627.342102 16
vn -0.707106769 0.707106769 0
vt 0.659450889 0.123161793
v 35.5649719 -632.765991 16
vn -0.707106769 0.707106769 0
vt 0.658512712 0.123161793
f 10679/10679/10679 10678/10678/10678 10677/10677/10677 10676/10676/10676 10675/10675/10675 10674/10674/10674
v 39.804039 -626.078186 16
vn 0.707106769 0.707106769 -0
vt 0.562696934 0.0183823705
v 39.7645035 -626.117737 16
vn 0.707106769 0.707106769 -0
vt 0.562696934 0.0183823705
v 41.0283928 -627.302551 16
vn 0.707106769 0.707106769 -0
vt 0.562485218 0.0183823705
v 41.0283928 -627.302551 0
vn 0.707106769 0.707106769 -0
vt 0.562485218 0.0110294223
v 39.804039 -626.078186 0
vn 0.707106769 0.707106769 -0
vt 0.562696934 0.0110294223
f 10684/10684/10684 10683/10683/10683 10682/10682/10682 10681/10681/10681 10680/10680/10680
v 86.4766617 -683.677673 12
vn 0 0 1
vt 0.567514658 0.0147058964
v 80.819809 -689.334534 12
vn 0 0 1
vt 0.567514658 0.0183823705
v 29.9081173 -638.422852 12
vn 0 0 1
vt 0.576320946 0.0183823705
v 35.5649719 -632.765991 12
vn 0 0 1
vt 0.576320946 0.0147058964
f 10688/10688/10688 10687/10687/10687 10686/10686/10686 10685/10685/10685
v 29.9081173 -638.422852 8
vn -0.707106769 0.707106769 0
vt 0.578277886 0.0165441036
v 29.9081173 -638.422852 0
vn -0.707106769 0.707106769 0
vt 0.578277886 0.0128676295
v 35.5649719 -632.765991 0
vn -0.707106769 0.707106769 0
vt 0.579256356 0.0128676295
v 35.5649719 -632.765991 12
vn -0.707106769 0.707106769 0
vt 0.579256356 0.0183823705
v 29.9081173 -638.422852 12
vn -0.707106769 0.707106769 0
vt 0.578277886 0.0183823705
f 10693/10693/10693 10692/10692/10692 10691/10691/10691 10690/10690/10690 10689/10689/10689
v -363 -924.244873 128
vn 1 0 0
vt 0.58760339 0.0183823705
v -363 -924.244873 112
vn 1 0 0
vt 0.58760339 0.0110294223
v -363 -895.353271 112
vn 1 0 0
vt 0.584069669 0.0110294223
v -363 -895.353271 128
vn 1 0 0
vt 0.584069669 0.0183823705
f 10697/10697/10697 10696/10696/10696 10695/10695/10695 10694/10694/10694
v -15 -791 120
vn 0 1 0
vt 0.738747537 0.588235259
v -15.391304 -791 120
vn 0 1 0
vt 0.738699734 0.588235259
v -18 -791 0
vn 0 1 0
vt 0.738380611 0.533088207
v 9 -791 0
vn 0 1 0
vt 0.741682947 0.533088207
v 11.608696 -791 120
vn 0 1 0
vt 0.74200207 0.588235259
f 10702/10702/10702 10701/10701/10701 10700/10700/10700 10699/10699/10699 10698/10698/10698
v 11.695652 -791 124
vn 0 1 0
vt 0.593284726 0.0165441036
v 11.782609 -791 128
vn 0 1 0
vt 0.593295336 0.0183823705
v -14.1999998 -791 128
vn 0 1 0
vt 0.590117395 0.0183823705
v -15 -791 120
vn 0 1 0
vt 0.590019584 0.0147058964
v 11.608696 -791 120
vn 0 1 0
vt 0.593274057 0.0147058964
f 10707/10707/10707 10706/10706/10706 10705/10705/10705 10704/10704/10704 10703/10703/10703
v -15.391304 -791 120
vn 0 1 0
vt 0.624218285 0.0110294223
v -15 -791 120
vn 0 1 0
vt 0.624266148 0.0110294223
v -14.1999998 -791 128
vn 0 1 0
vt 0.624363959 0.0147058964
v -244 -791 128
vn 0 1 0
vt 0.596257329 0.0147058964
v -244 -791 120
vn 0 1 0
vt 0.596257329 0.0110294223
f 10712/10712/10712 10711/10711/10711 10710/10710/10710 10709/10709/10709 10708/10708/10708
v -244 -791 120
vn 1 0 0
vt 0.746942282 0.588235259
v -244 -791 128
vn 1 0 0
vt 0.746942282 0.591911793
v -244 -776.353271 128
vn 1 0 0
vt 0.745150864 0.591911793
v -244 -776.353271 0
vn 1 0 0
vt 0.745150864 0.533088207
v -244 -791 0
vn 1 0 0
vt 0.746942282 0.533088207
f 10717/10717/10717 10716/10716/10716 10715/10715/10715 10714/10714/10714 10713/10713/10713
v -64.8114624 -597.164734 124
vn 0 0 1
vt 0.839441776 0.352637708
v 9.56710339 -618.081848 124
vn 0 0 1
vt 0.834818125 0.321670651
v -38.0807343 -570.43396 124
vn 0 0 1
vt 0.834818125 0.352637708
f 10720/10720/10720 10719/10719/10719 10718/10718/10718
v 16.9096127 -625.424316 124
vn 0 0 1
vt 0.568673313 0.721310437
v 9.56710339 -618.081848 124
vn 0 0 1
vt 0.568673313 0.726082444
v -64.8114624 -597.164734 124
vn 0 0 1
vt 0.573296964 0.757049441
v -65.2705994 -675.611633 124
vn 0 0 1
vt 0.58012116 0.731706738
v 14.9741344 -743.856384 124
vn 0 0 1
vt 0.579083383 0.683454037
f 10725/10725/10725 10724/10724/10724 10723/10723/10723 10722/10722/10722 10721/10721/10721
v 107.8377 -791 124
vn 0 0 1
vt 0.447748721 0.265560389
v 108 -791 124
vn 0 0 1
vt 0.447762758 0.265613079
v 108 -716.514709 124
vn 0 0 1
vt 0.454204649 0.241408646
f 10728/10728/10728 10727/10727/10727 10726/10726/10726
v 14.9741344 -743.856384 124
vn 0 0 1
vt 0.970213354 0.823005199
v 13.970993 -791 124
vn 0 0 1
vt 0.966049373 0.837998867
v 107.8377 -791 124
vn 0 0 1
vt 0.974167526 0.868501544
v 108 -716.514709 124
vn 0 0 1
vt 0.980623424 0.844349742
v 28.6837654 -637.198486 124
vn 0 0 1
vt 0.980623424 0.792801023
v 17.5501633 -626.06488 124
vn 0 0 1
vt 0.980623424 0.785565138
f 10734/10734/10734 10733/10733/10733 10732/10732/10732 10731/10731/10731 10730/10730/10730 10729/10729/10729
v 14.9741344 -743.856384 124
vn 0.999764621 -0.0216953717 6.92991292e-13
vt 0.627237976 0.0110294223
v 17.5501633 -626.06488 124
vn 0.999764621 -0.0216953717 6.92991292e-13
vt 0.637648046 0.0110294223
v 17.5501633 -626.06488 128
vn 0.999764621 -0.0216953717 6.92991292e-13
vt 0.637648046 0.0128676295
f 10737/10737/10737 10736/10736/10736 10735/10735/10735
v 14.9741344 -743.856384 128
vn 0.999764621 -0.0216953717 6.92991292e-13
vt 0.646807492 0.0128676295
v 13.970993 -791 128
vn 0.999764621 -0.0216953717 6.92991292e-13
vt 0.642643452 0.0128676295
v 13.970993 -791 124
vn 0.999764621 -0.0216953717 6.92991292e-13
vt 0.642643452 0.0110294223
v 14.9741344 -743.856384 124
vn 0.999764621 -0.0216953717 6.92991292e-13
vt 0.646807492 0.0110294223
v 17.5501633 -626.06488 128
vn 0.999764621 -0.0216953717 6.92991292e-13
vt 0.657217562 0.0128676295
f 10742/10742/10742 10741/10741/10741 10740/10740/10740 10739/10739/10739 10738/10738/10738
v -64.8114624 -597.164734 128
vn 0.999982893 -0.00585272675 7.36163214e-12
vt 0.667407572 0.0128676295
v -65.2705994 -675.611633 128
vn 0.999982893 -0.00585272675 7.36163214e-12
vt 0.660583317 0.0128676295
v -65.2705994 -675.611633 124
vn 0.999982893 -0.00585272675 7.36163214e-12
vt 0.660583317 0.0110294223
v -64.8114624 -597.164734 124
vn 0.999982893 -0.00585272675 7.36163214e-12
vt 0.667407572 0.0110294223
f 10746/10746/10746 10745/10745/10745 10744/10744/10744 10743/10743/10743
v 14.9741344 -743.856384 124
vn 0.647850692 0.761767328 5.44056397e-11
vt 0.671134591 0.0110294223
v -65.2705994 -675.611633 124
vn 0.647850692 0.761767328 5.44056397e-11
vt 0.683976769 0.0110294223
v -65.2705994 -675.611633 128
vn 0.647850692 0.761767328 5.44056397e-11
vt 0.683976769 0.0128676295
v 14.9741344 -743.856384 128
vn 0.647850692 0.761767328 5.44056397e-11
vt 0.671134591 0.0128676295
f 10750/10750/10750 10749/10749/10749 10748/10748/10748 10747/10747/10747
v 16.9096127 -625.424316 124
vn 0.999866486 -0.0163403358 -5.09737044e-11
vt 0.688047111 0.0110294223
v 14.9741344 -743.856384 124
vn 0.999866486 -0.0163403358 -5.09737044e-11
vt 0.698457181 0.0110294223
v 14.9741344 -743.856384 128
vn 0.999866486 -0.0163403358 -5.09737044e-11
vt 0.698457181 0.0128676295
v 16.9096127 -625.424316 128
vn 0.999866486 -0.0163403358 -5.09737044e-11
vt 0.688047111 0.0128676295
f 10754/10754/10754 10753/10753/10753 10752/10752/10752 10751/10751/10751
v 75.1629486 -694.991394 4
vn 0.707106769 -0.707106769 0
vt 0.702544034 0.0147058964
v 75.1629486 -694.991394 0
vn 0.707106769 -0.707106769 0
vt 0.702544034 0.0128676295
v 69.5060959 -700.648254 0
vn 0.707106769 -0.707106769 0
vt 0.703522503 0.0128676295
v 69.5060959 -700.648254 4
vn 0.707106769 -0.707106769 0
vt 0.703522503 0.0147058964
f 10758/10758/10758 10757/10757/10757 10756/10756/10756 10755/10755/10755
v 75.1629486 -694.991394 4
vn 0.707106769 -0.707106769 0
vt 0.707436383 0.0147058964
v 75.1629486 -694.991394 8
vn 0.707106769 -0.707106769 0
vt 0.707436383 0.0165441036
v 80.819809 -689.334534 8
vn 0.707106769 -0.707106769 0
vt 0.706457913 0.0165441036
v 80.819809 -689.334534 0
vn 0.707106769 -0.707106769 0
vt 0.706457913 0.0128676295
v 75.1629486 -694.991394 0
vn 0.707106769 -0.707106769 0
vt 0.707436383 0.0128676295
f 10763/10763/10763 10762/10762/10762 10761/10761/10761 10760/10760/10760 10759/10759/10759
v 108 -716.514709 16
vn 1 0 0
vt 0.760700285 0.540441155
v 108 -716.514709 124
vn 1 0 0
vt 0.760700285 0.590073526
v 108 -791 124
vn 1 0 0
vt 0.751590014 0.590073526
v 108 -791 0
vn 1 0 0
vt 0.751590014 0.533088207
v 108 -716.514709 0
vn 1 0 0
vt 0.760700285 0.533088207
f 10768/10768/10768 10767/10767/10767 10766/10766/10766 10765/10765/10765 10764/10764/10764
v 24.2512627 -644.079712 8
vn 0.707106769 0.707106769 0
vt 0.719178081 0.0165441036
v 75.1629486 -694.991394 8
vn 0.707106769 0.707106769 0
vt 0.710371792 0.0165441036
v 75.1629486 -694.991394 4
vn 0.707106769 0.707106769 0
vt 0.710371792 0.0147058964
v 24.2512627 -644.079712 4
vn 0.707106769 0.707106769 0
vt 0.719178081 0.0147058964
f 10772/10772/10772 10771/10771/10771 10770/10770/10770 10769/10769/10769
v 80.819809 -689.334534 8
vn 0 0 1
vt 0.72211349 0.0147058964
v 75.1629486 -694.991394 8
vn 0 0 1
vt 0.72211349 0.0183823705
v 24.2512627 -644.079712 8
vn 0 0 1
vt 0.730919778 0.0183823705
v 29.9081173 -638.422852 8
vn 0 0 1
vt 0.730919778 0.0147058964
f 10776/10776/10776 10775/10775/10775 10774/10774/10774 10773/10773/10773
v 24.2512627 -644.079712 4
vn -0.707106769 0.707106769 0
vt 0.732876718 0.0147058964
v 24.2512627 -644.079712 0
vn -0.707106769 0.707106769 0
vt 0.732876718 0.0128676295
v 29.9081173 -638.422852 0
vn -0.707106769 0.707106769 0
vt 0.733855188 0.0128676295
v 29.9081173 -638.422852 8
vn -0.707106769 0.707106769 0
vt 0.733855188 0.0165441036
v 24.2512627 -644.079712 8
vn -0.707106769 0.707106769 0
vt 0.732876718 0.0165441036
f 10781/10781/10781 10780/10780/10780 10779/10779/10779 10778/10778/10778 10777/10777/10777
v 75.1629486 -694.991394 4
vn 0 0 1
vt 0.737769067 0.0147058964
v 69.5060959 -700.648254 4
vn 0 0 1
vt 0.737769067 0.0183823705
v 18.594408 -649.736572 4
vn 0 0 1
vt 0.746575356 0.0183823705
v 24.2512627 -644.079712 4
vn 0 0 1
vt 0.746575356 0.0147058964
f 10785/10785/10785 10784/10784/10784 10783/10783/10783 10782/10782/10782
v 18.594408 -649.736572 4
vn 0.707106769 0.707106769 0
vt 0.758317053 0.0147058964
v 69.5060959 -700.648254 4
vn 0.707106769 0.707106769 0
vt 0.749510765 0.0147058964
v 69.5060959 -700.648254 0
vn 0.707106769 0.707106769 0
vt 0.749510765 0.0128676295
v 18.594408 -649.736572 0
vn 0.707106769 0.707106769 0
vt 0.758317053 0.0128676295
f 10789/10789/10789 10788/10788/10788 10787/10787/10787 10786/10786/10786
v 18.594408 -649.736572 0
vn -0.707106769 0.707106769 0
vt 0.760273993 0.0128676295
v 24.2512627 -644.079712 0
vn -0.707106769 0.707106769 0
vt 0.761252463 0.0128676295
v 24.2512627 -644.079712 4
vn -0.707106769 0.707106769 0
vt 0.761252463 0.0147058964
v 18.594408 -649.736572 4
vn -0.707106769 0.707106769 0
vt 0.760273993 0.0147058964
f 10793/10793/10793 10792/10792/10792 10791/10791/10791 10790/10790/10790
v 108 -928 124
vn 1 0 0
vt 0.764187872 0.590073526
v 108 -928 0
vn 1 0 0
vt 0.764187872 0.533088207
v 108 -820 0
vn 1 0 0
vt 0.777397275 0.533088207
f 10796/10796/10796 10795/10795/10795 10794/10794/10794
v 108 -820 0
vn 1 0 0
vt 0.781311154 0.533088207
v 108 -791 0
vn 1 0 0
vt 0.784858108 0.533088207
v 108 -791 124
vn 1 0 0
vt 0.784858108 0.590073526
f 10799/10799/10799 10798/10798/10798 10797/10797/10797
v 108 -820 128
vn 1 0 0
vt 0.800880611 0.591911793
v 108 -928 128
vn 1 0 0
vt 0.787671208 0.591911793
v 108 -928 124
vn 1 0 0
vt 0.787671208 0.590073526
v 108 -820 0
vn 1 0 0
vt 0.800880611 0.533088207
v 108 -791 124
vn 1 0 0
vt 0.804427564 0.590073526
v 108 -791 128
vn 1 0 0
vt 0.804427564 0.591911793
f 10805/10805/10805 10804/10804/10804 10803/10803/10803 10802/10802/10802 10801/10801/10801 10800/10800/10800
v -244 -820 112
vn 1 0 0
vt 0.811154604 0.584558845
v -244 -820 120
vn 1 0 0
vt 0.811154604 0.588235259
v -244 -791 120
vn 1 0 0
vt 0.807607651 0.588235259
v -244 -791 0
vn 1 0 0
vt 0.807607651 0.533088207
v -244 -820 0
vn 1 0 0
vt 0.811154604 0.533088207
f 10810/10810/10810 10809/10809/10809 10808/10808/10808 10807/10807/10807 10806/10806/10806
v -15 -820 120
vn 0 1 0
vt 0.817025423 0.588235259
v 11.608696 -820 120
vn 0 1 0
vt 0.81377095 0.588235259
v 9 -820 0
vn 0 1 0
vt 0.814090014 0.533088207
v -18 -820 0
vn 0 1 0
vt 0.817392349 0.533088207
v -15.391304 -820 120
vn 0 1 0
vt 0.817073286 0.588235259
f 10815/10815/10815 10814/10814/10814 10813/10813/10813 10812/10812/10812 10811/10811/10811
v -14.6000004 -820 124
vn 0 1 0
vt 0.765117407 0.0128676295
v -15 -820 120
vn 0 1 0
vt 0.765166342 0.0110294223
v -15.391304 -820 120
vn 0 1 0
vt 0.765214205 0.0110294223
f 10818/10818/10818 10817/10817/10817 10816/10816/10816
v -211.018341 -820 124
vn 0 1 0
vt 0.793055117 0.0128676295
v -14.6000004 -820 124
vn 0 1 0
vt 0.769031346 0.0128676295
v -15.391304 -820 120
vn 0 1 0
vt 0.769128084 0.0110294223
v -244 -820 120
vn 0 1 0
vt 0.79708904 0.0110294223
v -244 -820 124
vn 0 1 0
vt 0.79708904 0.0128676295
f 10823/10823/10823 10822/10822/10822 10821/10821/10821 10820/10820/10820 10819/10819/10819
v -14.6000004 -820 124
vn 0 1 0
vt 0.80327791 0.0165441036
v 11.695652 -820 124
vn 0 1 0
vt 0.800061643 0.0165441036
v 11.608696 -820 120
vn 0 1 0
vt 0.800072312 0.0147058964
v -15 -820 120
vn 0 1 0
vt 0.803326786 0.0147058964
f 10827/10827/10827 10826/10826/10826 10825/10825/10825 10824/10824/10824
v 11.695652 -819.004761 124
vn 0 0 1
vt 0.806788683 0.0114867091
v 11.695652 -820 124
vn 0 0 1
vt 0.806788683 0.0110294223
v 12.9816513 -820 124
vn 0 0 1
vt 0.806631446 0.0110294223
v 13 -819 124
vn 0 0 1
vt 0.806629181 0.0114889741
f 10831/10831/10831 10830/10830/10830 10829/10829/10829 10828/10828/10828
v 13.970993 -791 124
vn 0 0 1
vt 0.0736814514 0.315940082
v 13.3416786 -820 124
vn 0 0 1
vt 0.0711189434 0.325159371
v 107.710388 -820 124
vn 0 0 1
vt 0.0792804882 0.355825067
v 107.8377 -791 124
vn 0 0 1
vt 0.0817995742 0.346442699
f 10835/10835/10835 10834/10834/10834 10833/10833/10833 10832/10832/10832
v 13.3416786 -820 124
vn 0.999764621 -0.0216953717 6.92991292e-13
vt 0.810335338 0.0110294223
v 13.970993 -791 124
vn 0.999764621 -0.0216953717 6.92991292e-13
vt 0.812897861 0.0110294223
v 13.970993 -791 128
vn 0.999764621 -0.0216953717 6.92991292e-13
vt 0.812897861 0.0128676295
v 13.3416786 -820 128
vn 0.999764621 -0.0216953717 6.92991292e-13
vt 0.810335338 0.0128676295
f 10839/10839/10839 10838/10838/10838 10837/10837/10837 10836/10836/10836
v 107.8377 -791 124
vn 0.999990344 -0.00438990584 -7.01174362e-12
vt 0.816439152 0.0110294223
v 107.710388 -820 124
vn 0.999990344 -0.00438990584 -7.01174362e-12
vt 0.818958282 0.0110294223
v 107.710388 -820 128
vn 0.999990344 -0.00438990584 -7.01174362e-12
vt 0.818958282 0.0128676295
v 107.8377 -791 128
vn 0.999990344 -0.00438990584 -7.01174362e-12
vt 0.816439152 0.0128676295
f 10843/10843/10843 10842/10842/10842 10841/10841/10841 10840/10840/10840
v 12.9816513 -820 124
vn 0.999831736 -0.0183455367 0
vt 0.820939362 0.0165441036
v 12.9816513 -820 128
vn 0.999831736 -0.0183455367 0
vt 0.820939362 0.0183823705
v 13 -819 128
vn 0.999831736 -0.0183455367 0
vt 0.821061671 0.0183823705
v 13 -819 124
vn 0.999831736 -0.0183455367 0
vt 0.821061671 0.0165441036
f 10847/10847/10847 10846/10846/10846 10845/10845/10845 10844/10844/10844
v 11.695652 -791 124
vn 0.999763787 0 -0.0217339955
vt 0.826687872 0.0165441036
v 11.695652 -819.004761 124
vn 0.999763787 0 -0.0217339955
vt 0.830113113 0.0165441036
v 11.782609 -819.004456 128
vn 0.999763787 0 -0.0217339955
vt 0.830113053 0.0183823705
v 11.782609 -791 128
vn 0.999763787 0 -0.0217339955
vt 0.826687872 0.0183823705
f 10851/10851/10851 10850/10850/10850 10849/10849/10849 10848/10848/10848
v 11.782609 -819.004456 128
vn -0.003662979 0.999993265 0
vt 0.834175289 0.0183823705
v 11.695652 -819.004761 124
vn -0.003662979 0.999993265 0
vt 0.834185958 0.0165441036
v 13 -819 124
vn -0.003662979 0.999993265 0
vt 0.834026396 0.0165441036
v 13 -819 128
vn -0.003662979 0.999993265 0
vt 0.834026396 0.0183823705
f 10855/10855/10855 10854/10854/10854 10853/10853/10853 10852/10852/10852
v 11.695652 -819.004761 124
vn 0.999763787 0 -0.0217339955
vt 0.841854811 0.0165441036
v 11.695652 -791 124
vn 0.999763787 0 -0.0217339955
vt 0.83842957 0.0165441036
v 11.608696 -791 120
vn 0.999763787 0 -0.0217339955
vt 0.83842957 0.0147058964
f 10858/10858/10858 10857/10857/10857 10856/10856/10856
v 11.608696 -820 120
vn 0.999763787 0 -0.0217339955
vt 0.826320946 0.588235259
v 11.695652 -820 124
vn 0.999763787 0 -0.0217339955
vt 0.826320946 0.590073526
v 11.695652 -819.004761 124
vn 0.999763787 0 -0.0217339955
vt 0.826199234 0.590073526
v 11.608696 -791 120
vn 0.999763787 0 -0.0217339955
vt 0.822773993 0.588235259
v 9 -791 0
vn 0.999763787 0 -0.0217339955
vt 0.822773993 0.533088207
v 9 -820 0
vn 0.999763787 0 -0.0217339955
vt 0.826320946 0.533088207
f 10864/10864/10864 10863/10863/10863 10862/10862/10862 10861/10861/10861 10860/10860/10860 10859/10859/10859
v -244 -791 120
vn 0 0 1
vt 0.268713295 0.1953125
v -244 -820 120
vn 0 0 1
vt 0.268713295 0.181985319
v -15.391304 -820 120
vn 0 0 1
vt 0.240752369 0.181985319
v -15.391304 -791 120
vn 0 0 1
vt 0.240752369 0.1953125
f 10868/10868/10868 10867/10867/10867 10866/10866/10866 10865/10865/10865
v -15.391304 -791 120
vn 0.999763787 -0 -0.0217339955
vt 0.832803309 0.588235259
v -15.391304 -820 120
vn 0.999763787 -0 -0.0217339955
vt 0.829256356 0.588235259
v -18 -820 0
vn 0.999763787 -0 -0.0217339955
vt 0.829256356 0.533088207
v -18 -791 0
vn 0.999763787 -0 -0.0217339955
vt 0.832803309 0.533088207
f 10872/10872/10872 10871/10871/10871 10870/10870/10870 10869/10869/10869
v 11.0141878 -927.226746 124
vn 0 0 1
vt 0.58573699 0.417634726
v 12.9816513 -820 124
vn 0 0 1
vt 0.585496426 0.466911793
v 11.695652 -820 124
vn 0 0 1
vt 0.585653663 0.466911793
v -14.6000004 -820 124
vn 0 0 1
vt 0.58886987 0.466911793
f 10876/10876/10876 10875/10875/10875 10874/10874/10874 10873/10873/10873
v -20 -926.979492 124
vn 0 0 1
vt 0.597358108 0.417748392
v 11.0141878 -927.226746 124
vn 0 0 1
vt 0.593564808 0.417634726
v -14.6000004 -820 124
vn 0 0 1
vt 0.596697688 0.466911793
v -211.018341 -820 124
vn 0 0 1
vt 0.620721459 0.466911793
v -211.018341 -925.456604 124
vn 0 0 1
vt 0.620721459 0.418448269
f 10881/10881/10881 10880/10880/10880 10879/10879/10879 10878/10878/10878 10877/10877/10877
v -211.018341 -820 124
vn 0 0 1
vt 0.624635339 0.466911793
v -244 -820 124
vn 0 0 1
vt 0.628669262 0.466911793
v -244 -925.193604 124
vn 0 0 1
vt 0.628669262 0.418569088
v -211.018341 -925.456604 124
vn 0 0 1
vt 0.624635339 0.418448269
f 10885/10885/10885 10884/10884/10884 10883/10883/10883 10882/10882/10882
v 107.236305 -927.993896 124
vn 0 0 1
vt 0.00923419558 0.670176268
v 107.710388 -820 124
vn 0 0 1
vt 0.018615121 0.635236859
v 13.3416786 -820 124
vn 0 0 1
vt 0.0104535846 0.604571104
v 11.0141878 -927.226746 124
vn 0 0 1
vt 0.000978712458 0.638658881
f 10889/10889/10889 10888/10888/10888 10887/10887/10887 10886/10886/10886
v 11.0148067 -927.226746 128
vn 0.999764621 -0.0216953717 6.92991292e-13
vt 0.845870316 0.0128676295
v 11.0141878 -927.226746 124
vn 0.999764621 -0.0216953717 6.92991292e-13
vt 0.845870256 0.0110294223
v 13.3416786 -820 124
vn 0.999764621 -0.0216953717 6.92991292e-13
vt 0.85534513 0.0110294223
v 13.3416786 -820 128
vn 0.999764621 -0.0216953717 6.92991292e-13
vt 0.85534513 0.0128676295
f 10893/10893/10893 10892/10892/10892 10891/10891/10891 10890/10890/10890
v 108 -928 124
vn 0.00797241181 0.999968231 0
vt 0.85958904 0.0165441036
v 108 -928 128
vn 0.00797241181 0.999968231 0
vt 0.85958904 0.0183823705
v 107.236305 -927.993896 128
vn 0.00797241181 0.999968231 0
vt 0.85949564 0.0183823705
v 107.236305 -927.993896 124
vn 0.00797241181 0.999968231 0
vt 0.85949564 0.0165441036
f 10897/10897/10897 10896/10896/10896 10895/10895/10895 10894/10894/10894
v 107.710388 -820 124
vn 0.999990344 -0.00438990584 -7.01174362e-12
vt 0.863968074 0.0110294223
v 107.236305 -927.993896 124
vn 0.999990344 -0.00438990584 -7.01174362e-12
vt 0.873348951 0.0110294223
v 107.236305 -927.993896 128
vn 0.999990344 -0.00438990584 -7.01174362e-12
vt 0.873348951 0.0128676295
v 107.710388 -820 128
vn 0.999990344 -0.00438990584 -7.01174362e-12
vt 0.863968074 0.0128676295
f 10901/10901/10901 10900/10900/10900 10899/10899/10899 10898/10898/10898
v 11.0141878 -927.226746 124
vn 0.999831736 -0.0183455367 0
vt 0.87631768 0.0165441036
v 11.0108004 -927.411377 124
vn 0.999831736 -0.0183455367 0
vt 0.87629509 0.0165441036
v 11.0108004 -927.411377 128
vn 0.999831736 -0.0183455367 0
vt 0.87629509 0.0183823705
f 10904/10904/10904 10903/10903/10903 10902/10902/10902
v 11.0148067 -927.226746 128
vn 0.999831736 -0.0183455367 0
vt 0.880231559 0.0183823705
v 12.9816513 -820 128
vn 0.999831736 -0.0183455367 0
vt 0.893346369 0.0183823705
v 12.9816513 -820 124
vn 0.999831736 -0.0183455367 0
vt 0.893346369 0.0165441036
v 11.0141878 -927.226746 124
vn 0.999831736 -0.0183455367 0
vt 0.880231559 0.0165441036
v 11.0108004 -927.411377 128
vn 0.999831736 -0.0183455367 0
vt 0.880209029 0.0183823705
f 10909/10909/10909 10908/10908/10908 10907/10907/10907 10906/10906/10906 10905/10905/10905
v -20 -926.979492 124
vn 0.00797241181 0.999968231 0
vt 0.851761281 0.590073526
v -139 -926.030762 0
vn 0.00797241181 0.999968231 0
vt 0.837206483 0.533088207
v -20 -926.979492 0
vn 0.00797241181 0.999968231 0
vt 0.851761281 0.533088207
f 10912/10912/10912 10911/10911/10911 10910/10910/10910
v -211.018341 -925.456604 124
vn 0.00797241181 0.999968231 0
vt 0.859709084 0.590073526
v -244 -925.193604 124
vn 0.00797241181 0.999968231 0
vt 0.855675161 0.590073526
v -244 -925.193604 112
vn 0.00797241181 0.999968231 0
vt 0.855675161 0.584558845
v -244 -925.193604 0
vn 0.00797241181 0.999968231 0
vt 0.855675161 0.533088207
v -139 -926.030762 0
vn 0.00797241181 0.999968231 0
vt 0.868517637 0.533088207
v -20 -926.979492 124
vn 0.00797241181 0.999968231 0
vt 0.883072436 0.590073526
f 10918/10918/10918 10917/10917/10917 10916/10916/10916 10915/10915/10915 10914/10914/10914 10913/10913/10913
v 108 -928 0
vn 0.00797241181 0.999968231 0
vt 0.886986315 0.533088207
v 108 -928 124
vn 0.00797241181 0.999968231 0
vt 0.886986315 0.590073526
v 107.236305 -927.993896 124
vn 0.00797241181 0.999968231 0
vt 0.886892915 0.590073526
f 10921/10921/10921 10920/10920/10920 10919/10919/10919
v 11.0141878 -927.226746 124
vn 0.00797241181 0.999968231 0
vt 0.894693494 0.590073526
v -20 -926.979492 124
vn 0.00797241181 0.999968231 0
vt 0.890900195 0.590073526
v -20 -926.979492 0
vn 0.00797241181 0.999968231 0
vt 0.890900195 0.533088207
f 10924/10924/10924 10923/10923/10923 10922/10922/10922
v 85 -927.81665 0
vn 0.00797241181 0.999968231 0
vt 0.91157043 0.533088207
v 108 -928 0
vn 0.00797241181 0.999968231 0
vt 0.91438359 0.533088207
v 107.236305 -927.993896 124
vn 0.00797241181 0.999968231 0
vt 0.91429013 0.590073526
v 11.0141878 -927.226746 124
vn 0.00797241181 0.999968231 0
vt 0.902521312 0.590073526
v -20 -926.979492 0
vn 0.00797241181 0.999968231 0
vt 0.898728013 0.533088207
f 10929/10929/10929 10928/10928/10928 10927/10927/10927 10926/10926/10926 10925/10925/10925
v -260 -820 112
vn 0 0 1
vt 0.271526426 0.185661793
v -260 -792.353271 112
vn 0 0 1
vt 0.271526426 0.198367059
v -271 -803.353271 112
vn 0 0 1
vt 0.272871822 0.19331193
v -287.646759 -820 112
vn 0 0 1
vt 0.274907857 0.185661793
f 10933/10933/10933 10932/10932/10932 10931/10931/10931 10930/10930/10930
v -259.959961 -925.066406 112
vn 0 0 1
vt 0.631599784 0.416789353
v -259.725433 -820 112
vn 0 0 1
vt 0.631571114 0.465073526
v -260 -820 112
vn 0 0 1
vt 0.631604671 0.465073526
v -287.646759 -820 112
vn 0 0 1
vt 0.634986162 0.465073526
v -363 -895.353271 112
vn 0 0 1
vt 0.64420253 0.430444241
v -363 -924.244873 112
vn 0 0 1
vt 0.64420253 0.417166889
f 10939/10939/10939 10938/10938/10938 10937/10937/10937 10936/10936/10936 10935/10935/10935 10934/10934/10934
v -259.0271 -925.073792 124
vn 0.00797241181 0.999968231 0
vt 0.896889985 0.0165441036
v -259.0271 -925.073792 128
vn 0.00797241181 0.999968231 0
vt 0.896889985 0.0183823705
v -259.959961 -925.066406 128
vn 0.00797241181 0.999968231 0
vt 0.896775961 0.0183823705
v -259.959961 -925.066406 124
vn 0.00797241181 0.999968231 0
vt 0.896775961 0.0165441036
f 10943/10943/10943 10942/10942/10942 10941/10941/10941 10940/10940/10940
v -259.0271 -925.073792 124
vn 0.00797241181 0.999968231 0
vt 0.900803924 0.0165441036
v -259.959961 -925.066406 124
vn 0.00797241181 0.999968231 0
vt 0.90068984 0.0165441036
v -259.959961 -925.066406 120
vn 0.00797241181 0.999968231 0
vt 0.90068984 0.0147058964
v -259.959961 -925.066406 112
vn 0.00797241181 0.999968231 0
vt 0.90068984 0.0110294223
v -244 -925.193604 112
vn 0.00797241181 0.999968231 0
vt 0.902641892 0.0110294223
v -244 -925.193604 124
vn 0.00797241181 0.999968231 0
vt 0.902641892 0.0165441036
f 10949/10949/10949 10948/10948/10948 10947/10947/10947 10946/10946/10946 10945/10945/10945 10944/10944/10944
v -259.778778 -843.89209 124
vn 0 0 1
vt 0.650168657 0.455931962
v -259.0271 -925.073792 124
vn 0 0 1
vt 0.650076747 0.418624222
v -244 -925.193604 124
vn 0 0 1
vt 0.648238719 0.418569088
v -244 -820 124
vn 0 0 1
vt 0.648238719 0.466911793
v -246 -820 124
vn 0 0 1
vt 0.648483396 0.466911793
v -259.725433 -820 124
vn 0 0 1
vt 0.65016216 0.466911793
f 10955/10955/10955 10954/10954/10954 10953/10953/10953 10952/10952/10952 10951/10951/10951 10950/10950/10950
v -259.959961 -925.066406 124
vn 0.999997497 -0.00223213737 0
vt 0.905446887 0.0165441036
v -259.959961 -925.066406 128
vn 0.999997497 -0.00223213737 0
vt 0.905446887 0.0183823705
v -259.778778 -843.89209 128
vn 0.999997497 -0.00223213737 0
vt 0.915375233 0.0183823705
v -259.778778 -843.89209 124
vn 0.999997497 -0.00223213737 0
vt 0.915375233 0.0165441036
f 10959/10959/10959 10958/10958/10958 10957/10957/10957 10956/10956/10956
v -259.0271 -925.073792 124
vn 0.999957144 0.00925886258 -0
vt 0.929681242 0.0165441036
v -259.778778 -843.89209 124
vn 0.999957144 0.00925886258 -0
vt 0.919751942 0.0165441036
v -259.778778 -843.89209 128
vn 0.999957144 0.00925886258 -0
vt 0.919751942 0.0183823705
v -259.0271 -925.073792 128
vn 0.999957144 0.00925886258 -0
vt 0.929681242 0.0183823705
f 10963/10963/10963 10962/10962/10962 10961/10961/10961 10960/10960/10960
v -246 -820 124
vn 0 1 0
vt 0.933708429 0.0165441036
v -246 -820 120
vn 0 1 0
vt 0.933708429 0.0147058964
v -259.725433 -820 120
vn 0 1 0
vt 0.935387194 0.0147058964
v -259.725433 -820 124
vn 0 1 0
vt 0.935387194 0.0165441036
f 10967/10967/10967 10966/10966/10966 10965/10965/10965 10964/10964/10964
v -244 -820 124
vn 0 1 0
vt 0.939946175 0.0128676295
v -244 -820 120
vn 0 1 0
vt 0.939946175 0.0110294223
v -246 -820 120
vn 0 1 0
vt 0.940190792 0.0110294223
v -246 -820 124
vn 0 1 0
vt 0.940190792 0.0128676295
f 10971/10971/10971 10970/10970/10970 10969/10969/10969 10968/10968/10968
v -259.778778 -843.89209 124
vn 0.999997497 -0.00223213737 0
vt 0.952557206 0.0165441036
v -259.725433 -820 124
vn 0.999997497 -0.00223213737 0
vt 0.955479443 0.0165441036
v -259.725433 -820 120
vn 0.999997497 -0.00223213737 0
vt 0.955479443 0.0147058964
v -259.959961 -925.066406 120
vn 0.999997497 -0.00223213737 0
vt 0.94262886 0.0147058964
v -259.959961 -925.066406 124
vn 0.999997497 -0.00223213737 0
vt 0.94262886 0.0165441036
f 10976/10976/10976 10975/10975/10975 10974/10974/10974 10973/10973/10973 10972/10972/10972
v -246 -820 120
vn 0 1 0
vt 0.959148705 0.0147058964
v -244 -820 120
vn 0 1 0
vt 0.958904088 0.0147058964
v -244 -820 112
vn 0 1 0
vt 0.958904088 0.0110294223
v -259.725433 -820 112
vn 0 1 0
vt 0.96082747 0.0110294223
v -259.725433 -820 120
vn 0 1 0
vt 0.96082747 0.0147058964
f 10981/10981/10981 10980/10980/10980 10979/10979/10979 10978/10978/10978 10977/10977/10977
v -259.725433 -820 112
vn 0.999997497 -0.00223213737 0
vt 0.977005899 0.0110294223
v -259.959961 -925.066406 112
vn 0.999997497 -0.00223213737 0
vt 0.964155257 0.0110294223
v -259.959961 -925.066406 120
vn 0.999997497 -0.00223213737 0
vt 0.964155257 0.0147058964
v -259.725433 -820 120
vn 0.999997497 -0.00223213737 0
vt 0.977005899 0.0147058964
f 10985/10985/10985 10984/10984/10984 10983/10983/10983 10982/10982/10982
v -259.725433 -820 112
vn 0 1 0
vt 0.655543745 0.466911793
v -244 -820 112
vn 0 1 0
vt 0.653620362 0.466911793
v -244 -820 0
vn 0 1 0
vt 0.653620362 0.415441155
v -260 -820 0
vn 0 1 0
vt 0.655577302 0.415441155
v -260 -820 112
vn 0 1 0
vt 0.655577302 0.466911793
f 10990/10990/10990 10989/10989/10989 10988/10988/10988 10987/10987/10987 10986/10986/10986
v -260 -792.353271 112
vn 1 0 0
vt 0.661894143 0.466911793
v -260 -820 112
vn 1 0 0
vt 0.658512712 0.466911793
v -260 -820 0
vn 1 0 0
vt 0.658512712 0.415441155
v -260 -792.353271 0
vn 1 0 0
vt 0.661894143 0.415441155
f 10994/10994/10994 10993/10993/10993 10992/10992/10992 10991/10991/10991
v -259.959961 -925.066406 112
vn 0.00797241181 0.999968231 0
vt 0.67759788 0.466911793
v -363 -924.244873 112
vn 0.00797241181 0.999968231 0
vt 0.664995134 0.466911793
v -363 -924.244873 0
vn 0.00797241181 0.999968231 0
vt 0.664995134 0.415441155
v -244 -925.193604 0
vn 0.00797241181 0.999968231 0
vt 0.679549873 0.415441155
v -244 -925.193604 112
vn 0.00797241181 0.999968231 0
vt 0.679549873 0.466911793
f 10999/10999/10999 10998/10998/10998 10997/10997/10997 10996/10996/10996 10995/10995/10995
v -363 -924.244873 112
vn 0.00797241181 0.999968231 0
vt 0.983977497 0.0110294223
v -363 -924.244873 128
vn 0.00797241181 0.999968231 0
vt 0.983977497 0.0183823705
v -391.663116 -924.016357 128
vn 0.00797241181 0.999968231 0
vt 0.98047173 0.0183823705
f 11002/11002/11002 11001/11001/11001 11000/11000/11000
v -391.663116 -924.016357 96
vn 0.00797241181 0.999968231 0
vt 0.917849422 0.577205896
v -391.663116 -924.016357 0
vn 0.00797241181 0.999968231 0
vt 0.917849422 0.533088207
v -363 -924.244873 0
vn 0.00797241181 0.999968231 0
vt 0.921355188 0.533088207
v -363 -924.244873 112
vn 0.00797241181 0.999968231 0
vt 0.921355188 0.584558845
v -391.663116 -924.016357 128
vn 0.00797241181 0.999968231 0
vt 0.917849422 0.591911793
f 11007/11007/11007 11006/11006/11006 11005/11005/11005 11004/11004/11004 11003/11003/11003
