PRT1
521
1567
4 0 25 (8 64 144) (72 64 144) (72 64 320) (8 64 320) 
4 0 17 (72 64 144) (128 64 144) (128 64 320) (72 64 320) 
4 0 8 (72 64 144) (8 64 144) (8 128 144) (72 128 144) 
4 0 7 (128 64 144) (72 64 144) (72 128 144) (128 128 144) 
4 0 1 (8 64 184) (8 64 320) (8 128 320) (8 128 184) 
4 1 26 (8 64 184) (8 64 320) (-24 64 320) (-24 64 184) 
4 1 2 (-24 64 208) (-24 64 320) (-24 128 320) (-24 128 208) 
4 2 27 (-24 64 208) (-24 64 320) (-40 64 320) (-40 64 227.2) 
4 2 4 (-40 64 227.2) (-40 64 232.00000000000003) (-40 128 232) (-40 128 227.2) 
4 2 3 (-40 64 232.00000000000003) (-40 64 320) (-40 128 320) (-40 128 232) 
4 3 28 (-40 64 232) (-40 64 320) (-110.00000000000003 64 320) (-80.00000000000006 64 272.00000000000006) 
4 3 6 (-81.14285714285715 64 273.82857142857137) (-110.00000000000006 64 320) (-110.00000000000006 128 320) (-81.14285714285715 128 273.82857142857137) 
4 3 5 (-80.00000000000009 64 272.00000000000006) (-81.14285714285715 64 273.82857142857137) (-81.14285714285715 128 273.82857142857137) (-80.00000000000009 128 272.00000000000006) 
4 3 4 (-40 128 232.0000000000001) (-40 64 232.0000000000001) (-64.00000000000068 64 256.0000000000008) (-64.00000000000068 128 256.0000000000008) 
3 4 29 (-40 64 227.2) (-40 64 232) (-64.00000000000009 64 256.00000000000006) 
3 5 31 (-80 64 272) (-81.14285714285714 64 273.8285714285714) (-95.99999999999979 64 256.0000000000002) 
4 5 6 (-95.99999999999967 64 256.00000000000034) (-81.14285714285711 64 273.8285714285714) (-81.14285714285711 128 273.8285714285714) (-95.99999999999967 128 256.00000000000034) 
4 6 39 (-112 128 320) (-112 128 236.79999999999995) (-112 64 236.79999999999995) (-112 64 320) 
4 6 32 (-112 64 320) (-112 64 236.79999999999995) (-81.14285714285714 64 273.8285714285714) (-110.00000000000003 64 320) 
4 7 17 (128 64 36) (128 64 144) (72 64 144) (72 64 36) 
4 7 8 (72 64 32) (72 64 144) (72 128 144) (72 128 32) 
4 8 33 (8 64 28) (72 64 28) (72 64 144) (8 64 144) 
4 8 10 (64 64 28) (8 64 28) (8 128 28) (64 128 28) 
4 8 9 (8 128 28) (8 64 28) (8 64 128) (8 128 128) 
4 9 55 (-112 128 128) (-112 128 28) (-112 64 28) (-112 64 128) 
4 9 34 (-112 64 128) (-112 64 28) (8 64 28) (8 64 128) 
4 9 10 (8 64 28) (-112 64 28) (-112 128 28) (8 128 28) 
4 10 55 (-112 128 28) (-112 128 24) (-112 64 24) (-112 64 28) 
4 10 34 (-112 64 28) (-112 64 24) (8 64 24) (8 64 28) 
4 10 33 (8 64 24) (64 64 24) (64 64 28) (8 64 28) 
4 10 11 (56 64 24) (-112 64 24) (-112 128 24) (56 128 24) 
4 11 55 (-112 128 24) (-112 128 20) (-112 64 20) (-112 64 24) 
4 11 34 (-112 64 24) (-112 64 20) (8 64 20) (8 64 24) 
4 11 33 (8 64 20) (56 64 20) (56 64 24) (8 64 24) 
4 11 12 (48 64 20) (-112 64 20) (-112 128 20) (48 128 20) 
4 12 55 (-112 128 20) (-112 128 16) (-112 64 16) (-112 64 20) 
4 12 34 (-112 64 20) (-112 64 16) (8 64 16) (8 64 20) 
4 12 33 (8 64 16) (48 64 16) (48 64 20) (8 64 20) 
4 12 13 (40 64 16) (-112 64 16) (-112 128 16) (40 128 16) 
4 13 55 (-112 128 16) (-112 128 12) (-112 64 12) (-112 64 16) 
4 13 34 (-112 64 16) (-112 64 12) (8 64 12) (8 64 16) 
4 13 33 (8 64 12) (40 64 12) (40 64 16) (8 64 16) 
4 13 14 (32 64 12) (-112 64 12) (-112 128 12) (32 128 12) 
4 14 55 (-112 128 12) (-112 128 8) (-112 64 8) (-112 64 12) 
4 14 34 (-112 64 12) (-112 64 8) (8 64 8) (8 64 12) 
4 14 33 (8 64 8) (32 64 8) (32 64 12) (8 64 12) 
4 14 15 (24 64 8) (-112 64 8) (-112 128 8) (24 128 8) 
4 15 55 (-112 128 8) (-112 128 4) (-112 64 4) (-112 64 8) 
4 15 34 (-112 64 8) (-112 64 4) (8 64 4) (8 64 8) 
4 15 33 (8 64 4) (24 64 4) (24 64 8) (8 64 8) 
4 15 16 (16 64 4) (-112 64 4) (-112 128 4) (16 128 4) 
4 16 55 (-112 128 4) (-112 128 0) (-112 64 0) (-112 64 4) 
4 16 34 (-112 64 4) (-112 64 0) (8 64 0) (8 64 4) 
4 16 33 (8 64 0) (16 64 0) (16 64 4) (8 64 4) 
4 17 33 (72 64 144) (72 64 36) (72 56 36) (72 56 144) 
4 17 25 (72 64 320) (72 64 144) (72 56 144) (72 56 320) 
4 17 18 (72 56 320) (72 56 40) (128 56 40) (128 56 320) 
4 18 33 (72 56 144) (72 56 40) (72 48 40) (72 48 144) 
4 18 25 (72 56 320) (72 56 144) (72 48 144) (72 48 320) 
4 18 19 (72 48 320) (72 48 44) (128 48 44) (128 48 320) 
4 19 33 (72 48 144) (72 48 44) (72 40 44) (72 40 144) 
4 19 25 (72 48 320) (72 48 144) (72 40 144) (72 40 320) 
4 19 20 (72 40 320) (72 40 48) (128 40 48) (128 40 320) 
4 20 33 (72 40 144) (72 40 48) (72 32 48) (72 32 144) 
4 20 25 (72 40 320) (72 40 144) (72 32 144) (72 32 320) 
4 20 21 (72 32 320) (72 32 52) (128 32 52) (128 32 320) 
4 21 33 (72 32 144) (72 32 52) (72 24 52) (72 24 144) 
4 21 25 (72 32 320) (72 32 144) (72 24 144) (72 24 320) 
4 21 22 (72 24 320) (72 24 56) (128 24 56) (128 24 320) 
4 22 33 (72 24 144) (72 24 56) (72 16 56) (72 16 144) 
4 22 25 (72 24 320) (72 24 144) (72 16 144) (72 16 320) 
4 22 23 (72 16 320) (72 16 60) (128 16 60) (128 16 320) 
4 23 36 (72 16 128) (72 16 60) (72 8 60) (72 8 128) 
4 23 35 (72 16 144) (72 16 128) (72 8 128) (72 8 144) 
4 23 25 (72 16 320) (72 16 144) (72 8 144) (72 8 320) 
4 23 24 (72 8 320) (72 8 64) (128 8 64) (128 8 320) 
4 24 80 (72 0 92) (72 0 68) (128 0 68) (128 0 92) 
4 24 74 (72 0 100) (72 0 92) (128 0 92) (128 0 100) 
4 24 73 (72 0 104) (72 0 100) (128 0 100) (128 0 104) 
4 24 72 (72 0 108) (72 0 104) (128 0 104) (128 0 108) 
4 24 71 (72 0 112) (72 0 108) (128 0 108) (128 0 112) 
4 24 69 (72 0 320) (72 0 112) (128 0 112) (128 0 320) 
4 24 36 (72 8 128) (72 8 64) (72 0 64) (72 0 128) 
4 24 35 (72 8 144) (72 8 128) (72 0 128) (72 0 144) 
4 24 25 (72 8 320) (72 8 144) (72 0 144) (72 0 320) 
4 25 69 (8 0 144) (72 0 144) (72 0 320) (8 0 320) 
4 25 35 (72 16 144) (72 0 144) (8 0 144) (8 16 144) 
4 25 33 (8 64 144) (72 64 144) (72 16 144) (8 16 144) 
4 25 26 (8 0 184) (8 0 320) (8 64 320) (8 64 184) 
4 26 109 (-24 0 196) (-24 0 184) (-8 0 184) (-8 0 196) 
4 26 108 (-8 0 320) (-24 0 320) (-24 0 196) (-8 0 196) 
4 26 93 (8 0 184) (8 0 320) (-8 0 320) (-8 0 184) 
4 26 27 (-24 0 208) (-24 0 320) (-24 64 320) (-24 64 208) 
4 27 108 (-24 0 208) (-24 0 320) (-40 0 320) (-40 0 227.2) 
4 27 29 (-40 0 227.2) (-40 0 232.00000000000003) (-40 64 232) (-40 64 227.2) 
4 27 28 (-40 0 232.00000000000003) (-40 0 320) (-40 64 320) (-40 64 232) 
4 28 108 (-40 0 232) (-40 0 320) (-110.00000000000003 0 320) (-80.00000000000006 0 272.00000000000006) 
4 28 32 (-81.14285714285715 0 273.82857142857137) (-110.00000000000006 0 320) (-110.00000000000006 64 320) (-81.14285714285715 64 273.82857142857137) 
4 28 31 (-80.00000000000009 0 272.00000000000006) (-81.14285714285715 0 273.82857142857137) (-81.14285714285715 64 273.82857142857137) (-80.00000000000009 64 272.00000000000006) 
4 28 29 (-40 64 232.0000000000001) (-40 0 232.0000000000001) (-64.00000000000068 0 256.0000000000008) (-64.00000000000068 64 256.0000000000008) 
3 29 108 (-40 0 227.2) (-40 0 232) (-64.00000000000009 0 256.00000000000006) 
4 30 119 (-112 0 152) (-112 0 144) (-40 0 144) (-40 0 152) 
4 30 118 (-112 0 156) (-112 0 152) (-40 0 152) (-40 0 156) 
4 30 115 (-112 0 180) (-112 0 156) (-40 0 156) (-40 0 180) 
4 30 109 (-112 0 196) (-112 0 180) (-40 0 180) (-40 0 196) 
5 30 108 (-112 0 220.8) (-112 0 196) (-40 0 196) (-40 0 208) (-80.00000000000001 0 272) 
4 30 38 (-112 8 144) (-112 0 144) (-112 0 220.8) (-112 8 220.8) 
3 31 108 (-80.00000000000001 0 272) (-81.14285714285714 0 273.8285714285714) (-95.99999999999989 0 256.0000000000001) 
4 31 32 (-81.14285714285718 0 273.8285714285716) (-81.14285714285718 64 273.8285714285716) (-96.00000000000091 64 255.99999999999912) (-96.00000000000091 0 255.99999999999912) 
4 32 108 (-112 0 320) (-112 0 236.79999999999998) (-81.14285714285714 0 273.8285714285714) (-110.00000000000003 0 320) 
4 32 39 (-112 64 320) (-112 64 236.79999999999998) (-112 0 236.79999999999998) (-112 0 320) 
4 33 36 (72 16 0) (72 16 128) (8 16 128) (8 16 0) 
4 33 35 (72 16 128) (72 16 144) (8 16 144) (8 16 128) 
4 33 34 (8 16 0) (8 16 128) (8 64 128) (8 64 0) 
4 34 55 (-112 64 128) (-112 64 0) (-112 16 0) (-112 16 128) 
10 34 37 (-112 16 59.99999999999999) (-112 16 0) (-32 16 0) (-32 16 59.99999999999999) (-40.000000000000014 16 76.00000000000003) (-55.99999999999997 16 91.99999999999999) (-68.00000000000001 16 96) (-76 16 96) (-87.99999999999999 16 92) (-104 16 75.99999999999999) 
4 34 36 (0 16 0) (8 16 0) (8 16 128) (0 16 128) 
4 35 69 (8 0 128) (72 0 128) (72 0 144) (8 0 144) 
4 35 36 (8 16 128) (72 16 128) (72 0 128) (8 0 128) 
4 36 90 (8 0 0) (40 0 0) (40 0 92) (8 0 92) 
4 36 89 (40 0 0) (72 0 0) (72 0 92) (40 0 92) 
4 36 76 (72 0 92) (72 0 100) (8 0 100) (8 0 92) 
4 36 73 (72 0 100) (72 0 104) (8 0 104) (8 0 100) 
4 36 72 (72 0 104) (72 0 108) (8 0 108) (8 0 104) 
4 36 71 (72 0 108) (72 0 112) (8 0 112) (8 0 108) 
4 36 69 (72 0 112) (72 0 128) (8 0 128) (8 0 112) 
10 37 119 (-112 0 59.99999999999999) (-112 0 0) (-32 0 0) (-32 0 59.99999999999999) (-40.000000000000014 0 76.00000000000003) (-55.99999999999997 0 91.99999999999999) (-68.00000000000001 0 96) (-76 0 96) (-87.99999999999999 0 92) (-104 0 75.99999999999999) 
4 38 119 (-120 0 144) (-112 0 144) (-112 0 152) (-120 0 152) 
4 38 118 (-112 0 152) (-112 0 156) (-120 0 156) (-120 0 152) 
4 38 115 (-112 0 156) (-112 0 180) (-120 0 180) (-120 0 156) 
4 38 109 (-112 0 180) (-112 0 196) (-120 0 196) (-120 0 180) 
4 38 108 (-112 0 196) (-112 0 220.8) (-120 0 208.00000000000003) (-120 0 196) 
4 39 108 (-112 0 236.79999999999998) (-112 0 320) (-120 0 320) (-120 0 227.2) 
4 39 41 (-120 0 227.2) (-120 0 320) (-120 4.500000000000001 320) (-120 1.6000000000000085 227.2) 
4 39 40 (-120 4.500000000000001 320) (-120 128 320) (-120 128 227.2) (-120 1.6000000000000085 227.2) 
3 40 44 (-184.00000000000017 0 304.0000000000002) (-192.00000000000006 0 320) (-192.00000000000006 1.000000000000005 320) 
4 40 43 (-184.00000000000017 0 304.0000000000002) (-192.00000000000006 1.000000000000005 320) (-192.00000000000006 128 320) (-184.00000000000017 128 304.0000000000002) 
5 40 41 (-192 2.5416969066895285e-14 320) (-183.99999999999994 2.5846217690253678e-14 303.9999999999999) (-126.00000000000001 1.0000000000000266 219.99999999999997) (-120 1.600000000000028 227.2) (-120 4.500000000000027 320) 
4 41 108 (-120 0 227.2) (-120 0 320) (-192.00000000000003 0 320) (-136 0 208) 
4 42 119 (-232 0 144) (-136 0 144) (-136 0 152) (-232 0 152) 
4 42 118 (-136 0 152) (-136 0 156) (-232 0 156) (-232 0 152) 
4 42 115 (-136 0 156) (-136 0 180) (-232 0 180) (-232 0 156) 
4 42 109 (-136 0 180) (-136 0 196) (-232 0 196) (-232 0 180) 
5 42 108 (-136 0 196) (-136 0 207.99999999999997) (-184 0 303.99999999999994) (-232 0 207.99999999999991) (-232 0 196) 
4 43 46 (-248 128 227.19999999999996) (-248 1.6000000000003638 227.19999999999996) (-248 1.750000000000346 232) (-248 128 232) 
4 43 45 (-248 1.750000000000346 232) (-248 4.500000000000002 320) (-248 128 320) (-248 128 232) 
5 43 44 (-248 1.5999999999999943 227.19999999999982) (-242.00000000000014 1.0000000000000098 219.9999999999999) (-183.9999999999999 0 303.9999999999998) (-192 1.0000000000000142 320) (-248 4.500000000000006 320) 
5 44 108 (-184 0 303.99999999999994) (-192.00000000000003 0 320) (-248 0 320) (-248 0 227.19999999999996) (-232 0 207.99999999999994) 
4 44 46 (-248 1.6000000000003638 227.19999999999996) (-248 0 227.19999999999996) (-248 0 232) (-248 1.750000000000346 232) 
4 44 45 (-248 0 232) (-248 0 320) (-248 4.500000000000002 320) (-248 1.750000000000346 232) 
4 45 108 (-248 0 232) (-248 0 320) (-318 0 320) (-288 0 271.99999999999994) 
4 45 49 (-318 0 320) (-318 128 320) (-289.14285714285717 128 273.82857142857137) (-289.14285714285717 0 273.8285714285714) 
4 45 48 (-289.14285714285717 128 273.82857142857137) (-288 128 271.99999999999994) (-288 0 272) (-289.14285714285717 0 273.8285714285714) 
4 45 46 (-272.0000000000012 128 256.0000000000014) (-248 128 232.0000000000002) (-248 0 232.0000000000002) (-272.0000000000012 0 256.00000000000136) 
3 46 108 (-248 0 227.19999999999996) (-248 0 232) (-271.99999999999994 0 255.99999999999991) 
4 47 119 (-328 0 144) (-248 0 144) (-248 0 152) (-328 0 152) 
4 47 118 (-248 0 152) (-248 0 156) (-328 0 156) (-328 0 152) 
4 47 115 (-248 0 156) (-248 0 180) (-328 0 180) (-328 0 156) 
4 47 109 (-248 0 180) (-248 0 196) (-328 0 196) (-328 0 180) 
5 47 108 (-248 0 196) (-248 0 208) (-288 0 272) (-328 0 208.00000000000003) (-328 0 196) 
3 48 108 (-288 0 272) (-289.14285714285717 0 273.8285714285714) (-303.9999999999997 0 256.00000000000034) 
4 48 49 (-303.9999999999995 0 256.00000000000057) (-289.14285714285705 0 273.82857142857154) (-289.14285714285705 128 273.82857142857154) (-303.9999999999995 128 256.00000000000057) 
4 49 108 (-289.14285714285717 0 273.8285714285714) (-318 0 320) (-328 0 320) (-328 0 227.2) 
4 49 50 (-328 128 320) (-328 128 227.2) (-328 0 227.2) (-328 0 320) 
4 50 108 (-328 0 227.20000000000005) (-328 0 320) (-344 0 320) (-344 0 208) 
4 50 51 (-344 128 320) (-344 128 208) (-344 0 208) (-344 0 320) 
4 51 109 (-344 0 184) (-344 0 196) (-376 0 196) (-376 0 184) 
4 51 108 (-344 0 196) (-344 0 320) (-376 0 320) (-376 0 196) 
4 51 52 (-376 128 320) (-376 128 184) (-376 0 184) (-376 0 320) 
4 52 156 (-576 0 144) (-456 0 144) (-456 0 320) (-576 0 320) 
4 52 144 (-456 0 144) (-376 0 144) (-376 0 156) (-456 0 156) 
4 52 115 (-376 0 156) (-376 0 180) (-456 0 180) (-456 0 156) 
4 52 109 (-376 0 180) (-376 0 196) (-456 0 196) (-456 0 180) 
4 52 108 (-376 0 196) (-376 0 320) (-456 0 320) (-456 0 196) 
4 52 67 (-456 0 144) (-576 0 144) (-576 2 144) (-456 2 144) 
4 52 66 (-576 2 144) (-576 10 144) (-456 10 144) (-456 2 144) 
4 52 65 (-576 10 144) (-576 16 144) (-456 16 144) (-456 10 144) 
4 52 62 (-376 16 144) (-376 0 144) (-456 0 144) (-456 16 144) 
4 52 58 (-456 18 144) (-456 16 144) (-576 16 144) (-576 18 144) 
4 52 57 (-576 128 144) (-456 128 144) (-456 18 144) (-576 18 144) 
4 52 56 (-456 128 144) (-376 128 144) (-376 16 144) (-456 16 144) 
4 52 53 (-576 128 320) (-576 128 144) (-576 19 144) (-576 19 320) 
4 53 59 (-592 128 144) (-576 128 144) (-576 19 144) (-592 19 144) 
4 53 54 (-592 128 320) (-592 128 144) (-592 19 144) (-592 19 320) 
4 54 190 (-748 0 144) (-592 0 144) (-592 0 320) (-748 0 320) 
4 54 68 (-592 16 144) (-592 0 144) (-748 0 144) (-748 16 144) 
4 54 60 (-748 128 144) (-592 128 144) (-592 16 144) (-748 16 144) 
10 55 63 (-336 16 0) (-256 16 0) (-256 16 59.99999999999996) (-264 16 75.99999999999999) (-280 16 92) (-292 16 96) (-300.00000000000006 16 96) (-312 16 92.00000000000001) (-328.00000000000006 16 75.99999999999993) (-336 16 60.000000000000064) 
10 55 61 (-224 16 0) (-144 16 0) (-144 16 60) (-152 16 76.00000000000001) (-168 16 92) (-180 16 96) (-188.00000000000006 16 96) (-200.00000000000003 16 92) (-215.99999999999997 16 76.00000000000007) (-224 16 60.00000000000001) 
4 55 56 (-376 128 128) (-376 128 0) (-376 16 0) (-376 16 128) 
4 56 64 (-456 16 0) (-376 16 0) (-376 16 128) (-456 16 128) 
4 56 62 (-376 16 128) (-376 16 144) (-456 16 144) (-456 16 128) 
4 56 58 (-456 16 4) (-456 16 144) (-456 18 144) (-456 18 4) 
4 56 57 (-456 128 144) (-456 128 0) (-456 18 0) (-456 18 144) 
4 57 59 (-576 128 144) (-576 128 0) (-576 19 0) (-576 19 144) 
4 57 58 (-576 18 144) (-576 18 4) (-456 18 4) (-456 18 144) 
4 58 65 (-456 16 4) (-456 16 144) (-576 16 144) (-576 16 4) 
4 59 60 (-592 128 144) (-592 128 0) (-592 19 0) (-592 19 144) 
4 60 68 (-748 16 0) (-592 16 0) (-592 16 144) (-748 16 144) 
10 61 119 (-224 0 0) (-144 0 0) (-144 0 60) (-152 0 76.00000000000001) (-168 0 92) (-180 0 96) (-188.00000000000006 0 96) (-200.00000000000003 0 92) (-215.99999999999997 0 76.00000000000007) (-224 0 60.00000000000001) 
4 62 144 (-376 0 144) (-456 0 144) (-456 0 128) (-376 0 128) 
4 62 67 (-456 2 128) (-456 0 128) (-456 0 144) (-456 2 144) 
4 62 66 (-456 10 128) (-456 2 128) (-456 2 144) (-456 10 144) 
4 62 65 (-456 16 144) (-456 16 128) (-456 10 128) (-456 10 144) 
4 62 64 (-456 0 128) (-456 16 128) (-376 16 128) (-376 0 128) 
10 63 119 (-336 0 0) (-256 0 0) (-256 0 59.99999999999996) (-264 0 75.99999999999999) (-280 0 92) (-292 0 96) (-300.00000000000006 0 96) (-312 0 92.00000000000001) (-328.00000000000006 0 75.99999999999993) (-336 0 60.000000000000064) 
4 64 144 (-456 0 0) (-376 0 0) (-376 0 128) (-456 0 128) 
4 64 67 (-456 0 12) (-456 0 128) (-456 2 128) (-456 2 12) 
4 64 66 (-456 2 8) (-456 2 128) (-456 10 128) (-456 10 8) 
4 64 65 (-456 16 128) (-456 16 4) (-456 10 4) (-456 10 128) 
4 65 66 (-576 10 144) (-576 10 8) (-456 10 8) (-456 10 144) 
4 66 67 (-576 2 144) (-576 2 12) (-456 2 12) (-456 2 144) 
4 67 156 (-456 0 12) (-456 0 144) (-576 0 144) (-576 0 12) 
4 68 204 (-748 0 0) (-592 0 0) (-592 0 4) (-748 0 4) 
4 68 190 (-592 0 4) (-592 0 144) (-748 0 144) (-748 0 4) 
4 69 96 (8 -16 112) (8 -240 112) (8 -240 116) (8 -16 116) 
4 69 95 (8 -16 116) (8 -240 116) (8 -240 156) (8 -16 156) 
4 69 94 (8 0 156) (8 0 152) (8 -16 152) (8 -16 156) 
4 69 93 (8 0 320) (8 0 156) (8 -272 156) (8 -272 320) 
4 69 71 (8 -264 112) (8 0 112) (128 0 112) (128 -264 112) 
4 69 70 (128 -272 116) (128 -272 320) (8 -272 320) (8 -272 116) 
4 70 93 (8 -280 156) (8 -280 320) (8 -272 320) (8 -272 156) 
4 70 77 (8 -280 320) (8 -280 120) (128 -280 120) (128 -280 320) 
4 71 96 (8 -16 108) (8 -240 108) (8 -240 112) (8 -16 112) 
4 71 72 (8 -256 108) (8 0 108) (128 0 108) (128 -256 108) 
4 72 96 (8 -16 104) (8 -240 104) (8 -240 108) (8 -16 108) 
4 72 73 (8 -248 104) (8 0 104) (128 0 104) (128 -248 104) 
4 73 96 (8 -16 100) (8 -240 100) (8 -240 104) (8 -16 104) 
4 73 76 (8 -56 100) (8 0 100) (72 0 100) (72 -56 100) 
4 73 75 (128 -56 100) (128 -64 100) (72 -64 100) (72 -56 100) 
4 73 74 (72 0 100) (128 0 100) (128 -56 100) (72 -56 100) 
4 74 85 (128 -40 92) (128 -48 92) (72 -48 92) (72 -40 92) 
4 74 84 (128 -32 92) (128 -40 92) (72 -40 92) (72 -32 92) 
4 74 83 (128 -24 92) (128 -32 92) (72 -32 92) (72 -24 92) 
4 74 82 (128 -16 92) (128 -24 92) (72 -24 92) (72 -16 92) 
4 74 81 (128 -8 92) (128 -16 92) (72 -16 92) (72 -8 92) 
4 74 80 (72 0 92) (128 0 92) (128 -8 92) (72 -8 92) 
4 74 76 (72 0 92) (72 -56 92) (72 -56 100) (72 0 100) 
4 74 75 (72 -56 100) (72 -56 96) (128 -56 96) (128 -56 100) 
4 76 90 (8 -56 92) (8 0 92) (40 0 92) (40 -56 92) 
4 76 89 (40 0 92) (72 0 92) (72 -56 92) (40 -56 92) 
4 77 93 (8 -280 320) (8 -280 156) (8 -288 156) (8 -288 320) 
4 77 78 (128 -288 124) (128 -288 320) (8 -288 320) (8 -288 124) 
4 78 93 (8 -296 156) (8 -296 320) (8 -288 320) (8 -288 156) 
4 78 79 (128 -296 128) (128 -296 320) (8 -296 320) (8 -296 128) 
4 79 237 (8 -388 132) (8 -388 128) (68.66904755831223 -388 128) (68.66904755831223 -388 132) 
4 79 236 (8 -388 140) (8 -388 132) (68.66904755831223 -388 132) (68.66904755831223 -388 140) 
4 79 234 (68.66904755831223 -388 128) (107.7989898732232 -388 128) (107.7989898732232 -388 140) (68.66904755831223 -388 140) 
4 79 233 (8 -388 320) (8 -388 140) (107.7989898732232 -388 140) (107.79898987322319 -388 320) 
4 79 216 (107.7989898732232 -388 128) (128 -388 128) (128 -388 208) (107.7989898732232 -388 208) 
4 79 205 (128 -388 208) (128 -388 320) (107.79898987322319 -388 320) (107.7989898732232 -388 208) 
4 79 93 (8 -388 156) (8 -388 320) (8 -296 320) (8 -296 156) 
4 80 89 (72 -8 92) (72 0 92) (72 0 68) (72 -8 68) 
4 80 81 (72 -8 92) (72 -8 72) (128 -8 72) (128 -8 92) 
4 81 89 (72 -16 92) (72 -8 92) (72 -8 72) (72 -16 72) 
4 81 82 (72 -16 92) (72 -16 76) (128 -16 76) (128 -16 92) 
4 82 89 (72 -24 92) (72 -16 92) (72 -16 76) (72 -24 76) 
4 82 83 (72 -24 92) (72 -24 80) (128 -24 80) (128 -24 92) 
4 83 89 (72 -32 92) (72 -24 92) (72 -24 80) (72 -32 80) 
4 83 84 (72 -32 92) (72 -32 84) (128 -32 84) (128 -32 92) 
4 84 89 (72 -40 92) (72 -32 92) (72 -32 84) (72 -40 84) 
4 84 85 (72 -40 92) (72 -40 88) (128 -40 88) (128 -40 92) 
4 85 89 (72 -48 92) (72 -40 92) (72 -40 88) (72 -48 88) 
4 86 263 (88 -388 0) (111.7989898732232 -388 0) (111.7989898732232 -388 92) (88 -388 92) 
4 86 262 (121.67692306114114 -388 0) (128 -388 0) (128 -388 16) (121.67692306114164 -388 16) 
4 86 245 (128 -388 16) (128 -388 92) (121.67692306114397 -388 92) (121.67692306114164 -388 16) 
4 86 239 (111.7989898732232 -388 0) (121.67692306114114 -388 0) (121.67692306114397 -388 92) (111.7989898732232 -388 92) 
4 86 88 (88 -112 0) (88 -388 0) (88 -388 28) (88 -112 28) 
4 86 87 (88 -64 92) (88 -64 28) (88 -388 28) (88 -388 92) 
4 87 263 (88 -388 28) (88 -388 92) (72 -388 92) (72 -388 28) 
4 87 89 (72 -388 28) (72 -388 92) (72 -64 92) (72 -64 28) 
4 87 88 (72 -388 28) (72 -112 28) (88 -112 28) (88 -388 28) 
4 88 263 (72 -388 0) (88 -388 0) (88 -388 28) (72 -388 28) 
4 88 89 (72 -388 0) (72 -388 28) (72 -112 28) (72 -112 0) 
4 89 267 (40 -388 0) (70.66904755831224 -388 0) (70.66904755831224 -388 4) (40 -388 4) 
4 89 266 (70.66904755831224 -388 4) (70.66904755831224 -388 92) (40 -388 92) (40 -388 4) 
4 89 263 (70.66904755831224 -388 0) (72 -388 0) (72 -388 92) (70.66904755831224 -388 92) 
4 89 92 (40 -388 0) (40 -388 92) (40 -240 92) (40 -240 0) 
4 89 91 (40 -240 92) (40 -224 92) (40 -224 76) (40 -240 76) 
4 89 90 (40 -224 92) (40 0 92) (40 0 0) (40 -224 0) 
4 90 107 (8 -140 0) (8 -224 0) (8 -224 76) (8 -140 76) 
4 90 106 (8 -32 0) (8 -124 0) (8 -124 76) (8 -32 76) 
4 90 91 (40 -224 76) (40 -224 92) (8 -224 92) (8 -224 76) 
4 91 92 (40 -240 76) (40 -240 92) (8 -240 92) (8 -240 76) 
4 92 267 (8 -388 4) (8 -388 0) (40 -388 0) (40 -388 4) 
4 92 266 (8 -388 92) (8 -388 4) (40 -388 4) (40 -388 92) 
4 93 233 (-8 -388 320) (-8 -388 156) (8 -388 156) (8 -388 320) 
4 93 146 (-8 -372 156) (-8 -388 156) (-8 -388 320) (-8 -372 320) 
4 93 117 (-8 -264 156) (-8 -372 156) (-8 -372 180) (-8 -264 180) 
4 93 116 (-8 -248 156) (-8 -264 156) (-8 -264 180) (-8 -248 180) 
4 93 115 (-8 0 180) (-8 0 156) (-8 -248 156) (-8 -248 180) 
4 93 114 (-8 -264 180) (-8 -372 180) (-8 -372 196) (-8 -260 196) 
4 93 110 (-8 -248 180) (-8 -264 180) (-8 -260 196) (-8 -252 196) 
4 93 109 (-8 0 196) (-8 0 180) (-8 -248 180) (-8 -252 196) 
4 93 108 (-8 0 320) (-8 0 196) (-8 -372 196) (-8 -372 320) 
4 93 95 (-8 -240 156) (-8 -16 156) (8 -16 156) (8 -240 156) 
4 93 94 (-8 -16 156) (-8 0 156) (8 0 156) (8 -16 156) 
4 94 120 (-8 -8 152) (-8 -16 152) (-8 -16 156) (-8 -8 156) 
4 94 118 (-8 0 156) (-8 0 152) (-8 -8 152) (-8 -8 156) 
4 94 95 (8 -16 152) (8 -16 156) (-8 -16 156) (-8 -16 152) 
4 95 120 (-8 -16 116) (-8 -240 116) (-8 -240 156) (-8 -16 156) 
4 95 105 (-8 -240 116) (-8 -16 116) (-3.9999999999999982 -16 116) (-3.9999999999999982 -240 116) 
4 95 104 (3.9999999999999982 -220 116) (3.9999999999999982 -240 116) (-3.9999999999999982 -240 116) (-3.9999999999999982 -220 116) 
4 95 103 (3.9999999999999987 -188 116) (3.9999999999999982 -212 116) (-3.9999999999999982 -212 116) (-3.9999999999999982 -188 116) 
4 95 102 (3.9999999999999987 -156.00000000000003 116) (3.9999999999999987 -180 116) (-3.9999999999999982 -180 116) (-3.9999999999999982 -156.00000000000006 116) 
4 95 101 (3.9999999999999987 -124.00000000000001 116) (3.9999999999999987 -148 116) (-3.9999999999999982 -148 116) (-3.9999999999999982 -124.00000000000001 116) 
4 95 100 (3.9999999999999987 -91.99999999999999 116) (3.9999999999999987 -116 116) (-3.9999999999999982 -116 116) (-3.9999999999999982 -92 116) 
4 95 99 (3.9999999999999987 -60.000000000000014 116) (3.9999999999999987 -84 116) (-3.9999999999999982 -84 116) (-3.9999999999999982 -60.000000000000014 116) 
4 95 98 (3.999999999999999 -28 116) (3.9999999999999987 -52 116) (-3.9999999999999982 -52 116) (-3.9999999999999982 -28 116) 
4 95 97 (-3.9999999999999982 -16 116) (3.999999999999999 -16 116) (3.999999999999999 -20.000000000000004 116) (-3.9999999999999982 -20 116) 
4 95 96 (3.999999999999999 -16 116) (8 -16 116) (8 -240 116) (3.9999999999999982 -240 116) 
4 96 104 (8 -224 100) (8 -240 100) (4 -240 116) (4 -220 116) 
4 96 103 (8 -192 100) (8 -208 100) (4 -212 116) (4 -188 116) 
4 96 102 (8 -160.00000000000003 100) (8 -176.00000000000003 100) (4 -180 116) (4 -156.00000000000006 116) 
4 96 101 (8 -128 100) (8 -144 100) (4 -148 116) (4 -124.00000000000001 116) 
4 96 100 (8 -96 100) (8 -112 100) (4 -116 116) (4 -92 116) 
4 96 99 (8 -64.00000000000001 100) (8 -80 100) (4 -84 116) (4 -60.000000000000014 116) 
4 96 98 (8 -32 100) (8 -48 100) (4 -52 116) (4 -28 116) 
3 96 97 (8 -16 100) (4 -20 116) (4 -16 116) 
3 97 105 (-8 -16 100) (-4 -20 116) (-4 -16 116) 
4 98 105 (-8 -32 100) (-8 -48 100) (-4 -52 116) (-4 -28 116) 
4 99 105 (-8 -64 100) (-8 -80 100) (-4 -84 116) (-4 -60.000000000000014 116) 
4 100 105 (-8 -95.99999999999999 100) (-8 -112 100) (-4 -116 116) (-4 -92 116) 
4 101 105 (-8 -128 100) (-8 -144 100) (-4 -148 116) (-4 -124.00000000000001 116) 
4 102 105 (-8 -160 100) (-8 -176 100) (-4 -180 116) (-4 -156.00000000000006 116) 
4 103 105 (-8 -192 100) (-8 -208 100) (-4 -212 116) (-4 -188 116) 
4 104 105 (-8 -224 100) (-8 -240 100) (-4 -240 116) (-4 -220 116) 
4 105 120 (-8 -16 100) (-8 -240 100) (-8 -240 116) (-8 -16 116) 
4 106 120 (-8 -32 0) (-8 -124 0) (-8 -124 76) (-8 -32 76) 
4 107 120 (-8 -140 0) (-8 -224 0) (-8 -224 76) (-8 -140 76) 
4 108 167 (-456 -86 196) (-456 -372 196) (-456 -372 320) (-456 -86 320) 
4 108 166 (-456 -78 196) (-456 -86 196) (-456 -86 320) (-456 -78 320) 
4 108 165 (-456 -70 196) (-456 -78 196) (-456 -78 320) (-456 -70 320) 
4 108 164 (-456 -62 196) (-456 -70 196) (-456 -70 320) (-456 -62 320) 
4 108 163 (-456 -54 196) (-456 -62 196) (-456 -62 320) (-456 -54 320) 
4 108 162 (-456 -46 196) (-456 -54 196) (-456 -54 320) (-456 -46 320) 
4 108 161 (-456 -38 196) (-456 -46 196) (-456 -46 320) (-456 -38 320) 
4 108 160 (-456 -30 196) (-456 -38 196) (-456 -38 320) (-456 -30 320) 
4 108 159 (-456 -22 196) (-456 -30 196) (-456 -30 320) (-456 -22 320) 
4 108 158 (-456 -14 196) (-456 -22 196) (-456 -22 320) (-456 -14 320) 
4 108 157 (-456 -6 196) (-456 -14 196) (-456 -14 320) (-456 -6 320) 
4 108 156 (-456 0 320) (-456 0 196) (-456 -6 196) (-456 -6 320) 
4 108 155 (-456 -372 320) (-456 -372 196) (-385 -372 196) (-385 -372 320) 
4 108 153 (-385 -372 196) (-377 -372 196) (-377 -372 320) (-385 -372 320) 
4 108 152 (-377 -372 196) (-376 -372 196) (-376 -372 320) (-377 -372 320) 
4 108 151 (-376 -372 196) (-264 -372 196) (-264 -372 320) (-376 -372 320) 
4 108 150 (-264 -372 196) (-232 -372 196) (-232 -372 320) (-264 -372 320) 
4 108 148 (-232 -372 196) (-152 -372 196) (-152 -372 320) (-232 -372 320) 
4 108 147 (-152 -372 196) (-120 -372 196) (-120 -372 320) (-152 -372 320) 
4 108 146 (-120 -372 196) (-8 -372 196) (-8 -372 320) (-120 -372 320) 
4 108 114 (-8 -372 196) (-456 -372 196) (-456 -260 196) (-8 -260 196) 
4 108 113 (-456 -260 196) (-456 -252 196) (-443 -252 196) (-443 -260 196) 
4 108 112 (-435 -252 196) (-411 -252 196) (-411 -260 196) (-435 -260 196) 
4 108 111 (-402.99999999999994 -252 196) (-371 -252 196) (-371 -260 196) (-402.99999999999994 -260 196) 
4 108 110 (-362.99999999999994 -252 196) (-8 -252 196) (-8 -260 196) (-362.99999999999994 -260 196) 
4 108 109 (-456 -252 196) (-456 0 196) (-8 0 196) (-8 -252 196) 
4 109 168 (-456 -86 180) (-456 -248 180) (-456 -252 196) (-456 -86 196) 
4 109 166 (-456 -78 180) (-456 -86 180) (-456 -86 196) (-456 -78 196) 
4 109 165 (-456 -70 180) (-456 -78 180) (-456 -78 196) (-456 -70 196) 
4 109 164 (-456 -62 180) (-456 -70 180) (-456 -70 196) (-456 -62 196) 
4 109 163 (-456 -54 180) (-456 -62 180) (-456 -62 196) (-456 -54 196) 
4 109 162 (-456 -46 180) (-456 -54 180) (-456 -54 196) (-456 -46 196) 
4 109 161 (-456 -38 180) (-456 -46 180) (-456 -46 196) (-456 -38 196) 
4 109 160 (-456 -30 180) (-456 -38 180) (-456 -38 196) (-456 -30 196) 
4 109 159 (-456 -22 180) (-456 -30 180) (-456 -30 196) (-456 -22 196) 
4 109 158 (-456 -14 180) (-456 -22 180) (-456 -22 196) (-456 -14 196) 
4 109 157 (-456 -6 180) (-456 -14 180) (-456 -14 196) (-456 -6 196) 
4 109 156 (-456 0 196) (-456 0 180) (-456 -6 180) (-456 -6 196) 
4 109 115 (-456 -248.00000000000003 180) (-456 0 180) (-8 0 180) (-8 -248 180) 
4 109 113 (-456 -248 180) (-447 -248 180) (-443 -252 196) (-456 -252 196) 
4 109 112 (-431 -248 180) (-415 -248 180) (-411 -252 196) (-435 -252 196) 
4 109 111 (-399 -248 180) (-375 -248 180) (-371 -252 196) (-402.99999999999994 -252 196) 
4 109 110 (-359 -248 180) (-8 -248 180) (-8 -252 196) (-362.99999999999994 -252 196) 
4 110 116 (-359 -248.00000000000003 180) (-8 -248 180) (-8 -264 180) (-359 -264 180) 
4 110 114 (-359 -263.99999999999994 180) (-8 -263.99999999999994 180) (-8 -259.99999999999994 196) (-362.99999999999994 -259.99999999999994 196) 
4 111 114 (-399 -263.99999999999994 180) (-375 -263.99999999999994 180) (-371 -259.99999999999994 196) (-402.99999999999994 -259.99999999999994 196) 
4 112 114 (-431 -263.99999999999994 180) (-415 -263.99999999999994 180) (-411 -259.99999999999994 196) (-435 -259.99999999999994 196) 
4 113 169 (-456 -248 180) (-456 -264 180) (-456 -260 196) (-456 -252 196) 
4 113 114 (-456 -263.99999999999994 180) (-447 -263.99999999999994 180) (-443 -259.99999999999994 196) (-456 -259.99999999999994 196) 
4 114 174 (-456 -264 180) (-456 -372 180) (-456 -372 196) (-456 -260 196) 
4 114 155 (-456 -372 196) (-456 -372 180) (-385 -372 180) (-385 -372 196) 
4 114 153 (-385 -372 180) (-377 -372 180) (-377 -372 196) (-385 -372 196) 
4 114 152 (-377 -372 180) (-376 -372 180) (-376 -372 196) (-377 -372 196) 
4 114 151 (-376 -372 180) (-264 -372 180) (-264 -372 196) (-376 -372 196) 
4 114 150 (-264 -372 180) (-232 -372 180) (-232 -372 196) (-264 -372 196) 
4 114 148 (-232 -372 180) (-152 -372 180) (-152 -372 196) (-232 -372 196) 
4 114 147 (-152 -372 180) (-120 -372 180) (-120 -372 196) (-152 -372 196) 
4 114 146 (-120 -372 180) (-8 -372 180) (-8 -372 196) (-120 -372 196) 
4 114 117 (-8 -372 180) (-456 -372 180) (-456 -264 180) (-8 -264 180) 
4 115 180 (-456 -126 156) (-456 -248 156) (-456 -248 180) (-456 -126 180) 
4 115 179 (-456 -118 156) (-456 -126 156) (-456 -126 180) (-456 -118 180) 
4 115 178 (-456 -110 156) (-456 -118 156) (-456 -118 180) (-456 -110 180) 
4 115 177 (-456 -102 156) (-456 -110 156) (-456 -110 180) (-456 -102 180) 
4 115 176 (-456 -94 156) (-456 -102 156) (-456 -102 180) (-456 -94 180) 
4 115 175 (-456 -86 156) (-456 -94 156) (-456 -94 180) (-456 -86 180) 
4 115 166 (-456 -78 156) (-456 -86 156) (-456 -86 180) (-456 -78 180) 
4 115 165 (-456 -70 156) (-456 -78 156) (-456 -78 180) (-456 -70 180) 
4 115 164 (-456 -62 156) (-456 -70 156) (-456 -70 180) (-456 -62 180) 
4 115 163 (-456 -54 156) (-456 -62 156) (-456 -62 180) (-456 -54 180) 
4 115 162 (-456 -46 156) (-456 -54 156) (-456 -54 180) (-456 -46 180) 
4 115 161 (-456 -38 156) (-456 -46 156) (-456 -46 180) (-456 -38 180) 
4 115 160 (-456 -30 156) (-456 -38 156) (-456 -38 180) (-456 -30 180) 
4 115 159 (-456 -22 156) (-456 -30 156) (-456 -30 180) (-456 -22 180) 
4 115 158 (-456 -14 156) (-456 -22 156) (-456 -22 180) (-456 -14 180) 
4 115 157 (-456 -6 156) (-456 -14 156) (-456 -14 180) (-456 -6 180) 
4 115 156 (-456 0 180) (-456 0 156) (-456 -6 156) (-456 -6 180) 
4 115 145 (-456 -248 156) (-456 -142 156) (-376 -142 156) (-376 -248 156) 
4 115 144 (-456 -142 156) (-456 0 156) (-376 0 156) (-376 -142 156) 
4 115 143 (-376 0 156) (-360 0 156) (-360 -12 156) (-376 -12.000000000000028 156) 
3 115 142 (-212.24557640658608 -248 156) (-360 -248 156) (-360 -100.24557640659009 156) 
5 115 141 (-243.0782104868049 -217.16736591978201 156) (-360 -100.24557640659009 156) (-360 -8 156) (-293.598002619674 -8 156) (-243.0782104868049 -58.5197921328691 156) 
4 115 140 (-53.598002619674006 -248 156) (-212.24557640658608 -248 156) (-213.85365742079838 -246.39191898578775 156) (-55.20608363388624 -246.39191898578775 156) 
6 115 123 (-213.85365742079838 -246.39191898578775 156) (-243.0782104868049 -217.16736591978201 156) (-243.0782104868049 -137.84357902639385 156) (-163.75442359328014 -137.84357902639385 156) (-134.52987052741196 -167.06813209226203 156) (-134.52987052741196 -246.39191898578775 156) 
3 115 122 (-243.0782104868049 -137.84357902639385 156) (-243.0782104868049 -58.5197921328691 156) (-163.75442359328014 -137.84357902639385 156) 
3 115 121 (-134.52987052741196 -167.06813209226203 156) (-55.20608363388624 -246.39191898578775 156) (-134.52987052741196 -246.39191898578775 156) 
4 115 120 (-8 -8 156) (-8 -248 156) (-53.598002619674006 -248 156) (-293.598002619674 -8 156) 
4 115 118 (-360 0 156) (-8 0 156) (-8 -8 156) (-360 -8 156) 
4 115 116 (-359 -248 156) (-8 -248 156) (-8 -248 180) (-359 -248 180) 
4 116 142 (-359 -248 156) (-212.24557640658608 -248 156) (-196.24557640658566 -264 156) (-359 -264 156) 
4 116 140 (-212.24557640658608 -248 156) (-53.59800261967399 -248 156) (-37.59800261967402 -264 156) (-196.24557640658566 -264 156) 
4 116 120 (-53.59800261967399 -248 156) (-8 -248 156) (-8 -264 156) (-37.59800261967402 -264 156) 
4 116 117 (-359 -264 156) (-8 -264 156) (-8 -264 180) (-359 -264 180) 
4 117 183 (-456 -264 156) (-456 -372 156) (-456 -372 180) (-456 -264 180) 
4 117 155 (-456 -372 180) (-456 -372 156) (-385 -372 156) (-385 -372 180) 
4 117 153 (-385 -372 156) (-377 -372 156) (-377 -372 180) (-385 -372 180) 
4 117 152 (-377 -372 156) (-376 -372 156) (-376 -372 180) (-377 -372 180) 
4 117 151 (-376 -372 156) (-264 -372 156) (-264 -372 180) (-376 -372 180) 
4 117 150 (-264 -372 156) (-232 -372 156) (-232 -372 180) (-264 -372 180) 
4 117 148 (-232 -372 156) (-152 -372 156) (-152 -372 180) (-232 -372 180) 
4 117 147 (-152 -372 156) (-120 -372 156) (-120 -372 180) (-152 -372 180) 
4 117 146 (-120 -372 156) (-8 -372 156) (-8 -372 180) (-120 -372 180) 
4 117 145 (-376 -372 156) (-456 -372 156) (-456 -264 156) (-376 -264 156) 
4 117 142 (-88.24557640658277 -372 156) (-360 -372 156) (-360 -264 156) (-196.24557640658566 -264 156) 
5 117 140 (-8 -372 156) (-88.24557640658277 -372 156) (-196.24557640658566 -264 156) (-37.59800261967402 -264 156) (-8 -293.59800261967405 156) 
3 117 120 (-37.59800261967402 -264 156) (-8 -264 156) (-8 -293.59800261967405 156) 
4 118 143 (-360 -8 156) (-360 0 156) (-360 0 152) (-360 -8 152) 
4 118 141 (-360 -8 156) (-360 -8 152) (-293.5980026196772 -8 152) (-293.598002619674 -8 156) 
4 118 120 (-293.5980026196772 -8 152) (-8 -8 152) (-8 -8 156) (-293.598002619674 -8 156) 
4 118 119 (-16 -8 152) (-352 -8 152) (-352 0 152) (-16 0 152) 
4 119 141 (-352 -8 0) (-293.5980026197967 -8 0) (-293.5980026196772 -8 152) (-352 -8 152) 
4 119 120 (-293.5980026197967 -8 0) (-16 -8 0) (-16 -8 152) (-293.5980026196772 -8 152) 
4 120 141 (-293.59800261967416 -8 156) (-293.59800261979683 -8 0) (-243.0782104868049 -58.51979213299194 0) (-243.0782104868049 -58.51979213286924 156) 
4 120 140 (-55.206083634009076 -246.39191898578775 0) (-8 -293.59800261979683 0) (-8 -293.59800261967416 156) (-55.20608363388641 -246.39191898578775 156) 
4 120 125 (-134.52987052741196 -167.06813209236765 21.904251328604005) (-134.52987052741196 -167.0681320922905 120) (-163.75442359330862 -137.84357902639385 120) (-163.75442359338575 -137.84357902639385 21.904251328604005) 
4 120 123 (-134.52987052741196 -167.0681320922905 120) (-134.52987052741196 -167.0681320922622 156) (-163.7544235932803 -137.84357902639385 156) (-163.75442359330862 -137.84357902639385 120) 
4 120 122 (-243.0782104868049 -58.51979213299194 0) (-163.75442359340298 -137.84357902639385 0) (-163.7544235932803 -137.84357902639385 156) (-243.0782104868049 -58.51979213286924 156) 
4 120 121 (-134.52987052741196 -167.06813209238487 0) (-55.206083634009076 -246.39191898578775 0) (-55.20608363388641 -246.39191898578775 156) (-134.52987052741196 -167.0681320922622 156) 
4 121 140 (-134.52987052741196 -246.39191898578775 0) (-55.20608363400895 -246.39191898578775 0) (-55.20608363388629 -246.39191898578775 156) (-134.52987052741196 -246.39191898578775 156) 
4 121 126 (-134.52987052741196 -217.16736591979975 21.904251328604005) (-134.52987052741196 -217.16736591983235 120) (-134.52987052741196 -185.95382445775556 120) (-134.52987052741196 -185.95382445782116 21.904251328604005) 
4 121 125 (-134.52987052741196 -167.06813209229043 120) (-134.52987052741196 -167.06813209236756 21.904251328604005) (-134.52987052741196 -185.95382445782116 21.904251328604005) (-134.52987052741196 -185.95382445775556 120) 
4 121 124 (-134.52987052741196 -217.16736591979247 0) (-134.52987052741196 -246.39191898578775 0) (-134.52987052741196 -246.39191898578775 120) (-134.52987052741196 -217.16736591983235 120) 
4 121 123 (-134.52987052741196 -167.06813209226212 156) (-134.52987052741196 -167.06813209229043 120) (-134.52987052741196 -246.39191898578775 120) (-134.52987052741196 -246.39191898578775 156) 
4 122 141 (-243.0782104868049 -58.519792132869384 156) (-243.0782104868049 -58.51979213299205 0) (-243.0782104868049 -137.84357902639385 0) (-243.0782104868049 -137.84357902639385 156) 
4 122 137 (-243.0782104868049 -137.84357902639385 21.904251328604005) (-243.0782104868049 -137.84357902639385 0) (-213.8536574208083 -137.84357902639385 0) (-213.8536574208158 -137.84357902639385 21.904251328604005) 
4 122 136 (-243.0782104868049 -137.84357902639385 120) (-243.0782104868049 -137.84357902639385 21.904251328604005) (-231.0782104868049 -137.84357902639385 21.904251328604005) (-231.0782104868049 -137.84357902639385 120) 
4 122 127 (-231.0782104868049 -137.84357902639385 21.904251328604005) (-182.64011595883923 -137.84357902639385 21.904251328604005) (-182.64011595877363 -137.84357902639385 120) (-231.0782104868049 -137.84357902639385 120) 
4 122 125 (-163.75442359338555 -137.84357902639385 21.904251328604005) (-163.75442359330842 -137.84357902639385 120) (-182.64011595877363 -137.84357902639385 120) (-182.64011595883923 -137.84357902639385 21.904251328604005) 
4 122 123 (-243.0782104868049 -137.84357902639385 156) (-243.0782104868049 -137.84357902639385 120) (-163.75442359330842 -137.84357902639385 120) (-163.7544235932801 -137.84357902639385 156) 
4 123 142 (-213.8536574208014 -246.39191898578775 120) (-213.8536574207984 -246.39191898578775 156) (-243.0782104868049 -217.16736591978207 156) (-243.0782104868049 -217.16736591978506 120) 
4 123 141 (-243.0782104868049 -217.16736591978503 120) (-243.0782104868049 -217.16736591978204 156) (-243.0782104868049 -137.84357902639385 156) (-243.0782104868049 -137.84357902639385 120) 
4 123 140 (-213.85365742079838 -246.39191898578775 156) (-213.85365742080137 -246.39191898578775 120) (-134.52987052741196 -246.39191898578775 120) (-134.52987052741196 -246.39191898578775 156) 
4 123 139 (-194.96796505536443 -246.39191898578775 120) (-213.85365742080137 -246.39191898578775 120) (-243.0782104868049 -217.16736591978503 120) (-243.0782104868049 -198.28167355435016 120) 
4 123 138 (-149.9108445669748 -232.54833995939518 120) (-163.75442359336736 -246.39191898578775 120) (-194.96796505536443 -246.39191898578775 120) (-208.81154408175783 -232.54833995939518 120) 
4 123 136 (-243.0782104868049 -137.84357902639385 120) (-231.0782104868049 -137.84357902639385 120) (-231.0782104868049 -210.28167355434945 120) (-243.0782104868049 -198.28167355435016 120) 
4 123 134 (-212 -229.3598840411532 120) (-231.0782104868049 -210.28167355434945 120) (-231.0782104868049 -149.8435790263975 120) (-212 -149.8435790263975 120) 
3 123 133 (-212 -153.0320349446201 120) (-212 -149.8435790263975 120) (-208.8115440817774 -149.8435790263975 120) 
3 123 132 (-164 -232.54833995939518 120) (-170.64011595881286 -232.54833995939518 120) (-164 -225.90822400058278 120) 
6 123 131 (-170.64011595881286 -232.54833995939518 120) (-208.81154408175783 -232.54833995939518 120) (-212 -229.3598840411532 120) (-212 -212 120) (-164 -212 120) (-164 -225.90822400058278 120) 
6 123 129 (-152.48369498516752 -168 120) (-148.3734495538044 -172.11024543136313 120) (-148.3734495538044 -231.01094494622478 120) (-149.9108445669748 -232.54833995939518 120) (-164 -232.54833995939518 120) (-164 -168 120) 
5 123 128 (-170.64011595877 -149.8435790263975 120) (-152.48369498516752 -168 120) (-212 -168 120) (-212 -153.0320349446201 120) (-208.8115440817774 -149.8435790263975 120) 
4 123 127 (-231.0782104868049 -137.84357902639385 120) (-182.64011595877363 -137.84357902639385 120) (-170.64011595877 -149.8435790263975 120) (-231.0782104868049 -149.8435790263975 120) 
4 123 126 (-148.3734495538044 -172.11024543136313 120) (-134.52987052741196 -185.95382445775556 120) (-134.52987052741196 -217.16736591983235 120) (-148.3734495538044 -231.01094494622478 120) 
4 123 125 (-182.64011595877363 -137.84357902639385 120) (-163.75442359330845 -137.84357902639385 120) (-134.52987052741196 -167.06813209229034 120) (-134.52987052741196 -185.95382445775556 120) 
3 123 124 (-134.52987052741196 -217.16736591983235 120) (-134.52987052741196 -246.39191898578775 120) (-163.75442359336736 -246.39191898578775 120) 
4 124 140 (-163.75442359340724 -246.39191898578775 0) (-134.52987052741196 -246.39191898578775 0) (-134.52987052741196 -246.39191898578775 120) (-163.75442359336736 -246.39191898578775 120) 
4 124 138 (-163.75442359339974 -246.39191898578775 21.904251328604005) (-163.75442359336716 -246.39191898578775 120) (-149.91084456697462 -232.54833995939518 120) (-149.9108445670072 -232.54833995939518 21.904251328604005) 
4 124 130 (-148.3734495538044 -231.01094494619994 44.68920842295812) (-148.3734495538044 -231.01094494619238 21.904251328604005) (-149.9108445670072 -232.54833995939518 21.904251328604005) (-149.91084456699963 -232.54833995939518 44.68920842295812) 
4 124 129 (-149.91084456697462 -232.54833995939518 120) (-148.3734495538044 -231.01094494622495 120) (-148.3734495538044 -231.01094494619994 44.68920842295812) (-149.91084456699963 -232.54833995939518 44.68920842295812) 
4 124 126 (-148.3734495538044 -231.01094494622495 120) (-134.52987052741196 -217.1673659198325 120) (-134.52987052741196 -217.16736591979992 21.904251328604005) (-148.3734495538044 -231.01094494619238 21.904251328604005) 
4 125 129 (-148.3734495538044 -172.1102454313628 120) (-152.4836949851672 -168 120) (-152.48369498521757 -168 44.68920842295812) (-148.3734495538044 -172.11024543141318 44.68920842295812) 
4 125 128 (-152.4836949851672 -168 120) (-170.6401159587697 -149.8435790263975 120) (-170.64011595882008 -149.8435790263975 44.68920842295812) (-152.48369498521757 -168 44.68920842295812) 
4 125 127 (-170.6401159587697 -149.8435790263975 120) (-182.64011595877335 -137.84357902639385 120) (-182.64011595883895 -137.84357902639385 21.904251328604005) (-170.6401159588353 -149.8435790263975 21.904251328604005) 
4 125 126 (-134.52987052741196 -185.95382445782084 21.904251328604005) (-134.52987052741196 -185.95382445775525 120) (-148.3734495538044 -172.1102454313628 120) (-148.3734495538044 -172.1102454314284 21.904251328604005) 
4 126 130 (-148.3734495538044 -210.28167355435806 21.904251328604005) (-148.3734495538044 -231.01094494619218 21.904251328604005) (-148.3734495538044 -231.01094494619974 44.68920842295812) (-148.3734495538044 -210.28167355436509 44.68920842295812) 
4 126 129 (-148.3734495538044 -172.11024543136298 120) (-148.3734495538044 -172.11024543141335 44.68920842295812) (-148.3734495538044 -231.01094494619974 44.68920842295812) (-148.3734495538044 -231.01094494622475 120) 
4 127 137 (-225.85365742081916 -149.8435790263975 21.904251328604005) (-231.0782104868049 -149.8435790263975 21.904251328604005) (-231.0782104868049 -137.84357902639385 21.904251328604005) (-213.8536574208158 -137.84357902639385 21.904251328604005) 
4 127 136 (-231.0782104868049 -137.84357902639385 21.904251328604005) (-231.0782104868049 -149.8435790263975 21.904251328604005) (-231.0782104868049 -149.8435790263975 120) (-231.0782104868049 -137.84357902639385 120) 
4 127 135 (-231.0782104868049 -149.8435790263975 44.68920842295812) (-231.0782104868049 -149.8435790263975 21.904251328604005) (-212 -149.8435790263975 21.904251328604005) (-212 -149.8435790263975 44.68920842295812) 
4 127 134 (-231.0782104868049 -149.8435790263975 120) (-231.0782104868049 -149.8435790263975 44.68920842295812) (-212 -149.8435790263975 44.68920842295812) (-212 -149.8435790263975 120) 
4 127 133 (-212 -149.8435790263975 21.904251328604005) (-208.8115440817579 -149.8435790263975 21.904251328604005) (-208.8115440817774 -149.8435790263975 120) (-212 -149.8435790263975 120) 
4 127 128 (-170.64011595882036 -149.8435790263975 44.68920842295812) (-170.64011595877 -149.8435790263975 120) (-208.8115440817774 -149.8435790263975 120) (-208.81154408176243 -149.8435790263975 44.68920842295812) 
4 128 134 (-212 -168 44.68920842295812) (-212 -168 120) (-212 -153.0320349446201 120) (-212 -153.0320349446351 44.68920842295812) 
4 128 133 (-208.81154408177738 -149.8435790263975 120) (-208.8115440817624 -149.8435790263975 44.68920842295812) (-212 -153.03203494463511 44.68920842295812) (-212 -153.03203494462014 120) 
4 128 129 (-164 -168 44.68920842295812) (-152.48369498521785 -168 44.68920842295812) (-152.4836949851675 -168 120) (-164 -168 120) 
4 129 138 (-149.9108445669998 -232.54833995939518 44.68920842295812) (-149.9108445669748 -232.54833995939518 120) (-164 -232.54833995939518 120) (-164 -232.54833995939518 44.68920842295812) 
4 129 132 (-164 -225.90822400055958 44.68920842295812) (-164 -232.54833995939518 44.68920842295812) (-164 -232.54833995939518 120) (-164 -225.90822400058278 120) 
4 129 131 (-164 -212 44.68920842295812) (-164 -225.90822400055958 44.68920842295812) (-164 -225.90822400058278 120) (-164 -212 120) 
5 129 130 (-164 -232.54833995939518 44.68920842295812) (-164 -225.90822400055958 44.68920842295812) (-148.3734495538044 -210.28167355436509 44.68920842295812) (-148.3734495538044 -231.01094494619974 44.68920842295812) (-149.91084456699983 -232.54833995939518 44.68920842295812) 
4 130 138 (-164 -232.54833995939518 21.904251328604005) (-149.91084456700736 -232.54833995939518 21.904251328604005) (-149.9108445669998 -232.54833995939518 44.68920842295812) (-164 -232.54833995939518 44.68920842295812) 
4 130 132 (-164 -225.90822400055254 21.904251328604005) (-164 -232.54833995939518 21.904251328604005) (-164 -232.54833995939518 44.68920842295812) (-164 -225.90822400055958 44.68920842295812) 
4 131 139 (-208.81154408175792 -232.54833995939518 120) (-212 -229.3598840411533 120) (-212 -229.35988404115807 44.68920842295812) (-208.8115440817627 -232.54833995939518 44.68920842295812) 
4 131 138 (-208.81154408175775 -232.54833995939518 120) (-208.81154408176252 -232.54833995939518 44.68920842295812) (-170.64011595883608 -232.54833995939518 44.68920842295812) (-170.64011595881286 -232.54833995939518 120) 
4 131 134 (-212 -229.35988404115793 44.68920842295812) (-212 -229.35988404115315 120) (-212 -212 120) (-212 -212 44.68920842295812) 
4 131 132 (-170.64011595881297 -232.54833995939518 120) (-170.64011595883616 -232.54833995939518 44.68920842295812) (-164 -225.90822400055947 44.68920842295812) (-164 -225.90822400058266 120) 
4 132 138 (-170.6401159588431 -232.54833995939518 21.904251328604005) (-164 -232.54833995939518 21.904251328604005) (-164 -232.54833995939518 120) (-170.64011595881286 -232.54833995939518 120) 
4 133 135 (-212 -149.8435790263975 44.68920842295812) (-212 -149.8435790263975 21.904251328604005) (-212 -153.03203494463963 21.904251328604005) (-212 -153.0320349446351 44.68920842295812) 
4 133 134 (-212 -149.8435790263975 120) (-212 -149.8435790263975 44.68920842295812) (-212 -153.0320349446351 44.68920842295812) (-212 -153.0320349446201 120) 
4 134 139 (-212 -229.3598840411533 120) (-231.0782104868049 -210.28167355434954 120) (-231.0782104868049 -210.2816735543543 44.68920842295812) (-212 -229.35988404115807 44.68920842295812) 
4 134 136 (-231.0782104868049 -210.28167355435423 44.68920842295812) (-231.0782104868049 -210.28167355434945 120) (-231.0782104868049 -149.8435790263975 120) (-231.0782104868049 -149.8435790263975 44.68920842295812) 
4 134 135 (-231.0782104868049 -172.11024543144018 44.68920842295812) (-231.0782104868049 -149.8435790263975 44.68920842295812) (-212 -149.8435790263975 44.68920842295812) (-212 -153.03203494463511 44.68920842295812) 
3 135 137 (-231.0782104868049 -155.06813209238334 21.904251328604005) (-231.0782104868049 -149.8435790263975 21.904251328604005) (-225.85365742081916 -149.8435790263975 21.904251328604005) 
4 135 136 (-231.0782104868049 -149.8435790263975 21.904251328604005) (-231.0782104868049 -172.11024543144472 21.904251328604005) (-231.0782104868049 -172.11024543144018 44.68920842295812) (-231.0782104868049 -149.8435790263975 44.68920842295812) 
4 136 141 (-243.0782104868049 -198.28167355435636 21.904251328604005) (-243.0782104868049 -198.28167355435016 120) (-243.0782104868049 -137.84357902639385 120) (-243.0782104868049 -137.84357902639385 21.904251328604005) 
4 136 139 (-231.0782104868049 -210.28167355434954 120) (-243.0782104868049 -198.28167355435028 120) (-243.0782104868049 -198.2816735543565 21.904251328604005) (-231.0782104868049 -210.28167355435576 21.904251328604005) 
4 136 137 (-243.0782104868049 -167.0681320923836 21.904251328604005) (-243.0782104868049 -137.84357902639385 21.904251328604005) (-231.0782104868049 -137.84357902639385 21.904251328604005) (-231.0782104868049 -155.06813209238334 21.904251328604005) 
4 137 141 (-243.0782104868049 -137.84357902639385 0) (-243.0782104868049 -167.06813209239112 0) (-243.0782104868049 -167.0681320923836 21.904251328604005) (-243.0782104868049 -137.84357902639385 21.904251328604005) 
4 138 140 (-163.75442359339996 -246.39191898578775 21.904251328604005) (-163.75442359336736 -246.39191898578775 120) (-194.96796505536443 -246.39191898578775 120) (-194.9679650553706 -246.39191898578775 21.904251328604005) 
4 138 139 (-194.96796505537074 -246.39191898578775 21.904251328604005) (-194.96796505536452 -246.39191898578775 120) (-208.81154408175792 -232.54833995939518 120) (-208.81154408176414 -232.54833995939518 21.904251328604005) 
4 139 142 (-213.85365742080955 -246.39191898578775 21.904251328604005) (-213.8536574208014 -246.39191898578775 120) (-243.0782104868049 -217.16736591978506 120) (-243.0782104868049 -217.1673659197932 21.904251328604005) 
4 139 141 (-243.0782104868049 -217.16736591979318 21.904251328604005) (-243.0782104868049 -217.16736591978503 120) (-243.0782104868049 -198.28167355435016 120) (-243.0782104868049 -198.28167355435636 21.904251328604005) 
4 139 140 (-213.85365742080137 -246.39191898578775 120) (-213.85365742080953 -246.39191898578775 21.904251328604005) (-194.9679650553706 -246.39191898578775 21.904251328604005) (-194.96796505536443 -246.39191898578775 120) 
4 140 142 (-213.85365742081137 -246.39191898578775 0) (-88.24557640659576 -372 0) (-88.24557640658281 -372 156) (-213.8536574207984 -246.39191898578775 156) 
4 141 143 (-360 -11.999999999999986 156) (-360 -8 156) (-360 -8 152) (-360 -12.102564102564102 152) 
4 141 142 (-360 -100.2455764065901 156) (-360 -100.24557640660305 0) (-243.0782104868049 -217.16736591979503 0) (-243.0782104868049 -217.16736591978207 156) 
4 142 150 (-232 -372 132) (-232 -372 156) (-264 -372 156) (-264 -372 132) 
10 142 149 (-232 -372 0) (-152 -372 0) (-152 -372 43.999999999999986) (-160 -372 59.999999999999964) (-176 -372 76) (-188 -372 80) (-196.00000000000006 -372 80) (-207.99999999999991 -372 76.00000000000006) (-224.00000000000003 -372 59.999999999999936) (-232 -372 44) 
4 142 148 (-152 -372 132) (-152 -372 156) (-232 -372 156) (-232 -372 132) 
4 142 147 (-120 -372 132) (-120 -372 156) (-152 -372 156) (-152 -372 132) 
4 143 144 (-376 -12 156) (-376 0 156) (-376 0 152) (-376 -12.102564102564104 152) 
4 144 185 (-456 -142 80) (-456 -142 156) (-456 -134 156) (-456 -134 80) 
4 144 184 (-456 -134 76) (-456 -134 156) (-456 -126 156) (-456 -126 76) 
4 144 179 (-456 -126 72) (-456 -126 156) (-456 -118 156) (-456 -118 72) 
4 144 178 (-456 -118 68) (-456 -118 156) (-456 -110 156) (-456 -110 68) 
4 144 177 (-456 -110 64) (-456 -110 156) (-456 -102 156) (-456 -102 64) 
4 144 176 (-456 -102 60) (-456 -102 156) (-456 -94 156) (-456 -94 60) 
4 144 175 (-456 -94 56) (-456 -94 156) (-456 -86 156) (-456 -86 56) 
4 144 166 (-456 -86 52) (-456 -86 156) (-456 -78 156) (-456 -78 52) 
4 144 165 (-456 -78 48) (-456 -78 156) (-456 -70 156) (-456 -70 48) 
4 144 164 (-456 -70 44) (-456 -70 156) (-456 -62 156) (-456 -62 44) 
4 144 163 (-456 -62 40) (-456 -62 156) (-456 -54 156) (-456 -54 40) 
4 144 162 (-456 -54 36) (-456 -54 156) (-456 -46 156) (-456 -46 36) 
4 144 161 (-456 -46 32) (-456 -46 156) (-456 -38 156) (-456 -38 32) 
4 144 160 (-456 -38 28) (-456 -38 156) (-456 -30 156) (-456 -30 28) 
4 144 159 (-456 -30 24) (-456 -30 156) (-456 -22 156) (-456 -22 24) 
4 144 158 (-456 -22 20) (-456 -22 156) (-456 -14 156) (-456 -14 20) 
4 144 157 (-456 -14 16) (-456 -14 156) (-456 -6 156) (-456 -6 16) 
4 144 156 (-456 0 156) (-456 0 12) (-456 -6 12) (-456 -6 156) 
4 144 145 (-376 -142 84) (-376 -142 156) (-456 -142 156) (-456 -142 84) 
4 145 186 (-456 -372 84) (-456 -372 156) (-456 -142 156) (-456 -142 84) 
4 145 155 (-456 -372 156) (-456 -372 84) (-385 -372 84) (-385 -372 156) 
4 145 153 (-385 -372 84) (-377 -372 84) (-377 -372 156) (-385 -372 156) 
4 145 152 (-377 -372 84) (-376 -372 84) (-376 -372 156) (-377 -372 156) 
4 146 281 (-120 -388 268) (-120 -388 156) (-40.11774900599764 -388 156) (-40.117749005981494 -388 268) 
4 146 273 (-120 -388 320) (-120 -388 268) (-40.117749005981494 -388 268) (-40.117749005974 -388 320) 
4 146 233 (-40.11774900599764 -388 156) (-8 -388 156) (-8 -388 320) (-40.117749005974 -388 320) 
4 146 147 (-120 -372 320) (-120 -372 156) (-120 -388 156) (-120 -388 320) 
4 147 281 (-152 -388 268) (-152 -388 132) (-120 -388 132) (-120 -388 268) 
4 147 273 (-152 -388 320) (-152 -388 268) (-120 -388 268) (-120 -388 320) 
4 147 148 (-152 -372 320) (-152 -372 132) (-152 -388 132) (-152 -388 320) 
4 148 305 (-232 -388 320) (-232 -388 132) (-152 -388 132) (-152 -388 320) 
4 148 150 (-232 -372 320) (-232 -372 132) (-232 -388 132) (-232 -388 320) 
10 149 306 (-232 -388 44) (-232 -388 0) (-152 -388 0) (-152 -388 43.999999999999986) (-160 -388 59.999999999999964) (-176 -388 76) (-188 -388 80) (-196.00000000000006 -388 80) (-207.99999999999991 -388 76.00000000000006) (-224.00000000000003 -388 59.999999999999936) 
4 150 305 (-264 -388 320) (-264 -388 132) (-232 -388 132) (-232 -388 320) 
4 150 151 (-264 -372 320) (-264 -372 156) (-264 -388 156) (-264 -388 320) 
4 151 327 (-376 -388 320) (-376 -388 156) (-364 -388 156) (-364 -388 320) 
4 151 305 (-364 -388 156) (-264 -388 156) (-264 -388 320) (-364 -388 320) 
4 151 152 (-376 -372 320) (-376 -372 156) (-376 -388 156) (-376 -388 320) 
4 152 328 (-377 -388 84) (-376 -388 84) (-376 -388 128) (-377 -388 128) 
4 152 327 (-376 -388 128) (-376 -388 320) (-377 -388 320) (-377 -388 128) 
4 152 154 (-377 -388 128) (-377 -388 320) (-377 -379 320) (-377 -379 128) 
4 152 153 (-377 -372 84) (-377 -379 84) (-377 -379 320) (-377 -372 320) 
4 153 155 (-385 -372 84) (-385 -379 84) (-385 -379 320) (-385 -372 320) 
4 153 154 (-385 -379 320) (-385 -379 128) (-377 -379 128) (-377 -379 320) 
4 154 327 (-377 -388 128) (-377 -388 320) (-385 -388 320) (-385 -388 128) 
4 154 155 (-385 -388 128) (-385 -388 320) (-385 -379 320) (-385 -379 128) 
4 155 329 (-456 -388 128) (-456 -388 84) (-385 -388 84) (-385 -388 128) 
4 155 327 (-456 -388 320) (-456 -388 128) (-385 -388 128) (-385 -388 320) 
4 155 186 (-456 -372 156) (-456 -372 84) (-456 -388 84) (-456 -388 156) 
4 155 183 (-456 -372 180) (-456 -372 156) (-456 -388 156) (-456 -388 180) 
4 155 174 (-456 -372 196) (-456 -372 180) (-456 -388 180) (-456 -388 196) 
4 155 167 (-456 -372 320) (-456 -372 196) (-456 -388 196) (-456 -388 320) 
4 156 157 (-576 -6 320) (-576 -6 16) (-456 -6 16) (-456 -6 320) 
4 157 158 (-576 -14 320) (-576 -14 20) (-456 -14 20) (-456 -14 320) 
4 158 159 (-576 -22 320) (-576 -22 24) (-456 -22 24) (-456 -22 320) 
4 159 160 (-576 -30 320) (-576 -30 28) (-456 -30 28) (-456 -30 320) 
4 160 161 (-576 -38 320) (-576 -38 32) (-456 -38 32) (-456 -38 320) 
4 161 162 (-576 -46 320) (-576 -46 36) (-456 -46 36) (-456 -46 320) 
4 162 163 (-576 -54 320) (-576 -54 40) (-456 -54 40) (-456 -54 320) 
4 163 164 (-576 -62 320) (-576 -62 44) (-456 -62 44) (-456 -62 320) 
4 164 165 (-576 -70 320) (-576 -70 48) (-456 -70 48) (-456 -70 320) 
4 165 166 (-576 -78 320) (-576 -78 52) (-456 -78 52) (-456 -78 320) 
4 166 175 (-576 -86 180) (-576 -86 56) (-456 -86 56) (-456 -86 180) 
4 166 168 (-576 -86 196) (-576 -86 180) (-456 -86 180) (-456 -86 196) 
4 166 167 (-576 -86 320) (-576 -86 196) (-456 -86 196) (-456 -86 320) 
4 167 327 (-576 -388 320) (-576 -388 196) (-456 -388 196) (-456 -388 320) 
4 167 174 (-576 -388 196) (-576 -260 196) (-456 -260 196) (-456 -388 196) 
4 167 173 (-576 -260 196) (-576 -252 196) (-571 -252 196) (-571 -260 196) 
4 167 172 (-563 -252 196) (-539 -252 196) (-539 -260 196) (-563 -260 196) 
4 167 171 (-531 -252 196) (-507 -252 196) (-507 -260 196) (-531 -260 196) 
4 167 170 (-499 -252 196) (-474.99999999999994 -252 196) (-474.99999999999994 -260 196) (-499 -260 196) 
4 167 169 (-467 -252 196) (-456 -252 196) (-456 -260 196) (-467 -260 196) 
4 167 168 (-576 -252 196) (-576 -86 196) (-456 -86 196) (-456 -252 196) 
4 168 180 (-576 -248.00000000000003 180) (-576 -126 180) (-456 -126 180) (-456 -248.00000000000003 180) 
4 168 179 (-576 -126 180) (-576 -118 180) (-456 -118 180) (-456 -126 180) 
4 168 178 (-576 -118 180) (-576 -110 180) (-456 -110 180) (-456 -118 180) 
4 168 177 (-576 -110 180) (-576 -102 180) (-456 -102 180) (-456 -110 180) 
4 168 176 (-576 -102 180) (-576 -94 180) (-456 -94 180) (-456 -102 180) 
4 168 175 (-576 -94 180) (-576 -86 180) (-456 -86 180) (-456 -94 180) 
4 168 173 (-576 -248 180) (-575 -248 180) (-571 -252 196) (-576 -252 196) 
4 168 172 (-559.0000000000001 -248 180) (-543 -248 180) (-539 -252 196) (-563 -252 196) 
4 168 171 (-527 -248 180) (-511 -248 180) (-507 -252 196) (-531 -252 196) 
4 168 170 (-495.00000000000006 -248 180) (-479 -248 180) (-474.99999999999994 -252 196) (-499 -252 196) 
4 168 169 (-463 -248 180) (-456 -248 180) (-456 -252 196) (-467 -252 196) 
4 169 174 (-463 -263.99999999999994 180) (-456 -263.99999999999994 180) (-456 -259.99999999999994 196) (-467 -259.99999999999994 196) 
4 170 174 (-495.00000000000006 -263.99999999999994 180) (-479 -263.99999999999994 180) (-474.99999999999994 -259.99999999999994 196) (-499 -259.99999999999994 196) 
4 171 174 (-527 -263.99999999999994 180) (-511 -263.99999999999994 180) (-507 -259.99999999999994 196) (-531 -259.99999999999994 196) 
4 172 174 (-559.0000000000001 -263.99999999999994 180) (-543 -263.99999999999994 180) (-539 -259.99999999999994 196) (-563 -259.99999999999994 196) 
4 173 182 (-576 -264 180) (-576 -248.00000000000003 180) (-575 -248.00000000000003 180) (-575 -264 180) 
4 173 174 (-576 -263.99999999999994 180) (-575 -263.99999999999994 180) (-571 -259.99999999999994 196) (-576 -259.99999999999994 196) 
4 174 327 (-576 -388 196) (-576 -388 180) (-456 -388 180) (-456 -388 196) 
4 174 183 (-576 -388 180) (-576 -264 180) (-456 -264 180) (-456 -388 180) 
4 175 176 (-456 -94 60) (-456 -94 180) (-576 -94 180) (-576 -94 60) 
4 176 177 (-456 -102 64) (-456 -102 180) (-576 -102 180) (-576 -102 64) 
4 177 178 (-456 -110 68) (-456 -110 180) (-576 -110 180) (-576 -110 68) 
4 178 179 (-456 -118 72) (-456 -118 180) (-576 -118 180) (-576 -118 72) 
4 179 184 (-456 -126 76) (-456 -126 156) (-576 -126 156) (-576 -126 76) 
4 179 180 (-456 -126 156) (-456 -126 180) (-576 -126 180) (-576 -126 156) 
4 180 189 (-576 -248 156) (-576 -142 156) (-575 -142 156) (-575 -248 156) 
4 180 187 (-575 -142 156) (-479 -142 156) (-479 -248 156) (-575 -248 156) 
4 180 186 (-479 -142 156) (-456 -142 156) (-456 -248 156) (-479 -248 156) 
4 180 185 (-576 -142 156) (-576 -134 156) (-456 -134 156) (-456 -142 156) 
4 180 184 (-576 -134 156) (-576 -126 156) (-456 -126 156) (-456 -134 156) 
4 180 182 (-576 -248 156) (-575 -248 156) (-575 -248 180) (-576 -248 180) 
4 180 181 (-511 -248 156) (-495 -248 156) (-495 -248 180) (-510.99999999999994 -248 180) 
4 182 189 (-576 -264 156) (-576 -248 156) (-575 -248 156) (-575 -264 156) 
4 182 183 (-576 -264 156) (-575 -264 156) (-575 -264 180) (-576 -264 180) 
4 183 327 (-576 -388 180) (-576 -388 156) (-456 -388 156) (-456 -388 180) 
4 183 189 (-576 -388 156) (-576 -264 156) (-575 -264 156) (-575 -388 156) 
4 183 188 (-575 -264 156) (-479 -264 156) (-479 -388 156) (-575 -388 156) 
4 183 186 (-479 -264 156) (-456 -264 156) (-456 -388 156) (-479 -388 156) 
4 184 185 (-456 -134 80) (-456 -134 156) (-576 -134 156) (-576 -134 80) 
4 185 189 (-575 -142 156) (-576 -142 156) (-576 -142 84) (-575 -142 84) 
4 185 187 (-479 -142 156) (-575 -142 156) (-575 -142 84) (-479 -142 84) 
4 185 186 (-456 -142 84) (-456 -142 156) (-479 -142 156) (-479 -142 84) 
4 186 329 (-479 -388 84) (-456 -388 84) (-456 -388 128) (-479 -388 128) 
4 186 327 (-456 -388 128) (-456 -388 156) (-479 -388 156) (-479 -388 128) 
4 186 188 (-479 -264 84) (-479 -388 84) (-479 -388 156) (-479 -264 156) 
4 186 187 (-479 -142 156) (-479 -142 84) (-479 -248 84) (-479 -248 156) 
4 187 189 (-575 -142 156) (-575 -142 84) (-575 -248 84) (-575 -248 156) 
4 188 329 (-575 -388 84) (-479 -388 84) (-479 -388 128) (-575 -388 128) 
4 188 327 (-479 -388 128) (-479 -388 156) (-575 -388 156) (-575 -388 128) 
4 188 189 (-575 -264 84) (-575 -388 84) (-575 -388 156) (-575 -264 156) 
4 189 329 (-576 -388 128) (-576 -388 84) (-575 -388 84) (-575 -388 128) 
4 189 327 (-576 -388 156) (-576 -388 128) (-575 -388 128) (-575 -388 156) 
4 190 204 (-748 0 4) (-592 0 4) (-592 -6 4) (-748 -6 4) 
4 190 191 (-748 -6 4) (-592 -6 4) (-592 -6 192) (-748 -6 192) 
4 191 204 (-748 -6 4) (-592 -6 4) (-592 -92 4) (-748 -92 4) 
4 191 194 (-748 -92 4) (-747 -92 4) (-747 -92 192) (-748 -92 192) 
4 191 193 (-675 -92 48) (-675 -92 192) (-727 -92 192) (-727 -92 48) 
4 191 192 (-655 -92 4) (-592 -92 4) (-592 -92 192) (-655 -92 192) 
4 192 204 (-655 -92 4) (-592 -92 4) (-592 -108 4) (-655 -108 4) 
4 192 199 (-655 -108 4) (-615 -108 4) (-615 -108 48) (-655 -108 48) 
4 192 198 (-615 -108 48) (-615 -108 192) (-655 -108 192) (-655 -108 48) 
4 192 196 (-615 -108 4) (-595 -108 4) (-595 -108 192) (-615 -108 192) 
4 192 195 (-595 -108 4) (-592 -108 4) (-592 -108 192) (-595 -108 192) 
4 193 203 (-687 -108 192) (-727 -108 192) (-727 -108 48) (-687 -108 48) 
4 193 201 (-675 -108 48) (-675 -108 192) (-687 -108 192) (-687 -108 48) 
4 194 204 (-748 -92 4) (-747 -92 4) (-747 -108 4) (-748 -108 4) 
4 194 203 (-748 -108 4) (-747 -108 4) (-747 -108 192) (-748 -108 192) 
4 195 330 (-595 -388 4) (-592 -388 4) (-592 -388 192) (-595 -388 192) 
4 195 204 (-595 -108 4) (-592 -108 4) (-592 -388 4) (-595 -388 4) 
4 195 197 (-595 -384 4) (-595 -388 4) (-595 -388 192) (-595 -384 192) 
4 195 196 (-595 -108 192) (-595 -108 4) (-595 -368 4) (-595 -368 192) 
4 196 204 (-615 -108 4) (-595 -108 4) (-595 -368 4) (-615 -368 4) 
4 196 199 (-615 -108 48) (-615 -108 4) (-615 -368 4) (-615 -368 48) 
4 196 198 (-615 -108 192) (-615 -108 48) (-615 -368 48) (-615 -368 192) 
4 197 330 (-615 -388 4) (-595 -388 4) (-595 -388 192) (-615 -388 192) 
4 197 204 (-595 -384 4) (-595 -388 4) (-615 -388 4) (-615 -384 4) 
4 197 200 (-615 -384 4) (-615 -388 4) (-615 -388 48) (-615 -384 48) 
4 197 198 (-615 -388 48) (-615 -388 192) (-615 -384 192) (-615 -384 48) 
4 198 330 (-615 -388 48) (-615 -388 192) (-667 -388 192) (-667 -388 48) 
4 198 202 (-667 -384 48) (-667 -388 48) (-667 -388 192) (-667 -384 192) 
4 198 201 (-667 -108 192) (-667 -108 48) (-667 -368 48) (-667 -368 192) 
4 198 200 (-667 -388 48) (-667 -384 48) (-615 -384 48) (-615 -388 48) 
4 198 199 (-667 -368 48) (-667 -108 48) (-615 -108 48) (-615 -368 48) 
4 199 204 (-667 -108 4) (-615 -108 4) (-615 -368 4) (-667 -368 4) 
4 199 201 (-667 -108 48) (-667 -108 4) (-667 -368 4) (-667 -368 48) 
4 200 330 (-667 -388 4) (-615 -388 4) (-615 -388 48) (-667 -388 48) 
4 200 204 (-615 -384 4) (-615 -388 4) (-667 -388 4) (-667 -384 4) 
4 200 202 (-667 -384 4) (-667 -388 4) (-667 -388 48) (-667 -384 48) 
4 201 204 (-687 -108 4) (-667 -108 4) (-667 -368 4) (-687 -368 4) 
4 201 203 (-687 -108 192) (-687 -108 4) (-687 -368 4) (-687 -368 192) 
4 202 330 (-687 -388 4) (-667 -388 4) (-667 -388 192) (-687 -388 192) 
4 202 204 (-667 -384 4) (-667 -388 4) (-687 -388 4) (-687 -384 4) 
4 202 203 (-687 -384 4) (-687 -388 4) (-687 -388 192) (-687 -384 192) 
4 203 330 (-748 -388 4) (-687 -388 4) (-687 -388 192) (-748 -388 192) 
4 203 204 (-748 -108 4) (-687 -108 4) (-687 -388 4) (-748 -388 4) 
4 204 330 (-748 -388 0) (-592 -388 0) (-592 -388 4) (-748 -388 4) 
4 205 233 (107.79898987322325 -388 320) (107.79898987322326 -388 208) (106.87698987321909 -388.9220000000042 208) (106.87698987321907 -388.9220000000042 320) 
4 205 216 (106.8769898732187 -388.9220000000042 208) (107.79898987322288 -388 208) (128 -388 208) (128 -388.9220000000042 208) 
4 205 210 (117.948483174143 -388.9220000000042 315) (106.87698987321899 -388.9220000000042 315) (106.87698987321899 -388.9220000000042 208) (117.94848317414169 -388.9220000000042 208) 
4 205 206 (117.94848317414302 -388.9220000000042 320) (106.87698987321899 -388.9220000000042 320) (106.87698987321899 -388.9220000000042 315) (117.948483174143 -388.9220000000042 315) 
4 206 233 (94.54267212574429 -401.25631774747893 320) (106.87698987321907 -388.9220000000042 320) (106.87698987321907 -388.9220000000042 315) (94.5426721257443 -401.25631774747893 315) 
5 206 210 (106.87698987321897 -388.9220000000042 315) (117.94848317414296 -388.9220000000042 315) (114.17829362165995 -393.41873848145724 315) (106.5125777719091 -401.0027832220987 315) (94.54267212574423 -401.25631774747893 315) 
4 206 208 (94.54267212574415 -401.25631774747905 315) (106.51257777190908 -401.0027832220988 315) (106.51257777190925 -401.0027832220988 320) (94.54267212574419 -401.25631774747905 320) 
4 206 207 (109.3096633403083 -398.23549801222055 315) (114.17829362166079 -393.4187384814561 315) (114.17829362166042 -393.4187384814566 320) (109.309663340312 -398.2354980122171 320) 
3 207 210 (114.17829362165995 -393.41873848145724 315) (110.15713706790619 -398.2148075287822 315) (109.30966334030853 -398.23549801222055 315) 
4 208 233 (90.5269119345811 -405.27207793864216 315) (90.5269119345811 -405.27207793864216 320) (94.54267212574429 -401.25631774747893 320) (94.5426721257443 -401.25631774747893 315) 
4 208 211 (90.52691193458077 -405.2720779386418 320) (90.52691193458077 -405.2720779386418 315) (96.33085909943942 -411.0760251035005 315) (96.33085909943954 -411.07602510350057 320) 
4 208 210 (96.3308590994394 -411.0760251035005 315) (90.52691193458105 -405.27207793864216 315) (94.54267212574423 -401.25631774747893 315) (106.51257777190914 -401.0027832220987 315) 
3 209 218 (108.77087988659753 -400.95495013370726 208) (103.13158864872491 -406.59424137157987 208) (107.84325245484838 -400.9745982067657 208) 
4 209 210 (103.13158864872408 -406.59424137158084 208) (103.13158864873212 -406.59424137157276 315) (107.84325245484979 -400.9745982067655 315) (107.84325245484834 -400.9745982067657 208) 
4 210 233 (106.87698987321909 -388.9220000000042 208) (90.5269119345811 -405.27207793864216 208) (90.5269119345811 -405.27207793864216 315) (106.87698987321907 -388.9220000000042 315) 
5 210 219 (97.49033200812187 -412.2354980121829 208) (90.52691193458092 -405.272077938642 208) (106.8769898732187 -388.9220000000042 208) (117.9484831741417 -388.9220000000042 208) (103.13158864872491 -406.59424137157987 208) 
4 210 212 (90.52691193458077 -405.2720779386418 315) (90.52691193458077 -405.2720779386418 208) (97.4903320081219 -412.235498012183 208) (97.4903320081219 -412.2354980121829 315) 
4 211 269 (33.840620433589585 -461.9583694396338 320) (33.84062043358922 -461.95836943963417 315) (39.340980386649655 -467.45872939269987 315) (39.340980386650095 -467.4587293926996 320) 
4 211 233 (90.5269119345811 -405.27207793864216 320) (90.5269119345811 -405.27207793864216 315) (33.84062043358936 -461.95836943963394 315) (33.84062043358972 -461.9583694396336 320) 
4 211 212 (39.34098038664979 -467.4587293926997 315) (33.84062043358949 -461.9583694396342 315) (90.52691193458122 -405.27207793864227 315) (96.33085909943942 -411.07602510350046 315) 
4 212 275 (33.84062043358583 -461.9583694396376 268) (33.840620433581506 -461.9583694396419 208) (40.804040507118934 -468.92178951318596 208) (40.804040507123254 -468.92178951318164 268) 
4 212 271 (39.34098038664558 -467.4587293927026 268) (40.804040507123254 -468.92178951318164 268) (40.80404050712664 -468.9217895131782 315) (39.340980386649655 -467.45872939269987 315) 
4 212 269 (33.84062043358922 -461.95836943963417 315) (33.84062043358583 -461.9583694396376 268) (39.34098038664558 -467.4587293927026 268) (39.340980386649655 -467.45872939269987 315) 
4 212 233 (90.5269119345811 -405.27207793864216 315) (90.5269119345811 -405.27207793864216 208) (33.84062043358166 -461.9583694396416 208) (33.84062043358936 -461.95836943963394 315) 
4 212 219 (59.414213562373014 -436.38477631084993 208) (90.52691193458092 -405.272077938642 208) (97.49033200812187 -412.2354980121829 208) (66.37763363591384 -443.3481963843909 208) 
4 212 215 (53.75735931288039 -442.0416305603426 208) (59.414213562373014 -436.38477631084993 208) (66.37763363591384 -443.3481963843909 208) (60.72077938642133 -449.00505063388346 208) 
4 212 214 (40.8040405071191 -468.92178951318573 208) (33.840620433581535 -461.9583694396415 208) (53.75735931288039 -442.0416305603426 208) (60.72077938642133 -449.00505063388346 208) 
4 213 437 (52.11774900609779 -480.2354980121756 208) (52.11774900609576 -480.23549801217763 179.8334777586362) (52.23549801218236 -480.117749006091 179.99999999999983) (52.235498012182376 -480.117749006091 208) 
4 213 226 (52.117749006095664 -480.23549801217746 179.83347775863655) (40.804040507116916 -468.92178951318795 179.83347775864425) (40.92178951319813 -468.8040405071067 180.00000000000026) (52.23549801218223 -480.1177490060909 180.0000000000001) 
4 213 214 (40.92178951319804 -468.8040405071067 179.99999999999955) (40.804040507116866 -468.9217895131879 179.8334777586436) (40.80404050711877 -468.921789513186 208) (40.9217895131981 -468.80404050710666 208) 
4 214 275 (33.840620433581506 -461.9583694396419 208) (33.840620433579474 -461.95836943964395 179.8334777586486) (40.80404050711688 -468.92178951318795 179.83347775864388) (40.80404050711893 -468.92178951318596 208) 
3 214 233 (33.84062043357964 -461.95836943964366 179.83347775864888) (33.84062043358166 -461.9583694396416 208) (53.75735931288056 -442.0416305603427 208) 
4 214 226 (40.804040507116916 -468.92178951318795 179.83347775864425) (33.840620433579204 -461.9583694396436 179.83347775864897) (33.95836943965708 -461.84062043356573 180.00000000000026) (40.92178951319813 -468.8040405071067 180.00000000000026) 
4 214 225 (33.95836943965708 -461.84062043356573 180.00000000000026) (39.615223689149644 -456.1837661840731 188.0000000000006) (46.57864376269069 -463.1471862576142 188.00000000000057) (40.92178951319813 -468.8040405071067 180.00000000000026) 
4 214 219 (39.615223689149644 -456.1837661840731 188.0000000000006) (50.928932188133686 -444.8700576850889 203.99999999999977) (57.89235226167489 -451.83347775862995 203.99999999999986) (46.57864376269069 -463.1471862576142 188.00000000000057) 
4 214 215 (50.928932188133686 -444.8700576850889 203.99999999999977) (53.75735931288 -442.0416305603426 208) (60.72077938642117 -449.0050506338837 208) (57.89235226167489 -451.83347775862995 203.99999999999986) 
3 215 233 (50.928932188134354 -444.8700576850889 203.99999999999994) (53.75735931288056 -442.0416305603427 208) (59.41421356237307 -436.38477631085016 208) 
4 215 219 (57.892352261674986 -451.83347775862984 203.9999999999999) (50.92893218813401 -444.870057685089 203.99999999999986) (59.414213562373334 -436.38477631085016 208) (66.37763363591398 -443.3481963843908 208) 
4 216 234 (107.79898987322326 -388 140) (107.79898987322326 -388 128) (106.87698987321909 -388.9220000000042 128) (106.87698987321909 -388.9220000000042 140) 
4 216 233 (107.79898987322326 -388 208) (107.79898987322326 -388 140) (106.87698987321909 -388.9220000000042 140) (106.87698987321909 -388.9220000000042 208) 
4 216 228 (121.00000000000004 -388 128) (128 -388 128) (128 -388.9220000000042 128) (120.07296174862982 -388.9220000000042 128) 
4 216 220 (117.94848317414093 -388.9220000000042 144) (106.87698987321897 -388.9220000000042 144) (106.87698987321897 -388.9220000000042 128) (117.9484831741407 -388.9220000000042 128) 
4 216 219 (117.9484831741417 -388.9220000000042 208) (106.87698987321897 -388.9220000000042 208) (106.87698987321897 -388.9220000000042 144) (117.94848317414089 -388.9220000000042 144) 
10 217 437 (52.11774900609517 -480.2354980121782 171.66695551727102) (52.11774900609317 -480.2354980121802 144) (108.80404050710675 -423.5492065111677 144) (108.80404050710675 -423.5492065111677 172.00000000000003) (103.14718625761425 -429.2060607606601 188.00000000000006) (91.83347775862943 -440.5197692596447 203.99999999999997) (83.34819638439075 -449.00505063388323 208) (77.69134213489843 -454.6619048833754 208) (69.20606076065965 -463.14718625761407 203.99999999999994) (57.89235226167465 -474.46089475659886 187.9999999999997) 
4 217 226 (40.92178951319812 -468.8040405071067 171.99999999999974) (40.80404050711635 -468.9217895131885 171.66695551728614) (52.11774900609513 -480.235498012178 171.66695551727094) (52.235498012182255 -480.1177490060909 171.99999999999966) 
10 217 219 (97.49033200812192 -412.2354980121829 144) (40.80404050711432 -468.92178951319056 144) (40.804040507116305 -468.9217895131885 171.66695551728625) (46.57864376269046 -463.14718625761435 187.99999999999997) (57.892352261675015 -451.83347775862984 203.9999999999998) (66.37763363591407 -443.3481963843908 208) (72.03448788540624 -437.69134213489866 208) (80.5197692596447 -429.2060607606602 204.00000000000003) (91.83347775862953 -417.89235226167534 188) (97.49033200812192 -412.2354980121829 172) 
4 218 219 (107.84325245484743 -400.97459820676585 144) (103.13158864871926 -406.5942413715856 144) (103.13158864872406 -406.5942413715808 208) (107.84325245484831 -400.9745982067657 208) 
4 219 275 (33.840620433578884 -461.9583694396445 171.66695551729566) (33.84062043357689 -461.9583694396465 144) (40.8040405071143 -468.9217895131905 144) (40.804040507116284 -468.9217895131885 171.6669555172863) 
7 219 233 (33.84062043357706 -461.9583694396462 144) (33.84062043357905 -461.95836943964423 171.66695551729623) (39.615223689149666 -456.18376618407365 187.99999999999991) (50.928932188134354 -444.8700576850889 203.99999999999994) (59.41421356237307 -436.38477631085016 208) (106.87698987321909 -388.9220000000042 208) (106.87698987321909 -388.9220000000042 144) 
4 219 226 (33.95836943965716 -461.84062043356573 171.99999999999977) (33.84062043357868 -461.95836943964423 171.6669555172955) (40.80404050711635 -468.9217895131885 171.66695551728614) (40.92178951319812 -468.8040405071067 171.99999999999974) 
4 219 225 (46.57864376269046 -463.14718625761435 187.99999999999994) (39.615223689149616 -456.1837661840734 188.00000000000003) (33.95836943965716 -461.84062043356573 171.99999999999977) (40.92178951319812 -468.8040405071067 171.99999999999974) 
4 219 224 (40.11774900617007 -468.23549801224567 144) (33.840620433576866 -461.9583694396465 144) (37.322330470336496 -458.47665940288687 144) (43.59945904293273 -464.75378797548296 144) 
4 219 223 (93.8908729652599 -413.2218254069482 144) (94.51114728836325 -413.8420997300516 144) (43.59945904293273 -464.75378797548296 144) (42.97918471982896 -464.13351365237924 144) 
4 219 222 (88.2340187157675 -407.56497115745566 144) (90.52691193458108 -405.2720779386421 144) (96.80404050717688 -411.5492065112379 144) (94.51114728836325 -413.8420997300516 144) 
4 219 221 (96.80404050717688 -411.5492065112379 144) (90.52691193458108 -405.2720779386421 144) (95.33490638926989 -400.4640834839533 144) (108.11774900633897 -400.2354980120757 144) 
4 219 220 (106.87698987321897 -388.9220000000042 144) (117.94848317414089 -388.9220000000042 144) (108.46818855914361 -400.22923137851524 144) (95.33490638926989 -400.4640834839533 144) 
4 220 234 (106.87698987321909 -388.9220000000042 128) (95.33490638917736 -400.4640834840459 128) (95.33490638924684 -400.4640834839764 140) (106.87698987321909 -388.9220000000042 140) 
4 220 233 (95.33490638924684 -400.4640834839764 140) (95.33490638926999 -400.4640834839533 144) (106.87698987321909 -388.9220000000042 144) (106.87698987321909 -388.9220000000042 140) 
4 220 221 (95.33490638917728 -400.4640834840459 128) (108.11774900624611 -400.23549801216836 128) (108.1177490063389 -400.23549801207577 144) (95.33490638926989 -400.4640834839533 144) 
4 221 234 (95.33490638917736 -400.4640834840459 128) (90.52691193458112 -405.27207793864216 128) (90.52691193458112 -405.27207793864216 140) (95.33490638924684 -400.4640834839764 140) 
4 221 233 (90.52691193458112 -405.27207793864216 140) (90.52691193458112 -405.27207793864216 144) (95.33490638926999 -400.4640834839533 144) (95.33490638924684 -400.4640834839764 140) 
4 221 222 (96.8040405071769 -411.54920651123797 144) (90.52691193458105 -405.27207793864216 144) (90.52691193458105 -405.27207793864216 128) (96.80404050717681 -411.5492065112379 128) 
4 222 234 (90.52691193458112 -405.27207793864216 128) (88.23401871576755 -407.5649711574557 128) (88.23401871576755 -407.5649711574557 140) (90.52691193458112 -405.27207793864216 140) 
4 222 233 (88.23401871576755 -407.5649711574557 140) (88.23401871576755 -407.5649711574557 144) (90.52691193458112 -405.27207793864216 144) (90.52691193458112 -405.27207793864216 140) 
4 222 223 (94.51114728836338 -413.84209973005164 128) (94.51114728836347 -413.84209973005176 144) (93.89087296525992 -413.2218254069482 144) (93.8908729652599 -413.22182540694814 128) 
4 223 224 (43.599459042932445 -464.7537879754828 128) (43.59945904293254 -464.7537879754829 144) (42.97918471982889 -464.1335136523793 144) (42.97918471982888 -464.13351365237924 128) 
4 224 278 (33.84062043357689 -461.9583694396465 144) (33.84062043357574 -461.95836943964764 128) (40.11774900616889 -468.23549801224675 128) (40.117749006170115 -468.23549801224567 144) 
4 224 238 (37.32233047033647 -458.4766594028868 128) (33.84062043357591 -461.95836943964736 128) (33.840620433576774 -461.9583694396465 140) (37.32233047033645 -458.4766594028868 140) 
4 224 233 (33.840620433576774 -461.9583694396465 140) (33.84062043357706 -461.9583694396462 144) (37.32233047033645 -458.4766594028868 144) (37.32233047033645 -458.4766594028868 140) 
3 225 233 (33.95836943965735 -461.84062043356596 179.99999999999994) (39.615223689149666 -456.18376618407365 187.99999999999991) (33.95836943965733 -461.84062043356596 171.99999999999994) 
4 225 226 (33.95836943965719 -461.84062043356585 172.00000000000006) (40.921789513198085 -468.8040405071067 172.00000000000006) (40.92178951319809 -468.8040405071067 180.00000000000006) (33.95836943965696 -461.8406204335656 180.0000000000001) 
4 226 437 (52.11774900609576 -480.23549801217763 179.8334777586362) (52.11774900609517 -480.2354980121782 171.66695551727102) (52.23549801218237 -480.117749006091 171.99999999999997) (52.23549801218236 -480.117749006091 179.99999999999983) 
4 226 275 (33.840620433579474 -461.95836943964395 179.8334777586486) (33.840620433578884 -461.9583694396445 171.66695551729566) (40.804040507116284 -468.9217895131885 171.6669555172863) (40.80404050711688 -468.92178951318795 179.83347775864388) 
4 226 233 (33.84062043357905 -461.95836943964423 171.66695551729623) (33.84062043357964 -461.95836943964366 179.83347775864888) (33.95836943965735 -461.84062043356596 179.99999999999994) (33.95836943965733 -461.84062043356596 171.99999999999994) 
4 227 400 (128 -404.3532470182748 124) (131.88793922945564 -400.46530778881925 124) (131.8879392294557 -400.4653077888192 128) (128 -404.3532470182748 128) 
3 227 244 (131.887939229455 -400.4653077888193 124) (128 -404.3532470182742 124) (128 -400.547658214661 124) 
4 227 229 (128 -400.547658214661 124) (128 -404.3532470182747 124) (128 -404.3532470182747 128) (128 -400.54765821466094 128) 
4 228 245 (121.67692306114503 -388 124) (128 -388 124) (128 -388.9220000000042 124) (120.7449942216924 -388.9220000000042 124) 
4 228 239 (120.07296174862975 -388.9220000000042 124) (121.00000000000003 -388 124) (121.67692306114503 -388 124) (120.7449942216924 -388.9220000000042 124) 
4 229 400 (120.1177490060894 -412.2354980121853 124) (128 -404.3532470182748 124) (128 -404.3532470182748 128) (120.1177490060892 -412.2354980121855 128) 
4 229 246 (128 -404.3532470182742 124) (120.11774900608911 -412.23549801218496 124) (108.83582551452042 -400.95357452061256 124) (128 -400.547658214661 124) 
4 230 247 (97.4903320081219 -412.235498012183 124) (97.3362146660864 -412.0813806701475 124) (108.57834150672282 -400.95902828838985 124) (108.77087988659738 -400.9549501337074 124) 
4 230 241 (97.3362146660864 -412.0813806701475 124) (97.0623690878827 -411.80753509194375 124) (107.95692316496077 -400.97219054789286 124) (108.57834150672282 -400.95902828838985 124) 
4 230 231 (97.06236908788276 -411.8075350919438 128) (97.06236908788276 -411.8075350919438 124) (97.49033200812188 -412.2354980121829 124) (97.49033200812188 -412.2354980121829 128) 
4 231 248 (40.804040507113164 -468.9217895131917 124) (40.34633595328258 -468.46408495936066 124) (97.33621466608639 -412.08138067014744 124) (97.49033200812191 -412.235498012183 124) 
4 231 241 (40.34633595328258 -468.46408495936066 124) (40.2216190269271 -468.3393680330051 124) (97.0623690878827 -411.80753509194375 124) (97.33621466608639 -412.08138067014744 124) 
4 231 232 (40.33968887498986 -468.2219398688985 128) (40.33968887498986 -468.2219398688985 124) (40.92178951319809 -468.8040405071068 124) (40.92178951319809 -468.8040405071067 128) 
4 232 286 (40.221619026926824 -468.33936803300537 124) (40.80404050711285 -468.9217895131919 124) (40.80404050711319 -468.9217895131917 128) (40.22161902692713 -468.3393680330051 128) 
4 233 281 (-40.11774900598144 -388 268) (-40.11774900599988 -388 140) (19.847962121148164 -447.96571112720505 140) (19.847962121149394 -447.9657111271878 268) 
4 233 280 (19.847962121148164 -447.96571112720505 140) (29.078210486826745 -457.1959594928924 140) (29.078210486826745 -457.1959594928918 144) (19.847962121148203 -447.9657111272045 144) 
4 233 279 (29.078210486826745 -457.1959594928924 140) (31.469233761273557 -459.5869827673415 140) (31.4692337612736 -459.58698276734094 144) (29.078210486826745 -457.1959594928918 144) 
4 233 278 (31.469233761273557 -459.5869827673415 140) (33.840620433576596 -461.9583694396468 140) (33.84062043357689 -461.9583694396465 144) (31.4692337612736 -459.58698276734094 144) 
4 233 277 (29.078210486826745 -457.1959594928739 268) (19.847962121149394 -447.9657111271878 268) (19.847962121148203 -447.9657111272045 144) (29.078210486826745 -457.1959594928918 144) 
4 233 275 (33.84062043357689 -461.9583694396465 144) (33.840620433585826 -461.9583694396375 268) (29.078210486826745 -457.1959594928739 268) (29.078210486826745 -457.1959594928918 144) 
4 233 273 (-40.11774900597394 -388 320) (-40.11774900598144 -388 268) (19.8479621211494 -447.9657111271878 268) (19.847962121149898 -447.9657111271808 320) 
4 233 269 (19.8479621211494 -447.9657111271878 268) (33.840620433585826 -461.9583694396375 268) (33.84062043358958 -461.95836943963377 320) (19.847962121149898 -447.9657111271808 320) 
4 233 238 (37.322330470336546 -458.4766594028869 140) (33.84062043357608 -461.9583694396474 140) (-40.117749006001006 -388 140) (-33.15432893255176 -388 140) 
4 233 236 (26.008621971351637 -447.16295090390224 140) (-33.15432893255176 -388 140) (68.66904755831224 -388 140) (76.92031021678294 -396.25126265847086 140) 
4 233 235 (31.665476220844152 -452.81980515339467 140) (26.008621971351637 -447.16295090390224 140) (76.92031021678294 -396.25126265847086 140) (82.57716446627528 -401.90811690796335 140) 
3 233 234 (107.79898987322304 -388 140) (88.23401871576749 -407.56497115745566 140) (68.66904755831224 -388 140) 
4 234 237 (68.66904755831223 -388 132) (68.66904755831223 -388 128) (71.26345596729064 -390.5944084089785 128) (71.26345596729064 -390.5944084089785 132) 
4 234 236 (76.92031021678292 -396.25126265847086 140) (68.66904755831223 -388 140) (68.66904755831223 -388 132) (76.92031021678292 -396.25126265847086 132) 
4 234 235 (82.57716446627528 -401.90811690796335 140) (76.92031021678292 -396.25126265847086 140) (76.92031021678292 -396.25126265847086 136) (82.57716446627528 -401.90811690796335 136) 
4 235 238 (31.665476220844088 -452.81980515339467 140) (26.008621971351573 -447.1629509039023 140) (26.008621971351573 -447.1629509039023 136) (31.665476220844095 -452.81980515339467 136) 
4 235 236 (76.92031021678281 -396.25126265847075 140) (76.92031021678281 -396.25126265847075 136) (26.008621971351207 -447.1629509039026 136) (26.008621971351207 -447.1629509039026 140) 
4 236 238 (26.008621971351573 -447.1629509039023 140) (-33.15432893255189 -388 140) (-33.1543289325519 -388 132) (26.008621971351573 -447.16295090390224 132) 
4 236 237 (20.351767721859098 -441.50609665441016 132) (-33.15432893255212 -388 132) (68.669047558312 -388 132) (71.26345596729054 -390.5944084089786 132) 
4 237 238 (-33.1543289325519 -388 132) (-33.154328932551905 -388 128) (20.35176772185921 -441.50609665441 128) (20.351767721859215 -441.50609665441 132) 
4 238 281 (-40.11774900599988 -388 140) (-40.11774900600162 -388 128) (19.847962121148058 -447.96571112720665 128) (19.84796212114817 -447.96571112720505 140) 
4 238 280 (19.847962121148058 -447.96571112720665 128) (29.078210486826745 -457.19595949289413 128) (29.078210486826745 -457.1959594928924 140) (19.84796212114817 -447.96571112720505 140) 
4 238 279 (29.078210486826745 -457.19595949289413 128) (31.46923376127343 -459.5869827673431 128) (31.469233761273557 -459.5869827673415 140) (29.078210486826745 -457.1959594928924 140) 
4 238 278 (31.46923376127343 -459.5869827673431 128) (33.84062043357574 -461.95836943964764 128) (33.840620433576596 -461.9583694396468 140) (31.469233761273557 -459.5869827673415 140) 
4 239 263 (110.87698987321913 -388.9220000000042 124) (111.7989898732233 -388 124) (111.79898987322329 -388 0) (110.87698987321912 -388.9220000000042 0) 
4 239 262 (121.67692306114122 -388 0) (121.67692306114172 -388 16) (120.74499422168917 -388.9220000000042 16) (120.74499422168867 -388.9220000000042 0) 
4 239 245 (121.67692306114172 -388 16) (121.67692306114509 -388 124) (120.74499422169254 -388.9220000000042 124) (120.74499422168917 -388.9220000000042 16) 
4 239 240 (110.87698987321895 -388.9220000000042 124) (110.87698987321895 -388.9220000000042 0) (117.94848317413916 -388.9220000000042 0) (117.94848317414065 -388.9220000000042 124) 
4 240 263 (98.62922948135062 -401.1697603918727 124) (110.87698987321913 -388.9220000000042 124) (110.87698987321912 -388.9220000000042 0) (98.62922948135045 -401.1697603918729 0) 
4 240 242 (98.62922948135031 -401.16976039187284 16) (98.62922948135028 -401.16976039187284 0) (107.84325245484548 -400.9745982067661 0) (107.84325245484571 -400.974598206766 16) 
4 240 241 (98.62922948135048 -401.16976039187267 124) (98.62922948135031 -401.16976039187284 16) (107.84325245484571 -400.974598206766 16) (107.8432524548472 -400.97459820676585 124) 
4 241 293 (40.346335953272806 -468.464084959367 16) (40.34633595327328 -468.46408495936674 21.42509413315929) (35.840620433567125 -463.9583694396563 21.42509413315929) (35.840620433566734 -463.9583694396567 16) 
4 241 290 (40.34633595327328 -468.46408495936674 21.42509413315929) (40.34633595328233 -468.464084959361 124) (35.840620433574514 -463.9583694396489 124) (35.840620433567125 -463.9583694396563 21.42509413315929) 
4 241 268 (35.84062043356648 -463.958369439657 16) (35.84062043357426 -463.95836943964923 124) (40.32233047033655 -459.4766594028869 124) (40.32233047033657 -459.4766594028869 16) 
4 241 264 (40.32233047033655 -459.4766594028869 124) (91.2340187157676 -408.5649711574558 124) (91.23401871576762 -408.5649711574558 16) (40.32233047033657 -459.4766594028869 16) 
4 241 263 (91.2340187157676 -408.5649711574558 124) (98.62922948135062 -401.1697603918727 124) (98.62922948135048 -401.1697603918729 16) (91.23401871576762 -408.5649711574558 16) 
4 241 261 (40.34633595327733 -468.4640849593643 67.83347775863265) (40.346335953276615 -468.46408495936475 59.666955517263816) (40.464715572015486 -468.34696656592405 60.00000000000004) (40.46471557201559 -468.3469665659242 67.99999999999991) 
3 241 260 (40.464715572015486 -468.34696656592405 60.00000000000004) (46.151865481422625 -462.7204079763467 75.99999999999984) (40.46471557201559 -468.3469665659242 67.99999999999991) 
8 241 259 (40.346335953276615 -468.46408495936475 59.666955517263816) (40.34633595327324 -468.4640849593669 21.42509413315929) (97.33621466608486 -412.08138067014585 21.42509413315929) (97.33621466608558 -412.0813806701466 67.99999999999999) (77.43118998316147 -431.77433573366926 96) (66.05689016434751 -443.02745291282474 96) (57.52616530023688 -451.46729079719137 91.99999999999999) (46.151865481422625 -462.7204079763467 75.99999999999984) 
4 241 257 (97.33621466608486 -412.08138067014585 21.42509413315929) (108.57834150671948 -400.95902828839 21.42509413315929) (108.5783415067205 -400.95902828838996 52.1859250841413) (97.33621466608558 -412.0813806701466 67.99999999999999) 
3 241 255 (84.54012736992019 -424.7411374966971 96) (77.43118998316147 -431.77433573366926 96) (91.64906475667865 -417.7079392597245 76.00000000000004) 
4 241 254 (108.5783415067205 -400.95902828838996 52.1859250841413) (108.57834150672196 -400.9590282883899 96) (84.54012736992019 -424.7411374966971 96) (91.64906475667865 -417.7079392597245 76.00000000000004) 
3 241 252 (66.05689016434751 -443.02745291282474 96) (60.36974025494043 -448.65401150240257 96) (57.52616530023688 -451.46729079719137 91.99999999999999) 
3 241 251 (40.34633595327981 -468.4640849593627 96) (40.34633595327733 -468.4640849593643 67.83347775863265) (60.36974025494043 -448.65401150240257 96) 
4 241 248 (97.33621466608642 -412.0813806701475 124) (40.34633595328228 -468.4640849593611 124) (40.34633595327981 -468.4640849593627 96) (97.33621466608601 -412.08138067014704 96) 
4 241 247 (108.57834150672288 -400.95902828838985 124) (97.33621466608642 -412.0813806701475 124) (97.33621466608601 -412.08138067014704 96) (108.57834150672196 -400.9590282883899 96) 
4 241 243 (44.85204808681467 -464.00637701936495 16) (40.34633595327274 -468.4640849593669 16) (35.840620433566755 -463.9583694396565 16) (40.32233047033644 -459.4766594028868 16) 
4 241 242 (98.6292294813502 -401.1697603918729 16) (108.57834150671897 -400.95902828839013 16) (96.03639727147728 -413.36734971316554 16) (91.23401871576749 -408.5649711574556 16) 
4 242 263 (91.23401871576763 -408.5649711574558 16) (98.62922948135048 -401.1697603918729 16) (98.62922948135045 -401.1697603918729 0) (91.23401871576759 -408.5649711574558 0) 
4 243 296 (35.84062043356558 -463.9583694396578 0) (40.3463359532714 -468.46408495936794 0) (40.346335953272806 -468.464084959367 16) (35.840620433566734 -463.9583694396567 16) 
4 243 268 (35.84062043356533 -463.95836943965816 0) (35.84062043356648 -463.958369439657 16) (40.32233047033657 -459.4766594028869 16) (40.32233047033654 -459.4766594028869 0) 
4 244 400 (131.88793922945564 -400.46530778881925 124) (128 -404.3532470182748 124) (128 -404.3532470182748 21.42509413315929) (131.88793922945553 -400.46530778881936 21.42509413315929) 
4 244 256 (128 -404.3532470182747 21.42509413315929) (128 -404.3532470182747 40.852813742386076) (128 -400.5476582146611 38.161856092943296) (128 -400.5476582146611 21.42509413315929) 
4 244 253 (128 -404.3532470182747 40.852813742386076) (128 -404.3532470182747 96) (128 -400.54765821466106 96) (128 -400.5476582146611 38.161856092943296) 
4 244 246 (128 -404.3532470182747 96) (128 -404.3532470182747 124) (128 -400.547658214661 124) (128 -400.54765821466106 96) 
4 245 262 (120.74499422168914 -388.9220000000042 16) (121.6769230611417 -388 16) (128 -388 16) (128 -388.9220000000042 16) 
4 246 400 (120.11774900609099 -412.23549801218365 96) (128 -404.3532470182748 96) (128 -404.3532470182748 124) (120.11774900608938 -412.2354980121853 124) 
4 246 253 (128 -400.547658214661 96) (128 -404.35324701827477 96) (120.11774900609099 -412.23549801218365 96) (108.83582551452356 -400.9535745206125 96) 
4 247 254 (97.33621466608605 -412.08138067014704 96) (120.74499422169174 -388.9220000000042 96) (120.80383002030065 -388.9220000000042 96) (97.49033200812191 -412.2354980121829 96) 
4 247 248 (97.33621466608625 -412.0813806701476 124) (97.33621466608581 -412.08138067014715 96) (97.49033200812174 -412.2354980121831 96) (97.49033200812174 -412.2354980121831 124) 
4 248 259 (66.05689016434754 -443.0274529128247 96) (77.43118998316146 -431.77433573366926 96) (77.69134213489853 -432.0344878854063 96) (66.37763363591381 -443.34819638439103 96) 
4 248 255 (77.43118998316146 -431.77433573366926 96) (84.54012736992017 -424.7411374966971 96) (84.76240994676397 -424.9634200735409 96) (77.69134213489853 -432.0344878854063 96) 
4 248 254 (84.54012736992017 -424.7411374966971 96) (97.33621466608605 -412.08138067014704 96) (97.49033200812191 -412.2354980121829 96) (84.76240994676397 -424.9634200735409 96) 
4 248 252 (60.369740254940474 -448.6540115024025 96) (66.05689016434754 -443.0274529128247 96) (66.37763363591381 -443.34819638439103 96) (60.720779386421356 -449.0050506338835 96) 
4 248 251 (40.346335953280004 -468.4640849593625 96) (60.369740254940474 -448.6540115024025 96) (60.720779386421356 -449.0050506338835 96) (40.80404050711098 -468.9217895131939 96) 
4 248 249 (40.46471557201635 -468.3469665659251 124) (40.46471557201592 -468.3469665659246 96) (40.92178951319804 -468.8040405071067 96) (40.92178951319807 -468.8040405071068 124) 
4 249 290 (40.804040507112866 -468.921789513192 124) (40.34633595328233 -468.464084959361 124) (40.34633595327986 -468.46408495936254 96) (40.80404050711088 -468.92178951319397 96) 
4 250 471 (52.11774900608971 -480.23549801218365 96) (52.11774900608768 -480.2354980121857 67.83347775862478) (52.2354980121824 -480.117749006091 67.99999999999989) (52.235498012182376 -480.117749006091 96) 
4 250 261 (52.23549801218229 -480.1177490060909 67.99999999999976) (52.11774900608765 -480.23549801218553 67.83347775862477) (40.80404050710884 -468.92178951319596 67.83347775863245) (40.92178951319809 -468.8040405071067 67.99999999999983) 
4 250 251 (40.92178951319809 -468.8040405071067 68.00000000000026) (40.804040507108795 -468.921789513196 67.83347775863282) (40.80404050711081 -468.92178951319397 96) (40.9217895131981 -468.80404050710666 96) 
4 251 290 (40.804040507110884 -468.92178951319397 96) (40.34633595327986 -468.46408495936254 96) (40.346335953277375 -468.46408495936413 67.83347775863275) (40.80404050710884 -468.921789513196 67.83347775863244) 
4 251 261 (40.92178951319809 -468.8040405071067 67.99999999999983) (40.80404050710884 -468.92178951319596 67.83347775863245) (40.346335953277375 -468.4640849593641 67.83347775863277) (40.46471557201548 -468.34696656592416 67.9999999999998) 
4 251 260 (46.57864376269039 -463.1471862576144 75.99999999999976) (40.92178951319809 -468.8040405071067 67.99999999999983) (40.46471557201548 -468.34696656592416 67.9999999999998) (46.1518654814225 -462.7204079763466 75.99999999999972) 
4 251 259 (57.89235226167528 -451.8334777586296 92.00000000000003) (46.57864376269039 -463.1471862576144 75.99999999999976) (46.1518654814225 -462.7204079763466 75.99999999999972) (57.526165300236904 -451.46729079719125 92.00000000000003) 
4 251 252 (60.369740254940425 -448.65401150240245 96) (60.72077938642143 -449.00505063388346 96) (57.89235226167528 -451.8334777586296 92.00000000000003) (57.526165300236904 -451.46729079719125 92.00000000000003) 
4 252 259 (57.89235226167526 -451.83347775862956 92.00000000000009) (57.5261653002369 -451.4672907971912 92.00000000000009) (66.05689016434715 -443.02745291282497 96) (66.37763363591348 -443.3481963843913 96) 
4 253 400 (128 -404.3532470182748 40.85281374238616) (128 -404.3532470182748 96) (120.117749006091 -412.23549801218365 96) (120.11774900609346 -412.2354980121812 51.99999999999747) 
4 253 256 (128 -400.5476582146611 38.1618560929433) (128 -404.35324701827477 40.852813742386104) (120.11774900609346 -412.23549801218115 51.99999999999737) (108.83582551452861 -400.95357452061256 51.999999999994685) 
4 254 259 (91.6490647566787 -417.70793925972436 75.99999999999977) (97.33621466608551 -412.08138067014653 67.99999999999991) (97.49033200812188 -412.2354980121829 67.99999999999993) (91.83347775862958 -417.8923522616752 75.99999999999977) 
4 254 257 (97.33621466608551 -412.08138067014653 67.99999999999991) (108.5783415067204 -400.95902828839 52.18592508414136) (108.7708798865973 -400.9549501337075 52.04689619926104) (97.49033200812188 -412.2354980121829 67.99999999999993) 
4 254 255 (91.64906475667898 -417.7079392597241 75.99999999999956) (91.83347775862984 -417.892352261675 75.99999999999956) (84.76240994676415 -424.9634200735407 96) (84.5401273699203 -424.74113749669687 96) 
4 255 259 (77.69134213489842 -432.03448788540646 96) (77.43118998316125 -431.7743357336693 96) (91.6490647566787 -417.70793925972436 75.99999999999977) (91.83347775862958 -417.8923522616752 75.99999999999977) 
4 256 400 (120.11774900609522 -412.23549801217945 21.42509413315929) (128 -404.3532470182748 21.42509413315929) (128 -404.3532470182748 40.85281374238616) (120.11774900609346 -412.2354980121812 51.999999999997456) 
4 257 259 (97.33621466608464 -412.08138067014596 21.42509413315929) (97.49033200812178 -412.2354980121831 21.42509413315929) (97.49033200812188 -412.235498012183 68.00000000000001) (97.33621466608551 -412.0813806701466 68.00000000000001) 
10 258 471 (52.11774900608709 -480.23549801218627 59.666955517248184) (52.11774900608433 -480.235498012189 21.42509413315929) (108.80404050710673 -423.5492065111677 21.42509413315929) (108.80404050710672 -423.5492065111677 60.00000000000006) (103.14718625761421 -429.20606076066014 76.00000000000014) (91.8334777586294 -440.5197692596447 92) (83.34819638439075 -449.0050506338832 96) (77.69134213489838 -454.6619048833754 96) (69.20606076065967 -463.147186257614 92) (57.89235226167465 -474.4608947565988 75.99999999999969) 
4 258 261 (40.92178951319805 -468.8040405071067 59.99999999999955) (40.80404050710819 -468.9217895131966 59.66695551726309) (52.11774900608702 -480.23549801218616 59.66695551724788) (52.23549801218226 -480.1177490060909 59.999999999999574) 
10 258 259 (97.49033200812187 -412.2354980121829 60.00000000000002) (97.49033200812187 -412.2354980121829 21.42509413315929) (40.80404050710545 -468.9217895131993 21.42509413315929) (40.80404050710819 -468.9217895131966 59.66695551726338) (46.57864376269043 -463.14718625761435 75.99999999999996) (57.89235226167513 -451.83347775862967 91.99999999999997) (66.3776336359138 -443.348196384391 96) (72.03448788540616 -437.6913421348986 96) (80.51976925964478 -429.20606076065997 91.99999999999997) (91.83347775862939 -417.8923522616754 76.00000000000016) 
4 259 290 (40.8040405071082 -468.9217895131966 59.66695551726355) (40.34633595327666 -468.4640849593646 59.66695551726417) (40.34633595327328 -468.46408495936674 21.42509413315929) (40.80404050710547 -468.92178951319937 21.42509413315929) 
4 259 261 (40.46471557201536 -468.34696656592405 59.9999999999996) (40.34633595327661 -468.4640849593646 59.66695551726371) (40.80404050710819 -468.9217895131966 59.66695551726309) (40.92178951319805 -468.8040405071067 59.99999999999955) 
4 259 260 (46.57864376269056 -463.14718625761424 76.00000000000006) (46.15186548142272 -462.7204079763464 76.00000000000006) (40.46471557201536 -468.34696656592405 59.9999999999996) (40.92178951319805 -468.8040405071067 59.99999999999955) 
4 260 261 (40.464715572015365 -468.34696656592405 60.000000000000256) (40.92178951319805 -468.8040405071067 60.000000000000256) (40.92178951319808 -468.8040405071068 67.99999999999986) (40.46471557201548 -468.34696656592416 67.99999999999986) 
4 261 471 (52.11774900608768 -480.2354980121857 67.83347775862478) (52.11774900608709 -480.23549801218627 59.666955517248184) (52.23549801218237 -480.117749006091 59.999999999999986) (52.2354980121824 -480.117749006091 67.99999999999989) 
4 261 290 (40.80404050710884 -468.921789513196 67.83347775863244) (40.346335953277375 -468.46408495936413 67.83347775863275) (40.34633595327666 -468.4640849593646 59.66695551726417) (40.8040405071082 -468.9217895131966 59.66695551726355) 
4 263 267 (70.66904755831224 -388 4) (70.66904755831224 -388 0) (74.26345596729061 -391.59440840897844 0) (74.26345596729061 -391.59440840897844 4) 
4 263 266 (79.92031021678295 -397.2512626584709 124) (70.66904755831224 -388 124) (70.66904755831224 -388 4) (79.92031021678295 -397.2512626584709 4) 
4 263 265 (85.57716446627529 -402.90811690796335 124) (79.92031021678295 -397.2512626584709 124) (79.92031021678295 -397.2512626584709 8) (85.57716446627529 -402.90811690796335 8) 
4 263 264 (91.23401871576766 -408.56497115745583 12) (91.23401871576766 -408.56497115745583 124) (85.57716446627529 -402.90811690796335 124) (85.57716446627529 -402.90811690796335 12) 
4 264 268 (40.32233047033617 -459.47665940288664 12) (40.322330470336176 -459.47665940288664 124) (34.66547622084412 -453.81980515339467 124) (34.66547622084413 -453.8198051533947 12) 
4 264 265 (85.57716446627535 -402.9081169079633 124) (85.57716446627535 -402.9081169079633 12) (34.66547622084413 -453.81980515339455 12) (34.66547622084413 -453.81980515339455 124) 
4 265 268 (34.66547622084412 -453.81980515339467 124) (29.008621971351623 -448.1629509039023 124) (29.00862197135161 -448.1629509039023 8) (34.66547622084413 -453.8198051533947 8) 
4 265 266 (79.92031021678292 -397.25126265847086 124) (79.92031021678292 -397.25126265847086 8) (29.00862197135165 -448.1629509039023 8) (29.00862197135165 -448.1629509039023 124) 
4 266 268 (29.008621971351623 -448.1629509039023 124) (-31.1543289325519 -388 124) (-31.1543289325519 -388 4) (29.00862197135161 -448.1629509039023 4) 
4 266 267 (23.351767721859247 -442.50609665440993 4) (-31.1543289325518 -388 4) (70.66904755831135 -388 4) (74.26345596729017 -391.5944084089789 4) 
4 267 268 (-31.1543289325519 -388 4) (-31.1543289325519 -388 0) (23.351767721859204 -442.50609665441 0) (23.351767721859208 -442.50609665441 4) 
4 268 298 (-40.11774900600219 -388 124) (-40.11774900602007 -388 0) (19.84796212114682 -447.96571112722387 0) (19.847962121148022 -447.9657111272072 124) 
4 268 297 (19.84796212114682 -447.96571112722387 0) (29.078210486826745 -457.19595949291255 0) (29.078210486826745 -457.1959594929103 16) (19.847962121146978 -447.9657111272217 16) 
4 268 296 (29.078210486826745 -457.19595949291255 0) (35.84062043356558 -463.9583694396578 0) (35.840620433566734 -463.9583694396567 16) (29.078210486826745 -457.1959594929103 16) 
4 268 295 (29.078210486826745 -457.1959594929095 21.42509413315929) (19.84796212114703 -447.96571112722097 21.42509413315929) (19.847962121146978 -447.9657111272217 16) (29.078210486826745 -457.1959594929103 16) 
4 268 294 (31.46923376127226 -459.58698276735726 21.42509413315929) (29.078210486826745 -457.1959594929095 21.42509413315929) (29.078210486826745 -457.1959594929103 16) (31.4692337612722 -459.586982767358 16) 
4 268 293 (35.840620433566734 -463.9583694396567 16) (35.840620433567125 -463.9583694396563 21.42509413315929) (31.46923376127226 -459.58698276735726 21.42509413315929) (31.4692337612722 -459.586982767358 16) 
4 268 292 (29.078210486826745 -457.1959594928947 124) (19.847962121148022 -447.9657111272072 124) (19.84796212114703 -447.96571112722097 21.42509413315929) (29.078210486826745 -457.1959594929095 21.42509413315929) 
4 268 290 (35.840620433567125 -463.9583694396563 21.42509413315929) (35.840620433574514 -463.9583694396489 124) (29.078210486826745 -457.1959594928947 124) (29.078210486826745 -457.1959594929095 21.42509413315929) 
6 269 277 (19.8479621211494 -447.9657111271876 268) (29.078210486826745 -457.1959594928737 268) (29.078210486826745 -477.61215897562465 268) (28.342756086133196 -478.33977779021234 268) (19.86572398006621 -480 268) (19.266638768423736 -480 268) 
3 269 275 (29.078210486826745 -457.1959594928737 268) (39.3409803866457 -467.4587293927024 268) (29.078210486826745 -477.61215897562465 268) 
4 269 273 (19.84796212114989 -447.96571112718067 320) (19.847962121149394 -447.96571112718766 268) (19.266638768423732 -480 268) (19.266638768424105 -480 320) 
4 269 271 (28.342756086133136 -478.33977779021234 268) (39.34098038664558 -467.4587293927025 268) (39.34098038664969 -467.4587293926998 315) (28.34275608613408 -478.33977779021274 315) 
4 269 270 (29.260857896526616 -477.4314575050686 320) (28.34275608613418 -478.3397777902128 320) (28.34275608613408 -478.33977779021274 315) (29.260857896526645 -477.4314575050684 315) 
3 270 271 (28.34275608613406 -478.3397777902128 315) (29.260857896526645 -477.4314575050684 315) (29.24714954356175 -478.1626528146764 315) 
3 271 277 (29.078210486826745 -478.19573943869494 268) (28.342756086133203 -478.3397777902123 268) (29.078210486826745 -477.61215897562465 268) 
5 271 275 (39.3409803866457 -467.4587293927024 268) (40.80404050712333 -468.92178951318147 268) (32.127241719903544 -477.5985883004013 268) (29.078210486826745 -478.19573943869494 268) (29.078210486826745 -477.61215897562465 268) 
4 271 272 (32.12724171990354 -477.59858830040116 268) (32.12724171990273 -477.59858830040196 315) (31.078210486825547 -477.80404050703794 315) (31.078210486825178 -477.80404050703737 268) 
3 272 276 (32.127241719903544 -477.5985883004013 268) (31.059706145109732 -478.66612387519507 268) (31.078210486825178 -477.8040405070375 268) 
4 273 305 (-152 -388 320) (-152 -388 268) (-152 -480 268) (-152 -480 320) 
5 273 281 (-152 -480 268) (-152 -388 268) (-40.11774900598121 -388 268) (19.8479621211494 -447.9657111271876 268) (19.266638768423736 -480 268) 
4 274 441 (8.353247018272468 -524 356) (8.353247018272468 -524 268) (18.655121929865558 -513.6981250884071 268) (18.655121929866198 -513.6981250884064 356) 
4 274 307 (-152 -496 268) (-152 -524 268) (-152 -524 356) (-152 -496 356) 
4 274 285 (-152 -524 356) (-152 -524 268) (8.353247018272354 -524 268) (8.353247018272352 -524 356) 
5 274 282 (8.353247018272327 -524 268) (-152 -524 268) (-152 -496 268) (18.97628821060303 -496 268) (18.655121929865558 -513.698125088407 268) 
5 275 279 (29.078210486826745 -478.19573943869324 144) (29.078210486826745 -457.1959594928918 144) (31.469233761273603 -459.58698276734094 144) (31.08981446229493 -477.2634325561211 144) (30.42036851201359 -477.9328785064024 144) 
3 275 278 (31.469233761273603 -459.58698276734094 144) (40.11774900617014 -468.23549801224567 144) (31.08981446229493 -477.2634325561211 144) 
4 275 277 (29.078210486826745 -457.1959594928918 144) (29.078210486826745 -478.19573943869324 144) (29.078210486826745 -478.19573943869494 268) (29.078210486826745 -457.19595949287395 268) 
4 275 276 (31.07821048682421 -477.80404050703584 144) (32.12724171990568 -477.598588300399 144) (32.12724171990354 -477.5985883004011 268) (31.07821048682518 -477.80404050703737 268) 
4 277 281 (19.266638768423743 -480 268) (19.847962121149404 -447.9657111271878 268) (19.84796212114821 -447.9657111272046 144) (19.266638768422855 -480 144) 
5 277 280 (19.266638768422492 -480 144) (19.847962121147855 -447.9657111272042 144) (29.078210486826745 -457.1959594928918 144) (29.078210486826745 -478.1957394386932 144) (19.86572398005727 -480 144) 
4 278 279 (31.46923376127343 -459.58698276734276 128) (31.089814462294793 -477.26343255612096 128) (31.089814462294925 -477.263432556121 144) (31.469233761273596 -459.586982767341 144) 
4 279 280 (29.078210486826745 -478.1957394386932 144) (29.078210486826745 -457.19595949289186 144) (29.078210486826745 -457.195959492894 128) (29.078210486826745 -478.19573943869295 128) 
4 280 281 (19.847962121148058 -447.96571112720676 128) (19.26663876842274 -480 128) (19.266638768422855 -480 144) (19.84796212114821 -447.9657111272046 144) 
4 281 305 (-152 -388 268) (-152 -388 128) (-152 -480 128) (-152 -480 268) 
4 282 441 (8.353247018272468 -524 268) (8.35324701827247 -524 180) (18.65512192986492 -513.6981250884078 180) (18.655121929865555 -513.6981250884071 268) 
4 282 307 (-152 -524 180) (-152 -524 268) (-152 -496 268) (-152 -496 180) 
4 282 285 (-152 -524 268) (-152 -524 180) (8.353247018272356 -524 180) (8.353247018272354 -524 268) 
4 282 284 (-152 -496 180) (-90 -496 180) (-90 -524 180) (-152 -524 180) 
5 282 283 (-63 -496 180) (18.97628821060224 -496 180) (18.655121929864755 -513.6981250884078 180) (8.353247018272329 -524 180) (-63 -524 180) 
4 283 441 (8.35324701827247 -524 180) (8.35324701827247 -524 128) (18.655121929864542 -513.6981250884081 128) (18.65512192986492 -513.6981250884078 180) 
4 283 285 (-64.15555555555557 -524 128) (8.353247018272356 -524 128) (8.353247018272356 -524 180) (-63 -524 180) 
4 284 307 (-152 -496 128) (-152 -524 128) (-152 -524 180) (-152 -496 180) 
4 284 302 (-152 -524 128) (-152 -496 128) (-91.15555555555554 -496 128) (-91.15555555555557 -524 128) 
4 284 285 (-152 -524 180) (-152 -524 128) (-91.15555555555555 -524 128) (-89.99999999999999 -524 180) 
4 285 463 (-152 -684.3532470182693 129) (-152 -684.3532470182693 128) (-37.5807358037447 -569.9339828220162 128) (-37.580735803745064 -569.9339828220166 129) 
4 285 462 (-152 -684.3532470182693 130) (-152 -684.3532470182693 129) (-43.23759005323343 -575.5908370715048 129) (-43.23759005323345 -575.5908370715048 130) 
4 285 459 (-152 -684.3532470182693 356) (-152 -684.3532470182693 130) (-43.23759005323345 -575.5908370715048 130) (-43.237590053236644 -575.5908370715081 356) 
4 285 458 (-43.23759005323343 -575.5908370715048 129) (-37.580735803745064 -569.9339828220166 129) (-37.580735803746876 -569.9339828220184 134) (-43.237590053233504 -575.5908370715049 134) 
4 285 456 (-37.580735803746876 -569.9339828220184 134) (-37.58073580382733 -569.9339828220989 356) (-43.237590053236644 -575.5908370715081 356) (-43.237590053233504 -575.5908370715049 134) 
4 285 441 (-37.5807358037447 -569.9339828220162 128) (8.35324701827247 -524 128) (8.353247018272468 -524 356) (-37.58073580382733 -569.9339828220989 356) 
4 285 307 (-152 -524 356) (-152 -524 128) (-152 -684.353247018269 128) (-152 -684.353247018269 356) 
4 285 303 (-152 -684.353247018269 128) (-152 -524 128) (-64.383241880484 -524 128) (-64.81146226126597 -597.1647092795367 128) 
4 286 290 (30.613769450173024 -477.8950010359728 124) (40.221619026926845 -468.3393680330053 124) (40.80404050711291 -468.9217895131919 124) (32.12724171990609 -477.5985883003988 124) 
4 286 287 (31.078210486824048 -477.80404050703567 124) (32.127241719906145 -477.59858830039866 124) (32.12724171990607 -477.5985883003988 128) (31.078210486824087 -477.8040405070357 128) 
3 287 291 (31.078210486824048 -477.8040405070357 124) (32.12724171990608 -477.5985883003988 124) (31.05970614510854 -478.6661238751963 124) 
4 288 471 (40.804040507093546 -491.54920651117953 128) (30.563362064537685 -501.7898849537352 128) (30.563362064537646 -501.7898849537352 124) (40.80404050709346 -491.54920651117965 124) 
3 288 299 (36.35324701827282 -496 124) (30.563362064537653 -501.78988495373505 124) (30.687640079442417 -496 124) 
4 288 289 (40.80404050709337 -491.54920651117953 124) (36.35324701827282 -496 124) (30.687640079442417 -496 124) (30.993749659491467 -481.7389156635762 124) 
4 289 471 (40.80404050709345 -491.54920651117965 124) (36.35324701827302 -496 124) (36.35324701827301 -496 21.42509413315929) (40.80404050708967 -491.54920651118346 21.42509413315929) 
4 289 299 (36.353247018272846 -496 21.42509413315929) (36.353247018272846 -496 124) (30.687640079442417 -496 124) (30.687640079441586 -496 21.42509413315929) 
4 290 294 (29.078210486826745 -478.19573943869153 21.42509413315929) (29.078210486826745 -457.1959594929095 21.42509413315929) (31.469233761272264 -459.58698276735726 21.42509413315929) (31.078210486823252 -477.8040405070344 21.42509413315929) 
3 290 293 (31.469233761272264 -459.58698276735726 21.42509413315929) (40.34633595327328 -468.46408495936674 21.42509413315929) (31.081951227851054 -477.6297662380957 21.42509413315929) 
4 290 292 (29.078210486826745 -457.19595949290954 21.42509413315929) (29.078210486826745 -478.19573943869153 21.42509413315929) (29.078210486826745 -478.195739438693 124) (29.078210486826745 -457.19595949289476 124) 
4 290 291 (31.078210486823252 -477.80404050703436 21.42509413315929) (32.1272417199078 -477.5985883003969 21.42509413315929) (32.127241719906024 -477.59858830039866 124) (31.078210486824055 -477.8040405070356 124) 
4 292 298 (19.266638768422713 -480 124) (19.847962121148022 -447.9657111272072 124) (19.847962121147038 -447.965711127221 21.42509413315929) (19.26663876842198 -480 21.42509413315929) 
5 292 295 (19.266638768422037 -480 21.42509413315929) (19.847962121147095 -447.9657111272211 21.42509413315929) (29.078210486826745 -457.1959594929095 21.42509413315929) (29.078210486826745 -478.1957394386915 21.42509413315929) (19.865723980048543 -480 21.42509413315929) 
3 293 296 (31.4692337612722 -459.5869827673579 16) (40.34633595327287 -468.4640849593669 16) (31.081951227851004 -477.62976623809567 16) 
4 293 294 (31.469233761272186 -459.5869827673582 16) (31.081951227850997 -477.62976623809567 16) (31.08195122785104 -477.62976623809584 21.42509413315929) (31.46923376127225 -459.5869827673573 21.42509413315929) 
5 294 296 (29.078210486826745 -478.1957394386915 16) (29.078210486826745 -457.19595949291016 16) (31.4692337612722 -459.5869827673579 16) (31.081951227851004 -477.62976623809567 16) (30.863246223272846 -477.846141143223 16) 
4 294 295 (29.078210486826745 -457.1959594929102 16) (29.078210486826745 -478.1957394386915 16) (29.078210486826745 -478.19573943869153 21.42509413315929) (29.078210486826745 -457.19595949290954 21.42509413315929) 
4 295 298 (19.26663876842198 -480 21.42509413315929) (19.847962121147038 -447.965711127221 21.42509413315929) (19.847962121146985 -447.96571112722177 16) (19.26663876842194 -480 16) 
5 295 297 (19.266638768422037 -480 16) (19.84796212114708 -447.9657111272218 16) (29.078210486826745 -457.19595949291016 16) (29.078210486826745 -478.1957394386914 16) (19.865723980048244 -480 16) 
4 296 297 (29.078210486826745 -478.1957394386915 16) (29.078210486826745 -457.1959594929103 16) (29.078210486826745 -457.1959594929126 0) (29.078210486826745 -478.19573943869125 0) 
4 297 298 (19.26663876842194 -480 16) (19.847962121146985 -447.96571112722177 16) (19.847962121146832 -447.9657111272239 0) (19.266638768421828 -480 0) 
4 298 301 (-91.24444444444444 -480 124) (-91.24444444444444 -388 124) (-94 -388 0) (-94 -480 0) 
4 299 471 (36.35324701827301 -496 21.42509413315929) (36.35324701827302 -496 124) (30.563362064537646 -501.7898849537352 124) (30.563362064536804 -501.7898849537361 21.42509413315929) 
4 300 473 (8.353247018272441 -524 0) (18.655121929863608 -513.698125088409 0) (18.655121929863764 -513.6981250884089 21.42509413315929) (8.353247018272445 -524 21.42509413315929) 
4 300 472 (18.655121929863764 -513.6981250884089 21.42509413315929) (18.655121929864514 -513.6981250884081 124) (8.353247018272462 -524 124) (8.353247018272445 -524 21.42509413315929) 
4 300 304 (8.353247018272329 -524 0) (8.353247018272327 -524 124) (-64.24444444444444 -524 124) (-67 -524 0) 
4 301 306 (-152 -388 124) (-152 -388 0) (-152 -480 0) (-152 -480 124) 
4 302 309 (-152 -496 0) (-152 -524 0) (-152 -524 80) (-152 -496 80) 
4 302 307 (-152 -524 80) (-152 -524 128) (-152 -496 128) (-152 -496 80) 
4 302 304 (-152 -524 124) (-152 -524 0) (-94 -524 0) (-91.24444444444444 -524 124) 
4 302 303 (-91.15555555555555 -524 128) (-152 -524 128) (-152 -524 124) (-91.24444444444444 -524 124) 
4 303 500 (-152 -684.3532470182693 128) (-152 -684.3532470182693 124) (-64.81146226123637 -597.1647092795074 124) (-64.81146226126597 -597.164709279537 128) 
4 303 307 (-152 -684.353247018269 124) (-152 -684.353247018269 128) (-152 -524 128) (-152 -524 124) 
4 303 304 (-152 -684.3532470182693 124) (-152 -524 124) (-64.38324188045455 -524 124) (-64.81146226123634 -597.1647092795073 124) 
4 304 506 (-152 -684.3532470182693 4) (-152 -684.3532470182693 0) (-49.39444430273001 -581.7476913210012 0) (-49.39444430273 -581.7476913210012 4) 
4 304 505 (-49.39444430273001 -581.7476913210012 0) (-43.73759005323757 -576.0908370715089 0) (-43.73759005323757 -576.0908370715089 4) (-49.39444430273 -581.7476913210012 4) 
4 304 504 (-152 -684.3532470182693 124) (-152 -684.3532470182693 4) (-43.73759005323757 -576.0908370715089 4) (-43.7375900532375 -576.090837071509 124) 
4 304 503 (-43.73759005323757 -576.0908370715089 0) (-38.0807358037451 -570.4339828220166 0) (-38.0807358037451 -570.4339828220166 8) (-43.73759005323756 -576.0908370715089 8) 
4 304 502 (-38.0807358037451 -570.4339828220166 8) (-38.0807358037451 -570.4339828220167 124) (-43.7375900532375 -576.090837071509 124) (-43.73759005323756 -576.0908370715089 8) 
4 304 485 (-38.0807358037451 -570.4339828220166 0) (-17.216625098164517 -549.5698721164364 0) (-17.216625098165892 -549.5698721164378 16) (-38.0807358037451 -570.4339828220166 16) 
4 304 481 (-17.216625098165892 -549.5698721164378 16) (-17.21662509817518 -549.5698721164472 124) (-38.0807358037451 -570.4339828220167 124) (-38.0807358037451 -570.4339828220166 16) 
4 304 473 (-17.216625098164517 -549.5698721164364 0) (8.353247018272441 -524 0) (8.353247018272445 -524 21.42509413315929) (-17.21662509816636 -549.5698721164382 21.42509413315929) 
4 304 472 (8.353247018272445 -524 21.42509413315929) (8.353247018272462 -524 124) (-17.21662509817518 -549.5698721164472 124) (-17.21662509816636 -549.5698721164382 21.42509413315929) 
4 304 309 (-152 -524 0) (-152 -684.353247018269 0) (-152 -684.353247018269 80) (-152 -524 80) 
4 304 307 (-152 -684.353247018269 80) (-152 -684.353247018269 124) (-152 -524 124) (-152 -524 80) 
4 305 348 (-364 -479 128) (-364 -480 128) (-364 -480 320) (-364 -479 320) 
4 305 331 (-364 -421 128) (-364 -479 128) (-364 -479 320) (-364 -421 320) 
4 305 327 (-364 -388 320) (-364 -388 128) (-364 -421 128) (-364 -421 320) 
4 305 310 (-351 -480 128) (-271 -480 128) (-271 -480 201) (-351 -480 201) 
10 306 308 (-232 -480 0) (-152 -480 0) (-152 -480 43.999999999999986) (-160 -480 59.999999999999964) (-176 -480 76) (-188 -480 80) (-196.00000000000006 -480 80) (-207.99999999999991 -480 76.00000000000006) (-224.00000000000003 -480 59.999999999999936) (-232 -480 44) 
4 307 504 (-232 -764.3532470182677 124) (-232 -764.3532470182677 80) (-152 -684.3532470182693 80) (-152 -684.3532470182693 124) 
4 307 500 (-232 -764.3532470182677 128) (-232 -764.3532470182677 124) (-152 -684.3532470182693 124) (-152 -684.3532470182693 128) 
4 307 463 (-232 -764.3532470182677 129) (-232 -764.3532470182677 128) (-152 -684.3532470182693 128) (-152 -684.3532470182693 129) 
4 307 462 (-232 -764.3532470182677 130) (-232 -764.3532470182677 129) (-152 -684.3532470182693 129) (-152 -684.3532470182693 130) 
4 307 459 (-232 -764.3532470182677 356) (-232 -764.3532470182677 130) (-152 -684.3532470182693 130) (-152 -684.3532470182693 356) 
4 307 315 (-232 -496 80) (-232 -764.3532470182676 80) (-232 -764.3532470182676 128) (-232 -496 128) 
4 307 314 (-232 -764.3532470182676 128) (-232 -764.3532470182676 356) (-232 -605 356) (-232 -605 128) 
4 307 311 (-232 -605 356) (-232 -496 356) (-232 -496 128) (-232 -605 128) 
4 307 309 (-232 -764.3532470182677 80) (-232 -496 80) (-152 -496 80) (-152 -684.353247018269 80) 
10 308 309 (-152 -496 0) (-152 -496 43.999999999999986) (-160 -496 59.999999999999964) (-176 -496 76) (-188 -496 80) (-196.00000000000006 -496 80) (-207.99999999999991 -496 76.00000000000006) (-224.00000000000003 -496 59.999999999999936) (-232 -496 44) (-232 -496 0) 
4 309 506 (-232 -764.3532470182677 4) (-232 -764.3532470182677 0) (-152 -684.3532470182693 0) (-152 -684.3532470182693 4) 
4 309 504 (-232 -764.3532470182677 80) (-232 -764.3532470182677 4) (-152 -684.3532470182693 4) (-152 -684.3532470182693 80) 
4 309 315 (-232 -496 0) (-232 -764.3532470182676 0) (-232 -764.3532470182676 80) (-232 -496 80) 
10 310 320 (-351 -481 164.99999999999997) (-351 -481 128) (-271 -481 128) (-271 -481 165.00000000000003) (-278.99999999999994 -481 180.99999999999997) (-295 -481 197) (-307 -481 201) (-315 -481 201) (-326.99999999999994 -481 197.00000000000003) (-342.99999999999994 -481 181.00000000000003) 
4 311 315 (-232 -496 128) (-232 -605 128) (-244 -605 128) (-244 -496 128) 
4 311 314 (-244 -605 128) (-232 -605 128) (-232 -605 356) (-244 -605 356) 
4 311 312 (-244 -605 132) (-244 -605 356) (-244 -496 356) (-244 -496 132) 
4 312 318 (-260 -605 356) (-260 -496 356) (-260 -496 132) (-260 -605 132) 
3 312 313 (-260 -496 132) (-259 -605 132) (-260 -605 132) 
4 313 318 (-260 -496 132) (-260 -496 128) (-260 -605 128) (-260 -605 132) 
3 313 316 (-259.197486535009 -583.4739676840193 128) (-259 -605 128) (-259.2455357142857 -605 128) 
4 314 463 (-232 -764.3532470182677 128) (-232 -764.3532470182677 129) (-244 -776.3532470182674 129) (-244 -776.3532470182674 128) 
4 314 462 (-232 -764.3532470182677 129) (-232 -764.3532470182677 130) (-244 -776.3532470182674 130) (-244 -776.3532470182674 129) 
4 314 459 (-232 -764.3532470182677 130) (-232 -764.3532470182677 356) (-244 -776.3532470182674 356) (-244 -776.3532470182674 130) 
4 314 315 (-244 -605 128) (-232 -605 128) (-232 -764.3532470182674 128) (-244 -776.3532470182671 128) 
4 315 506 (-244 -776.3532470182674 0) (-232 -764.3532470182677 0) (-232 -764.3532470182677 4) (-244 -776.3532470182674 4) 
4 315 504 (-232 -764.3532470182677 4) (-232 -764.3532470182677 124) (-244 -776.3532470182674 124) (-244 -776.3532470182674 4) 
4 315 500 (-232 -764.3532470182677 124) (-232 -764.3532470182677 128) (-244 -776.3532470182674 128) (-244 -776.3532470182674 124) 
4 315 317 (-244 -496 112) (-244 -496 0) (-244 -605 0) (-244 -605 112) 
3 316 317 (-259 -605 112) (-259.2455357142857 -605 112) (-259.197486535009 -583.4739676840221 112) 
4 317 319 (-260 -496 0) (-260 -605 0) (-260 -605 112) (-260 -496 112) 
4 318 467 (-271 -803.3532470182669 356) (-271 -803.3532470182669 128) (-260 -792.3532470182671 128) (-260 -792.3532470182671 356) 
4 318 323 (-271 -497 128) (-271 -803.3532470182666 128) (-271 -803.3532470182666 356) (-271 -497.00000000000006 356) 
4 319 518 (-271 -803.3532470182669 112) (-271 -803.3532470182669 0) (-260 -792.3532470182671 0) (-260 -792.3532470182671 112) 
4 319 324 (-271 -497 0) (-271 -803.3532470182666 0) (-271 -803.3532470182666 112) (-271 -497 112) 
4 319 322 (-271 -496 0) (-271 -497 0) (-271 -497 112) (-271 -496 112) 
10 320 323 (-351 -497 164.99999999999997) (-351 -497 128) (-271 -497 128) (-271 -497 165.00000000000003) (-278.99999999999994 -497 180.99999999999997) (-295 -497 197) (-307 -497 201) (-315 -497 201) (-326.99999999999994 -497 197.00000000000003) (-342.99999999999994 -497 181.00000000000003) 
4 320 321 (-351 -495.99999999999994 128) (-351 -497 128) (-351 -497 164.99999999999997) (-351 -495.99999999999994 164.99999999999997) 
4 321 323 (-364 -497 356) (-364 -497 128) (-351 -497 128) (-351 -497 356) 
4 322 325 (-364 -497 112) (-364 -497 0) (-363 -497 0) (-363 -497 112) 
4 322 324 (-363 -497 0) (-271 -497 0) (-271 -497 112) (-363 -497 112) 
4 323 470 (-364 -896.3532470182649 320) (-364 -896.3532470182649 128) (-287.64675298173347 -820 128) (-287.64675298173347 -820 320) 
4 323 469 (-364 -896.3532470182649 336) (-364 -896.3532470182649 320) (-287.64675298173347 -820 320) (-287.64675298173347 -820 336) 
4 323 468 (-364 -896.3532470182649 356) (-364 -896.3532470182649 336) (-287.64675298173347 -820 336) (-287.64675298173347 -820 356) 
4 323 467 (-287.64675298173347 -820 128) (-271 -803.3532470182669 128) (-271 -803.3532470182669 356) (-287.64675298173347 -820 356) 
4 323 380 (-364 -816 128) (-364 -896.3532470182648 128) (-364 -896.3532470182648 320) (-364 -816 320) 
4 323 379 (-364 -896.3532470182648 320) (-364 -896.3532470182648 336) (-364 -816 336) (-364 -816 320) 
4 323 378 (-364 -896.3532470182648 336) (-364 -896.3532470182648 356) (-364 -816 356) (-364 -816 336) 
4 323 351 (-364 -497 320) (-364 -497 128) (-364 -601 128) (-364 -601 320) 
4 323 347 (-364 -497 336) (-364 -497 320) (-364 -601 320) (-364 -601 336) 
4 323 346 (-364 -497 356) (-364 -497 336) (-364 -601 336) (-364 -601 356) 
4 323 326 (-364 -896.3532470182649 128) (-364 -603 128) (-363 -603 128) (-363 -895.3532470182649 128) 
4 324 519 (-363 -895.3532470182649 0) (-287.64675298173347 -820 0) (-287.64675298173347 -820 112) (-363 -895.3532470182649 112) 
4 324 518 (-287.64675298173347 -820 0) (-271 -803.3532470182669 0) (-271 -803.3532470182669 112) (-287.64675298173347 -820 112) 
4 324 326 (-363 -895.3532470182647 0) (-363 -895.3532470182647 112) (-363 -603 112) (-363 -603 0) 
4 324 325 (-363 -603 112) (-363 -497 112) (-363 -497 0) (-363 -603 0) 
4 325 326 (-363 -603 0) (-363 -603 112) (-364 -603 112) (-364 -603 0) 
4 326 520 (-364 -896.3532470182649 128) (-364 -896.3532470182649 0) (-363 -895.3532470182649 0) (-363 -895.3532470182649 128) 
4 326 380 (-364 -816 0) (-364 -896.3532470182648 0) (-364 -896.3532470182648 128) (-364 -816 128) 
4 327 340 (-433.99999999999994 -421 320) (-576 -421 320) (-576 -421 128) (-433.99999999999994 -421 128) 
4 327 337 (-410 -421 320) (-433.99999999999994 -421 320) (-433.99999999999994 -421 128) (-410 -421 128) 
4 327 331 (-364 -421 128) (-364 -421 320) (-410 -421 320) (-410 -421 128) 
4 327 329 (-385 -421 128) (-576 -421 128) (-576 -388 128) (-385 -388 128) 
4 327 328 (-376.3586956521739 -421 128) (-377 -421 128) (-377 -388 128) (-376 -388 128) 
4 328 333 (-377 -421 124) (-377 -421 84) (-376.3586956521739 -421 84) (-376.3586956521739 -421 124) 
4 328 332 (-376.3586956521739 -421 128) (-377 -421 128) (-377 -421 124) (-376.3586956521739 -421 124) 
4 329 343 (-576 -421 88) (-576 -421 84) (-458 -421 84) (-458 -421 88) 
4 329 342 (-576 -421 92) (-576 -421 88) (-450 -421 88) (-450 -421 92) 
4 329 341 (-576 -421 96) (-576 -421 92) (-442 -421 92) (-442 -421 96) 
4 329 340 (-433.99999999999994 -421 128) (-576 -421 128) (-576 -421 96) (-433.99999999999994 -421 96) 
4 329 339 (-433.99999999999994 -421 104) (-433.99999999999994 -421 100) (-426 -421 100) (-426 -421 104) 
4 329 338 (-433.99999999999994 -421 108) (-433.99999999999994 -421 104) (-417.99999999999994 -421 104) (-417.99999999999994 -421 108) 
4 329 337 (-410 -421 128) (-433.99999999999994 -421 128) (-433.99999999999994 -421 108) (-410 -421 108) 
4 329 336 (-410 -421 116) (-410 -421 112) (-402 -421 112) (-402 -421 116) 
4 329 335 (-394 -421 128) (-410 -421 128) (-410 -421 116) (-394 -421 116) 
4 329 334 (-386 -421 128) (-394 -421 128) (-394 -421 120) (-386 -421 120) 
4 329 332 (-385 -421 128) (-386 -421 128) (-386 -421 124) (-385 -421 124) 
4 330 344 (-748 -421 0) (-592 -421 0) (-592 -421 192) (-748 -421 192) 
4 331 348 (-364 -479 128) (-364 -479 320) (-409 -479 320) (-409 -479 128) 
4 331 337 (-409 -479 128) (-409 -479 320) (-410 -421 320) (-410 -421 128) 
4 331 335 (-393 -479 128) (-409.00000000000017 -479 128) (-410.00000000000017 -421 128) (-394 -421 128) 
4 331 334 (-385 -479 128) (-393 -479 128) (-394 -421 128) (-386 -421 128) 
4 331 332 (-376.9891304347826 -479 128) (-385 -479 128) (-386 -421 128) (-376.3586956521739 -421 128) 
4 332 349 (-376.9891304347826 -479 128) (-385 -479 128) (-385 -479 124) (-376.9891304347826 -479 124) 
4 332 334 (-384.9999999999999 -479 124) (-384.9999999999999 -479 128) (-385.9999999999999 -421 128) (-385.9999999999999 -421 124) 
3 332 333 (-377 -421 124) (-376.3586956521739 -421 124) (-376.6066666666667 -443.8133333333341 124) 
4 334 349 (-385 -479 120) (-385 -479 128) (-393 -479 128) (-393 -479 120) 
4 334 335 (-392.9999999999999 -479 120) (-392.9999999999999 -479 128) (-393.9999999999999 -421 128) (-393.9999999999999 -421 120) 
4 335 349 (-393 -479 116) (-393 -479 128) (-409 -479 128) (-409 -479 116) 
4 335 337 (-409 -479 116) (-409 -479 128) (-410 -421 128) (-410 -421 116) 
4 335 336 (-409 -479 116) (-410 -421 116) (-402 -421 116) (-401 -479 116) 
4 336 349 (-401 -479 112) (-401 -479 116) (-409 -479 116) (-409 -479 112) 
4 336 337 (-409 -479 112) (-409 -479 116) (-410 -421 116) (-410 -421 112) 
4 337 349 (-409 -479 108) (-409 -479 128) (-432.99999999999994 -479 128) (-432.99999999999994 -479 108) 
4 337 348 (-409 -479 128) (-409 -479 320) (-432.99999999999994 -479 320) (-432.99999999999994 -479 128) 
4 337 340 (-433 -479 108) (-433 -479 320) (-434 -421 320) (-434 -421 108) 
4 337 338 (-433.00000000000017 -479 108) (-434.00000000000017 -421 108) (-417.99999999999994 -421 108) (-416.99999999999994 -479 108) 
4 338 349 (-416.99999999999994 -479 104) (-416.99999999999994 -479 108) (-432.99999999999994 -479 108) (-432.99999999999994 -479 104) 
4 338 340 (-433 -479 104) (-433 -479 108) (-434 -421 108) (-434 -421 104) 
4 338 339 (-432.9999999999999 -479 104) (-433.9999999999999 -421 104) (-426 -421 104) (-425 -479 104) 
4 339 349 (-425 -479 100) (-425 -479 104) (-432.99999999999994 -479 104) (-432.99999999999994 -479 100) 
4 339 340 (-433 -479 100) (-433 -479 104) (-434 -421 104) (-434 -421 100) 
4 340 349 (-432.99999999999994 -479 96) (-432.99999999999994 -479 128) (-576 -479 128) (-576 -479 96) 
4 340 348 (-432.99999999999994 -479 128) (-432.99999999999994 -479 320) (-576 -479 320) (-576 -479 128) 
4 340 341 (-576 -479 96) (-576 -421 96) (-442 -421 96) (-441 -479 96) 
4 341 349 (-441 -479 92) (-441 -479 96) (-576 -479 96) (-576 -479 92) 
4 341 342 (-576 -479 92) (-576 -421 92) (-450 -421 92) (-449 -479 92) 
4 342 349 (-449 -479 88) (-449 -479 92) (-576 -479 92) (-576 -479 88) 
4 342 343 (-576 -479 88) (-576 -421 88) (-458 -421 88) (-457 -479 88) 
4 343 349 (-457 -479 88) (-576 -479 88) (-576 -479 84) (-457 -479 84) 
4 344 345 (-748 -452 0) (-592 -452 0) (-592 -452 192) (-748 -452 192) 
4 345 350 (-748 -479 0) (-592 -479 0) (-592 -479 320) (-748 -479 320) 
4 346 347 (-377 -496 336) (-364 -496 336) (-364 -601 336) (-377.9699769053118 -601 336) 
4 347 351 (-377 -496 320) (-364 -496 320) (-364 -601 320) (-377.9699769053118 -601 320) 
4 348 349 (-377 -480 128) (-576 -480 128) (-576 -479 128) (-376.9891304347826 -479 128) 
4 350 377 (-748 -480 0) (-592 -480 0) (-592 -480 320) (-748 -480 320) 
4 351 357 (-415 -496 128) (-415 -601 128) (-415 -601 320) (-415 -496 320) 
4 351 356 (-415 -601 128) (-415 -496 128) (-407 -496 128) (-407 -601 128) 
4 351 355 (-407 -496 128) (-399 -496 128) (-399 -601 128) (-407 -601 128) 
4 351 354 (-399 -496 128) (-391 -496 128) (-391 -601 128) (-399 -601 128) 
4 351 353 (-391 -496 128) (-384 -496 128) (-383.01869158878503 -601 128) (-391 -601 128) 
4 351 352 (-415 -601 320) (-415 -601 128) (-380 -601 128) (-380 -601 320) 
4 352 382 (-380 -603 320) (-415 -603 320) (-415 -603 128) (-380 -603 128) 
4 352 357 (-415 -601 128) (-415 -603 128) (-415 -603 320) (-415 -601 320) 
4 352 356 (-407 -603 128) (-415 -603 128) (-415 -601 128) (-407 -601 128) 
4 352 355 (-399 -603 128) (-407 -603 128) (-407 -601 128) (-399 -601 128) 
4 352 354 (-391 -603 128) (-399 -603 128) (-399 -601 128) (-391 -601 128) 
4 352 353 (-383 -603 128) (-391 -603 128) (-391 -601 128) (-383.01869158878503 -601 128) 
4 353 382 (-383 -603 128) (-391 -603 128) (-391 -603 127) (-383 -603 127) 
4 353 354 (-391 -603 127) (-391 -603 128) (-391 -496 128) (-391 -496 127) 
4 354 382 (-391 -603 121) (-391 -603 128) (-399 -603 128) (-399 -603 121) 
4 354 355 (-399 -603 121) (-399 -603 128) (-399 -496 128) (-399 -496 121) 
4 355 382 (-399 -603 115) (-399 -603 128) (-407 -603 128) (-407 -603 115) 
4 355 356 (-407 -603 115) (-407 -603 128) (-407 -496 128) (-407 -496 115) 
4 356 382 (-407 -603 109) (-407 -603 128) (-415 -603 128) (-415 -603 109) 
4 356 358 (-415 -603 109) (-415 -603 128) (-415 -496 128) (-415 -496 109) 
4 357 382 (-415 -603 128) (-415 -603 320) (-463 -603 320) (-463 -603 128) 
4 357 364 (-463 -496 128) (-463 -603 128) (-463 -603 320) (-463 -496 320) 
4 357 363 (-463 -603 128) (-463 -496 128) (-455 -496 128) (-455 -603 128) 
4 357 362 (-455 -496 128) (-447 -496 128) (-447 -603 128) (-455 -603 128) 
4 357 361 (-447 -496 128) (-439 -496 128) (-439 -603 128) (-447 -603 128) 
4 357 360 (-439 -496 128) (-431 -496 128) (-431 -603 128) (-439 -603 128) 
4 357 359 (-431 -496 128) (-423 -496 128) (-423 -603 128) (-431 -603 128) 
4 357 358 (-423 -496 128) (-415 -496 128) (-415 -603 128) (-423 -603 128) 
4 358 382 (-415 -603 103) (-415 -603 128) (-423 -603 128) (-423 -603 103) 
4 358 359 (-423 -603 103) (-423 -603 128) (-423 -496 128) (-423 -496 103) 
4 359 382 (-423 -603 97) (-423 -603 128) (-431 -603 128) (-431 -603 97) 
4 359 360 (-431 -603 97) (-431 -603 128) (-431 -496 128) (-431 -496 97) 
4 360 382 (-431 -603 90) (-431 -603 128) (-439 -603 128) (-439 -603 90) 
4 360 361 (-439 -603 90) (-439 -603 128) (-439 -496 128) (-439 -496 90) 
4 361 382 (-439 -603 84) (-439 -603 128) (-447 -603 128) (-447 -603 84) 
4 361 362 (-447 -603 84) (-447 -603 128) (-447 -496 128) (-447 -496 84) 
4 362 382 (-447 -603 78) (-447 -603 128) (-455 -603 128) (-455 -603 78) 
4 362 363 (-455 -603 78) (-455 -603 128) (-455 -496 128) (-455 -496 78) 
4 363 382 (-455 -603 72) (-455 -603 128) (-463 -603 128) (-463 -603 72) 
4 363 365 (-463 -603 72) (-463 -603 128) (-463 -496 128) (-463 -496 72) 
4 364 383 (-540 -603 320) (-592 -603 320) (-592 -603 128) (-540 -603 128) 
4 364 382 (-463 -603 128) (-463 -603 320) (-540 -603 320) (-540 -603 128) 
4 364 377 (-592 -496 128) (-592 -603 128) (-592 -603 320) (-592 -496 320) 
4 364 376 (-592 -603 128) (-592 -496 128) (-551 -496 128) (-551 -603 128) 
4 364 375 (-551 -496 128) (-543 -496 128) (-543 -603 128) (-551 -603 128) 
4 364 374 (-543 -496 128) (-535 -496 128) (-535 -603 128) (-543 -603 128) 
4 364 373 (-535 -496 128) (-527 -496 128) (-527 -603 128) (-535 -603 128) 
4 364 372 (-527 -496 128) (-519 -496 128) (-519 -603 128) (-527 -603 128) 
4 364 371 (-519 -496 128) (-511 -496 128) (-511 -603 128) (-519 -603 128) 
4 364 370 (-511 -496 128) (-503 -496 128) (-503 -603 128) (-511 -603 128) 
4 364 369 (-503 -496 128) (-495 -496 128) (-495 -603 128) (-503 -603 128) 
4 364 368 (-495 -496 128) (-487 -496 128) (-487 -603 128) (-495 -603 128) 
4 364 367 (-487 -496 128) (-479 -496 128) (-479 -603 128) (-487 -603 128) 
4 364 366 (-479 -496 128) (-471 -496 128) (-471 -603 128) (-479 -603 128) 
4 364 365 (-471 -496 128) (-463 -496 128) (-463 -603 128) (-471 -603 128) 
4 365 382 (-463 -603 66) (-463 -603 128) (-471 -603 128) (-471 -603 66) 
4 365 366 (-471 -603 66) (-471 -603 128) (-471 -496 128) (-471 -496 66) 
4 366 382 (-471 -603 60) (-471 -603 128) (-479 -603 128) (-479 -603 60) 
4 366 367 (-479 -603 60) (-479 -603 128) (-479 -496 128) (-479 -496 60) 
4 367 382 (-479 -603 54) (-479 -603 128) (-487 -603 128) (-487 -603 54) 
4 367 368 (-487 -603 54) (-487 -603 128) (-487 -496 128) (-487 -496 54) 
4 368 382 (-487 -603 48) (-487 -603 128) (-495 -603 128) (-495 -603 48) 
4 368 369 (-495 -603 48) (-495 -603 128) (-495 -496 128) (-495 -496 48) 
4 369 382 (-495 -603 42) (-495 -603 128) (-503 -603 128) (-503 -603 42) 
4 369 370 (-503 -603 42) (-503 -603 128) (-503 -496 128) (-503 -496 42) 
4 370 382 (-503 -603 36) (-503 -603 128) (-511 -603 128) (-511 -603 36) 
4 370 371 (-511 -603 36) (-511 -603 128) (-511 -496 128) (-511 -496 36) 
4 371 382 (-511 -603 30) (-511 -603 128) (-519 -603 128) (-519 -603 30) 
4 371 372 (-519 -603 30) (-519 -603 128) (-519 -496 128) (-519 -496 30) 
4 372 382 (-519 -603 24) (-519 -603 128) (-527 -603 128) (-527 -603 24) 
4 372 373 (-527 -603 24) (-527 -603 128) (-527 -496 128) (-527 -496 24) 
4 373 382 (-527 -603 18) (-527 -603 128) (-535 -603 128) (-535 -603 18) 
4 373 374 (-535 -603 18) (-535 -603 128) (-535 -496 128) (-535 -496 18) 
4 374 383 (-540 -603 128) (-543 -603 128) (-543 -603 12) (-540 -603 12) 
4 374 382 (-535 -603 12) (-535 -603 128) (-540 -603 128) (-540 -603 12) 
4 374 375 (-543 -603 12) (-543 -603 128) (-543 -496 128) (-543 -496 12) 
4 375 383 (-543 -603 6) (-543 -603 128) (-551 -603 128) (-551 -603 6) 
4 375 376 (-551 -603 6) (-551 -603 128) (-551 -496 128) (-551 -496 6) 
4 376 383 (-592 -603 0) (-551 -603 0) (-551 -603 128) (-592 -603 128) 
4 376 377 (-592 -496 0) (-592 -603 0) (-592 -603 128) (-592 -496 128) 
4 377 385 (-748 -603 0) (-624 -603 0) (-624 -603 320) (-748 -603 320) 
4 377 383 (-624 -603 0) (-592 -603 0) (-592 -603 320) (-624 -603 320) 
4 378 468 (-364 -896.3532470182649 336) (-364 -896.3532470182649 356) (-380 -912.3532470182646 356) (-380 -912.3532470182646 336) 
4 378 379 (-380 -912.3532470182645 336) (-380 -816 336) (-364 -816 336) (-364 -896.3532470182648 336) 
4 379 469 (-364 -896.3532470182649 320) (-364 -896.3532470182649 336) (-380 -912.3532470182646 336) (-380 -912.3532470182646 320) 
4 379 381 (-380 -912.3532470182645 320) (-380 -912.3532470182645 336) (-380 -820.749999999997 336) (-380 -820.749999999997 320) 
4 379 380 (-380 -912.3532470182645 320) (-380 -816 320) (-364 -816 320) (-364 -896.3532470182648 320) 
4 380 520 (-380 -912.3532470182647 0) (-364 -896.3532470182649 0) (-364 -896.3532470182649 128) (-380 -912.3532470182647 128) 
4 380 470 (-364 -896.3532470182649 128) (-364 -896.3532470182649 320) (-380 -912.3532470182646 320) (-380 -912.3532470182647 128) 
4 380 382 (-380 -912.3532470182645 0) (-380 -912.3532470182645 320) (-380 -816 320) (-380 -816 0) 
4 381 469 (-380 -912.3532470182646 320) (-380 -912.3532470182646 336) (-380.85410952930783 -913.2073565475724 336) (-380.85410952930783 -913.2073565475724 320) 
3 381 382 (-380 -820.7499999999975 320) (-380 -912.3532470182646 320) (-380.85410952930783 -913.2073565475724 320) 
4 382 520 (-391.66310634798174 -924.0163533662462 0) (-380 -912.3532470182647 0) (-380 -912.3532470182647 128) (-391.6631063479818 -924.0163533662462 128) 
4 382 470 (-380 -912.3532470182647 128) (-380 -912.3532470182646 320) (-391.66310634798185 -924.0163533662462 320) (-391.6631063479818 -924.0163533662462 128) 
4 382 384 (-540 -922.8337129840546 320) (-540 -792 320) (-540 -792 0) (-540 -922.8337129840547 0) 
4 382 383 (-540 -717 320) (-540 -603 320) (-540 -603 0) (-540 -717 0) 
4 383 385 (-624 -712.9999999999999 320) (-624 -603 320) (-624 -603 0) (-624 -713 0) 
4 384 385 (-624 -922.1640091116175 0) (-624 -922.1640091116175 320) (-624 -788 320) (-624 -788 0) 
4 386 388 (261.8242401376266 -397.71312749983167 144) (266.83792910492565 -400.23569345820573 144) (266.83792910492815 -400.23569345820175 315) (261.8242401376362 -397.7131274998312 315) 
4 387 389 (424.95037576608627 -479.7877115718359 144) (414.4451553346113 -474.50216003114457 144) (411.577213937214 -472.90291339513067 144) (425.14968459788986 -479.6891322204617 144) 
4 387 388 (361.7568163314026 -447.9927751770681 144) (424.95037576608627 -479.78771157183587 144) (424.9503757660836 -479.7877115718292 315) (285.19488371005315 -409.47173284722925 315) 
4 388 442 (161.85792380696185 -504.0243271871935 144) (230.57437415738505 -622.2346281960487 144) (230.5743741567644 -622.2346281966109 315) (161.85792380637702 -504.02432718781733 315) 
4 388 437 (112.77110715065865 -419.58213986761615 268) (112.77110715109313 -419.58213986718164 144) (161.85792380696185 -504.0243271871935 144) (161.85792380653777 -504.02432718764584 268) 
4 388 435 (112.77110715049396 -419.5821398677809 315) (112.77110715065865 -419.58213986761615 268) (161.85792380653777 -504.02432718764584 268) (161.85792380637702 -504.02432718781733 315) 
4 388 427 (230.57437415676452 -622.2346281966107 315) (230.5743741573852 -622.2346281960486 144) (265.21539030933207 -602.2346281957232 144) (265.2153903095969 -602.2346281957741 315) 
4 388 425 (265.21539030933207 -602.2346281957232 144) (272.1435935395035 -598.2346281957839 144) (272.1435935395694 -598.2346281959498 315) (265.2153903095969 -602.2346281957741 315) 
4 388 423 (272.1435935395035 -598.2346281957839 144) (286.00000000008356 -590.2346281957684 144) (286.00000000017315 -590.2346281959207 315) (272.1435935395694 -598.2346281959498 315) 
4 388 420 (286.00000000008356 -590.2346281957684 144) (306.78460969086575 -578.2346281957961 144) (306.78460969093425 -578.2346281959603 315) (286.00000000017315 -590.2346281959207 315) 
4 388 401 (306.78460969086575 -578.2346281957961 144) (424.9171804571854 -510.0307566638101 144) (424.9171804571854 -510.030756664014 315) (306.78460969093425 -578.2346281959603 315) 
5 388 396 (355.3031341516156 -550.2224450377033 144) (230.57437415738514 -622.2346281960486 144) (229.25080146264912 -619.9577363331254 144) (355.7842382115622 -549.2902370471398 144) (356.0782104869158 -549.4314575050967 144) 
3 388 395 (356.2891897847985 -549.6531455524494 144) (355.3031341516156 -550.2224450377033 144) (356.1294583987474 -549.3791575476799 144) 
4 388 394 (356.2404714675879 -549.5695787916627 144) (356.1294583987473 -549.3791575476799 144) (423.685264351681 -480.4365285055042 144) (423.839907583493 -480.435965529037 144) 
4 388 393 (414.44515533461106 -474.50216003114446 144) (424.5805235072406 -479.60162569297967 144) (424.56559374221695 -479.6938098376605 144) (424.2797043587028 -479.9861875143303 144) 
5 388 392 (419.72495220690223 -513.0284910418046 144) (419.1092769583141 -513.3839513123103 144) (424.44575446424835 -480.4337599521578 144) (424.9171804571854 -480.4320437325926 144) (424.9171804571854 -482.50555950518515 144) 
4 388 391 (424.4984832573104 -480.1081849226269 144) (424.5155547437774 -480.00277667434636 144) (424.9171804571854 -479.8041301720078 144) (424.9171804571854 -480.3416625275097 144) 
4 388 390 (424.5155547437774 -480.00277667434636 144) (424.5805235072406 -479.60162569297967 144) (424.9171804571854 -479.7710098265228 144) (424.9171804571854 -479.8041301720078 144) 
4 389 398 (424.9503757660865 -479.78771157183655 128) (414.4451553329121 -474.50216003029016 128) (411.9671492107824 -473.12035252249575 128) (425.1270907351808 -479.7003072813503 128) 
4 389 393 (414.4451553329109 -474.5021600302895 128) (424.58052350729986 -479.6016256930099 128) (424.5805235072407 -479.6016256929796 144) (414.4451553346098 -474.5021600311438 144) 
4 389 390 (424.58052350729986 -479.6016256930099 128) (424.95037576608655 -479.7877115718365 128) (424.9503757660864 -479.7877115718359 144) (424.5805235072407 -479.6016256929796 144) 
3 390 399 (424.515554743847 -480.00277667431266 128) (424.5805235072999 -479.60162569300996 128) (424.95037576608655 -479.78771157183655 128) 
4 390 391 (424.5155547437775 -480.0027766743463 144) (424.51555474384713 -480.0027766743126 128) (424.9503757660865 -479.78771157183655 128) (424.95037576608627 -479.7877115718359 144) 
4 391 399 (424.4984832573555 -480.10818492274507 128) (424.515554743847 -480.00277667431266 128) (424.9171804571854 -479.8041301720086 128) (424.9171804571854 -480.34166252760275 128) 
4 392 402 (419.1092769583883 -513.3839513122483 128) (419.72495220699267 -513.0284910417332 128) (419.72495220690223 -513.0284910418046 144) (419.1092769583141 -513.3839513123103 144) 
5 392 399 (420.0484577212299 -507.58496015694215 128) (424.4457544643079 -480.4337599521861 128) (424.9171804571854 -480.4320437326211 128) (424.9171804571854 -482.5055595056455 128) (420.7223011290568 -507.16549515656146 128) 
4 393 399 (414.4451553329111 -474.50216003028964 128) (424.5805235072999 -479.60162569300996 128) (424.56559374228897 -479.69380983761187 128) (424.2797043586598 -479.9861875143993 128) 
4 394 400 (356.24047146763905 -549.5695787916355 128) (356.12945839882434 -549.3791575476971 128) (357.05273422653926 -548.4369282012201 128) (357.16281740155495 -548.6263001083582 128) 
4 394 399 (361.16638496324737 -544.2388301584326 128) (423.6852643517474 -480.4365285055325 128) (423.8399075834896 -480.4359655290655 128) (361.8986233131128 -543.7830145251007 128) 
4 394 395 (356.1294583988244 -549.3791575476971 128) (356.28918978484023 -549.6531455524059 128) (356.2891897847984 -549.6531455524491 144) (356.1294583987473 -549.3791575476798 144) 
4 395 403 (355.30313415187544 -550.2224450375342 128) (356.28918978484023 -549.653145552406 128) (356.2891897847985 -549.6531455524492 144) (355.3031341516156 -550.2224450377032 144) 
3 395 400 (356.28918978484023 -549.653145552406 128) (355.30313415187544 -550.2224450375342 128) (356.1294583988244 -549.3791575476972 128) 
4 395 396 (356.1294583987473 -549.3791575476796 144) (356.12945839882434 -549.3791575476969 128) (355.30313415187425 -550.222445037535 128) (355.30313415161504 -550.2224450377036 144) 
4 396 443 (229.25080146273814 -619.9577363331263 128) (230.57437415744312 -622.234628195996 128) (230.57437415738505 -622.2346281960487 144) (229.25080146264904 -619.9577363331255 144) 
4 396 427 (230.5743741573852 -622.2346281960486 144) (230.57437415744326 -622.2346281959959 128) (265.2153903093073 -602.2346281957183 128) (265.21539030933207 -602.2346281957232 144) 
4 396 425 (265.2153903093073 -602.2346281957183 128) (272.1435935394973 -598.2346281957683 128) (272.1435935395035 -598.2346281957839 144) (265.21539030933207 -602.2346281957232 144) 
4 396 423 (272.1435935394973 -598.2346281957683 128) (286.0000000000752 -590.2346281957541 128) (286.00000000008356 -590.2346281957684 144) (272.1435935395035 -598.2346281957839 144) 
4 396 420 (286.0000000000752 -590.2346281957541 128) (306.7846096908593 -578.2346281957806 128) (306.7846096908657 -578.2346281957961 144) (286.00000000008356 -590.2346281957684 144) 
4 396 416 (306.7846096908593 -578.2346281957806 128) (327.5692193817214 -566.2346281957621 128) (327.5692193817301 -566.2346281957762 144) (306.7846096908657 -578.2346281957961 144) 
4 396 414 (327.5692193817214 -566.2346281957621 128) (334.4974226119996 -562.2346281957612 128) (334.49742261201243 -562.2346281957729 144) (327.5692193817301 -566.2346281957762 144) 
4 396 412 (341.4256258422471 -558.2346281957804 130) (341.4256258422513 -558.2346281957947 144) (334.49742261201243 -562.2346281957729 144) (334.4974226120012 -562.2346281957626 130) 
4 396 406 (348.353829072551 -554.2346281957718 136) (348.35382907255484 -554.2346281957791 144) (341.4256258422513 -558.2346281957947 144) (341.4256258422489 -558.2346281957865 136) 
4 396 404 (355.30313415164807 -550.2224450376821 142) (355.3031341516156 -550.2224450377032 144) (348.35382907255484 -554.2346281957791 144) (348.3538290725539 -554.2346281957773 142) 
5 396 400 (355.30313415187544 -550.2224450375342 128) (230.5743741574429 -622.234628195996 128) (229.25080146273797 -619.9577363331263 128) (355.784238211521 -549.2902370472134 128) (356.0782104869175 -549.4314575051908 128) 
4 397 400 (261.8242401376196 -397.71312749983196 21.42509413315929) (266.8379291049238 -400.2356934582086 21.42509413315929) (266.8379291049254 -400.23569345820613 128) (261.82424013762557 -397.71312749983167 128) 
4 398 399 (416.63735249542833 -475.6051327061565 21.42509413315929) (424.9503757660883 -479.7877115718406 21.42509413315929) (424.9503757660866 -479.78771157183644 128) (368.92050593341594 -451.59708323132986 128) 
4 399 400 (272.58250114897186 -403.12599279234007 128) (272.58250114898044 -403.12599279234763 21.42509413315929) (356.3538290724778 -547.2346281956538 21.42509413315929) (356.3538290724697 -547.2346281956469 128) 
4 400 471 (112.7711071511492 -419.5821398671256 128) (112.77110715152263 -419.5821398667522 21.42509413315929) (230.57437415782994 -622.2346281956457 21.42509413315929) (230.57437415744312 -622.234628195996 128) 
4 400 432 (230.5743741576792 -622.2346281957822 63) (230.5743741577663 -622.2346281957033 39) (237.50257738809037 -618.2346281956759 39) (237.5025773881648 -618.2346281956616 63) 
4 400 431 (244.4307806183705 -614.2346281956811 45) (244.4307806183984 -614.2346281956865 63) (237.5025773881648 -618.2346281956616 63) (237.502577388109 -618.2346281956724 45) 
4 400 429 (251.35898384861906 -610.2346281957116 57) (244.4307806183891 -614.2346281956846 57) (244.4307806183798 -614.2346281956828 51) (251.35898384862435 -610.2346281957014 51) 
4 400 428 (258.287187078896 -606.2346281957114 57) (258.2871870788952 -606.234628195719 63) (244.4307806183984 -614.2346281956865 63) (244.4307806183891 -614.2346281956846 57) 
4 400 427 (230.57437415744326 -622.2346281959959 128) (230.5743741576792 -622.2346281957822 63) (265.2153903092066 -602.234628195699 63) (265.2153903093073 -602.2346281957183 128) 
4 400 425 (272.1435935394746 -598.2346281957111 69) (272.1435935394973 -598.2346281957683 128) (265.2153903093073 -602.2346281957183 128) (265.2153903092159 -602.2346281957008 69) 
4 400 424 (279.07179676974454 -594.2346281957222 75) (279.0717967697458 -594.2346281957285 81) (272.14359353947924 -598.2346281957227 81) (272.1435935394769 -598.2346281957169 75) 
4 400 423 (286.0000000000506 -590.2346281957123 81) (286.0000000000752 -590.2346281957541 128) (272.1435935394973 -598.2346281957683 128) (272.14359353947924 -598.2346281957227 81) 
4 400 422 (292.9282032302937 -586.2346281957389 87) (292.92820323029645 -586.2346281957444 93) (286.0000000000569 -590.234628195723 93) (286.0000000000538 -590.2346281957176 87) 
4 400 421 (299.85640646059767 -582.2346281957302 93) (299.85640646060074 -582.2346281957356 99) (286.00000000006 -590.2346281957283 99) (286.0000000000569 -590.234628195723 93) 
4 400 420 (306.78460969084773 -578.2346281957527 99) (306.7846096908593 -578.2346281957806 128) (286.0000000000752 -590.2346281957541 128) (286.00000000006 -590.2346281957283 99) 
4 400 418 (313.7128129211305 -574.2346281957564 105) (313.71281292113565 -574.2346281957689 118) (306.78460969085535 -578.2346281957709 118) (306.7846096908501 -578.2346281957584 105) 
4 400 417 (320.6410161514368 -570.2346281957464 111) (320.64101615144267 -570.2346281957514 118) (313.71281292113565 -574.2346281957689 118) (313.71281292113287 -574.2346281957622 111) 
4 400 416 (327.5692193817159 -566.2346281957533 118) (327.5692193817214 -566.2346281957621 128) (306.7846096908593 -578.2346281957806 128) (306.78460969085535 -578.2346281957709 118) 
4 400 414 (334.49742261199634 -562.2346281957582 124) (334.4974226119995 -562.2346281957612 128) (327.5692193817214 -566.2346281957621 128) (327.5692193817192 -566.2346281957585 124) 
4 400 408 (355.28203230276836 -550.2346281956694 21.42509413315929) (357.3902083771038 -549.0174721716529 21.42509413315929) (357.390208377156 -549.0174721717499 128) (355.28203230282804 -550.2346281957621 128) 
4 401 426 (347.7846096907798 -648.7653718042931 144) (350.04816937194954 -652.6592875973528 144) (350.04816937193095 -652.6592875973672 315) (347.78460969047717 -648.7653718038189 315) 
4 401 420 (306.78460969093425 -578.2346281959603 315) (306.78460969086575 -578.2346281957961 144) (347.7846096907798 -648.7653718042931 144) (347.78460969047717 -648.7653718038189 315) 
4 401 419 (350.0481693719493 -652.6592875973529 144) (347.7846096907796 -648.7653718042932 144) (368.5692193816499 -636.7653718043541 144) (371.5568923801184 -641.9049522492728 144) 
4 401 416 (347.7846096907796 -648.7653718042932 144) (306.7846096908654 -578.234628195796 144) (327.56921938172997 -566.2346281957759 144) (368.5692193816499 -636.7653718043541 144) 
4 401 414 (327.56921938172997 -566.2346281957759 144) (334.49742261201226 -562.2346281957726 144) (378.7264667161792 -638.3201737999105 144) (371.5568923801184 -641.9049522492728 144) 
4 401 412 (334.49742261201226 -562.2346281957726 144) (341.4256258422511 -558.2346281957945 144) (385.89604105222156 -634.7353953505575 144) (378.7264667161792 -638.3201737999105 144) 
4 401 406 (341.4256258422511 -558.2346281957945 144) (348.3538290725547 -554.2346281957789 144) (393.0656153882693 -631.1506169012017 144) (385.89604105222156 -634.7353953505575 144) 
4 401 404 (348.3538290725547 -554.2346281957789 144) (355.2820323028368 -550.2346281957757 144) (400.2351897243138 -627.5658384518476 144) (393.0656153882693 -631.1506169012017 144) 
5 401 403 (355.2820323028368 -550.2346281957757 144) (356.28918978479834 -549.653145552449 144) (400.5731853623117 -625.6136933912704 144) (400.24165787793845 -627.562604382901 144) (400.2351897243138 -627.5658384518476 144) 
3 401 402 (419.10927695831424 -513.3839513123099 144) (419.72495220690234 -513.0284910418043 144) (408.0805803809299 -581.480867728387 144) 
5 403 409 (400.23518972431293 -627.5658384518479 128) (395.28627848439567 -619.0524143102583 128) (396.35881518805405 -618.3847642248193 128) (400.57318536238733 -625.6136933912854 128) (400.241657878024 -627.562604382858 128) 
4 403 408 (395.28627848439567 -619.0524143102583 128) (355.28203230282793 -550.234628195762 128) (356.28918978484023 -549.6531455524059 128) (396.35881518805405 -618.3847642248193 128) 
4 403 405 (396.282032302807 -620.7653718044979 128) (400.2351897243128 -627.5658384518476 128) (400.2351897243137 -627.5658384518474 142) (396.2820323027846 -620.7653718044576 142) 
4 403 404 (400.2351897243137 -627.5658384518474 142) (400.23518972431384 -627.5658384518474 144) (355.28203230283714 -550.2346281957759 144) (355.282032302836 -550.2346281957742 142) 
4 404 406 (393.06561538826935 -631.1506169012015 142) (393.0656153882693 -631.1506169012016 144) (348.35382907255484 -554.2346281957791 144) (348.3538290725538 -554.2346281957773 142) 
4 404 405 (400.23518972431407 -627.5658384518479 142) (393.0656153882695 -631.1506169012019 142) (389.35382907250505 -624.7653718044311 142) (396.2820323027847 -620.7653718044576 142) 
4 405 410 (393.06561538826975 -631.1506169012009 128) (389.3538290725288 -624.7653718044705 128) (396.28203230280707 -620.7653718044978 128) (400.23518972431293 -627.5658384518476 128) 
4 405 407 (389.35382907252875 -624.7653718044708 128) (393.0656153882697 -631.150616901201 128) (393.0656153882695 -631.1506169012013 136) (389.3538290725153 -624.7653718044481 136) 
4 405 406 (393.0656153882695 -631.1506169012013 136) (393.06561538826935 -631.1506169012015 142) (389.35382907250516 -624.7653718044312 142) (389.3538290725153 -624.7653718044481 136) 
4 406 412 (385.8960410522217 -634.7353953505574 144) (341.4256258422514 -558.2346281957946 144) (341.425625842249 -558.2346281957864 136) (385.8960410522234 -634.7353953505562 136) 
4 406 407 (393.06561538826963 -631.1506169012014 136) (385.89604105222327 -634.7353953505565 136) (382.42562584223276 -628.7653718044236 136) (389.3538290725154 -624.7653718044481 136) 
4 407 413 (382.42562584224794 -628.7653718044451 128) (385.89604105222514 -634.7353953505551 128) (385.8960410522247 -634.7353953505553 130) (382.4256258422442 -628.7653718044396 130) 
4 407 412 (385.8960410522247 -634.7353953505553 130) (385.8960410522234 -634.7353953505562 136) (382.4256258422329 -628.7653718044234 136) (382.4256258422442 -628.7653718044396 130) 
4 407 411 (385.8960410522251 -634.7353953505551 128) (382.4256258422479 -628.7653718044451 128) (389.3538290725288 -624.7653718044705 128) (393.06561538826975 -631.1506169012009 128) 
4 408 409 (395.28627848439584 -619.0524143102583 128) (395.2862784843882 -619.0524143102552 21.42509413315929) (397.3538290724466 -617.765371804336 21.42509413315929) (397.35382907244696 -617.7653718043437 128) 
4 409 410 (400.2351897243131 -627.5658384518475 128) (396.2820323028073 -620.7653718044978 128) (396.28203230297885 -620.7653718048032 21.42509413315929) (400.23518972430696 -627.5658384518472 21.42509413315929) 
4 410 411 (393.06561538826986 -631.1506169012009 128) (389.3538290725289 -624.7653718044705 128) (389.3538290727095 -624.7653718047708 21.42509413315929) (393.0656153882731 -631.1506169011961 21.42509413315929) 
4 411 413 (385.8960410522251 -634.7353953505551 128) (382.42562584224794 -628.7653718044451 128) (382.4256258424475 -628.7653718047342 21.42509413315929) (385.8960410522481 -634.7353953505404 21.42509413315929) 
4 412 414 (378.7264667161793 -638.3201737999104 144) (334.49742261201266 -562.234628195773 144) (334.49742261200146 -562.2346281957628 130) (378.726466716175 -638.320173799912 130) 
4 412 413 (378.72646671617485 -638.3201737999123 130) (375.4974226119628 -632.7653718044141 130) (382.4256258422439 -628.7653718044397 130) (385.8960410522245 -634.7353953505556 130) 
4 413 415 (375.4974226119713 -632.7653718044322 124) (375.4974226121117 -632.7653718047404 21.42509413315929) (378.7264667161417 -638.3201737999254 21.42509413315929) (378.72646671617315 -638.3201737999128 124) 
4 413 414 (378.72646671617497 -638.320173799912 130) (375.49742261196303 -632.7653718044141 130) (375.4974226119713 -632.7653718044322 124) (378.72646671617315 -638.3201737999128 124) 
4 414 419 (371.5568923801186 -641.9049522492728 144) (368.56921938165 -636.765371804354 144) (368.5692193816826 -636.7653718044111 124) (371.55689238011786 -641.9049522492725 124) 
4 414 416 (368.56921938165 -636.765371804354 144) (327.56921938173014 -566.2346281957759 144) (327.5692193817193 -566.2346281957583 124) (368.5692193816826 -636.7653718044111 124) 
4 414 415 (371.5568923801178 -641.9049522492726 124) (368.5692193816825 -636.7653718044111 124) (375.4974226119711 -632.7653718044323 124) (378.726466716173 -638.3201737999129 124) 
4 415 419 (371.5568923801178 -641.9049522492726 124) (368.5692193816825 -636.7653718044111 124) (368.5692193818495 -636.7653718047038 21.42509413315929) (371.5568923801139 -641.9049522492712 21.42509413315929) 
4 416 420 (306.78460969086575 -578.2346281957961 144) (306.78460969085535 -578.234628195771 118) (347.7846096908258 -648.765371804365 118) (347.7846096907798 -648.765371804293 144) 
4 416 419 (368.5692193816922 -636.7653718044284 118) (368.5692193816499 -636.7653718043541 144) (347.7846096907798 -648.7653718042931 144) (347.78460969082585 -648.7653718043651 118) 
4 416 418 (354.71281292111036 -644.7653718043886 118) (347.7846096908258 -648.765371804365 118) (306.78460969085535 -578.234628195771 118) (313.7128129211357 -574.2346281957689 118) 
4 416 417 (361.64101615141277 -640.7653718044018 118) (354.71281292111036 -644.7653718043886 118) (313.7128129211357 -574.2346281957689 118) (320.64101615144267 -570.2346281957514 118) 
4 417 419 (361.6410161514128 -640.7653718044019 118) (354.71281292111047 -644.7653718043886 118) (354.71281292112286 -644.765371804408 111) (361.64101615142215 -640.765371804423 111) 
4 417 418 (354.71281292112303 -644.7653718044081 111) (354.71281292111064 -644.7653718043887 118) (313.71281292113576 -574.2346281957689 118) (313.712812921133 -574.2346281957622 111) 
4 418 420 (306.78460969085535 -578.234628195771 118) (306.7846096908501 -578.2346281957585 105) (347.7846096908488 -648.7653718044011 105) (347.7846096908258 -648.765371804365 118) 
4 418 419 (354.71281292111047 -644.7653718043886 118) (347.78460969082585 -648.7653718043651 118) (347.78460969084887 -648.7653718044012 105) (354.71281292113355 -644.7653718044246 105) 
4 419 426 (350.0481693719496 -652.6592875973527 144) (347.7846096907798 -648.765371804293 144) (347.7846096909967 -648.7653718046328 21.42509413315929) (350.04816937196284 -652.6592875973422 21.42509413315929) 
4 420 426 (347.7846096908594 -648.7653718044179 99) (347.78460969047705 -648.765371803819 315) (326.99999999963774 -660.7653718037402 315) (326.9999999999935 -660.7653718043545 99) 
4 420 423 (326.99999999999335 -660.7653718043543 99) (326.99999999963757 -660.7653718037401 315) (286.000000000173 -590.2346281959207 315) (286.0000000000599 -590.2346281957284 99) 
4 420 421 (340.8564064605742 -652.7653718043946 99) (326.9999999999934 -660.7653718043543 99) (286.00000000005997 -590.2346281957283 99) (299.8564064606007 -582.2346281957356 99) 
4 421 426 (340.8564064605842 -652.7653718044118 93) (340.85640646057425 -652.7653718043947 99) (326.9999999999935 -660.7653718043545 99) (327.0000000000034 -660.7653718043715 93) 
4 421 423 (327.00000000000324 -660.7653718043714 93) (326.99999999999335 -660.7653718043543 99) (286.0000000000599 -590.2346281957284 99) (286.0000000000568 -590.2346281957231 93) 
4 421 422 (327.0000000000033 -660.7653718043712 93) (286.00000000005696 -590.234628195723 93) (292.9282032302964 -586.2346281957442 93) (333.9282032302879 -656.7653718043946 93) 
4 422 426 (333.92820323029844 -656.7653718044118 87) (333.9282032302881 -656.7653718043949 93) (327.0000000000034 -660.7653718043715 93) (327.0000000000133 -660.7653718043886 87) 
4 422 423 (327.00000000001313 -660.7653718043885 87) (327.00000000000324 -660.7653718043714 93) (286.0000000000568 -590.2346281957231 93) (286.00000000005366 -590.2346281957177 87) 
4 423 426 (327.00000000002314 -660.7653718044056 81) (326.99999999963774 -660.7653718037402 315) (313.1435935390112 -668.7653718037263 315) (313.14359353942893 -668.7653718043731 81) 
4 423 425 (313.14359353942865 -668.7653718043729 81) (313.1435935390109 -668.7653718037261 315) (272.1435935395692 -598.2346281959498 315) (272.143593539479 -598.2346281957228 81) 
4 423 424 (313.1435935394288 -668.765371804373 81) (272.1435935394792 -598.2346281957227 81) (279.07179676974584 -594.2346281957286 81) (320.07179676973624 -664.7653718043834 81) 
4 424 426 (320.07179676974795 -664.7653718043995 75) (320.0717967697362 -664.7653718043834 81) (313.14359353942893 -668.7653718043731 81) (313.1435935394396 -668.7653718043897 75) 
4 424 425 (313.14359353943934 -668.7653718043895 75) (313.14359353942865 -668.7653718043729 81) (272.143593539479 -598.2346281957228 81) (272.1435935394767 -598.234628195717 75) 
4 425 427 (306.2153903090298 -672.7653718035278 315) (265.21539030959684 -602.2346281957741 315) (265.21539030921593 -602.2346281957008 69) (306.21539030918274 -672.7653718043729 69) 
4 425 426 (306.21539030902966 -672.7653718035278 315) (306.2153903091826 -672.765371804373 69) (313.14359353945036 -668.7653718044062 69) (313.1435935390112 -668.7653718037263 315) 
4 426 430 (306.2153903091865 -672.7653718043935 63) (306.21539030921235 -672.7653718045362 21.42509413315929) (307.030723355574 -674.1679582935279 21.42509413315929) (307.0307233556189 -674.1679582935068 63) 
4 426 427 (307.0307233558907 -674.1679582933784 315) (306.2153903090298 -672.7653718035278 315) (306.2153903091865 -672.7653718043935 63) (307.0307233556189 -674.1679582935068 63) 
4 427 474 (230.57437415744312 -622.234628195996 128) (230.57437415767905 -622.2346281957823 63) (271.1828516752211 -692.0918505403648 63) (271.182851674943 -692.0918505405058 128) 
4 427 443 (230.57437415738505 -622.2346281960487 144) (230.57437415744312 -622.234628195996 128) (271.182851674943 -692.0918505405058 128) (271.1828516748745 -692.0918505405405 144) 
4 427 442 (271.18285167414274 -692.0918505409115 315) (230.5743741567644 -622.2346281966109 315) (230.57437415738505 -622.2346281960487 144) (271.1828516748745 -692.0918505405405 144) 
4 427 432 (271.1828516752214 -692.0918505403645 63) (230.57437415767936 -622.2346281957821 63) (237.50257738816478 -618.2346281956615 63) (278.3524260114587 -688.507072090914 63) 
4 427 431 (237.50257738816478 -618.2346281956615 63) (244.43078061839833 -614.2346281956864 63) (285.52200034748705 -684.922293641568 63) (278.3524260114587 -688.507072090914 63) 
4 427 430 (306.21539030918643 -672.7653718043935 63) (307.03072335561876 -674.1679582935068 63) (285.52200034748705 -684.922293641568 63) (285.43078061835394 -684.7653718043108 63) 
4 427 428 (244.43078061839833 -614.2346281956864 63) (258.28718707889516 -606.2346281957189 63) (299.287187078889 -676.7653718043774 63) (285.43078061835394 -684.7653718043108 63) 
4 428 431 (285.430780618354 -684.7653718043107 63) (244.43078061839844 -614.2346281956861 63) (244.43078061838915 -614.2346281956843 57) (285.43078061835774 -684.7653718043313 57) 
4 428 430 (285.4307806183538 -684.7653718043109 63) (285.4307806183576 -684.7653718043315 57) (299.2871870789029 -676.7653718043922 57) (299.2871870788891 -676.7653718043774 63) 
4 428 429 (292.3589838486158 -680.76537180437 57) (285.43078061835763 -684.7653718043313 57) (244.43078061838918 -614.2346281956846 57) (251.358983848619 -610.2346281957115 57) 
4 429 431 (244.43078061838915 -614.2346281956843 57) (244.43078061837986 -614.2346281956825 51) (285.4307806183615 -684.7653718043518 51) (285.43078061835774 -684.7653718043313 57) 
4 429 430 (285.4307806183576 -684.7653718043315 57) (285.4307806183613 -684.7653718043521 51) (292.35898384863424 -680.7653718043823 51) (292.35898384861594 -680.7653718043701 57) 
4 431 432 (278.35242601145865 -688.5070720909141 63) (237.5025773881648 -618.2346281956616 63) (237.50257738810896 -618.2346281956724 45) (278.3524260114104 -688.5070720909379 45) 
4 432 474 (271.18285167522106 -692.0918505403647 63) (230.57437415767905 -622.2346281957823 63) (230.57437415776616 -622.2346281957034 39) (271.18285167532383 -692.0918505403127 39) 
3 433 436 (30.449908347466334 -617.5027796395347 315) (28.078210486825096 -617.5685424949266 315) (28.12576207228033 -615.3532012749654 315) 
4 433 434 (28.0782104868251 -617.5685424949268 315) (30.449908347466398 -617.5027796395348 315) (30.44990834746946 -617.5027796395389 356) (28.078210486825345 -617.568542494931 356) 
4 434 456 (29.18376618400185 -636.6984848098932 315) (29.18376618399168 -636.6984848099128 356) (16.650485798243594 -624.1652044241656 356) (16.650485798243835 -624.1652044241362 315) 
4 434 453 (29.183766183991462 -636.6984848099125 356) (29.183766184001648 -636.698484809893 315) (34.840620433816035 -631.0416305600913 315) (34.84062043387878 -631.041630560038 356) 
4 434 451 (34.840620433816035 -631.0416305600913 315) (39.764501987838315 -626.1177490060802 315) (39.76450198784252 -626.1177490060853 356) (34.84062043387878 -631.041630560038 356) 
4 434 441 (16.65048579824384 -624.1652044241364 315) (16.650485798243597 -624.1652044241658 356) (16.7645019878203 -617.882250993941 356) (16.764501987820083 -617.882250993937 315) 
5 434 439 (39.76450198783853 -626.1177490060804 315) (29.183766184001797 -636.6984848098932 315) (16.650485798243626 -624.165204424136 315) (16.764501987819862 -617.882250993937 315) (30.449908347466334 -617.5027796395347 315) 
4 435 444 (52.32058393748882 -613.561667056458 315) (51.07821048686573 -614.8040405070783 315) (51.078210486855966 -614.8040405070774 268) (52.32058393747696 -613.5616670564592 268) 
4 435 442 (161.85792380653763 -504.0243271876456 268) (161.85792380637687 -504.0243271878171 315) (52.32058393748882 -613.561667056458 315) (52.32058393747696 -613.5616670564592 268) 
6 435 437 (161.8579238065381 -504.0243271876461 268) (51.07821048685632 -614.8040405070777 268) (29.078210486826745 -593.7476913210454 268) (29.078210486826745 -570.980375165543 268) (30.563362064538843 -501.7898849537339 268) (112.77110715065857 -419.58213986761587 268) 
4 436 439 (30.449908347466497 -617.5027796395349 315) (28.078210486825096 -617.5685424949269 315) (28.078210486824815 -617.5685424949222 268) (30.449908347463023 -617.5027796395303 268) 
4 436 438 (30.449908347462365 -617.5027796395296 268) (28.078210486824833 -617.5685424949215 268) (28.120569877328766 -615.5950961221577 268) (28.379537428882784 -615.5879154243434 268) 
4 437 447 (51.07821048684353 -614.8040405070761 208) (51.07821048683025 -614.8040405070749 144) (52.32058393744574 -613.5616670564622 144) (52.320583937461855 -613.5616670564607 208) 
4 437 444 (52.32058393747697 -613.5616670564592 268) (51.07821048685598 -614.8040405070774 268) (51.07821048684353 -614.8040405070761 208) (52.320583937461855 -613.5616670564607 208) 
4 437 442 (161.85792380696174 -504.02432718719325 144) (161.85792380653763 -504.0243271876456 268) (52.32058393747697 -613.5616670564592 268) (52.32058393744574 -613.5616670564622 144) 
4 438 440 (28.07821048682408 -617.5685424949097 144) (28.078210486823984 -617.5685424949081 128) (30.449908347452677 -617.5027796395165 128) (30.44990834745386 -617.502779639518 144) 
4 438 439 (30.449908347463023 -617.5027796395303 268) (28.078210486824815 -617.5685424949222 268) (28.07821048682408 -617.5685424949097 144) (30.44990834745386 -617.502779639518 144) 
4 439 456 (29.18376618404427 -636.6984848098118 144) (29.18376618400185 -636.6984848098932 315) (16.650485798243835 -624.1652044241362 315) (16.650485798244848 -624.1652044240133 144) 
4 439 453 (29.183766184001648 -636.698484809893 315) (29.183766184044128 -636.6984848098116 144) (34.84062043355439 -631.0416305603142 144) (34.84062043381604 -631.0416305600913 315) 
4 439 451 (34.84062043355439 -631.0416305603142 144) (39.76450198782072 -626.117749006059 144) (39.76450198783832 -626.1177490060802 315) (34.84062043381604 -631.0416305600913 315) 
4 439 441 (16.650485798244848 -624.1652044240134 144) (16.65048579824384 -624.1652044241364 315) (16.764501987820083 -617.882250993937 315) (16.764501987819177 -617.8822509939196 144) 
5 439 440 (16.65048579824481 -624.1652044240133 144) (16.76450198781913 -617.8822509939198 144) (30.449908347453594 -617.5027796395179 144) (39.7645019878209 -626.1177490060591 144) (29.183766184044256 -636.6984848098118 144) 
4 440 477 (17.571403464624662 -625.0861220903817 128) (16.925691700593873 -624.440410326351 128) (17.032990196866944 -617.8748063056383 128) (17.728310860269733 -617.855526331997 128) 
4 440 463 (16.650485798244944 -624.1652044240018 128) (29.18376618404824 -636.6984848098042 128) (29.18376618404799 -636.6984848098047 129) (16.650485798244937 -624.1652044240025 129) 
4 440 458 (29.18376618404799 -636.6984848098047 129) (29.18376618404675 -636.698484809807 134) (16.650485798244908 -624.1652044240061 134) (16.650485798244937 -624.1652044240025 129) 
4 440 456 (29.18376618404675 -636.698484809807 134) (29.18376618404427 -636.6984848098118 144) (16.650485798244848 -624.1652044240133 144) (16.650485798244908 -624.1652044240061 134) 
4 440 455 (29.183766184047855 -636.6984848098044 129) (29.183766184048103 -636.698484809804 128) (39.764501987819095 -626.1177490060569 128) (39.764501987819195 -626.117749006057 129) 
4 440 454 (29.18376618404562 -636.6984848098087 138) (29.183766184047855 -636.6984848098044 129) (34.84062043353144 -631.0416305603336 129) (34.84062043354521 -631.0416305603219 138) 
4 440 453 (29.183766184044128 -636.6984848098116 144) (29.18376618404562 -636.6984848098087 138) (34.84062043354521 -631.0416305603219 138) (34.84062043355439 -631.0416305603142 144) 
4 440 452 (34.84062043353144 -631.0416305603336 129) (39.764501987819195 -626.117749006057 129) (39.764501987820516 -626.1177490060587 142) (34.84062043355133 -631.0416305603168 142) 
4 440 451 (39.764501987820516 -626.1177490060587 142) (39.76450198782072 -626.117749006059 144) (34.84062043355439 -631.0416305603142 144) (34.84062043355133 -631.0416305603168 142) 
4 440 441 (16.76450198781909 -617.882250993918 128) (16.650485798244944 -624.1652044240019 128) (16.650485798244848 -624.1652044240134 144) (16.764501987819177 -617.8822509939196 144) 
4 441 463 (-37.580735803744574 -569.9339828220163 128) (16.650485798244944 -624.1652044240018 128) (16.650485798244937 -624.1652044240025 129) (-37.580735803744936 -569.9339828220167 129) 
4 441 458 (16.650485798244937 -624.1652044240025 129) (16.650485798244908 -624.1652044240061 134) (-37.58073580374675 -569.9339828220185 134) (-37.580735803744936 -569.9339828220167 129) 
4 441 456 (16.650485798244908 -624.1652044240061 134) (16.650485798243594 -624.1652044241656 356) (-37.58073580382734 -569.9339828220988 356) (-37.58073580374675 -569.9339828220185 134) 
5 442 447 (52.320583937462075 -613.561667056461 208) (52.32058393744596 -613.5616670564625 144) (107.764501987818 -671.490332008121 144) (107.76450198782307 -671.490332008116 179.9999999999994) (88.39943959013125 -651.2574146593615 208) 
3 442 446 (95.31553330359378 -658.4834565696293 208) (88.39943959013125 -651.2574146593615 208) (102.23162701705415 -665.7094984799006 187.99999999999932) 
4 442 445 (107.76450198828616 -671.4903320085918 208) (95.31553330359378 -658.4834565696293 208) (102.23162701705415 -665.7094984799006 187.99999999999932) (107.76450198810835 -671.490332008414 179.9999999995869) 
4 442 444 (52.32058393748901 -613.5616670564584 315) (52.320583937462075 -613.561667056461 208) (107.764501987827 -671.4903320081121 208) (107.76450198784202 -671.4903320080971 315) 
5 442 443 (214.2528145992061 -628.3339430749587 144) (229.25080146264906 -619.9577363331255 144) (271.18285167487454 -692.0918505405407 144) (266.83792910492224 -694.2643065418088 144) (213.8848288954544 -693.9323731660342 144) 
4 443 475 (263.17895181309586 -694.2413704591327 128) (213.88482889534504 -693.9323731660335 128) (214.23410778715717 -631.6686853835093 128) (223.6461709273021 -626.2346281959178 128) 
5 443 474 (230.57437415744295 -622.2346281959962 128) (271.18285167494287 -692.0918505405061 128) (266.8379291049214 -694.2643065418088 128) (263.17895181309586 -694.2413704591327 128) (223.6461709273021 -626.2346281959178 128) 
4 443 471 (229.25080146273797 -619.9577363331264 128) (230.57437415744295 -622.2346281959962 128) (214.23410778715717 -631.6686853835093 128) (214.25281459909607 -628.3339430750707 128) 
4 444 447 (52.320583937461834 -613.5616670564609 208) (88.39943959013115 -651.2574146593616 208) (87.9655121146003 -651.6913421348924 208) (51.07821048680758 -614.8040405071124 208) 
4 444 446 (88.39943959013115 -651.2574146593616 208) (95.31553330359367 -658.4834565696294 208) (95.03657992646674 -658.7624099467564 208) (87.9655121146003 -651.6913421348924 208) 
3 444 445 (95.31553330359367 -658.4834565696294 208) (107.76450198782692 -671.4903320081122 208) (95.03657992646674 -658.7624099467564 208) 
4 445 446 (102.2316270170545 -665.7094984799005 187.9999999999987) (102.10764773832473 -665.8334777586302 187.9999999999987) (95.0365799264587 -658.7624099467643 208) (95.31553330359381 -658.4834565696291 208) 
4 446 447 (87.9655121145938 -651.6913421348992 208) (88.39943959013145 -651.2574146593615 208) (102.23162701705408 -665.7094984799004 187.99999999999972) (102.10764773832443 -665.83347775863 187.99999999999972) 
4 447 449 (51.19595949289348 -614.9217895131981 208) (51.07821048680772 -614.8040405071123 208) (51.078210486803535 -614.8040405071081 171.66695551726326) (51.19595949289351 -614.9217895131981 172.00000000000006) 
10 447 448 (51.078210486800344 -614.8040405071049 144) (107.76450198781687 -671.4903320081223 144) (107.76450198781687 -671.4903320081223 171.99999999999991) (102.10764773832517 -665.8334777586306 187.99999999999798) (90.79393923933914 -654.5197692596444 204.00000000000037) (82.30865786510127 -646.0344878854064 208) (76.65180361560894 -640.377633635914 208) (68.16652224137043 -631.8923522616753 204.00000000000006) (56.852813742385536 -620.5786437626903 187.99999999999955) (51.078210486803535 -614.8040405071081 171.66695551726326) 
10 448 451 (39.764501987825064 -626.1177490060609 171.66695551722685) (39.76450198782098 -626.1177490060587 144) (92.40054095726813 -678.7537879753628 144) (92.40054095738274 -678.7537879754747 183.45584412228197) (90.79393923942962 -677.1471862575256 187.99999999999864) (79.48023074042928 -665.833477758555 204.0000000000002) (70.99494936617961 -657.3481963843282 208) (65.33809511667953 -651.6913421348435 208) (56.85281374242913 -643.2060607606163 204) (45.53910524342854 -631.8923522616476 187.99999999999994) 
4 448 450 (92.40054095726813 -678.7537879753628 144) (96.45079348892776 -682.8040405070115 144) (96.45079348892871 -682.8040405070104 172.00000000000009) (92.40054095738274 -678.7537879754747 183.45584412228197) 
4 448 449 (51.19595949289331 -614.9217895131983 172.00000000000017) (51.07821048680337 -614.8040405071083 171.6669555172635) (39.76450198782501 -626.1177490060612 171.66695551722734) (39.8822509939279 -626.2354980121638 172.00000000000017) 
4 449 451 (39.764501987830435 -626.1177490060638 208) (39.764501987825064 -626.1177490060609 171.66695551722685) (39.882250993928075 -626.2354980121636 172.00000000000003) (39.88225099392929 -626.2354980121623 208) 
4 450 463 (81.81980515339492 -689.3345237791469 128) (108 -715.51471862575 128) (108 -715.5147186257507 129) (81.81980515339744 -689.3345237791501 129) 
4 450 457 (108 -715.5147186257507 129) (108 -715.5147186257543 134) (81.81980515340999 -689.3345237791663 134) (81.81980515339744 -689.3345237791501 129) 
4 450 456 (108 -715.5147186257543 134) (108 -715.5147186259151 356) (81.81980515396691 -689.334523779884 356) (81.81980515340999 -689.3345237791663 134) 
4 450 455 (92.40054095722434 -678.7537879753204 129) (92.40054095722144 -678.7537879753176 128) (81.81980515339488 -689.334523779147 128) (81.8198051533974 -689.3345237791502 129) 
4 450 453 (81.81980515341996 -689.3345237791793 138) (81.81980515396675 -689.3345237798842 356) (87.47665940384498 -683.6776695300043 356) (87.4766594029104 -683.6776695296874 138) 
4 450 451 (92.40054095788363 -678.7537879759643 356) (92.4005409572621 -678.7537879753572 142) (87.47665940292755 -683.6776695296932 142) (87.47665940384498 -683.6776695300043 356) 
4 451 453 (34.84062043387912 -631.0416305600381 356) (34.840620433551635 -631.0416305603168 142) (87.47665940292771 -683.677669529693 142) (87.4766594038451 -683.6776695300043 356) 
4 451 452 (36.56497115745637 -632.7659812842215 142) (34.84062043355158 -631.0416305603168 142) (39.76450198782095 -626.1177490060591 142) (41.48885271172194 -627.8420997299554 142) 
4 452 455 (36.56497115743821 -632.7659812842404 129) (34.84062043353153 -631.0416305603337 129) (39.764501987818676 -626.1177490060577 129) (41.48885271172184 -627.8420997299562 129) 
4 452 454 (34.84062043354551 -631.041630560322 138) (34.84062043353174 -631.0416305603337 129) (36.5649711574383 -632.7659812842403 129) (36.56497115745083 -632.7659812842273 138) 
4 452 453 (34.840620433551635 -631.0416305603168 142) (34.84062043354551 -631.041630560322 138) (36.56497115745083 -632.7659812842273 138) (36.56497115745639 -632.7659812842215 142) 
4 453 456 (81.81980515342002 -689.3345237791792 138) (81.81980515396691 -689.334523779884 356) (29.18376618399168 -636.6984848099128 356) (29.18376618404576 -636.698484809809 138) 
4 453 454 (29.18376618404568 -636.6984848098091 138) (34.84062043354561 -631.0416305603221 138) (36.56497115745084 -632.7659812842273 138) (30.908116907957826 -638.4228355337211 138) 
4 454 458 (29.18376618404675 -636.698484809807 134) (29.18376618404799 -636.6984848098047 129) (30.908116907961375 -638.422835533718 129) (30.908116907959467 -638.4228355337196 134) 
4 454 456 (30.90811690795794 -638.422835533721 138) (29.18376618404576 -636.698484809809 138) (29.18376618404675 -636.698484809807 134) (30.908116907959467 -638.4228355337196 134) 
4 454 455 (30.90811690796142 -638.4228355337178 129) (29.183766184047954 -636.6984848098045 129) (34.84062043353153 -631.0416305603337 129) (36.56497115743821 -632.7659812842404 129) 
4 455 463 (29.18376618404824 -636.6984848098042 128) (81.81980515339492 -689.3345237791469 128) (81.81980515339744 -689.3345237791501 129) (29.18376618404799 -636.6984848098047 129) 
4 456 459 (108 -726.8284271247488 134) (108 -726.8284271247552 356) (-43.23759005323663 -575.5908370715078 356) (-43.23759005323349 -575.5908370715048 134) 
4 456 458 (25.25126265846832 -644.0796897832114 134) (-43.237590053233504 -575.5908370715048 134) (-37.580735803746876 -569.9339828220183 134) (30.908116907959553 -638.4228355337195 134) 
4 456 457 (108 -726.8284271247489 134) (76.16295090391559 -694.9913780286623 134) (81.81980515341013 -689.3345237791663 134) (108 -715.5147186257541 134) 
4 457 463 (81.81980515339743 -689.3345237791502 129) (108 -715.5147186257509 129) (108 -726.8284271247489 129) (76.16295090390122 -694.9913780286479 129) 
4 457 460 (76.1629509039013 -694.9913780286478 129) (108 -726.8284271247487 129) (108 -726.8284271247487 130) (76.16295090390416 -694.9913780286506 130) 
4 457 459 (108 -726.8284271247487 130) (108 -726.8284271247488 134) (76.16295090391561 -694.9913780286622 134) (76.16295090390416 -694.9913780286506 130) 
4 458 463 (-43.237590053233504 -575.5908370715048 129) (-37.5807358037452 -569.9339828220166 129) (30.90811690796133 -638.422835533718 129) (25.25126265846842 -644.0796897832115 129) 
4 458 462 (-43.23759005323342 -575.5908370715047 129) (25.251262658468576 -644.0796897832115 129) (25.25126265846854 -644.0796897832115 130) (-43.23759005323343 -575.5908370715047 130) 
4 458 459 (25.25126265846854 -644.0796897832115 130) (25.25126265846839 -644.0796897832114 134) (-43.23759005323349 -575.5908370715048 134) (-43.23759005323343 -575.5908370715047 130) 
4 459 466 (-14 -791 184) (-244 -791 184) (-244 -791 160) (-14.52173913043481 -791 160) 
4 459 465 (108 -791 130) (108 -791 184) (13 -791 184) (11.826086956521777 -791 130) 
4 459 464 (108 -791 184) (108 -791 356) (-244 -791 356) (-244 -791 184) 
5 459 462 (-244 -791 130) (-244 -776.3532470182672 130) (-43.23759005323322 -575.5908370715044 130) (25.251262658468733 -644.0796897832113 130) (-121.66904755830197 -791 130) 
4 459 461 (108 -738.1421356237523 130) (108 -791 130) (-121.66904755830197 -791 130) (19.594408408969343 -649.7365440327113 130) 
4 459 460 (76.16295090390435 -694.9913780286505 130) (108 -726.8284271247484 130) (108 -738.1421356237523 130) (70.50609665440422 -700.6482322781521 130) 
4 460 463 (76.16295090390123 -694.9913780286479 129) (108 -726.8284271247489 129) (108 -738.1421356237471 129) (70.50609665440396 -700.6482322781467 129) 
4 460 461 (70.50609665440388 -700.6482322781468 129) (108 -738.1421356237472 129) (108 -738.1421356237522 130) (70.50609665440423 -700.6482322781521 130) 
4 461 465 (108 -791 129) (108 -791 130) (11.826086956521735 -791 130) (11.804347826086953 -791 129) 
4 461 463 (108 -791 129) (-121.66904755830197 -791 129) (19.594408408971873 -649.7365440327087 129) (108 -738.1421356237471 129) 
4 461 462 (-121.6690475583019 -791 130) (19.59440840896933 -649.7365440327113 130) (19.5944084089719 -649.7365440327088 129) (-121.6690475583019 -791 129) 
5 462 463 (-121.66904755830197 -791 129) (-244 -791 129) (-244 -776.3532470182672 129) (-43.237590053233504 -575.5908370715048 129) (25.251262658468434 -644.0796897832115 129) 
4 463 500 (-244 -776.3532470182677 128) (-64.811462261266 -597.1647092795374 128) (-65.94594667073959 -791 128) (-244 -791 128) 
4 463 499 (14.993671232676704 -743.8730005924981 128) (13.970992744113289 -791 128) (-65.94594667073959 -791 128) (-65.2705986422391 -675.611652351727 128) 
4 463 498 (16.909611966774825 -625.4243305925363 128) (17.550163893909883 -626.0648825196713 128) (14.993671232676704 -743.8730005924981 128) (14.974134085845437 -743.8563850799474 128) 
4 463 477 (16.92569170059387 -624.440410326351 128) (17.571403464624662 -625.0861220903817 128) (17.55016389390987 -626.0648825196713 128) (16.909611966774825 -625.4243305925363 128) 
4 463 465 (11.782608695652158 -791 128) (108 -791 128) (108 -791 129) (11.80434782608694 -791 129) 
4 464 470 (108 -820 184) (108 -820 320) (-244 -820 320) (-244 -820 184) 
4 464 469 (108 -820 320) (108 -820 336) (-244 -820 336) (-244 -820 320) 
4 464 468 (108 -820 336) (108 -820 356) (-244 -820 356) (-244 -820 336) 
4 464 466 (-244 -820 184) (-244 -791 184) (-14 -791 184) (-14 -820 184) 
4 464 465 (13 -791 184) (108 -791 184) (108 -820 184) (13 -820 184) 
4 465 509 (11.782608695652158 -791 128) (13.513761467889909 -791 128) (13.000000000000002 -819 128) (11.782608695652158 -819.0044593088072 128) 
4 465 508 (13.513761467889909 -791 128) (13.970992744113296 -791 128) (13.34167883613685 -820 128) (12.981651376146791 -820 128) 
4 465 507 (107.83769858944311 -791 128) (108 -791 128) (108 -820 128) (107.71039008957057 -820 128) 
4 465 470 (11.782608695652158 -820 128) (108 -820 128) (108 -820 184) (13 -820 184) 
4 466 470 (-14 -820 184) (-244 -820 184) (-244 -820 160) (-14.52173913043481 -820 160) 
4 467 470 (-287.6467529817337 -820 128) (-260 -820 128) (-260 -820 320) (-287.6467529817336 -820 320) 
4 467 469 (-260 -820 320) (-260 -820 336) (-287.6467529817336 -820 336) (-287.6467529817336 -820 320) 
4 467 468 (-260 -820 336) (-260 -820 356) (-287.6467529817336 -820 356) (-287.6467529817336 -820 336) 
5 468 469 (-380 -924.109339407745 336) (-380 -912.3532470182645 336) (-287.6467529817337 -820 336) (108 -820 336) (108 -928 336) 
5 469 470 (-380.85410952930783 -913.2073565475723 320) (-287.6467529817337 -820 320) (108 -820 320) (108 -928 320) (-380.9547503695404 -924.1017275027486 320) 
3 470 520 (-391.6631063479815 -924.0163533662462 128) (-363 -895.3532470182653 128) (-363 -924.244874715262 128) 
3 470 515 (-259.02709429743607 -925.0738158768997 128) (-259.959969594586 -925.0663783745307 128) (-259.7787769784173 -843.8920863309332 128) 
3 470 513 (12.981651376146772 -820 128) (13.34167883613685 -820 128) (11.014806512986468 -927.2267695280078 128) 
4 470 512 (107.71039008957057 -820 128) (108 -820 128) (108 -928 128) (107.23630240535307 -927.9939112948035 128) 
4 471 486 (123.548178754471 -684.0262309222333 128) (51.07821048681947 -614.8040405070824 128) (51.07821048681626 -614.8040405070612 21.42509413315929) (123.54817875439974 -684.0262309221472 21.42509413315929) 
4 471 476 (123.54817875440365 -684.0262309221517 27) (123.54817875439993 -684.0262309221472 21.42509413315929) (216.71796769726618 -630.2346281956518 21.42509413315929) (216.71796769727297 -630.2346281956546 27) 
4 471 475 (123.5481787544711 -684.0262309222331 128) (123.54817875440365 -684.0262309221517 27) (223.64617092749148 -626.2346281956882 27) (223.64617092730214 -626.2346281959178 128) 
4 471 474 (230.57437415778773 -622.234628195684 33) (230.5743741574429 -622.2346281959963 128) (223.64617092730214 -626.2346281959178 128) (223.64617092748023 -626.2346281957018 33) 
4 472 481 (-17.216625098175196 -549.5698721164471 124) (-17.216625098166343 -549.5698721164382 21.42509413315929) (17.404057871446614 -582.639011873394 21.42509413315929) (17.404057871447026 -582.6390118734117 124) 
3 472 473 (17.40405787144661 -582.6390118733941 21.42509413315929) (-17.216625098166418 -549.5698721164383 21.42509413315929) (18.655121929863768 -513.6981250884088 21.42509413315929) 
4 473 485 (-17.216625098165874 -549.5698721164378 16) (-17.216625098164492 -549.5698721164364 0) (17.40405787144652 -582.6390118733904 0) (17.404057871446597 -582.6390118733931 16) 
4 473 481 (-17.216625098166343 -549.5698721164382 21.42509413315929) (-17.216625098165874 -549.5698721164378 16) (17.404057871446597 -582.6390118733931 16) (17.404057871446625 -582.639011873394 21.42509413315929) 
4 474 475 (223.64617092730202 -626.2346281959177 128) (223.6461709274801 -626.2346281957017 33) (263.1789518134003 -694.2413704591343 33) (263.17895181309575 -694.2413704591327 128) 
4 475 486 (133.39085367330648 -693.427801444656 128) (123.548178754471 -684.0262309222333 128) (123.54817875440347 -684.0262309221517 27) (133.3908536733239 -693.4278014446555 27) 
4 475 476 (123.54817875440312 -684.0262309221519 27) (216.7179676972728 -630.2346281956544 27) (253.89167966025147 -694.1831537431093 27) (133.39085367332348 -693.4278014446556 27) 
4 476 486 (123.54817875440347 -684.0262309221517 27) (123.54817875439974 -684.0262309221472 21.42509413315929) (133.3908536733249 -693.4278014446556 21.42509413315929) (133.39085367332387 -693.4278014446556 27) 
4 477 498 (17.55016389390987 -626.0648825196716 128) (16.909611966774822 -625.4243305925366 128) (16.90961196657418 -625.424330592336 124) (17.55016389391258 -626.0648825196744 124) 
4 477 480 (17.550163893912583 -626.0648825196741 124) (16.909611966574186 -625.4243305923358 124) (17.032990196662936 -617.8748063056438 124) (17.728310860272515 -617.8555263319967 124) 
4 478 492 (29.078210486826745 -636.8040405069995 16) (39.76450198780185 -626.1177490060486 16) (39.76450198781781 -626.1177490060572 124) (29.078210486826745 -636.8040405070242 124) 
3 478 482 (39.76450198780194 -626.1177490060487 16) (29.078210486826745 -636.8040405069997 16) (29.078210486826745 -615.4314575051026 16) 
4 478 480 (29.078210486826745 -617.5408143190258 16) (29.078210486826745 -636.8040405069999 16) (29.078210486826745 -636.8040405070249 124) (29.078210486826745 -617.5408143190367 124) 
4 478 479 (29.078210486826745 -615.4314575050952 124) (29.078210486826745 -615.4314575051025 16) (29.078210486826745 -617.5408143190258 16) (29.078210486826745 -617.5408143190367 124) 
4 479 483 (28.120569877327156 -615.5950961221373 16) (29.078210486826745 -615.5685424948962 16) (29.078210486826745 -617.5408143190258 16) (28.078210486823327 -617.5685424948966 16) 
4 479 480 (28.078210486823316 -617.5685424948969 16) (29.078210486826745 -617.540814319026 16) (29.078210486826745 -617.5408143190369 124) (28.07821048682396 -617.5685424949078 124) 
4 480 502 (16.632662329265287 -625.1473809550271 16) (28.683766184032 -637.1984848097937 16) (28.68376618404426 -637.198484809806 124) (16.632662329266047 -625.1473809550279 124) 
4 480 492 (28.683766184044305 -637.1984848098057 124) (28.683766184031995 -637.1984848097934 16) (29.078210486826745 -636.8040405069995 16) (29.078210486826745 -636.8040405070242 124) 
5 480 484 (29.078210486826745 -636.8040405069997 16) (28.6837661840321 -637.1984848097935 16) (16.632662329265294 -625.1473809550267 16) (16.764501987818484 -617.8822509939068 16) (29.078210486826745 -617.5408143190258 16) 
4 480 481 (16.764501987818495 -617.8822509939068 16) (16.6326623292653 -625.1473809550268 16) (16.63266232926605 -625.1473809550276 124) (16.76450198781906 -617.8822509939178 124) 
4 481 502 (-38.08073580374537 -570.4339828220167 124) (-38.08073580374538 -570.4339828220167 16) (16.632662329265287 -625.1473809550271 16) (16.632662329266047 -625.1473809550279 124) 
4 481 485 (16.632662329265294 -625.1473809550267 16) (-38.08073580374517 -570.4339828220166 16) (-17.21662509816599 -549.569872116438 16) (17.404057871446575 -582.6390118733934 16) 
4 482 497 (29.078210486826745 -636.8040405069959 0) (34.3406204335289 -631.5416305603056 0) (34.34062043353027 -631.541630560307 12) (29.078210486826745 -636.8040405069986 12) 
4 482 496 (34.34062043353027 -631.541630560307 12) (34.340620433530724 -631.5416305603075 16) (29.078210486826745 -636.8040405069995 16) (29.078210486826745 -636.8040405069986 12) 
4 482 495 (34.3406204335289 -631.5416305603056 0) (39.80404050707579 -626.078210486771 0) (39.804040507077644 -626.0782104867728 16) (34.340620433530724 -631.5416305603075 16) 
4 482 484 (29.078210486826745 -617.5408143190243 0) (29.078210486826745 -636.804040506996 0) (29.078210486826745 -636.8040405069996 16) (29.078210486826745 -617.5408143190259 16) 
4 482 483 (29.078210486826745 -615.5685424948949 0) (29.078210486826745 -617.5408143190243 0) (29.078210486826745 -617.5408143190259 16) (29.078210486826745 -615.5685424948962 16) 
4 483 484 (28.078210486823224 -617.5685424948954 0) (29.078210486826745 -617.5408143190245 0) (29.078210486826745 -617.5408143190261 16) (28.07821048682332 -617.568542494897 16) 
4 484 503 (16.632662329265173 -625.147380955027 0) (28.683766184030183 -637.1984848097919 0) (28.683766184031093 -637.1984848097928 8) (16.63266232926523 -625.1473809550271 8) 
4 484 502 (28.683766184031093 -637.1984848097928 8) (28.683766184032 -637.1984848097937 16) (16.63266232926529 -625.1473809550271 16) (16.63266232926523 -625.1473809550271 8) 
4 484 497 (28.68376618403154 -637.198484809793 12) (28.683766184030173 -637.1984848097916 0) (29.078210486826745 -636.8040405069959 0) (29.078210486826745 -636.8040405069986 12) 
4 484 496 (28.683766184031995 -637.1984848097934 16) (28.68376618403154 -637.198484809793 12) (29.078210486826745 -636.8040405069986 12) (29.078210486826745 -636.8040405069995 16) 
4 484 485 (16.632662329265184 -625.1473809550267 0) (16.632662329265298 -625.1473809550268 16) (16.76450198781849 -617.8822509939068 16) (16.764501987818406 -617.8822509939052 0) 
4 485 503 (-38.08073580374538 -570.4339828220167 8) (-38.08073580374538 -570.4339828220167 0) (16.632662329265173 -625.147380955027 0) (16.63266232926523 -625.1473809550271 8) 
4 485 502 (-38.08073580374538 -570.4339828220167 16) (-38.08073580374538 -570.4339828220167 8) (16.63266232926523 -625.1473809550271 8) (16.63266232926529 -625.1473809550271 16) 
4 486 491 (51.07821048679502 -614.8040405070996 96) (51.07821048679088 -614.8040405070954 59.66695551722746) (51.19595949289356 -614.9217895131981 60.000000000000185) (51.19595949289352 -614.9217895131981 96) 
10 486 489 (51.07821048679088 -614.8040405070954 59.66695551722746) (51.078210486786524 -614.804040507091 21.42509413315929) (107.76450198781686 -671.4903320081222 21.42509413315929) (107.76450198781683 -671.4903320081222 59.99999999999999) (102.10764773832462 -665.8334777586299 75.99999999999947) (90.79393923933985 -654.519769259645 92.00000000000006) (82.30865786510131 -646.0344878854064 96) (76.65180361560894 -640.377633635914 96) (68.16652224137049 -631.8923522616753 92.00000000000009) (56.85281374238553 -620.5786437626901 75.99999999999945) 
4 486 488 (51.07821048679867 -614.8040405071032 128) (51.078210486798554 -614.8040405071031 127) (107.76450198781677 -671.4903320081222 127) (107.76450198781677 -671.4903320081222 128) 
4 486 487 (107.76450198781686 -671.4903320081222 21.42509413315929) (129.67870202134316 -693.4045320416488 21.42509413315929) (129.6787020213436 -693.4045320416494 128) (107.76450198781677 -671.4903320081222 128) 
10 489 492 (39.76450198780853 -626.1177490060521 59.66695551719095) (39.76450198780288 -626.117749006049 21.42509413315929) (96.4507934889236 -682.8040405070155 21.42509413315929) (96.45079348892489 -682.8040405070143 60.000000000000114) (90.79393923942581 -677.1471862575295 75.99999999999864) (79.48023074042541 -665.8334777585587 92.00000000000024) (70.99494936617583 -657.3481963843319 96) (65.3380951166757 -651.6913421348472 96) (56.8528137424253 -643.2060607606202 91.99999999999999) (45.53910524342477 -631.8923522616516 76.00000000000009) 
4 489 491 (39.76450198780816 -626.1177490060525 59.66695551719141) (39.88225099392383 -626.2354980121678 60.000000000000405) (51.195959492893394 -614.9217895131981 60.000000000000554) (51.07821048679076 -614.8040405070955 59.66695551722794) 
4 489 490 (105.46394445982622 -673.7908895361124 21.42509413315929) (96.45079348892341 -682.8040405070153 21.42509413315929) (39.76450198780304 -626.1177490060489 21.42509413315929) (45.353898542163755 -620.5283524517009 21.42509413315929) 
4 490 492 (39.76450198780288 -626.117749006049 21.42509413315929) (39.76450198780208 -626.1177490060486 16) (96.45079348892341 -682.8040405070158 16) (96.4507934889236 -682.8040405070155 21.42509413315929) 
4 491 492 (39.7645019878139 -626.117749006055 96) (39.76450198780853 -626.1177490060521 59.66695551719095) (39.8822509939242 -626.2354980121675 59.99999999999994) (39.882250993925425 -626.2354980121662 96) 
4 492 502 (80.81980515339444 -689.334523779156 124) (28.68376618404426 -637.198484809806 124) (28.683766184032 -637.1984848097937 16) (80.81980515339451 -689.334523779156 16) 
4 492 501 (108 -716.5147186257615 124) (80.81980515339444 -689.334523779156 124) (80.81980515339451 -689.334523779156 16) (108 -716.5147186257614 16) 
4 492 496 (80.81980515339444 -689.334523779156 16) (28.68376618403181 -637.1984848097936 16) (34.340620433530745 -631.5416305603075 16) (86.47665940288694 -683.6776695296635 16) 
4 492 495 (34.340620433530745 -631.5416305603075 16) (39.764501987801864 -626.1177490060486 16) (40.98885271172247 -627.3420997299659 16) (35.56497115745576 -632.7659812842325 16) 
5 492 494 (108 -716.5147186257615 16) (84.60728591057776 -693.1220045363393 16) (106.90855168335182 -693.2617987014161 16) (107.3319678091909 -693.685214827254 16) (108 -705.7312752900948 16) 
4 492 493 (84.60728591057776 -693.1220045363393 16) (80.81980515339444 -689.334523779156 16) (91.90054095722263 -678.2537879753277 16) (106.90855168335182 -693.2617987014161 16) 
4 493 501 (84.60728591057784 -693.1220045363393 16) (80.8198051533945 -689.334523779156 16) (80.81980515339448 -689.334523779156 0) (84.6072859105777 -693.1220045363392 0) 
4 493 496 (80.81980515339478 -689.3345237791559 12) (80.81980515339478 -689.3345237791559 16) (86.47665940288702 -683.6776695296636 16) (86.47665940288702 -683.6776695296636 12) 
4 493 494 (106.98812753825928 -693.2622975179546 16) (84.6072859105783 -693.1220045363394 16) (84.60728591057823 -693.1220045363393 0) (106.98812753825916 -693.2622975179545 0) 
4 494 501 (108 -716.5147186257615 16) (84.60728591057784 -693.1220045363393 16) (84.6072859105777 -693.1220045363392 0) (108 -716.5147186257614 0) 
4 495 497 (34.340620433530404 -631.5416305603071 12) (34.34062043352903 -631.5416305603057 0) (35.56497115745574 -632.7659812842325 0) (35.56497115745578 -632.7659812842325 12) 
4 495 496 (35.564971157455794 -632.7659812842325 16) (34.34062043353086 -631.5416305603076 16) (34.340620433530404 -631.5416305603071 12) (35.56497115745578 -632.7659812842325 12) 
4 496 502 (80.8198051533945 -689.334523779156 16) (28.683766184032 -637.1984848097937 16) (28.683766184031544 -637.1984848097933 12) (80.8198051533945 -689.334523779156 12) 
4 496 497 (28.68376618403181 -637.1984848097932 12) (34.3406204335306 -631.5416305603071 12) (35.56497115745586 -632.7659812842323 12) (29.908116907963375 -638.4228355337248 12) 
4 497 503 (28.68376618403109 -637.1984848097928 8) (28.683766184030183 -637.1984848097919 0) (29.908116907963198 -638.4228355337249 0) (29.908116907963194 -638.4228355337249 8) 
4 497 502 (28.683766184031544 -637.1984848097933 12) (28.68376618403109 -637.1984848097928 8) (29.908116907963194 -638.4228355337249 8) (29.90811690796319 -638.4228355337249 12) 
4 498 504 (17.309865582202914 -637.1382927069492 124) (14.993671232685518 -743.8730005922199 124) (14.974134085648913 -743.8563850794945 124) (16.72769054540508 -636.5561176701514 124) 
4 498 502 (16.90961196657419 -625.4243305923359 124) (17.550163893912575 -626.0648825196743 124) (17.309865582202914 -637.1382927069492 124) (16.72769054540508 -636.5561176701514 124) 
4 499 509 (13.513761467889909 -791 128) (11.782608695652174 -791 128) (11.695652173913043 -791 124) (13.513761467889921 -791 124) 
4 499 508 (13.970992744113346 -791 128) (13.513761467889909 -791 128) (13.513761467889921 -791 124) (13.970992744116074 -791 124) 
5 499 504 (-20.845671067447384 -791 124) (-65.94594667071014 -791 124) (-65.27059864220814 -675.6116523514676 124) (14.993671232685518 -743.8730005922199 124) (14.743290273153198 -755.4110386593986 124) 
3 499 501 (13.970992744116074 -791 124) (-20.845671067447384 -791 124) (14.743290273153198 -755.4110386593986 124) 
4 499 500 (-65.27059864220811 -675.6116523514676 124) (-65.94594667071013 -791 124) (-65.94594667073957 -791 128) (-65.27059864223908 -675.611652351727 128) 
4 500 504 (-65.94594667071014 -791 124) (-244 -791 124) (-244 -776.3532470182672 124) (-64.81146226123639 -597.1647092795073 124) 
4 501 511 (-20.845671067447427 -791 120) (-20.845671067447427 -791 0) (-18 -791 0) (-15.391304347826084 -791 120) 
4 501 510 (108 -791 124) (11.695652173913047 -791 124) (8.999999999999996 -791 0) (108 -791 0) 
4 501 506 (-20.845671067447203 -791 0) (-20.845671067447203 -791 4) (69.50609665441009 -700.6482322781409 4) (69.50609665441009 -700.6482322781409 0) 
4 501 504 (-20.845671067447203 -791 4) (-20.8456710674472 -791 124) (75.16295090390243 -694.9913780286485 124) (75.16295090390241 -694.9913780286485 4) 
4 501 502 (75.16295090390243 -694.9913780286485 124) (80.81980515339475 -689.334523779156 124) (80.81980515339474 -689.334523779156 8) (75.16295090390241 -694.9913780286485 8) 
4 502 504 (75.16295090390236 -694.9913780286483 8) (75.16295090390236 -694.9913780286483 124) (-43.73759005323757 -576.0908370715088 124) (-43.73759005323757 -576.0908370715088 8) 
4 502 503 (24.25126265847095 -644.0796897832171 8) (-43.737590053237525 -576.0908370715088 8) (-38.0807358037452 -570.4339828220166 8) (29.90811690796329 -638.4228355337248 8) 
4 503 505 (-43.73759005323757 -576.0908370715088 4) (-43.73759005323757 -576.0908370715088 0) (24.25126265847095 -644.0796897832171 0) (24.251262658470946 -644.0796897832171 4) 
4 503 504 (24.251262658470942 -644.0796897832171 8) (-43.73759005323757 -576.0908370715088 8) (-43.73759005323757 -576.0908370715088 4) (24.251262658470946 -644.0796897832171 4) 
4 504 511 (-244 -791 120) (-244 -791 4) (-20.845671067447427 -791 4) (-20.845671067447427 -791 120) 
5 504 506 (69.50609665440965 -700.6482322781405 4) (-20.845671067447995 -791 4) (-244 -791 4) (-244 -776.3532470182672 4) (-49.39444430273005 -581.7476913210012 4) 
4 504 505 (-43.737590053237454 -576.0908370715086 4) (24.251262658471035 -644.079689783217 4) (18.59440840897841 -649.7365440327094 4) (-49.39444430273005 -581.7476913210012 4) 
4 505 506 (18.59440840897844 -649.7365440327095 4) (-49.394444302730065 -581.7476913210012 4) (-49.394444302730065 -581.7476913210012 0) (18.594408408978452 -649.7365440327095 0) 
4 506 511 (-244 -791 4) (-244 -791 0) (-20.845671067447427 -791 0) (-20.845671067447427 -791 4) 
4 507 512 (107.71039008954253 -820 124) (108 -820 124) (108 -820 128) (107.71039008957057 -820 128) 
4 507 510 (108 -820 124) (107.71039008954253 -820 124) (107.83769858941504 -791 124) (108 -791 124) 
4 508 513 (12.981651376146772 -820 124) (13.341678836139579 -820 124) (13.34167883613685 -820 128) (12.981651376146791 -820 128) 
4 508 510 (13.341678836139621 -820 124) (12.981651376146791 -820 124) (13.513761467889879 -791 124) (13.970992744116074 -791 124) 
4 508 509 (13.5137614678899 -791 128) (13.5137614678899 -791 124) (12.999999999999996 -819 124) (12.999999999999996 -819 128) 
4 509 510 (11.695652173913043 -819.0047778308649 124) (11.695652173913043 -791 124) (13.513761467889879 -791 124) (13 -819 124) 
4 510 514 (9 -820 0) (108 -820 0) (108 -820 124) (11.695652173913018 -820 124) 
4 511 514 (-244 -820 120) (-244 -820 0) (-18 -820 0) (-15.391304347826086 -820 120) 
4 512 514 (107.71039008954253 -820 124) (108 -820 124) (108 -928 124) (107.23630240532502 -927.9939112948033 124) 
3 513 514 (12.981651376146772 -820 124) (13.341678836139579 -820 124) (11.01080031092787 -927.4113830544312 124) 
4 514 519 (-244 -820 0) (-244 -925.1936218678816 0) (-244 -925.1936218678816 112) (-244 -820 112) 
4 514 517 (-244 -925.1936218678816 112) (-244 -925.1936218678816 120) (-244 -820 120) (-244 -820 112) 
4 514 516 (-244 -925.1936218678816 120) (-244 -925.1936218678816 124) (-244 -820 124) (-244 -820 120) 
3 515 516 (-259.02709429743607 -925.0738158768995 124) (-259.959969594586 -925.0663783745305 124) (-259.7787769784173 -843.8920863309332 124) 
4 516 517 (-244 -925.1936218678813 120) (-259.959969594586 -925.0663783745305 120) (-259.72544642857144 -820 120) (-244 -820 120) 
4 517 519 (-259.72544642857144 -820 112) (-244 -820 112) (-244 -925.1936218678817 112) (-259.959969594586 -925.0663783745308 112) 
4 518 519 (-260 -820 112) (-287.6467529817336 -820 112) (-287.6467529817336 -820 0) (-260 -820 0) 
4 519 520 (-363 -924.2448747152621 112) (-363 -895.3532470182649 112) (-363 -895.3532470182649 0) (-363 -924.244874715262 0) 
