PRT2
1538
1434
4381
4 0 1013 (1936 -592 1136) (1936 -592 720) (1952 -592 720) (1952 -592 1136) 
4 0 35 (1952 -592 720) (1936 -592 720) (1936 704.0000000000002 720) (1952 703.884057971015 720) 
4 0 11 (1936 -592 1120) (1936 -592 1136) (1936 236 1136) (1936 236 1120) 
4 0 5 (1936 236 1120) (1936 236 1136) (1936 556 1136) (1936 556 1120) 
4 0 3 (1936 703.9999999999995 720) (1936 687.9999999999999 720) (1936 688 1120) (1936 704.0000000000002 1120) 
4 0 2 (1936 556 1120) (1936 556 1136) (1936 688 1136) (1936 688 1120) 
4 0 1 (1936 688 1136) (1936 704.0000000000002 1136) (1936 704.0000000000002 1120) (1936 688 1120) 
4 1 18 (1124 709.8840579710145 1120) (1124 693.8840579710145 1120) (1124 693.8840579710145 1136) (1124 709.8840579710145 1136) 
4 1 3 (1124 693.8840579710145 1120) (1124 709.8840579710145 1120) (1936 704 1120) (1936 688 1120) 
4 1 2 (1124 693.8840579710145 1136) (1124 693.8840579710145 1120) (1936 688 1120) (1936 688 1136) 
4 2 19 (1124 693.8840579710145 1136) (1124 693.8840579710145 1120) (1124 556 1120) (1124 556 1136) 
4 2 5 (1124 556 1136) (1124 556 1120) (1936 556 1120) (1936 556 1136) 
4 3 36 (1124 693.8840579710145 720) (1124 709.8840579710145 720) (1936 704 720) (1936 688 720) 
4 3 20 (1124 709.8840579710145 720) (1124 693.8840579710145 720) (1124 693.8840579710145 1120) (1124 709.8840579710145 1120) 
3 4 44 (1124 556 720) (1124 588.3176338076813 720) (1155.2483077536842 556 720) 
4 4 42 (1124 588.3176338076813 720) (1124 634.3744481770514 720) (1199.7811939833164 556 720) (1155.2483077536842 556 720) 
5 4 40 (1124 634.3744481770514 720) (1124 693.8840579710145 720) (1349.9530249902978 692.2467172102153 720) (1358.1309745522149 556 720) (1199.7811939833164 556 720) 
4 4 38 (1349.9530249902978 692.2467172102153 720) (1382.2243916544385 692.0128667271417 720) (1390.3883047867457 556 720) (1358.1309745522149 556 720) 
4 4 37 (1382.2243916544385 692.0128667271417 720) (1936 688 720) (1936 556 720) (1390.3883047867457 556 720) 
4 4 21 (1124 693.8840579710145 720) (1124 556 720) (1124 556 1120) (1124 693.8840579710145 1120) 
4 4 8 (1124 556 1120) (1124 556 752) (1268.0000000000002 556 752) (1268.0000000000696 556 1120) 
4 4 7 (1267.9999999999943 556 720) (1443 556 720) (1443 556 1120) (1268.0000000000696 556 1120) 
4 4 6 (1443 556 720) (1936 556 720) (1936 556 1120) (1443 556 1120) 
4 5 22 (1124 555 1120) (1124 236 1120) (1124 236 1136) (1124 555 1136) 
4 5 19 (1124 556 1136) (1124 556 1120) (1124 555 1120) (1124 555 1136) 
4 5 11 (1124 236 1136) (1124 236 1120) (1936 236 1120) (1936 236 1136) 
4 6 37 (1443 556 720) (1936 556 720) (1936 236 720) (1443 236 720) 
4 6 15 (1444 236 752) (1444 236 830.1760706331738) (1443 236 830.7192704124452) (1443 236 752.7875) 
4 6 14 (1444 236 830.1760706331738) (1444 236 1004) (1443 236 1004) (1443 236 830.7192704124452) 
4 6 13 (1444 236 720) (1936 236 720) (1936 236 1004) (1444 236 1004) 
4 6 12 (1936 236 1004) (1936 236 1120) (1443 236 1120) (1443 236 1004) 
4 6 9 (1443 236 752) (1443 236 1004) (1443 381.09999999999764 889.7337500000019) (1443 381.09999999997166 751.9999999999999) 
4 6 8 (1443 236 1004) (1443 236 1120) (1443 381.10000000004106 1120) (1443 381.09999999999764 889.7337500000019) 
4 6 7 (1443 381.10000000004106 1120) (1443 556 1120) (1443 556 720) (1443 381.09999999996563 720) 
3 7 40 (1267.9999999999943 556 720) (1358.1309745522146 556 720) (1363.8828725815604 460.17191763132195 720) 
4 7 38 (1358.1309745522146 556 720) (1390.3883047867457 556 720) (1398.1987723048796 425.87562699355334 720) (1363.8828725815604 460.17191763132195 720) 
4 7 37 (1390.3883047867457 556 720) (1443 556 720) (1443 381.09999999996563 720) (1398.1987723048796 425.87562699355334 720) 
3 7 10 (1443 381.0999999999712 751.9999999999999) (1355.6619397798247 468.38815275719077 820.9943297037123) (1267.9999999999998 556 752) 
3 7 9 (1443 381.0999999999712 751.9999999999999) (1443 381.0999999999971 889.7337500000023) (1355.6619397798247 468.38815275719077 820.9943297037123) 
4 7 8 (1443 381.0999999999971 889.7337500000023) (1443 381.1000000000405 1120) (1268.0000000000691 556 1120) (1267.9999999999998 556 752) 
4 8 23 (1124 555 752.7875) (1124 236 1004) (1124 236 1120) (1124 555 1120) 
4 8 21 (1124 556 1120) (1124 556 752) (1124 555 752.7875) (1124 555 1120) 
4 8 12 (1124 236 1120) (1124 236 1004) (1443 236 1004) (1443 236 1120) 
3 8 10 (1268 556 752.0000000000002) (1355.6619397798247 468.388152757191 820.9943297037123) (1124 236 1004.0000000000002) 
4 8 9 (1355.6619397798247 468.388152757191 820.9943297037123) (1443 381.0999999999972 889.7337500000024) (1443 236 1004.0000000000002) (1124 236 1004.0000000000002) 
3 9 15 (1124 236 1004) (1443 236 752.7875) (1443 236 830.7192704124452) 
3 9 14 (1124 236 1004) (1443 236 830.7192704124452) (1443 236 1004) 
3 9 10 (1124.0000000000002 236 1003.9999999999998) (1355.661939779825 468.3881527571907 820.9943297037121) (1443 381.0999999999714 752.0000000000001) 
4 11 1014 (1124 -592 1136) (1124 -592 1120) (1936 -592 1120) (1936 -592 1136) 
4 11 28 (1124 236 1136) (1124 236 1120) (1124 -592 1120) (1124 -592 1136) 
4 12 1019 (1124 -592 752) (1124 -592 720) (1128.7272727272727 -592 720) (1152 -592 752) 
4 12 1017 (1128.7272727272727 -592 720) (1936 -592 720) (1936 -592 752) (1152 -592 752) 
4 12 1015 (1124 -592 1120) (1124 -592 752) (1936 -592 752) (1936 -592 1120) 
4 12 64 (1844 -592 720) (1124 -592 720) (1124 -560 720) (1844 -560 720) 
4 12 63 (1936 -592 720) (1844 -592 720) (1844 -560 720) (1936 -560 720) 
4 12 62 (1124 -560 720) (1124 -123.50793650793645 720) (1836 -123.50793650793645 720) (1836 -560 720) 
4 12 59 (1836 -123.50793650793645 720) (1936 -123.50793650793645 720) (1936 -560 720) (1836 -560 720) 
5 12 33 (1124 -84 751.2100313479623) (1124 -123.50793650793645 720) (1124 -592 720) (1124 -592 1004) (1124 -84 1004) 
3 12 31 (1124 236 1004) (1124 -84 751.9999999999999) (1124 -84 830.1760706332155) 
3 12 30 (1124 236 1004) (1124 -84 830.1760706332155) (1124 -84 1004) 
4 12 29 (1124 236 1120) (1124 236 1004) (1124 -592 1004) (1124 -592 1120) 
4 12 17 (1124 -123.50793650793685 720) (1124 -83 752.0000000000002) (1936 -83 752.0000000000001) (1936 -123.50793650793668 720) 
4 12 14 (1124 236 1004.0000000000001) (1444 236 1004.0000000000001) (1444 -83 752.0000000000002) (1269.1000000001354 -83 752.0000000000002) 
4 12 13 (1444 236 1004.0000000000001) (1936 236 1004.0000000000001) (1936 -83 752.0000000000001) (1444 -83 752.0000000000002) 
4 13 62 (1836 -83 720) (1444 -83 720) (1444 -52 720) (1836 -52 720) 
4 13 59 (1936 -52 720) (1936 -83 720) (1836 -83 720) (1836 -52 720) 
3 13 56 (1470.751192447622 -52 720) (1444 -52 720) (1444 -30.949952916706852 720) 
4 13 51 (1788.5857006318076 -52 720) (1470.751192447622 -52 720) (1444 -30.949952916706852 720) (1444 90.24900904178031 720) 
5 13 49 (1824 -52 720) (1788.5857006318076 -52 720) (1444 90.24900904178031 720) (1444 208 720) (1824 208 720) 
4 13 48 (1936 208 720) (1936 -52 720) (1824 -52 720) (1824 208 720) 
4 13 37 (1444 236 720) (1936 236 720) (1936 208 720) (1444 208 720) 
4 13 17 (1936 -83 720) (1936 -83 751.9999999999992) (1444 -83 751.9999999999992) (1444 -83 720) 
3 13 16 (1444 92.00000000000006 720) (1444 33.05613184855292 720) (1444 91.99999999999994 752) 
3 13 15 (1444 236 830.1760706331738) (1444 236 752) (1444 91.99999999999994 752) 
5 13 14 (1444 -83 720) (1444 -83 751.9999999999991) (1444 236 1003.9999999999991) (1444 236 830.1760706331738) (1444 33.05613184855292 720) 
4 14 62 (1444 -52 720) (1444 -83 720) (1328.010185941165 -83 720) (1358.9924716554267 -52 720) 
4 14 56 (1444 -30.949952916706835 720) (1444 -52 720) (1358.9924716554267 -52 720) (1408.191485156561 -2.772856702657542 720) 
3 14 51 (1444 33.05613184855292 720) (1444 -30.949952916706835 720) (1408.191485156561 -2.772856702657542 720) 
4 14 17 (1444 -83 751.9999999999992) (1269.1000000001375 -83 751.9999999999992) (1328.010185941165 -83 720) (1444 -83 720) 
4 14 16 (1444 91.9999999999998 752.0000000000001) (1444 33.05613184855275 720) (1328.0101859411652 -83 720) (1269.100000000136 -83 752.0000000000001) 
3 14 15 (1444 236 830.176070633174) (1444 91.9999999999998 752.0000000000001) (1124.0000000000005 236 1004) 
5 16 62 (1358.9924716554267 -52 720) (1328.010185941165 -83 720) (1269.1000000001404 -83 720) (1296.3537427582469 -55.73067477031188 720) (1358.5077321642207 -52 720) 
3 16 61 (1296.3537427582469 -55.73067477031188 720) (1300.0822857144012 -52 720) (1358.5077321642207 -52 720) 
4 16 56 (1408.191485156561 -2.772856702657549 720) (1358.9924716554267 -52 720) (1300.0822857144012 -52 720) (1375.2150519725653 23.17572381468996 720) 
5 16 51 (1444 90.24900904178037 720) (1444 33.05613184855292 720) (1408.191485156561 -2.772856702657549 720) (1375.2150519725653 23.17572381468996 720) (1442.7611352382387 90.76042691075814 720) 
3 16 49 (1444 92.00000000000006 720) (1444 90.24900904178037 720) (1442.7611352382387 90.76042691075814 720) 
3 16 17 (1269.1000000001375 -83 751.9999999999992) (1269.1000000001404 -83 720) (1328.010185941165 -83 720) 
4 17 62 (1124 -123.50793650793645 720) (1124 -83 720) (1836 -83 720) (1836 -123.50793650793645 720) 
4 17 59 (1836 -83 720) (1936 -83 720) (1936 -123.50793650793645 720) (1836 -123.50793650793645 720) 
3 17 33 (1124 -84 720) (1124 -123.50793650793645 720) (1124 -84 751.2100313479624) 
4 18 614 (736 712.695652173913 1120) (736 696.695652173913 1120) (736 696.695652173913 1136) (736 712.695652173913 1136) 
4 18 20 (736 696.695652173913 1120) (736 712.695652173913 1120) (1124 709.8840579710145 1120) (1124 693.8840579710145 1120) 
4 18 19 (736 696.695652173913 1136) (736 696.695652173913 1120) (1124 693.8840579710145 1120) (1124 693.8840579710145 1136) 
4 19 615 (736 696.695652173913 1136) (736 696.695652173913 1120) (736 555 1120) (736 555 1136) 
4 19 22 (736 555 1136) (736 555 1120) (1124 555 1120) (1124 555 1136) 
4 20 616 (736 712.695652173913 720) (736 696.695652173913 720) (736 696.695652173913 1120) (736 712.695652173913 1120) 
4 20 88 (736 696.695652173913 720) (736 712.695652173913 720) (1024 710.6086956521739 720) (1024 694.6086956521739 720) 
4 20 65 (1024 710.6086956521739 720) (1040 710.4927536231884 720) (1040 694.4927536231884 720) (1024 694.6086956521739 720) 
4 20 36 (1040 710.4927536231884 720) (1124 709.8840579710145 720) (1124 693.8840579710145 720) (1040 694.4927536231884 720) 
4 21 617 (736 696.695652173913 720) (736 555 720) (736 555 1120) (736 696.695652173913 1120) 
4 21 89 (736 555 720) (736 696.695652173913 720) (1024 694.6086956521739 720) (1024 555 720) 
4 21 66 (1024 694.6086956521739 720) (1040 694.4927536231884 720) (1040 555 720) (1024 555 720) 
4 21 44 (1124 588.3176338076813 720) (1124 555 720) (1040 555 720) (1040 675.1921379006322 720) 
5 21 42 (1040 694.4927536231884 720) (1066.0534356189953 694.3039606114565 720) (1124 634.3744481770514 720) (1124 588.3176338076813 720) (1040 675.1921379006322 720) 
3 21 40 (1066.0534356189953 694.3039606114565 720) (1124 693.8840579710145 720) (1124 634.3744481770514 720) 
4 21 27 (736 555 1120) (736 555 720) (804 555 720) (804 555 1120) 
4 21 26 (804 555 720) (978.9000000001712 555 720) (978.9000000001627 555 1120) (804 555 1120) 
4 21 23 (1124 555 752.000000000001) (1124 555 1120) (978.9000000001627 555 1120) (978.9000000001705 555 752.000000000001) 
4 22 626 (736 240 1120) (736 236 1120) (736 236 1136) (736 240 1136) 
4 22 615 (736 555 1136) (736 555 1120) (736 240 1120) (736 240 1136) 
4 22 28 (736 236 1136) (736 236 1120) (1124 236 1120) (1124 236 1136) 
4 23 29 (1124 236 1004) (1124 236 1120) (804 236 1120) (804 236 1004) 
4 23 27 (804 236 1004) (804 236 1120) (804 380.00000000000796 1120) (804 380.00000000000307 890.244514106581) 
4 23 26 (804 380.0000000000033 890.2445141065809) (804 380.0000000000082 1120) (978.9000000001624 555 1120) (978.9000000001703 555 752.000000000001) 
3 23 25 (1124 236 1004) (891.6118472428508 467.661939779784 820.9943297037449) (978.9000000001704 555 752.0000000000009) 
4 23 24 (1124 236 1004) (804 236 1004) (804 380.0000000000032 890.2445141065809) (891.6118472428508 467.661939779784 820.9943297037449) 
3 24 29 (1124 236 1004) (804 236 1004) (804 236 752) 
4 24 27 (804 236 752) (804 236 1004) (804 380.00000000000307 890.244514106581) (804 380.0000000000001 752) 
3 24 26 (804 380.00000000000034 752) (804 380.0000000000033 890.2445141065809) (891.6118472428508 467.6619397797842 820.9943297037449) 
3 24 25 (804 380.00000000000136 752.0000000000005) (891.6118472428498 467.66193977978446 820.9943297037448) (1123.9999999999993 236 1004.0000000000001) 
3 25 26 (804 380.00000000000034 752) (891.6118472428508 467.6619397797842 820.9943297037449) (978.9000000001703 555 752.000000000001) 
3 26 89 (804 555 720) (978.9000000001712 555 720) (804 379.99999999999943 720) 
4 26 27 (804 380.00000000000796 1120) (804 555 1120) (804 555 720) (804 379.99999999999943 720) 
4 27 627 (736 240 720) (736 236 720) (736 236 1120) (736 240 1120) 
4 27 617 (736 555 1120) (736 555 720) (736 240 720) (736 240 1120) 
4 27 99 (736 236 720) (736 297.9008344562723 720) (804 337.16065276116683 720) (804 236 720) 
4 27 90 (736 297.9008344562723 720) (736 334.85125168440686 720) (804 374.1110699893017 720) (804 337.16065276116683 720) 
4 27 89 (736 334.85125168440686 720) (736 555 720) (804 555 720) (804 374.1110699893017 720) 
3 27 34 (764.4920634920636 236 720) (804 236 720) (804 236 751.2100313479623) 
5 27 29 (736 236 1120) (736 236 720) (764.4920634920636 236 720) (804 236 751.2100313479623) (804 236 1120) 
4 28 1025 (736 -592 1136) (736 -592 1120) (1024 -592 1120) (1024 -592 1136) 
4 28 1014 (1024 -592 1120) (1124 -592 1120) (1124 -592 1136) (1024 -592 1136) 
4 28 777 (736 -48 1120) (736 -592 1120) (736 -592 1136) (736 -48 1136) 
4 28 706 (736 -16 1120) (736 -48 1120) (736 -48 1136) (736 -16 1136) 
4 28 659 (736 208 1120) (736 -16 1120) (736 -16 1136) (736 208 1136) 
4 28 626 (736 236 1136) (736 236 1120) (736 208 1120) (736 208 1136) 
5 29 1026 (736 -592 1120) (736 -592 720) (764.4920634920635 -592 720) (1024 -592 925.0031347962381) (1024 -592 1120) 
4 29 1015 (1024 -592 925.0031347962381) (1124 -592 1003.9999999999999) (1124 -592 1120) (1024 -592 1120) 
4 29 778 (736 -48 720) (736 -592 720) (736 -592 1120) (736 -48 1120) 
4 29 707 (736 -16 720) (736 -48 720) (736 -48 1120) (736 -16 1120) 
4 29 660 (736 208 720) (736 -16 720) (736 -16 1120) (736 208 1120) 
4 29 627 (736 236 1120) (736 236 720) (736 208 720) (736 208 1120) 
4 29 105 (764.4920634920636 -592 720) (736 -592 720) (736 -66.68056626659154 720) (764.4920634920635 -45.11262577186062 720) 
4 29 101 (736 -66.68056626659154 720) (736 61.9895908014704 720) (764.4920634920635 74.01045242975084 720) (764.4920634920635 -45.11262577186062 720) 
4 29 99 (736 61.9895908014704 720) (736 236 720) (764.4920634920635 236 720) (764.4920634920635 74.01045242975084 720) 
4 29 34 (764.4920634920638 -592 720) (764.4920634920641 236 720) (805 236 751.9999999999995) (805 -592 751.9999999999998) 
4 29 33 (1124 -84 1004) (1124 -592 1004.0000000000001) (805 -592 751.9999999999998) (805 -84 751.9999999999997) 
4 29 30 (1124 236 1004) (1124 -84 1004) (805 -84 751.9999999999997) (805 90.89999999999881 751.9999999999995) 
5 30 105 (805 -84 720) (805 -14.448902015563561 720) (824.3026514073254 0.16283142591541555 720) (841.4396503059342 -4.429013589659814 720) (921.0561318485846 -84 720) 
3 30 104 (824.3026514073254 0.16283142591541555 720) (831.4395766871828 5.565345701309411 720) (841.4396503059342 -4.429013589659814 720) 
3 30 101 (805 -14.448902015563561 720) (805 31.989814058956554 720) (831.4395766871828 5.565345701309411 720) 
4 30 34 (805 -84 751.9999999999993) (805 90.89999999999827 751.9999999999993) (805 31.98981405895657 720) (805 -84 720) 
5 30 33 (805 -84 751.9999999999995) (805 -84 720) (921.0561318485846 -84 720) (1124 -84 830.1760706332155) (1124 -84 1003.9999999999995) 
4 30 32 (980 -84 751.9999999999999) (921.0561318485848 -84 720) (805 31.989814058956625 720) (805 90.89999999999952 751.9999999999999) 
3 30 31 (1124 -84 830.1760706332154) (980 -84 751.9999999999999) (1123.9999999999995 236 1003.9999999999995) 
3 31 33 (1124 -84 751.9999999999999) (1124 -84 830.1760706332155) (979.9999999999999 -84 751.9999999999999) 
4 32 105 (921.9753258594734 -26.00848281612536 720) (979.9999999999999 -84 720) (921.0561318485846 -84 720) (841.4396503059343 -4.429013589659817 720) 
4 32 104 (864.9797024810351 30.95457163466798 720) (921.9753258594734 -26.00848281612536 720) (841.4396503059343 -4.429013589659817 720) (831.4395766871828 5.565345701309411 720) 
4 32 101 (805 31.989814058956554 720) (805 90.8999999999995 720) (864.9797024810351 30.95457163466798 720) (831.4395766871828 5.565345701309411 720) 
3 32 34 (805 90.89999999999827 751.9999999999993) (805 90.89999999999952 720) (805 31.98981405895657 720) 
3 32 33 (921.0561318485846 -84 720) (979.9999999999999 -84 720) (979.9999999999999 -84 751.9999999999999) 
4 33 1026 (805 -592 720) (1024 -592 720) (1024 -592 925.0031347962381) (805 -592 752) 
4 33 1019 (1024 -592 720) (1124 -592 720) (1124 -592 752) (1024 -592 752) 
4 33 1015 (1124 -592 752) (1124 -592 1003.9999999999999) (1024 -592 925.0031347962381) (1024 -592 752) 
4 33 105 (1024 -592 720) (805 -592 720) (805 -84 720) (1024 -84 720) 
4 33 79 (1040 -592 720) (1024 -592 720) (1024 -336 720) (1040 -336 720) 
4 33 72 (1024 -336 720) (1024 -144 720) (1040 -144 720) (1040 -336 720) 
4 33 71 (1024 -144 720) (1024 -112 720) (1040 -112 720) (1040 -144 720) 
4 33 69 (1024 -112 720) (1024 -84 720) (1040 -84 720) (1040 -112 720) 
4 33 64 (1124 -592 720) (1040 -592 720) (1040 -560 720) (1124 -560 720) 
4 33 62 (1040 -560 720) (1040 -84 720) (1124 -84 720) (1124 -560 720) 
4 33 34 (805 -592 751.9999999999993) (805 -84 751.9999999999993) (805 -84 720) (805 -592 720) 
3 34 1026 (764.4920634920635 -592 720) (805 -592 720) (805 -592 752) 
4 34 105 (805 -592 720) (764.4920634920636 -592 720) (764.4920634920635 -45.11262577186062 720) (805 -14.448902015563547 720) 
4 34 101 (764.4920634920635 -45.11262577186062 720) (764.4920634920635 74.01045242975079 720) (805 91.10083620433119 720) (805 -14.448902015563547 720) 
5 34 99 (764.4920634920635 74.01045242975079 720) (764.4920634920635 236 720) (805 236 720) (805 179.47302994931982 720) (778.302651407326 79.83716857408405 720) 
3 34 97 (805 179.47302994931982 720) (805 91.10083620433119 720) (778.302651407326 79.83716857408405 720) 
4 35 1013 (1936 -592 480) (1952 -592 480) (1952 -592 720) (1936 -592 720) 
4 35 106 (1952 -592 480) (1936 -592 480) (1936 704.0000000000002 480) (1952 703.884057971015 480) 
4 35 36 (1936 703.9999999999995 480) (1936 687.9999999999999 480) (1936 688 720) (1936 704.0000000000002 720) 
4 36 202 (1040 694.4927536231885 480) (1040 710.4927536231884 480) (1056 710.3768115942029 480) (1056 694.376811594203 480) 
4 36 119 (1056 710.3768115942029 480) (1804 704.9565217391304 480) (1804 688.95652173913 480) (1056 694.376811594203 480) 
4 36 109 (1804 704.9565217391304 480) (1836 704.7246376811594 480) (1836 688.724637681159 480) (1804 688.95652173913 480) 
4 36 107 (1836 704.7246376811594 480) (1936 704 480) (1936 687.9999999999995 480) (1836 688.724637681159 480) 
4 36 65 (1040 710.4927536231885 480) (1040 694.4927536231885 480) (1040 694.4927536231885 720) (1040 710.4927536231884 720) 
4 37 133 (1413.3333333333358 208 480) (1411.276341620367 208 480) (1410.7961568655712 216 480) (1413.3333333333358 216 480) 
3 37 122 (1421.9780805311489 216 480) (1410.7961568655712 216 480) (1407.8268590217986 265.4692563912812 480) 
4 37 121 (1457.172557206742 216 480) (1421.9780805311489 216 480) (1407.8268590217986 265.4692563912812 480) (1405.4153162899186 305.6461709275204 480) 
5 37 120 (1382.2243916544385 692.0128667271416 480) (1804 688.95652173913 480) (1804 216 480) (1457.172557206742 216 480) (1405.4153162899186 305.6461709275204 480) 
4 37 110 (1804 688.95652173913 480) (1836 688.724637681159 480) (1836 216 480) (1804 216 480) 
4 37 108 (1836 688.724637681159 480) (1936 687.9999999999995 480) (1936 208 480) (1836 208 480) 
4 37 49 (1824 208 512) (1824 208 720) (1411.276341620367 208 720) (1411.2763416203672 208 512) 
4 37 48 (1824 208 480) (1936 208 480) (1936 208 720) (1824 208 720) 
4 37 38 (1382.2243916544385 692.0128667271418 720) (1382.2243916544385 692.0128667271418 480) (1407.8268590217986 265.46925639128034 480) (1407.8268590217986 265.4692563912803 720) 
3 38 121 (1405.4153162899183 305.6461709275209 480) (1407.8268590217983 265.4692563912812 480) (1387.4153162899177 336.82308546376186 480) 
5 38 120 (1349.9530249902978 692.2467172102151 480) (1382.2243916544385 692.0128667271416 480) (1405.4153162899183 305.6461709275209 480) (1387.4153162899177 336.82308546376186 480) (1367.0037735580386 408.1769145362362 480) 
4 38 40 (1349.953024990298 692.2467172102153 720) (1349.953024990298 692.2467172102153 480) (1367.0037735580388 408.17691453623524 480) (1367.0037735580388 408.17691453623524 720) 
4 38 39 (1367.0037735580383 408.1769145362399 720) (1367.0037735580383 408.1769145362399 480) (1387.4153162899192 336.82308546375845 480) (1387.4153162899192 336.82308546375845 720) 
3 39 120 (1369.4153162899183 367.9999999999998 480) (1367.0037735580386 408.1769145362362 480) (1387.4153162899177 336.82308546376186 480) 
4 39 41 (1368.6114687126253 381.3923048454127 480) (1369.4153162899186 367.99999999999966 480) (1369.4153162899186 367.99999999999966 720) (1368.6114687126253 381.3923048454127 720) 
4 39 40 (1367.0037735580388 408.17691453623524 480) (1368.6114687126253 381.3923048454127 480) (1368.6114687126253 381.3923048454127 720) (1367.0037735580388 408.17691453623524 720) 
3 40 123 (1066.053435618995 694.3039606114567 480) (1349.9530249902978 692.2467172102151 480) (1368.611468712625 381.39230484541304 480) 
4 40 42 (1066.0534356189958 694.3039606114564 720) (1066.0534356189958 694.3039606114564 480) (1299.8268590218004 452.5307436087179 480) (1299.8268590218004 452.53074360871784 720) 
4 40 41 (1351.4153162899179 399.17691453624076 480) (1368.6114687126253 381.3923048454132 480) (1368.6114687126253 381.3923048454132 720) (1351.4153162899177 399.17691453624076 720) 
3 41 124 (1351.4153162899174 399.17691453624053 480) (1368.611468712625 381.39230484541304 480) (1369.4153162899183 367.99999999999955 480) 
4 42 203 (1040 675.1921379006324 480) (1040 694.4927536231885 480) (1056 694.376811594203 480) (1056 658.6446133114988 480) 
5 42 125 (1056 694.376811594203 480) (1066.053435618995 694.3039606114567 480) (1299.8268590217986 452.5307436087192 480) (1176.6691823720266 533.8460969082645 480) (1056 658.6446133114988 480) 
4 42 66 (1040 694.4927536231885 480) (1040 675.1921379006322 480) (1040 675.1921379006324 720) (1040 694.4927536231885 720) 
4 42 45 (1172.0835417259705 538.5886594924857 480) (1176.669182372026 533.8460969082648 480) (1176.669182372026 533.8460969082648 720) (1172.0835417259705 538.5886594924856 720) 
4 42 44 (1040 675.192137900632 720) (1040 675.192137900632 480) (1172.0835417259705 538.5886594924857 480) (1172.0835417259705 538.5886594924856 720) 
4 42 43 (1176.6691823720275 533.8460969082638 720) (1176.6691823720275 533.8460969082638 480) (1232.6499444855579 496.88457268119924 480) (1232.6499444855579 496.88457268119924 720) 
3 43 126 (1205.3294364098704 504.2050807568876 480) (1176.6691823720266 533.8460969082645 480) (1232.6499444855583 496.8845726811991 480) 
4 43 46 (1191.4087415914887 518.6021457446992 480) (1205.3294364098697 504.2050807568878 480) (1205.3294364098697 504.2050807568878 720) (1191.4087415914887 518.6021457446992 720) 
4 43 45 (1176.669182372026 533.8460969082648 480) (1191.4087415914887 518.6021457446992 480) (1191.4087415914887 518.6021457446992 720) (1176.669182372026 533.8460969082648 720) 
4 44 203 (1040 500.80471865619 480) (1040 675.1921379006324 480) (1056 658.6446133114988 480) (1056 505.38169354254603 480) 
3 44 127 (1056 658.6446133114988 480) (1172.083541725971 538.5886594924857 480) (1056 505.38169354254603 480) 
4 44 66 (1040 675.1921379006322 480) (1040 500.80471865618995 480) (1040 500.80471865619 720) (1040 675.1921379006324 720) 
4 44 45 (1078.5307436087196 511.82685902179827 480) (1172.083541725971 538.5886594924857 480) (1172.083541725971 538.5886594924857 720) (1078.5307436087196 511.82685902179827 720) 
3 45 128 (1078.5307436087191 511.82685902179827 480) (1172.083541725971 538.5886594924857 480) (1191.4087415914892 518.6021457446992 480) 
4 45 46 (1158.8845726811994 516.6499444855583 480) (1191.4087415914894 518.6021457446993 480) (1191.4087415914894 518.6021457446993 720) (1158.8845726811994 516.6499444855583 720) 
3 46 129 (1158.8845726811996 516.6499444855583 480) (1191.4087415914892 518.6021457446992 480) (1205.3294364098701 504.2050807568877 480) 
4 47 204 (1040 208 480) (1040 467.50587497980257 480) (1056 472.0828498661581 480) (1056 208 480) 
4 47 136 (1240.4179135555516 208 480) (1056 208 480) (1056 216 480) (1180.2089567777782 216 480) 
4 47 134 (1378.5388266310408 216 480) (1379.0190113858366 208 480) (1240.4179135555516 208 480) (1180.2089567777782 216 480) 
10 47 130 (1056 472.0828498661581 480) (1083.138438763075 479.84609690825135 480) (1154.5640646055103 484.1332839871629 480) (1220.1332839871636 466.56406460551 480) (1279.8460969082648 427.1384387633063 480) (1325.702503368816 379.7128129211017 480) (1357.7025033688165 324.2871870788979 480) (1375.8460969082653 260.8615612366941 480) (1378.5388266310408 216 480) (1056 216 480) 
4 47 67 (1040 467.50587497980257 480) (1040 208 480) (1040 208 720) (1040 467.5058749798308 720) 
4 47 53 (1040 208 720) (1040 208 480) (1140.333402460731 208 480) (1140.3334024607311 208 720) 
4 47 52 (1140.333402460731 208 480) (1379.0190113858366 208 480) (1379.0190113858366 208 720) (1140.3334024607311 208 720) 
4 48 108 (1836 208 480) (1936 208 480) (1936 -52 480) (1836 -52 480) 
4 48 62 (1836 -52 576) (1836 -52 720) (1824 -52 720) (1824 -52 576) 
4 48 59 (1836 -52 480) (1936 -52 480) (1936 -52 720) (1836 -52 720) 
4 48 49 (1824 208 720) (1824 208 512) (1824 -52 512) (1824 -52 720) 
4 49 62 (1824 -52 576) (1824 -52 720) (1788.5857006318076 -52 720) (1788.5857006318076 -52 576) 
4 49 51 (1417.6922611067619 101.10915147030093 512) (1788.5857006318074 -52 512) (1788.5857006318074 -52 720) (1417.6922611067619 101.10915147030093 720) 
4 49 50 (1412.6499444855579 185.1154273188137 512) (1417.692261106762 101.10915147030133 512) (1417.692261106762 101.1091514703013 720) (1412.6499444855572 185.11542731882372 720) 
4 50 51 (1392.8845726811965 111.3500555144433 512) (1417.6922611067619 101.10915147030093 512) (1417.6922611067619 101.10915147030093 720) (1392.8845726811937 111.35005551444452 720) 
4 51 62 (1788.5857006318076 -52 720) (1470.751192447622 -52 720) (1470.751192447622 -52 576) (1788.5857006318076 -52 576) 
4 51 56 (1470.7511924476216 -52 512) (1470.7511924476216 -52 720) (1363.7661265159666 32.18468371008073 720) (1363.7661265159666 32.18468371008068 512) 
4 51 55 (1363.7661265159666 32.18468371008073 720) (1348.5307436087269 44.17314097819424 720) (1348.530743608722 44.17314097819787 512) (1363.7661265159666 32.18468371008068 512) 
4 52 154 (1378.6767294881013 184 480) (1362.5640646055172 123.86671601286697 480) (1323.138438763303 64.1539030917362 480) (1170.8335061518287 184 480) 
5 52 136 (1140.3334024607311 208 480) (1240.4179135555519 208 480) (1380.1332839871632 189.43593539449142 480) (1378.6767294881013 184 480) (1170.8335061518287 184 480) 
3 52 134 (1240.4179135555519 208 480) (1379.0190113858368 208 480) (1380.1332839871632 189.43593539449142 480) 
4 52 53 (1140.3334024607307 208 720) (1140.3334024607307 208 480) (1323.138438763303 64.15390309173586 480) (1323.1384387633066 64.15390309173284 720) 
4 53 204 (1040 -23.958761790857196 480) (1040 208 480) (1056 208 480) (1056 -28.245948869755168 480) 
7 53 158 (1275.71281292106 18.297496631159483 480) (1220.2871870788983 -13.702503368816089 480) (1156.8615612366937 -31.846096908265405 480) (1085.4359353944897 -36.13328398716339 480) (1056 -28.245948869755168 480) (1056 184 480) (1150.2792256527682 184 480) 
4 53 155 (1170.8335061518287 184 480) (1323.1384387632907 64.15390309174586 480) (1275.71281292106 18.297496631159483 480) (1150.2792256527682 184 480) 
4 53 136 (1056 208 480) (1140.3334024607311 208 480) (1170.8335061518287 184 480) (1056 184 480) 
4 53 67 (1040 208 480) (1040 -23.95876179085721 480) (1040 -23.958761790857196 720) (1040 208 720) 
4 54 61 (1217.9539771109899 -52 720) (1202.8131022823447 -52 720) (1202.8131022823447 -52 576) (1217.9539771109899 -52 576) 
4 54 57 (1220 -50.818728134261875 512) (1217.9539771109899 -52 512) (1202.8131022823447 -52 512) (1220 -47.08350004824508 512) 
4 54 56 (1217.9539771109899 -52 720) (1217.9539771109899 -52 512) (1232.8230854637602 -43.41531628991832 512) (1232.8230854637602 -43.415316289918344 720) 
4 55 56 (1295.1769145362193 -7.415316289930409 512) (1363.7661265159672 32.18468371008112 512) (1363.7661265159672 32.18468371008112 720) (1295.1769145361543 -7.415316289967912 720) 
4 56 62 (1470.751192447622 -52 576) (1470.751192447622 -52 720) (1358.5077321642207 -52 720) (1358.5077321642207 -52 576) 
4 56 61 (1358.5077321642207 -52 720) (1217.9539771109899 -52 720) (1217.9539771109899 -52 576) (1358.5077321642207 -52 576) 
3 56 58 (1220 -52 512) (1217.9539771109899 -52 512) (1220 -50.81872813426187 512) 
3 57 58 (1220.0000000000002 -50.81872813426187 512) (1217.95397711099 -52 512) (1217.95397711099 -52 511.7883424597576) 
4 59 108 (1836 -52 480) (1936 -52 480) (1936 -560 480) (1836 -560 480) 
4 59 64 (1844 -560 592) (1844 -560 720) (1836 -560 720) (1836 -560 592) 
4 59 63 (1844 -560 480) (1936 -560 480) (1936 -560 720) (1844 -560 720) 
4 59 62 (1836 -52 720) (1836 -52 576) (1836 -560 576) (1836 -560 720) 
4 60 68 (1040 -71.11781965873456 720) (1040 -57.63309893902557 720) (1040 -57.633098939025565 576) (1040 -71.11781965873455 576) 
4 60 62 (1040 -71.1178196587345 720) (1040 -71.1178196587345 576) (1081.1154273188006 -68.6499444855586 576) (1081.1154273188006 -68.6499444855586 720) 
4 61 62 (1161.4692563912804 -63.82685902179851 576) (1358.5077321642202 -52 576) (1358.5077321642202 -52 720) (1161.4692563912804 -63.82685902179851 720) 
4 62 85 (1040 -528 608) (1040 -496 608) (1040 -496 576) (1040 -528 576) 
4 62 83 (1040 -464 608) (1040 -432 608) (1040 -432 576) (1040 -464 576) 
4 62 81 (1040 -400 608) (1040 -368 608) (1040 -368 576) (1040 -400 576) 
4 62 79 (1040 -560 608) (1040 -560 720) (1040 -336 720) (1040 -336 608) 
4 62 78 (1040 -304 576) (1040 -336 576) (1040 -336 608) (1040 -304 608) 
4 62 76 (1040 -240 576) (1040 -272 576) (1040 -272 608) (1040 -240 608) 
4 62 74 (1040 -176 576) (1040 -208 576) (1040 -208 608) (1040 -176 608) 
4 62 72 (1040 -336 720) (1040 -144 720) (1040 -144 608) (1040 -336 608) 
4 62 71 (1040 -144 720) (1040 -112 720) (1040 -112 576) (1040 -144 576) 
4 62 69 (1040 -112 720) (1040 -80 720) (1040 -80 608) (1040 -112 608) 
4 62 68 (1040 -80 720) (1040 -71.11781965873456 720) (1040 -71.11781965873455 576) (1040 -80 576) 
4 62 64 (1040 -560 720) (1040 -560 592) (1836 -560 592) (1836 -560 720) 
4 63 1020 (1844 -592 480) (1936 -592 480) (1936 -592 576) (1844 -592 576) 
4 63 1017 (1936 -592 576) (1936 -592 720) (1844 -592 720) (1844 -592 576) 
4 63 108 (1936 -592 480) (1844 -592 480) (1844 -560 480) (1936 -560 480) 
4 63 64 (1844 -560 720) (1844 -560 592) (1844 -592 592) (1844 -592 720) 
3 64 1019 (1128.7272727272725 -592 720) (1040 -592 720) (1040 -592 598) 
5 64 1017 (1844 -592 592) (1844 -592 720) (1128.7272727272725 -592 720) (1040 -592 598) (1040 -592 592) 
4 64 87 (1040 -592 592) (1040 -592 608) (1040 -560 608) (1040 -560 592) 
4 64 79 (1040 -592 608) (1040 -592 720) (1040 -560 720) (1040 -560 608) 
4 65 202 (1024 694.6086956521739 480) (1024 710.6086956521739 480) (1040 710.492753623188 480) (1040 694.492753623188 480) 
4 65 88 (1024 710.6086956521735 480) (1024 694.6086956521735 480) (1024 694.6086956521739 720) (1024 710.6086956521739 720) 
4 66 203 (1024 496.22774376983386 480) (1024 694.6086956521739 480) (1040 694.492753623188 480) (1040 500.80471865618995 480) 
4 66 91 (1024 501.12812921102034 480) (1024 496.22774376983386 480) (1024 496.22774376983386 720) (1024 501.12812921102034 720) 
4 66 89 (1024 694.6086956521735 480) (1024 501.12812921102034 480) (1024 501.12812921102034 720) (1024 694.6086956521739 720) 
4 67 204 (1024 -19.671574711959266 480) (1024 462.92890009344706 480) (1040 467.50587497980257 480) (1040 -23.95876179085724 480) 
4 67 102 (1024 151.32985843335135 480) (1024 -19.671574711959238 480) (1024 -19.671574711959266 720) (1024 151.32985843335135 720) 
4 67 100 (1024 183.4973977003678 480) (1024 151.32985843335135 480) (1024 151.32985843335135 720) (1024 183.49739770036774 720) 
4 67 95 (1024 462.92890009344706 480) (1024 183.4973977003678 480) (1024 183.49739770036774 720) (1024 462.92890009347525 720) 
4 68 105 (1024 -53.34591186012764 480) (1024 -80 480) (1024 -80 720) (1024 -53.34591186012764 720) 
4 68 70 (1024 -80 576) (1024 -80 480) (1040 -80 480) (1040 -80 560) 
4 68 69 (1024 -80 720) (1024 -80 608) (1040 -80 608) (1040 -80 720) 
4 69 105 (1024 -112 608) (1024 -112 720) (1024 -80 720) (1024 -80 608) 
4 69 71 (1024 -112 720) (1024 -112 608) (1040 -112 608) (1040 -112 720) 
4 70 105 (1024 -80 480) (1024 -112 480) (1024 -112 576) (1024 -80 576) 
4 70 71 (1024 -112 576) (1024 -112 480) (1040 -112 480) (1040 -112 560) 
4 71 105 (1024 -112 480) (1024 -144 480) (1024 -144 720) (1024 -112 720) 
4 71 73 (1024 -144 576) (1024 -144 480) (1040 -144 480) (1040 -144 560) 
4 71 72 (1024 -144 720) (1024 -144 608) (1040 -144 608) (1040 -144 720) 
4 72 105 (1024 -336 608) (1024 -336 720) (1024 -144 720) (1024 -144 608) 
4 72 79 (1024 -336 720) (1024 -336 608) (1040 -336 608) (1040 -336 720) 
4 72 78 (1040 -336 608) (1024 -336 608) (1024 -304 608) (1040 -304 608) 
4 72 76 (1024 -272 608) (1024 -240 608) (1040 -240 608) (1040 -272 608) 
4 72 74 (1024 -208 608) (1024 -176 608) (1040 -176 608) (1040 -208 608) 
4 73 105 (1024 -144 480) (1024 -176 480) (1024 -176 576) (1024 -144 576) 
4 73 74 (1040 -176 480) (1040 -176 560) (1024 -176 576) (1024 -176 480) 
4 74 105 (1024 -176 480) (1024 -208 480) (1024 -208 608) (1024 -176 608) 
4 74 75 (1040 -208 480) (1040 -208 560) (1024 -208 576) (1024 -208 480) 
4 75 105 (1024 -208 480) (1024 -240 480) (1024 -240 576) (1024 -208 576) 
4 75 76 (1040 -240 480) (1040 -240 560) (1024 -240 576) (1024 -240 480) 
4 76 105 (1024 -240 480) (1024 -272 480) (1024 -272 608) (1024 -240 608) 
4 76 77 (1040 -272 480) (1040 -272 560) (1024 -272 576) (1024 -272 480) 
4 77 105 (1024 -272 480) (1024 -304 480) (1024 -304 576) (1024 -272 576) 
4 77 78 (1040 -304 480) (1040 -304 560) (1024 -304 576) (1024 -304 480) 
4 78 105 (1024 -304 480) (1024 -336 480) (1024 -336 608) (1024 -304 608) 
4 78 80 (1024 -336 576) (1024 -336 480) (1040 -336 480) (1040 -336 560) 
4 79 1019 (1040 -592 608) (1040 -592 720) (1024 -592 720) (1024 -592 608) 
4 79 105 (1024 -592 608) (1024 -592 720) (1024 -336 720) (1024 -336 608) 
4 79 87 (1024 -592 608) (1024 -560 608) (1040 -560 608) (1040 -592 608) 
4 79 85 (1024 -528 608) (1024 -496 608) (1040 -496 608) (1040 -528 608) 
4 79 83 (1024 -464 608) (1024 -432 608) (1040 -432 608) (1040 -464 608) 
4 79 81 (1024 -400 608) (1024 -368 608) (1040 -368 608) (1040 -400 608) 
4 80 105 (1024 -336 480) (1024 -368 480) (1024 -368 576) (1024 -336 576) 
4 80 81 (1040 -368 480) (1040 -368 560) (1024 -368 576) (1024 -368 480) 
4 81 105 (1024 -368 480) (1024 -400 480) (1024 -400 608) (1024 -368 608) 
4 81 82 (1040 -400 480) (1040 -400 560) (1024 -400 576) (1024 -400 480) 
4 82 105 (1024 -400 480) (1024 -432 480) (1024 -432 576) (1024 -400 576) 
4 82 83 (1040 -432 480) (1040 -432 560) (1024 -432 576) (1024 -432 480) 
4 83 105 (1024 -432 480) (1024 -464 480) (1024 -464 608) (1024 -432 608) 
4 83 84 (1040 -464 480) (1040 -464 560) (1024 -464 576) (1024 -464 480) 
4 84 105 (1024 -464 480) (1024 -496 480) (1024 -496 576) (1024 -464 576) 
4 84 85 (1040 -496 480) (1040 -496 560) (1024 -496 576) (1024 -496 480) 
4 85 105 (1024 -496 480) (1024 -528 480) (1024 -528 608) (1024 -496 608) 
4 85 86 (1040 -528 480) (1040 -528 560) (1024 -528 576) (1024 -528 480) 
4 86 105 (1024 -528 480) (1024 -560 480) (1024 -560 576) (1024 -528 576) 
5 87 1019 (1040 -592 598) (1040 -592 608) (1024 -592 608) (1024 -592 592) (1035.6363636363635 -592 592) 
3 87 1017 (1040 -592 592) (1040 -592 598) (1035.6363636363635 -592 592) 
4 87 105 (1024 -592 592) (1024 -592 608) (1024 -560 608) (1024 -560 592) 
4 88 618 (736 712.695652173913 480) (736 696.695652173913 480) (736 696.695652173913 608) (736 712.695652173913 608) 
4 88 616 (736 696.695652173913 608) (736 696.695652173913 720) (736 712.695652173913 720) (736 712.695652173913 608) 
4 88 210 (736 696.695652173913 480) (736 712.695652173913 480) (1024 710.608695652174 480) (1024 694.608695652174 480) 
3 89 621 (736 425.5999999999999 514.1333333333333) (736 334.85125168440686 514.1333333333333) (736 334.85125168440686 594.7988873916383) 
5 89 620 (736 696.695652173913 608) (736 696.695652173913 514.1333333333333) (736 425.5999999999999 514.1333333333333) (736 334.85125168440686 594.7988873916383) (736 334.85125168440686 608) 
4 89 617 (736 334.8512516844069 720) (736 696.695652173913 720) (736 696.695652173913 608) (736 334.85125168440686 608) 
4 89 211 (800 696.231884057971 480) (1024 694.608695652174 480) (1024 501.12812921102034 480) (800 371.8016689125432 480) 
4 89 93 (736 696.6956521739133 514.1333333333338) (800.0000000000008 696.2318840579713 480) (800.0000000000005 464 480) (736 425.5999999999998 514.1333333333336) 
4 89 91 (1007.1769145362383 491.4153162899177 480) (1024 501.1281292110207 480) (1024 501.1281292110207 720) (1007.1769145362383 491.4153162899177 720) 
5 89 90 (736 334.8512516844072 514.1333333333336) (800.0000000000005 371.8016689125438 480) (944.8230854637613 455.41531628991896 480) (944.8230854637613 455.41531628991896 720) (736 334.8512516844072 720) 
3 90 622 (736 297.9008344562725 595.801668912545) (736 297.9008344562725 608) (736 304 608) 
6 90 621 (736 297.90083445627255 514.1333333333333) (736 297.9008344562725 595.801668912545) (736 304 608) (736 320.00000000000006 608) (736 334.85125168440686 594.7988873916385) (736 334.85125168440686 514.1333333333333) 
3 90 620 (736 320.00000000000006 608) (736 334.85125168440686 608) (736 334.85125168440686 594.7988873916385) 
4 90 617 (736 297.9008344562725 608) (736 297.9008344562724 720) (736 334.8512516844069 720) (736 334.85125168440686 608) 
4 90 212 (849.9718337793529 363.7025033688168 480) (800 334.85125168440834 480) (800 371.8016689125432 480) (944.8230854637605 455.41531628991817 480) 
3 90 99 (843.5589098293674 360 720) (736 297.90083445627226 720) (736 297.90083445627226 595.8016689125445) 
6 90 98 (800 334.8512516844082 480) (849.9718337793529 363.70250336881674 480) (849.9718337793529 363.70250336881674 720) (843.5589098293674 360 720) (736 297.90083445627226 595.8016689125445) (736 297.90083445627226 514.1333333333333) 
4 90 92 (849.9718337793529 363.70250336881685 720) (849.9718337793529 363.7025033688169 480) (891.4692563912812 403.82685902179867 480) (891.4692563912811 403.8268590217985 720) 
3 91 213 (1024 501.12812921102034 480) (1024 496.22774376983386 480) (1007.1769145362393 491.415316289918 480) 
3 92 214 (874.2205450853168 377.70250336881645 480) (849.9718337793529 363.7025033688168 480) (891.4692563912807 403.8268590217982 480) 
4 92 98 (849.9718337793529 363.70250336881674 480) (855.1679862020588 366.70250336881634 480) (855.1679862020588 366.70250336881634 720) (849.9718337793529 363.70250336881674 720) 
4 92 94 (855.1679862020588 366.70250336881634 480) (874.2205450853166 377.7025033688164 480) (874.2205450853166 377.7025033688164 720) (855.1679862020588 366.70250336881634 720) 
4 93 620 (736 696.695652173913 480) (736 464 480) (736 425.6 514.1333333333333) (736 696.695652173913 514.1333333333333) 
4 93 211 (736 464 480) (736 696.695652173913 480) (800 696.231884057971 480) (800 463.99999999999994 480) 
3 94 216 (855.1679862020588 366.7025033688164 480) (874.2205450853169 377.70250336881656 480) (847.115427318801 336.64994448555836 480) 
3 94 99 (847.115427318801 336.6499444855584 673.2998889711168) (847.115427318801 336.6499444855584 720) (853.3720558371176 360.00000000000006 720) 
5 94 98 (855.167986202059 366.7025033688169 720) (855.167986202059 366.7025033688169 480) (847.115427318801 336.6499444855584 480) (847.115427318801 336.6499444855584 673.2998889711168) (853.3720558371176 360.00000000000006 720) 
4 95 225 (1024 210.16859932011613 480) (1024 183.49739770036786 480) (882.2974966311824 123.71281292110169 480) (864.1539030917352 187.13843876329793 480) 
4 95 220 (1024 224 480) (1024 210.16859932011613 480) (864.1539030917352 187.13843876329793 480) (861.9413581237552 224 480) 
4 95 219 (1024 240 480) (1024 224 480) (861.9413581237552 224 480) (860.9809886141634 240 480) 
8 95 215 (964.2871870788973 429.70250336881566 480) (1019.7128129212896 461.70250336892417 480) (1024 462.928900093447 480) (1024 240 480) (860.9809886141634 240 480) (859.8667160128368 258.5640646055105 480) (877.4359353944899 324.1332839871631 480) (916.8615612366938 383.8460969082651 480) 
4 95 100 (882.2974966311824 123.71281292110152 480) (1024 183.49739770036763 480) (1024 183.49739770036763 720) (882.2974966311809 123.71281292110092 720) 
3 96 226 (852.5846837100858 111.1769145362417 480) (836.8543709871452 104.54026245013638 480) (832.1731409782004 182.53074360873694 480) 
4 96 101 (836.8543709871452 104.54026245013623 480) (852.5846837100858 111.17691453624155 480) (852.5846837100858 111.17691453624157 720) (836.8543709871452 104.54026245013625 720) 
4 96 97 (832.1731409782005 182.53074360873626 480) (836.8543709871453 104.54026245013628 480) (836.8543709871453 104.54026245013628 720) (832.1731409782005 182.53074360873626 720) 
3 97 231 (780 80.55328352213527 480) (778.3026514073262 79.83716857408413 480) (780 86.17175976009841 480) 
5 97 226 (836.8543709871452 104.54026245013638 480) (780 80.55328352213527 480) (780 86.17175976009841 480) (804.7610591666015 178.58129061907357 480) (832.1731409782014 182.53074360871938 480) 
4 97 221 (804.7610591666015 178.58129061907357 480) (816.9309656664847 224 480) (829.6840278892245 224 480) (832.1731409782014 182.53074360871938 480) 
3 97 217 (821.2181527453827 240 480) (827.3500555144412 262.88457268119885 480) (828.7236583796326 240 480) 
4 97 101 (778.3026514073262 79.83716857408399 480) (836.8543709871452 104.54026245013623 480) (836.8543709871452 104.54026245013625 720) (778.302651407326 79.83716857408399 720) 
5 97 99 (821.2181527453827 239.99999999999997 480) (778.3026514073262 79.83716857408406 480) (778.3026514073262 79.83716857408406 720) (827.3500555144412 262.88457268119885 720) (827.3500555144412 262.8845726811988 525.7691453623977) 
3 97 98 (827.3500555144412 262.8845726811988 480) (821.2181527453827 239.99999999999997 480) (827.3500555144412 262.8845726811988 525.7691453623977) 
3 98 621 (736 257.06666666666666 514.1333333333333) (736 297.9008344562725 595.801668912545) (736 297.90083445627255 514.1333333333333) 
4 98 218 (800 334.85125168440834 480) (855.1679862020588 366.7025033688164 480) (821.2181527453827 240 480) (800.0000000000001 240 480) 
6 98 99 (821.2181527453824 239.9999999999999 480) (853.3720558371174 359.9999999999998 720) (843.5589098293666 359.9999999999998 720) (736 297.90083445627243 595.8016689125453) (736 257.0666666666665 514.1333333333333) (800 239.9999999999999 480) 
4 99 660 (736 208 480) (736 61.9895908014696 480) (736 61.9895908014704 720) (736 208 720) 
4 99 627 (736 239.99999999999997 480) (736 208 480) (736 208 720) (736 240 720) 
4 99 622 (736 239.99999999999997 480) (736 240 608) (736 297.9008344562725 608) (736 297.9008344562725 595.801668912545) 
4 99 617 (736 240 608) (736 240 720) (736 297.9008344562724 720) (736 297.9008344562725 608) 
5 99 231 (736 61.9895908014704 480) (736 224 480) (780 224 480) (780 86.17175976009841 480) (778.3026514073262 79.83716857408413 480) 
3 99 226 (804.7610591666015 178.58129061907357 480) (780 86.17175976009841 480) (780 175.01378925874465 480) 
4 99 221 (816.9309656664847 224 480) (804.7610591666015 178.58129061907357 480) (780 175.01378925874465 480) (780 224 480) 
4 99 101 (736 61.989590801470285 480) (778.3026514073262 79.83716857408399 480) (778.302651407326 79.83716857408399 720) (736 61.989590801470285 720) 
4 100 227 (882.2974966311762 123.71281292109909 480) (1024 183.49739770036786 480) (1024 151.32985843335135 480) (914.2974966311775 68.28718707889328 480) 
4 100 102 (914.2974966311775 68.28718707889315 480) (1024 151.32985843335123 480) (1024 151.32985843335123 720) (914.297496631172 68.287187078889 720) 
3 101 778 (736 -66.68056626659154 701.3194337334085) (736 -66.68056626659154 720) (736 -48 720) 
4 101 727 (736 -48 480) (736 -66.68056626659154 480) (736 -66.68056626659154 701.3194337334085) (736 -48 720) 
4 101 707 (736 -16 480) (736 -48 480) (736 -48 720) (736 -16 720) 
4 101 660 (736 61.9895908014696 480) (736 -16 480) (736 -16 720) (736 61.9895908014704 720) 
4 101 231 (736 -66.68056626659154 480) (736 61.9895908014704 480) (780 80.55328352213529 480) (780 -33.37341804854472 480) 
4 101 229 (780 80.55328352213529 480) (835.3320826591206 103.89800579664315 480) (888.5846837100814 48.823085463760194 480) (780 -33.37341804854472 480) 
3 101 227 (835.3320826591206 103.89800579664315 480) (852.5846837100819 111.17691453624008 480) (888.5846837100814 48.823085463760194 480) 
4 101 105 (736 -66.680566266592 480) (824.3026514073257 0.16283142591534272 480) (824.3026514073255 0.16283142591538535 720) (736 -66.68056626659165 720) 
4 101 104 (824.3026514073257 0.16283142591534272 480) (888.5846837100814 48.82308546375998 480) (888.5846837100814 48.82308546376008 720) (824.3026514073255 0.16283142591538535 720) 
4 102 228 (914.2974966290572 68.28718707728825 480) (1024 151.32985843335135 480) (1024 101.99958523560896 480) (960.1539030814895 20.861561243458496 480) 
4 102 222 (1024 101.99958523560896 480) (1024 -19.671574711959238 480) (1019.8667160128368 -18.56406460551036 480) (960.1539030814895 20.861561243458496 480) 
3 103 223 (1007.3500555144411 -48.88457268119916 480) (974.5654458236066 -40.09996299037057 480) (940.1731409781902 -4.530743608712058 480) 
4 103 105 (974.5654458236065 -40.09996299037049 480) (1007.350055514441 -48.88457268119908 480) (1007.3500555144411 -48.8845726811991 720) (974.5654458235996 -40.099962990368645 720) 
4 103 104 (940.1731409781888 -4.530743608711205 480) (974.5654458236056 -40.0999629903701 480) (974.5654458235987 -40.099962990368255 720) (940.1731409781747 -4.530743608701918 720) 
4 104 229 (824.3026514073254 0.16283142591541377 480) (888.5846837100809 48.823085463759796 480) (940.1731409781996 -4.530743608721792 480) (923.0467734523156 -26.295576333359683 480) 
3 104 223 (940.1731409781996 -4.530743608721792 480) (974.5654458236066 -40.09996299037057 480) (923.0467734523156 -26.295576333359683 480) 
4 104 105 (824.3026514073251 0.16283142591550578 720) (824.3026514073251 0.16283142591550828 480) (974.5654458236065 -40.09996299037049 480) (974.5654458235996 -40.099962990368645 720) 
4 105 1028 (736 -592 608) (736 -592 480) (1024 -592 480) (1024 -592 608) 
4 105 1026 (736 -592 720) (736 -592 608) (1024 -592 608) (1024 -592 720) 
5 105 778 (736 -288 480) (736 -592 480) (736 -592 720) (736 -66.68056626659154 720) (736 -66.68056626659154 701.3194337334085) 
3 105 727 (736 -66.68056626659154 480) (736 -288 480) (736 -66.68056626659154 701.3194337334085) 
4 105 231 (780 -592 480) (736 -592 480) (736 -66.68056626659154 480) (780 -33.37341804854472 480) 
4 105 229 (780 -208.08480229055084 480) (780 -33.37341804854472 480) (824.3026514073254 0.16283142591541377 480) (923.0467734523156 -26.295576333359694 480) 
5 105 224 (1024 -592 480) (780 -592 480) (780 -208.08480229055084 480) (923.0467734523156 -26.295576333359694 480) (1024 -53.34591186012764 480) 
4 106 1038 (1936 -592 240) (1952 -592 240) (1952 -592 480) (1936 -592 480) 
4 106 522 (1952 -592 240) (1936 -592 240) (1936 -560 240) (1952 -560 240) 
4 106 387 (1936 -560 240) (1936 216 240) (1952 216 240) (1952 -560 240) 
4 106 310 (1936 216 240) (1936 704.0000000000002 240) (1952 703.884057971015 240) (1952 216 240) 
4 106 107 (1936 703.9999999999995 240) (1936 687.9999999999999 240) (1936 687.9999999999998 480) (1936 704.0000000000002 480) 
4 107 311 (1836 688.7246376811593 240) (1836 704.7246376811594 240) (1936 704 240) (1936 688 240) 
4 107 109 (1836 704.7246376811595 240) (1836 688.7246376811595 240) (1836 688.7246376811593 480) (1836 704.7246376811594 480) 
4 108 1039 (1836 -592 240) (1936 -592 240) (1936 -592 480) (1836 -592 480) 
4 108 523 (1936 -592 240) (1836 -592 240) (1836 -560 240) (1936 -560 240) 
4 108 388 (1836 -560 240) (1836 216 240) (1936 216 240) (1936 -560 240) 
4 108 312 (1836 216 240) (1836 688.7246376811593 240) (1936 688 240) (1936 216 240) 
4 108 117 (1836 -528 240) (1836 -592 240) (1836 -592 480) (1836 -528 480) 
6 108 115 (1836 -384 240) (1836 -528 240) (1836 -528 400) (1836 -487.99999999999994 440) (1836 -424 440) (1836 -384 400) 
6 108 113 (1836 0 240) (1836 -336 240) (1836 -336 360.00000000000006) (1836 -264 440) (1836 -71.99999999999994 440) (1836 0 360) 
6 108 111 (1836 192 240) (1836 48 240) (1836 48 400) (1836 88 440) (1836 152 440) (1836 192 400) 
4 108 110 (1836 688.7246376811595 240) (1836 216 240) (1836 216 480) (1836 688.7246376811593 480) 
4 109 311 (1804 688.9565217391305 240) (1804 704.9565217391304 240) (1836 704.7246376811595 240) (1836 688.7246376811595 240) 
4 109 119 (1804 704.95652173913 240) (1804 688.956521739131 240) (1804 688.9565217391305 480) (1804 704.9565217391304 480) 
4 110 312 (1804 216 240) (1804 688.9565217391305 240) (1836 688.7246376811595 240) (1836 216 240) 
4 110 120 (1804 688.956521739131 240) (1804 216 240) (1804 216 480) (1804 688.9565217391305 480) 
6 112 138 (1804 184 240) (1804 48 240) (1804 48 400) (1804 88 440) (1804 152 440) (1804 184 408) 
4 113 391 (1828 0 240) (1836 0 240) (1836 -336 240) (1828 -336 240) 
4 114 392 (1804 -336 240) (1804 0 240) (1812 0 240) (1812 -336 240) 
6 114 138 (1804 0 240) (1804 -336 240) (1804 -336 360.00000000000006) (1804 -264 440) (1804 -71.99999999999994 440) (1804 0 360) 
4 115 117 (1833 -528 240) (1836 -528 240) (1836 -528 400) (1833 -528 400) 
6 116 138 (1804 -384 240) (1804 -528 240) (1804 -528 400) (1804 -487.99999999999994 440) (1804 -424 440) (1804 -384 400) 
4 117 1040 (1833 -592 240) (1836 -592 240) (1836 -592 480) (1833 -592 480) 
4 117 523 (1836 -592 240) (1833 -592 240) (1833 -560 240) (1836 -560 240) 
4 117 395 (1833 -560 240) (1833 -528 240) (1836 -528 240) (1836 -560 240) 
4 117 118 (1833 -576 240) (1833 -592 240) (1833 -592 480) (1833 -576 480) 
4 118 1040 (1804 -592 240) (1833 -592 240) (1833 -592 480) (1804 -592 480) 
4 118 524 (1833 -592 240) (1804 -592 240) (1804 -576 240) (1833 -576 240) 
4 119 311 (1633.7529411764704 706.1901960784311 240) (1804 704.95652173913 240) (1804 688.956521739131 240) (1616.4352941176478 690.3156862745102 240) 
4 119 280 (1056 694.376811594203 240) (1056 710.3768115942029 240) (1213.981004070556 709.2320217096335 240) (1210.9850746268658 693.2537313432838 240) 
4 119 235 (1213.981004070556 709.2320217096335 240) (1633.7529411764704 706.1901960784311 240) (1616.4352941176478 690.3156862745102 240) (1210.9850746268658 693.2537313432838 240) 
4 119 202 (1056 710.376811594203 240) (1056 694.376811594203 240) (1056 694.376811594203 480) (1056 710.3768115942029 480) 
4 120 313 (1523.8333333333333 216 240) (1457.1725572067419 216 240) (1369.4153162899186 367.9999999999994 240) (1368.6781127492266 380.28199826552486 240) 
6 120 312 (1616.4352941176476 690.3156862745102 240) (1804 688.956521739131 240) (1804 216 240) (1523.8333333333333 216 240) (1368.6781127492266 380.28199826552486 240) (1363.9603957033744 458.88036272809325 240) 
3 120 236 (1349.9530249902978 692.2467172102155 240) (1616.4352941176476 690.3156862745102 240) (1363.9603957033744 458.88036272809325 240) 
6 120 131 (1565.3333333333335 216 240) (1704 216 240) (1704 216 399.99999999999994) (1664.3809523809496 216 440) (1600 216 440) (1565.3333333333335 216 399.99999999999994) 
4 120 124 (1368.611468712625 381.3923048454128 240) (1369.4153162899186 367.9999999999992 240) (1369.4153162899186 367.99999999999926 480) (1368.6114687126253 381.39230484541287 480) 
4 120 123 (1349.953024990298 692.2467172102151 480) (1349.953024990298 692.2467172102151 240) (1368.611468712625 381.3923048454128 240) (1368.6114687126253 381.39230484541287 480) 
4 120 121 (1387.4153162899179 336.82308546376106 240) (1457.172557206742 216 240) (1457.172557206742 216 480) (1387.4153162899179 336.8230854637611 480) 
3 121 315 (1422.2916666666667 216 240) (1421.9780805311489 216 240) (1405.9757683682603 271.9402227373931 240) 
5 121 314 (1457.1725572067419 216 240) (1422.2916666666667 216 240) (1405.9757683682603 271.9402227373931 240) (1387.7188636934106 335.76195697245976 240) (1442.1894662333034 241.951474820422 240) 
3 121 313 (1387.7188636934106 335.76195697245976 240) (1387.4153162899179 336.82308546376095 240) (1442.1894662333034 241.951474820422 240) 
4 121 122 (1407.8268590217983 265.46925639128364 240) (1421.9780805311493 216 240) (1421.9780805311493 216 480) (1407.8268590217983 265.46925639128364 480) 
3 122 371 (1419.7142857142858 216 240) (1411.0625 216 240) (1410 233.00000000000023 240) 
4 122 315 (1421.9780805311489 216 240) (1419.7142857142858 216 240) (1410 233.00000000000023 240) (1408.0108765254306 264.8259755931078 240) 
4 122 133 (1410.7961568655712 216 240) (1413.3333333333358 216 240) (1413.3333333333358 216 480) (1410.7961568655712 216 480) 
3 123 312 (1363.9603957033746 458.8803627280932 240) (1368.6114687126253 381.3923048454127 240) (1326.7066616050938 424.7311064713359 240) 
3 123 281 (1066.0534356189949 694.3039606114567 240) (1210.9850746268655 693.2537313432838 240) (1187.6101616108433 568.5875285911648 240) 
4 123 237 (1298.2826075258831 454.12783983374845 240) (1187.6101616108433 568.5875285911648 240) (1188.144171779141 571.4355828220861 240) (1300.0000000000007 452.99999999999955 240) 
6 123 236 (1210.9850746268655 693.2537313432838 240) (1349.9530249902978 692.2467172102155 240) (1363.9603957033746 458.8803627280932 240) (1326.7066616050938 424.7311064713359 240) (1326.3510917726028 425.09884400547975 240) (1188.144171779141 571.4355828220861 240) 
4 123 125 (1066.0534356189958 694.3039606114564 480) (1066.0534356189958 694.3039606114564 240) (1299.8268590218004 452.5307436087179 240) (1299.8268590218004 452.5307436087179 480) 
4 123 124 (1351.4153162899179 399.1769145362408 240) (1368.6114687126253 381.39230484541326 240) (1368.6114687126253 381.39230484541326 480) (1351.4153162899177 399.1769145362408 480) 
3 124 313 (1368.6781127492268 380.2819982655247 240) (1369.4153162899186 367.9999999999995 240) (1352.3312940230855 397.5903945637921 240) 
4 124 312 (1351.4153162899183 399.1769145362395 240) (1368.6114687126253 381.3923048454127 240) (1368.6781127492268 380.2819982655247 240) (1352.3312940230855 397.5903945637921 240) 
6 125 281 (1056 658.6446133114989 240) (1056 694.376811594203 240) (1066.0534356189949 694.3039606114567 240) (1187.6101616108433 568.5875285911649 240) (1180.6084688341423 531.245167115427 240) (1176.669182372027 533.8460969082643 240) 
4 125 238 (1232.1113658708505 497.2401713862566 240) (1180.6084688341423 531.245167115427 240) (1180.6353820598003 531.3887043189369 240) (1232.9999999999998 497.00000000000006 240) 
3 125 237 (1187.6101616108433 568.5875285911649 240) (1298.282607525883 454.12783983374845 240) (1180.6353820598003 531.3887043189369 240) 
4 125 203 (1056 694.376811594203 240) (1056 658.6446133114989 240) (1056 658.6446133114989 480) (1056 694.376811594203 480) 
4 125 128 (1172.0835417259707 538.5886594924857 240) (1176.669182372026 533.846096908265 240) (1176.669182372026 533.8460969082649 480) (1172.0835417259705 538.5886594924857 480) 
4 125 127 (1056 658.6446133114985 480) (1056 658.6446133114985 240) (1172.0835417259707 538.5886594924857 240) (1172.0835417259705 538.5886594924857 480) 
4 125 126 (1176.6691823720275 533.8460969082638 480) (1176.6691823720275 533.8460969082638 240) (1232.6499444855579 496.88457268119924 240) (1232.6499444855579 496.88457268119924 480) 
3 126 281 (1180.3771146485697 530.0112781257061 240) (1176.669182372027 533.8460969082643 240) (1180.6084688341423 531.245167115427 240) 
4 126 238 (1204.9714942183355 504.5752718328823 240) (1180.3771146485697 530.0112781257061 240) (1180.6084688341423 531.245167115427 240) (1232.1113658708505 497.2401713862566 240) 
4 126 129 (1191.408741591489 518.6021457446992 240) (1205.32943640987 504.20508075688775 240) (1205.32943640987 504.2050807568877 480) (1191.4087415914887 518.6021457446993 480) 
4 126 128 (1176.669182372026 533.846096908265 240) (1191.408741591489 518.6021457446992 240) (1191.4087415914887 518.6021457446993 480) (1176.669182372026 533.8460969082649 480) 
3 127 302 (1119 523.6666666666666 240) (1119 523.4035321575731 240) (1072.0597772625633 509.9757683682476 240) 
5 127 301 (1056 505.38169354254603 240) (1056 544.8378378378378 240) (1119 527.8108108108108 240) (1119 523.6666666666666 240) (1072.0597772625633 509.9757683682476 240) 
3 127 285 (1119 527.8108108108108 240) (1126.922041129366 525.6697186136848 240) (1119 523.4035321575731 240) 
4 127 281 (1056 544.8378378378378 240) (1056 658.6446133114989 240) (1172.083541725971 538.5886594924857 240) (1126.922041129366 525.6697186136848 240) 
4 127 203 (1056 658.6446133114989 240) (1056 505.38169354254603 240) (1056 505.38169354254603 480) (1056 658.6446133114989 480) 
4 127 128 (1078.5307436087198 511.8268590217983 240) (1172.083541725971 538.5886594924857 240) (1172.083541725971 538.5886594924857 480) (1078.5307436087196 511.8268590217983 480) 
3 128 302 (1079.1740244068944 512.010876525431 240) (1119 523.403532157573 240) (1119 514.5 240) 
4 128 285 (1119 523.403532157573 240) (1126.9220411293663 525.6697186136848 240) (1158.9999999999998 517 240) (1119 514.5 240) 
5 128 281 (1126.9220411293663 525.6697186136848 240) (1172.083541725971 538.5886594924857 240) (1180.3771146485697 530.0112781257059 240) (1178.087986146971 517.8025927838464 240) (1160.0388558970596 516.7192281359298 240) 
3 128 238 (1180.3771146485697 530.0112781257059 240) (1191.4087415914892 518.6021457446992 240) (1178.087986146971 517.8025927838464 240) 
4 128 129 (1158.8845726811994 516.6499444855583 240) (1191.4087415914894 518.6021457446993 240) (1191.4087415914894 518.6021457446993 480) (1158.8845726811994 516.6499444855583 480) 
3 129 281 (1160.0388558970596 516.7192281359298 240) (1178.087986146971 517.8025927838464 240) (1177.0241157556268 512.1286173633441 240) 
4 129 238 (1178.087986146971 517.8025927838464 240) (1191.4087415914892 518.6021457446992 240) (1204.9714942183352 504.5752718328824 240) (1177.0241157556268 512.1286173633441 240) 
3 130 373 (1222.4166666666667 216 240) (1217.6296296296296 216 240) (1215.9999999999998 238.00000000000045 240) 
5 130 372 (1375.8131753895661 260.9766469236958 240) (1375.8460969082655 260.861561236693 240) (1378.5388266310408 216 240) (1222.4166666666667 216 240) (1215.1557788944722 240.89447236180905 240) 
3 130 369 (1371.2132525726504 277.0568673527068 240) (1375.8131753895661 260.9766469236958 240) (1253.6470588235297 245.70588235294125 240) 
3 130 345 (1221.2093023255816 241.65116279069773 240) (1215.1557788944724 240.89447236180908 240) (1208.9999999999995 262.0000000000011 240) 
5 130 344 (1357.8067669430284 323.92270677721143 240) (1371.2132525726504 277.0568673527068 240) (1253.6470588235297 245.70588235294125 240) (1221.2093023255816 241.65116279069773 240) (1207.8387096774195 263.93548387096786 240) 
3 130 317 (1212.3548387096776 265.741935483871 240) (1207.8387096774195 263.93548387096774 240) (1197 282.00000000000017 240) 
6 130 316 (1303.0985205556922 403.0903105093845 240) (1325.7025033688153 379.7128129211028 240) (1357.7025033688167 324.28718707889755 240) (1357.8067669430284 323.92270677721143 240) (1212.3548387096776 265.741935483871 240) (1184.9354838709678 294.7741935483872 240) 
4 130 304 (1112.8484678099521 321.99746977790267 240) (1119 323.79166666666663 240) (1119 320.96296296296293 240) (1112.9608839217678 320.515621031242 240) 
5 130 303 (1101.0050932004217 480.91850879325403 240) (1119 481.9986187818953 240) (1119 323.79166666666663 240) (1112.8484678099521 321.99746977790267 240) (1102.0000000000005 464.9999999999934 240) 
3 130 287 (1139.4997389033942 322.4814621409921 240) (1139.061004470155 320.3029187483565 240) (1133 321.99999999999994 240) 
7 130 286 (1119 481.9986187818953 240) (1119.3091675681922 482.01717597601066 240) (1155.0509280013969 484.0028293334109 240) (1170.951669706465 479.742238434482 240) (1167.9999999999966 463.9999999999837 240) (1139.4997389033942 322.4814621409921 240) (1119 320.96296296296293 240) 
3 130 282 (1167.9999999999966 463.9999999999837 240) (1140.9572446555817 319.77197149643706 240) (1139.0610044701552 320.30291874835655 240) 
3 130 241 (1186.0995260663508 295.84123222748815 240) (1184.935483870968 294.7741935483872 240) (1180.0000000000007 299.9999999999996 240) 
3 130 240 (1195.5348189415042 304.4902506963788 240) (1186.0995260663508 295.84123222748815 240) (1158 315 240) 
6 130 239 (1170.951669706465 479.742238434482 240) (1220.133283987164 466.56406460550994 240) (1279.846096908265 427.1384387633064 240) (1303.0985205556922 403.0903105093845 240) (1195.5348189415042 304.4902506963788 240) (1140.957244655582 319.77197149643706 240) 
4 130 204 (1056 472.0828498661299 240) (1056 216 240) (1056 216 480) (1056 472.08284986615814 480) 
4 130 137 (1056 216 448) (1056 216 240) (1180.2089567777782 216 240) (1180.2089567777782 216 448) 
4 130 136 (1056 216 480) (1056 216 448) (1180.2089567777782 216 448) (1180.2089567777782 216 480) 
4 130 134 (1180.2089567777782 216 240) (1378.5388266310408 216 240) (1378.5388266310408 216 480) (1180.2089567777782 216 480) 
5 132 157 (1565.3333333333335 184 240) (1628 184 240) (1628 184 440) (1600 184 440) (1565.3333333333335 184 399.99999999999994) 
4 132 140 (1628 184 240) (1640 184 240) (1640 184 440) (1628 184 440) 
5 132 138 (1640 184 240) (1704 184 240) (1704 184 399.99999999999994) (1664.3809523809496 184 440) (1640 184 440) 
4 133 403 (1411.0625 216 240) (1413.3333333333358 216 240) (1413.3333333333358 185.024625034976 240) (1412.9956567295792 185.06949232673165 240) 
4 133 137 (1412.6499444855583 185.11542731880218 240) (1413.3333333333358 185.0246250349759 240) (1413.3333333333358 185.0246250349759 448) (1412.6499444855583 185.11542731880218 448) 
4 133 135 (1413.3333333333358 185.0246250349759 448) (1413.3333333333358 185.0246250349759 480) (1412.6499444855583 185.11542731880218 480) (1412.6499444855583 185.11542731880218 448) 
4 134 408 (1217.6296296296293 216 240) (1378.5388266310408 216 240) (1380.1332839871632 189.43593539449094 240) (1218.001594841613 210.9784696382202 240) 
4 134 137 (1180.2089567777778 216 448) (1180.2089567777778 216 240) (1380.1332839871632 189.43593539449085 240) (1380.1332839871632 189.43593539449085 448) 
4 134 136 (1180.2089567777778 216 480) (1180.2089567777778 216 448) (1380.1332839871632 189.43593539449085 448) (1380.1332839871632 189.43593539449085 480) 
4 135 152 (1412.351066636267 184 448) (1413.3333333333358 184 448) (1413.3333333333358 184 480) (1412.3510666362665 184 480) 
4 135 137 (1412.6499444855556 185.11542731880286 448) (1413.3333333333358 185.02462503497622 448) (1413.3333333333358 184 448) (1412.351066636267 184 448) 
4 136 204 (1056 184 448) (1056 184 480) (1056 216 480) (1056 216 448) 
4 136 158 (1056 184 480) (1056 184 448) (1150.2792256527682 184 448) (1150.2792256527682 184 480) 
4 136 155 (1150.2792256527682 184 448) (1170.8335061518287 184 448) (1170.8335061518287 184 480) (1150.2792256527682 184 480) 
4 136 154 (1170.8335061518287 184 448) (1378.6767294881013 184 448) (1378.6767294881015 184 480) (1170.8335061518287 184 480) 
5 136 137 (1056 216 448) (1180.2089567777803 216 448) (1380.1332839871632 189.4359353944912 448) (1378.6767294881013 184 448) (1056 184 448) 
3 137 408 (1225.2712756199332 210.01254281704612 240) (1380.1146610343799 189.4384098373353 240) (1379.9999999999998 189 240) 
4 137 404 (1413.3333333333358 184.95959595959565 240) (1413.3333333333358 184 240) (1378.6923076923076 184 240) (1379.9999999999998 189.00000000000003 240) 
4 137 204 (1056 216 240) (1056 184 240) (1056 184 448) (1056 216 448) 
4 137 158 (1056 184 448) (1056 184 240) (1150.2792256527682 184 240) (1150.2792256527682 184 448) 
4 137 157 (1150.2792256527682 184 240) (1413.3333333333358 184 240) (1413.3333333333358 184 448) (1150.2792256527682 184 448) 
4 138 458 (1804 -44 240) (1804 -528 240) (1640 -528 240) (1640 -44 240) 
4 138 400 (1640 184 240) (1704 184 240) (1704 -44 240) (1640 -44 240) 
4 138 396 (1704 184 240) (1804 184 240) (1804 -44 240) (1704 -44 240) 
4 138 151 (1640 -416 240) (1640 -528 240) (1640 -528 480) (1640 -416 480) 
4 138 150 (1640 -416 252) (1640 -416 480) (1640 -404 480) (1640 -404 252) 
4 138 147 (1640 -300 240) (1640 -404 240) (1640 -404 480) (1640 -300 480) 
4 138 146 (1640 -172 240) (1640 -288 240) (1640 -288 256) (1640 -172 256) 
4 138 145 (1640 -300 256) (1640 -300 480) (1640 -160 480) (1640 -160 256) 
4 138 142 (1640 -56 240) (1640 -160 240) (1640 -160 480) (1640 -56 480) 
4 138 141 (1640 -56 252) (1640 -56 480) (1640 -44 480) (1640 -44 252) 
4 138 140 (1640 184 480) (1640 184 240) (1640 -44 240) (1640 -44 480) 
4 138 139 (1640 -528 480) (1640 -528 240) (1801 -528 240) (1801 -528 480) 
5 139 459 (1772 -560 240) (1640 -560 240) (1640 -528 240) (1801 -528 240) (1801 -531.0000000000001 240) 
6 139 194 (1640 -560 240) (1772 -560 240) (1772 -560 399.99999999999994) (1732.3809523809493 -560 440) (1668 -560 440) (1640 -560 407.69230769230757) 
4 139 151 (1640 -528 240) (1640 -560 240) (1640 -560 480) (1640 -528 480) 
4 140 400 (1628 184 240) (1640 184 240) (1640 -44 240) (1628 -44 240) 
4 140 157 (1628 184 448) (1628 184 240) (1628 -44 240) (1628 -44 448) 
4 140 153 (1628 14.291656151926986 448) (1628 -44 448) (1628 -44 480) (1628 14.29165615192698 480) 
4 140 152 (1628 184 480) (1628 184 448) (1628 14.291656151926986 448) (1628 14.29165615192698 480) 
4 140 141 (1628 -44 480) (1628 -44 252) (1640 -44 252) (1640 -44 480) 
4 141 161 (1628 -56 252) (1628 -56 480) (1628 -44 480) (1628 -44 252) 
4 141 144 (1628 -56 480) (1628 -56 252) (1630 -56 252) (1630 -56 480) 
4 141 143 (1630 -56 252) (1638 -56 252) (1638 -56 480) (1630 -56 480) 
4 141 142 (1638 -56 252) (1640 -56 252) (1640 -56 480) (1638 -56 480) 
4 142 460 (1640 -56 240) (1640 -160 240) (1638 -160 240) (1638 -56 240) 
4 142 145 (1640 -160 256) (1640 -160 480) (1638 -160 480) (1638 -160 256) 
4 142 143 (1638 -56 480) (1638 -56 248) (1638 -160 248) (1638 -160 480) 
4 143 145 (1638 -160 256) (1638 -160 480) (1630 -160 480) (1630 -160 256) 
4 143 144 (1630 -56 480) (1630 -56 248) (1630 -160 248) (1630 -160 480) 
4 144 461 (1630 -160 240) (1628 -160 240) (1628 -56 240) (1630 -56 240) 
4 144 163 (1628 -56 240) (1628 -160 240) (1628 -160 480) (1628 -56 480) 
4 144 145 (1628 -160 480) (1628 -160 256) (1630 -160 256) (1630 -160 480) 
4 145 163 (1628 -300 256) (1628 -300 480) (1628 -160 480) (1628 -160 256) 
4 145 149 (1628 -300 480) (1628 -300 256) (1630 -300 256) (1630 -300 480) 
4 145 148 (1630 -300 256) (1638 -300 256) (1638 -300 480) (1630 -300 480) 
4 145 147 (1638 -300 256) (1640 -300 256) (1640 -300 480) (1638 -300 480) 
4 145 146 (1628 -288 256) (1628 -172 256) (1640 -172 256) (1640 -288 256) 
4 146 462 (1640 -172 240) (1640 -288 240) (1628 -288 240) (1628 -172 240) 
4 146 163 (1628 -172 240) (1628 -288 240) (1628 -288 256) (1628 -172 256) 
4 147 463 (1640 -300 240) (1640 -404 240) (1638 -404 240) (1638 -300 240) 
4 147 150 (1640 -404 252) (1640 -404 480) (1638 -404 480) (1638 -404 252) 
4 147 148 (1638 -300 480) (1638 -300 248) (1638 -404 248) (1638 -404 480) 
4 148 150 (1638 -404 252) (1638 -404 480) (1630 -404 480) (1630 -404 252) 
4 148 149 (1630 -300 480) (1630 -300 248) (1630 -404 248) (1630 -404 480) 
4 149 464 (1630 -404 240) (1628 -404 240) (1628 -300 240) (1630 -300 240) 
4 149 179 (1628 -336 240) (1628 -404 240) (1628 -404 480) (1628 -336 480) 
4 149 175 (1628 -324 240) (1628 -336 240) (1628 -336 480) (1628 -324 480) 
4 149 163 (1628 -300 240) (1628 -324 240) (1628 -324 480) (1628 -300 480) 
4 149 150 (1628 -404 480) (1628 -404 252) (1630 -404 252) (1630 -404 480) 
4 150 188 (1628 -416 252) (1628 -416 480) (1628 -404 480) (1628 -404 252) 
4 150 151 (1628 -416 480) (1628 -416 252) (1640 -416 252) (1640 -416 480) 
4 151 465 (1640 -416 240) (1640 -560 240) (1628 -560 240) (1628 -416 240) 
4 151 196 (1632 -560 240) (1633.3333333333335 -560 240) (1633.3333333333335 -560 440) (1632 -560 440) 
4 151 194 (1633.3333333333335 -560 240) (1640 -560 240) (1640 -560 407.6923076923076) (1633.3333333333335 -560 399.99999999999994) 
4 151 193 (1633.3333333333335 -560 480) (1632 -560 480) (1632 -560 440) (1633.3333333333335 -560 440) 
4 151 189 (1628 -416 240) (1628 -560 240) (1628 -560 480) (1628 -416 480) 
4 152 157 (1412.351066636267 184 448) (1628 184 448) (1628 14.291656151926986 448) (1392.8845726811976 111.350055514443 448) 
4 152 153 (1392.8845726811976 111.35005551444317 448) (1628 14.291656151927157 448) (1628 14.291656151927157 480) (1392.8845726811971 111.35005551444338 480) 
4 153 161 (1628 -44 448) (1628 -44 480) (1460.584491217256 -44 480) (1460.584491217256 -44 448) 
5 153 157 (1628 -44 448) (1460.584491217256 -44 448) (1342.4849567407618 48.93046529094798 448) (1362.5640646055094 123.86671601283811 448) (1628 14.291656151926986 448) 
4 153 156 (1348.530743608726 44.17314097819478 448) (1460.5844912172556 -44 448) (1460.5844912172556 -44 480) (1348.5307436087237 44.173140978196514 480) 
4 153 154 (1362.5640646055094 123.86671601283811 448) (1342.4849567407618 48.93046529094794 448) (1342.4849567407618 48.930465290947865 480) (1362.5640646055094 123.86671601283805 480) 
3 154 157 (1342.4849567407618 48.93046529094798 448) (1170.8335061518287 184 448) (1378.6767294881015 184 448) 
4 154 155 (1170.8335061518283 184 480) (1170.8335061518283 184 448) (1323.1384387632904 64.15390309174553 448) (1323.1384387632904 64.15390309174558 480) 
4 155 158 (1150.279225652768 184 480) (1150.279225652768 184 448) (1275.712812921093 18.297496631191223 448) (1275.712812921093 18.297496631191244 480) 
4 155 157 (1275.7128129210932 18.297496631191358 448) (1150.2792256527682 184 448) (1170.8335061518287 184 448) (1323.1384387632907 64.15390309174578 448) 
4 156 161 (1460.584491217256 -44 480) (1322.870811873556 -44 480) (1322.870811873556 -44 448) (1460.584491217256 -44 448) 
4 156 160 (1295.1769145362377 -7.415316289920423 448) (1322.8708118735556 -44 448) (1322.8708118735556 -44 480) (1295.1769145362362 -7.415316289918124 480) 
4 156 157 (1460.584491217256 -44 448) (1322.8708118735558 -44 448) (1295.176914536238 -7.415316289920213 448) (1348.5307436087262 44.17314097819497 448) 
4 157 415 (1323.12 -44 240) (1322.870811873556 -44 240) (1275.9567293011253 17.975273886357392 240) (1276 18.00000000000003 240) 
4 157 411 (1413.3333333333358 96.47619047619196 240) (1413.3333333333358 -44 240) (1323.12 -44 240) (1276 18.00000000000003 240) 
3 157 409 (1355.670479542455 95.97536295644534 240) (1345.6925064599484 57.824289405684844 240) (1276.0000000000002 18.000000000000263 240) 
3 157 407 (1363 123.99999999999997 240) (1355.670479542455 95.97536295644534 240) (1323 64.00000000000009 240) 
4 157 404 (1378.6923076923076 184 240) (1413.3333333333358 184 240) (1413.3333333333358 96.47619047619196 240) (1345.6925064599484 57.824289405684844 240) 
4 157 402 (1413.3333333333358 184 240) (1565.3333333333335 184 240) (1565.3333333333335 -44 240) (1413.3333333333358 -44 240) 
4 157 400 (1565.3333333333335 184 240) (1628 184 240) (1628 -44 240) (1565.3333333333335 -44 240) 
4 157 161 (1628 -44 244) (1628 -44 448) (1322.870811873556 -44 448) (1322.870811873556 -44 244) 
4 157 160 (1295.1769145362375 -7.415316289919943 240) (1322.8708118735556 -44 240) (1322.8708118735556 -44 448) (1295.1769145362375 -7.415316289919993 448) 
4 157 158 (1150.279225652768 184 448) (1150.279225652768 184 240) (1275.7128129210998 18.297496631182298 240) (1275.7128129210998 18.297496631182312 448) 
4 158 204 (1056 184 240) (1056 -28.24594886975521 240) (1056 -28.245948869755217 480) (1056 184 480) 
3 159 415 (1232.8230854637604 -43.41531628991823 240) (1231.810383571541 -44 240) (1230.779172269219 -44 240) 
4 159 162 (1230.779172269219 -44 240) (1231.810383571541 -44 240) (1231.810383571541 -44 244) (1230.779172269219 -44 244) 
4 159 161 (1231.810383571541 -44 244) (1231.810383571541 -44 480) (1230.779172269219 -44 480) (1230.779172269219 -44 244) 
4 159 160 (1231.8103835715408 -44 480) (1231.8103835715408 -44 240) (1232.8230854637602 -43.415316289918344 240) (1232.8230854637602 -43.41531628991834 480) 
4 160 415 (1305.9970934661824 -21.70918107236337 240) (1322.870811873556 -44 240) (1231.810383571541 -44 240) (1234.0962289470979 -42.680266557096395 240) 
3 160 414 (1295.1769145362377 -7.415316289919822 240) (1305.9970934661824 -21.70918107236337 240) (1234.0962289470979 -42.680266557096395 240) 
4 160 162 (1231.810383571541 -44 240) (1236 -44 240) (1236 -44 244) (1231.810383571541 -44 244) 
4 160 161 (1322.870811873556 -44 244) (1322.870811873556 -44 480) (1231.810383571541 -44 480) (1231.810383571541 -44 244) 
4 161 172 (1291.8667160128416 -56 244) (1392 -56 244) (1392 -56 480) (1291.8667160128416 -56 480) 
4 161 171 (1188.8300672889075 -56 244) (1291.8667160128416 -56 244) (1291.8667160128416 -56 480) (1188.8300672889075 -56 480) 
4 161 164 (1392 -56 244) (1456 -56 244) (1456 -56 480) (1392 -56 480) 
4 161 163 (1456 -56 244) (1628 -56 244) (1628 -56 480) (1456 -56 480) 
4 161 162 (1192 -56 244) (1188.8300672889075 -56 244) (1230.779172269219 -44 244) (1236 -44 244) 
4 162 487 (1230.779172269219 -44 240) (1236 -44 240) (1192.0000000000002 -56 240) (1188.8300672889075 -56 240) 
4 162 171 (1188.8300672889075 -56 240) (1192.0000000000002 -56 240) (1192.0000000000002 -56 244) (1188.8300672889075 -56 244) 
4 163 489 (1456 -56 240) (1628 -56 240) (1628 -324 240) (1456 -324 240) 
4 163 175 (1456 -324 240) (1628 -324 240) (1628 -324 480) (1456 -324 480) 
4 163 169 (1456 -144 240) (1456 -324 240) (1456 -324 480) (1456 -144 480) 
4 163 166 (1456 -80 240) (1456 -96 240) (1456 -96 480) (1456 -80 480) 
4 163 165 (1456 -128.00000000000017 240) (1456 -144 240) (1456 -144 480) (1456 -128.00000000000017 480) 
4 163 164 (1456 -56 480) (1456 -56 240) (1456 -80 240) (1456 -80 480) 
4 164 490 (1392 -56 240) (1456 -56 240) (1456 -80 240) (1392 -80 240) 
4 164 172 (1392 -56 480) (1392 -56 240) (1392 -80 240) (1392 -80 480) 
4 164 168 (1392 -80 480) (1392 -80 240) (1408 -80 240) (1408 -80 480) 
4 164 166 (1440 -80 240) (1456 -80 240) (1456 -80 480) (1440 -80 480) 
3 165 491 (1456 -128.00000000000017 240) (1456 -144 240) (1440.0000000000002 -144 240) 
4 165 169 (1440.0000000000002 -144 240) (1456 -144 240) (1456 -144 480) (1440.0000000000002 -144 480) 
3 166 492 (1456 -80 240) (1456 -96 240) (1440 -80 240) 
3 167 493 (1408 -144 240) (1392 -144 240) (1392 -128.00000000000003 240) 
4 167 172 (1392 -128.00000000000003 240) (1392 -144 240) (1392 -144 480) (1392 -128.00000000000003 480) 
4 167 169 (1392 -144 480) (1392 -144 240) (1408 -144 240) (1408 -144 480) 
3 168 494 (1392 -96.00000000000009 240) (1392 -80 240) (1408 -80 240) 
4 168 172 (1392 -80 240) (1392 -96.00000000000009 240) (1392 -96.00000000000009 480) (1392 -80 480) 
4 169 495 (1456 -144 240) (1456 -324 240) (1392 -324 240) (1392 -144 240) 
4 169 175 (1392 -324 240) (1456 -324 240) (1456 -324 480) (1392 -324 480) 
4 169 172 (1392 -144 240) (1392 -324 240) (1392 -324 480) (1392 -144 480) 
3 170 498 (1079.961144102942 -68.71922813593021 240) (1068 -69.43717301694892 240) (1068 -65.48648648648647 240) 
4 170 174 (1068 -69.43717301694889 244) (1068 -69.43717301694892 480) (1068 -65.13567632709689 480) (1068 -65.13567632709689 244) 
4 170 172 (1068 -69.43717301694886 480) (1068 -69.43717301694886 240) (1081.1154273188008 -68.64994448555862 240) (1081.1154273188008 -68.64994448555862 480) 
3 171 497 (1288.9999999999998 -56 240) (1291.8667160128416 -56 240) (1219.5305934134194 -60.34183791166128 240) 
4 171 496 (1188.8300672889075 -56 240) (1288.9999999999998 -56 240) (1219.5305934134194 -60.34183791166128 240) (1161.4692563912802 -63.82685902179859 240) 
4 171 172 (1161.4692563912804 -63.826859021798526 240) (1291.8667160128412 -56 240) (1291.8667160128412 -56 480) (1161.4692563912804 -63.826859021798526 480) 
5 172 498 (1392 -153.05405405405403 240) (1392 -324 240) (1068 -324 240) (1068 -69.43717301694892 240) (1079.961144102942 -68.71922813593021 240) 
5 172 497 (1291.8667160128416 -56 240) (1392 -56 240) (1392 -153.05405405405403 240) (1081 -68.99999999999999 240) (1219.530593413416 -60.34183791166148 240) 
3 172 496 (1161.625852710279 -63.81745962616853 240) (1219.530593413416 -60.34183791166148 240) (1161 -63.999999999999986 240) 
4 172 177 (1200 -324 244) (1200 -324 480) (1068 -324 480) (1068 -324 244) 
4 172 176 (1212 -324 252) (1212 -324 480) (1200 -324 480) (1200 -324 252) 
4 172 175 (1212 -324 240) (1392 -324 240) (1392 -324 480) (1212 -324 480) 
4 172 174 (1068 -324 244) (1068 -324 480) (1068 -69.43717301694892 480) (1068 -69.43717301694889 244) 
3 173 502 (1056 -64 240) (1056 -62.243243243243214 240) (1062.5000000000002 -64 240) 
4 173 174 (1056 -64 480) (1056 -64 244) (1063.7615982463212 -64 244) (1063.7615982463212 -64 480) 
5 174 207 (1056 -324 244) (1056 -324 400) (1056 -288 400) (1056 -256 368) (1056 -256 244) 
6 174 205 (1056 -96 368) (1056 -96 244) (1056 -208 244) (1056 -208 368) (1056 -176 400) (1056 -128.00000000000003 400) 
4 174 178 (1056 -324 480) (1056 -324 252) (1068 -324 252) (1068 -324 480) 
4 175 499 (1212 -324 240) (1628 -324 240) (1628 -336 240) (1212 -336 240) 
4 175 185 (1212 -336 240) (1392 -336 240) (1392 -336 480) (1212 -336 480) 
4 175 183 (1392 -336 240) (1408.0000000000002 -336 240) (1408.0000000000002 -336 480) (1392 -336 480) 
4 175 181 (1440 -336 240) (1456 -336 240) (1456 -336 480) (1440 -336 480) 
4 175 179 (1456 -336 240) (1628 -336 240) (1628 -336 480) (1456 -336 480) 
4 175 176 (1212 -324 480) (1212 -324 252) (1212 -336 252) (1212 -336 480) 
4 176 186 (1212 -336 252) (1212 -336 480) (1200 -336 480) (1200 -336 252) 
4 176 177 (1200 -324 480) (1200 -324 252) (1200 -336 252) (1200 -336 480) 
4 177 187 (1200 -336 244) (1200 -336 480) (1068 -336 480) (1068 -336 244) 
4 177 178 (1068 -324 480) (1068 -324 252) (1068 -336 252) (1068 -336 480) 
4 178 207 (1056 -336 252) (1056 -336 400) (1056 -324 400) (1056 -324 252) 
4 178 187 (1056 -336 480) (1056 -336 252) (1068 -336 252) (1068 -336 480) 
4 179 506 (1456 -336 240) (1628 -336 240) (1628 -404 240) (1456 -404 240) 
4 179 188 (1628 -404 244) (1628 -404 480) (1456 -404 480) (1456 -404 244) 
4 179 184 (1456 -400 240) (1456 -404 240) (1456 -404 480) (1456 -400 480) 
4 179 181 (1456 -336 480) (1456 -336 240) (1456 -351.99999999999994 240) (1456 -352 480) 
4 179 180 (1456 -384.0000000000002 240) (1456 -400 240) (1456 -400 480) (1456 -384.0000000000002 480) 
3 180 507 (1456 -384.0000000000002 240) (1456 -400 240) (1440.0000000000002 -400 240) 
4 180 184 (1440.0000000000002 -400 240) (1456 -400 240) (1456 -400 480) (1440.0000000000002 -400 480) 
3 181 508 (1440 -336 240) (1456 -336 240) (1456 -351.99999999999994 240) 
3 182 509 (1407.9999999999998 -400 240) (1392 -400 240) (1392 -384.00000000000017 240) 
4 182 185 (1392 -384.00000000000017 240) (1392 -400 240) (1392 -400 480) (1392 -384.00000000000017 480) 
4 182 184 (1392 -400 480) (1392 -400 240) (1407.9999999999998 -400 240) (1407.9999999999998 -400 480) 
3 183 510 (1392 -336 240) (1408.0000000000002 -336 240) (1392 -352.00000000000017 240) 
4 183 185 (1392 -336 480) (1392 -336 240) (1392 -352.00000000000017 240) (1392 -352.00000000000017 480) 
4 184 511 (1456 -400 240) (1456 -404 240) (1392 -404 240) (1392 -400 240) 
4 184 188 (1456 -404 244) (1456 -404 480) (1392 -404 480) (1392 -404 244) 
4 184 185 (1392 -400 240) (1392 -404 240) (1392 -404 480) (1392 -400 480) 
4 185 512 (1212 -336 240) (1392 -336 240) (1392 -404 240) (1212 -404 240) 
4 185 188 (1392 -404 244) (1392 -404 480) (1212 -404 480) (1212 -404 244) 
4 185 186 (1212 -336 480) (1212 -336 244) (1212 -404 244) (1212 -404 480) 
4 186 190 (1212 -404 252) (1212 -404 480) (1200 -404 480) (1200 -404 252) 
4 186 187 (1200 -336 480) (1200 -336 244) (1200 -404 244) (1200 -404 480) 
4 187 518 (1056 -404 240) (1056 -336 240) (1200 -336 240) (1200 -404 240) 
5 187 207 (1056 -336 240) (1056 -384 240) (1056 -384 368.00000000000006) (1056 -352.0000000000001 400) (1056 -336 400) 
4 187 192 (1056 -404 480) (1056 -404 240) (1200 -404 240) (1200 -404 480) 
4 188 190 (1212 -404 480) (1212 -404 252) (1212 -416 252) (1212 -416 480) 
4 188 189 (1212 -416 480) (1212 -416 244) (1628 -416 244) (1628 -416 480) 
4 189 516 (1628 -416 240) (1628 -560 240) (1212 -560 240) (1212 -416 240) 
6 189 199 (1250.6666666666667 -560 240) (1389.3333333333335 -560 240) (1389.3333333333335 -560 400.0000000000001) (1349.714285714286 -560 440) (1285.3333333333335 -560 440) (1250.6666666666667 -560 400.00000000000006) 
6 189 197 (1441.3333333333335 -560 240) (1580 -560 240) (1580 -560 399.99999999999994) (1540.3809523809496 -560 440) (1476 -560 440) (1441.3333333333335 -560 399.99999999999994) 
4 189 191 (1212 -416 240) (1212 -560 240) (1212 -560 480) (1212 -416 480) 
4 190 192 (1200 -404 480) (1200 -404 252) (1200 -416 252) (1200 -416 480) 
4 190 191 (1200 -416 480) (1200 -416 252) (1212 -416 252) (1212 -416 480) 
4 191 516 (1212 -416 240) (1212 -560 240) (1200 -560 240) (1200 -416 240) 
4 191 192 (1200 -416 240) (1200 -560 240) (1200 -560 480) (1200 -416 480) 
4 192 518 (1056 -560 240) (1056 -404 240) (1200 -404 240) (1200 -560 240) 
10 192 209 (1056 -432 240) (1056 -544 240) (1056 -544 364.0000000000001) (1056 -528.0000000000002 375.9999999999999) (1056 -512.0000000000001 384) (1056 -496.00000000000017 388) (1056 -479.99999999999994 388) (1056 -464 384) (1056 -448.0000000000002 376.0000000000001) (1056 -432 363.99999999999994) 
4 192 201 (1056 -560 480) (1056 -560 240) (1198.666666666667 -560 240) (1198.666666666667 -560 480) 
4 193 1043 (1633.3333333333335 -592 480) (1632 -592 480) (1632 -592 440) (1633.3333333333335 -592 440) 
4 193 196 (1632 -560 440) (1633.3333333333335 -560 440) (1633.3333333333335 -592 440) (1632 -592 440) 
4 194 196 (1633.3333333333335 -560 399.99999999999994) (1633.3333333333335 -560 240) (1633.3333333333335 -568 240) (1633.3333333333335 -568 400) 
6 195 1043 (1633.3333333333335 -592 240) (1772 -592 240) (1772 -592 399.99999999999994) (1732.3809523809496 -592 440) (1668 -592 440) (1633.3333333333335 -592 399.99999999999994) 
4 195 196 (1633.3333333333335 -584 399.99999999999994) (1633.3333333333335 -584 240) (1633.3333333333335 -592 240) (1633.3333333333335 -592 400) 
4 196 1043 (1632 -592 240) (1633.3333333333335 -592 240) (1633.3333333333335 -592 440) (1632 -592 440) 
6 198 1043 (1441.3333333333335 -592 240) (1580 -592 240) (1580 -592 399.99999999999994) (1540.3809523809496 -592 440) (1476 -592 440) (1441.3333333333335 -592 399.99999999999994) 
6 200 1043 (1250.6666666666667 -592 240) (1389.3333333333335 -592 240) (1389.3333333333335 -592 400.0000000000001) (1349.714285714286 -592 440) (1285.3333333333335 -592 440) (1250.6666666666667 -592 400.00000000000006) 
4 201 1043 (1056 -592 240) (1198.666666666667 -592 240) (1198.666666666667 -592 480) (1056 -592 480) 
4 201 530 (1198.666666666667 -592 240) (1056 -592 240) (1056 -560 240) (1198.666666666667 -560 240) 
4 202 532 (1024 694.6086956521739 240) (1024 710.6086956521739 240) (1056 710.376811594203 240) (1056 694.376811594203 240) 
4 202 210 (1024 710.6086956521735 240) (1024 694.6086956521735 240) (1024 694.6086956521739 480) (1024 710.6086956521739 480) 
4 203 533 (1024 496.22774376983386 240) (1024 694.6086956521739 240) (1056 694.376811594203 240) (1056 505.38169354254603 240) 
4 203 213 (1024 501.12812921102034 240) (1024 496.22774376983386 240) (1024 496.22774376983386 480) (1024 501.12812921102034 480) 
4 203 211 (1024 694.6086956521735 240) (1024 501.12812921102034 240) (1024 501.12812921102034 480) (1024 694.6086956521739 480) 
4 204 230 (1024 210.16859932011616 240) (1024 101.99958523560905 240) (1024 101.99958523560898 448) (1024 210.16859932011613 448) 
4 204 228 (1024 101.99958523560898 448) (1024 101.99958523560896 480) (1024 151.32985843335132 480) (1024 151.32985843335132 448) 
4 204 227 (1024 151.32985843335132 480) (1024 183.4973977003678 480) (1024 183.4973977003678 448) (1024 151.32985843335132 448) 
4 204 225 (1024 183.4973977003678 480) (1024 210.16859932011613 480) (1024 210.16859932011613 448) (1024 183.4973977003678 448) 
4 204 222 (1024 101.99958523560905 240) (1024 -19.671574711958783 240) (1024 -19.671574711959252 480) (1024 101.99958523560896 480) 
4 204 220 (1024 224 240) (1024 210.16859932011616 240) (1024 210.16859932011613 480) (1024 224 480) 
4 204 219 (1024 240 240) (1024 224 240) (1024 224 480) (1024 240 480) 
4 204 215 (1024 462.9289000934188 240) (1024 240 240) (1024 240 480) (1024 462.92890009344706 480) 
6 206 224 (1024 -96 240) (1024 -208 240) (1024 -208 368) (1024 -176 400) (1024 -128.00000000000003 400) (1024 -96 368) 
6 208 224 (1024 -256 240) (1024 -384 240) (1024 -384 368.00000000000006) (1024 -352.00000000000006 400) (1024 -288 400) (1024 -256 368) 
4 209 595 (1024 -544 240) (1024 -432 240) (1056 -432 240) (1056 -544 240) 
10 209 224 (1024 -432 240) (1024 -544 240) (1024 -544 364.0000000000001) (1024 -528.0000000000002 375.9999999999999) (1024 -512.0000000000001 384) (1024 -496.00000000000017 388) (1024 -479.99999999999994 388) (1024 -464 384) (1024 -448.0000000000002 376.0000000000001) (1024 -432 363.99999999999994) 
4 210 618 (736 712.695652173913 240) (736 696.695652173913 240) (736 696.695652173913 480) (736 712.695652173913 480) 
4 210 552 (736 696.695652173913 240) (736 712.695652173913 240) (780 712.3768115942029 240) (780 696.3768115942029 240) 
4 210 532 (780 712.3768115942029 240) (1024 710.608695652174 240) (1024 694.608695652174 240) (780 696.3768115942029 240) 
4 211 623 (736 696.695652173913 240) (736 334.85125168440686 240) (736 334.8512516844069 480) (736 696.695652173913 480) 
4 211 553 (736 334.8512516844069 240) (736 696.695652173913 240) (780 696.3768115942029 240) (780 360.2546635287506 240) 
4 211 545 (866.8347995784919 410.38875844042053 240) (780 360.2546635287506 240) (780 424.79166666666663 240) (878.4914425427872 453.51833740831296 240) 
4 211 544 (905.4203784166268 432.6661527694554 240) (866.8347995784919 410.38875844042053 240) (878.4914425427872 453.51833740831296 240) (913.5482303955587 463.7432338653713 240) 
3 211 535 (1005.9037710529029 490.6802665570967 240) (944.8230854637607 455.4153162899182 240) (970.6651751331905 480.4023427471805 240) 
4 211 534 (944.8230854637607 455.4153162899182 240) (905.4203784166268 432.6661527694554 240) (913.5482303955587 463.7432338653713 240) (970.6651751331905 480.4023427471805 240) 
5 211 533 (780 696.3768115942029 240) (1024 694.608695652174 240) (1024 501.12812921102034 240) (1005.9037710529029 490.6802665570967 240) (780 424.79166666666663 240) 
4 211 213 (1007.1769145362389 491.4153162899179 240) (1024 501.1281292110205 240) (1024 501.1281292110205 480) (1007.1769145362389 491.4153162899179 480) 
4 211 212 (736 334.8512516844071 240) (944.823085463761 455.41531628991856 240) (944.823085463761 455.41531628991856 480) (736 334.8512516844071 480) 
4 212 623 (736 334.85125168440686 240) (736 297.9008344562726 240) (736 297.9008344562724 480) (736 334.8512516844069 480) 
4 212 553 (736 297.9008344562724 240) (736 334.8512516844069 240) (780 360.25466352875065 240) (780 323.30424630061583 240) 
5 212 545 (780 360.25466352875065 240) (866.8347995784919 410.38875844042053 240) (855.7187099692284 369.2592268861453 240) (849.9718337793527 363.7025033688167 240) (780 323.30424630061583 240) 
5 212 544 (866.8347995784919 410.38875844042053 240) (905.4203784166267 432.6661527694553 240) (902.5049389889598 421.51888436955227 240) (889.8721601662511 402.2826075258823 240) (855.7187099692284 369.2592268861453 240) 
4 212 542 (902.5049389889598 421.51888436955227 240) (900.0469649401884 412.1207483007209 240) (891.3610708891533 403.7222531621897 240) (891 403.99999999999994 240) 
3 212 534 (905.4203784166267 432.6661527694553 240) (944.8230854637605 455.41531628991817 240) (900.0469649401884 412.1207483007209 240) 
4 212 218 (736 297.90083445627215 240) (849.9718337793526 363.70250336881645 240) (849.9718337793526 363.70250336881645 480) (736 297.90083445627215 480) 
4 212 214 (849.9718337793528 363.7025033688167 480) (849.9718337793528 363.7025033688167 240) (891.4692563912811 403.8268590217985 240) (891.4692563912811 403.82685902179855 480) 
3 213 533 (1007.1769145362393 491.415316289918 240) (1024 501.12812921102034 240) (1024 496.22774376983386 240) 
3 214 545 (855.0017666053874 366.60653643993356 240) (849.9718337793527 363.7025033688167 240) (855.7187099692284 369.2592268861453 240) 
4 214 544 (873.4304232521196 377.2463263157275 240) (855.0017666053874 366.60653643993356 240) (855.7187099692284 369.2592268861453 240) (889.8721601662509 402.28260752588216 240) 
4 214 218 (849.9718337793526 363.70250336881645 240) (855.1679862020588 366.7025033688162 240) (855.1679862020588 366.7025033688162 480) (849.9718337793526 363.70250336881645 480) 
4 214 216 (855.1679862020588 366.7025033688162 240) (874.2205450853168 377.7025033688164 240) (874.2205450853168 377.7025033688164 480) (855.1679862020588 366.7025033688162 480) 
4 215 219 (860.9809886141634 240 240) (1024 240 240) (1024 240 480) (860.9809886141634 240 480) 
3 216 544 (855.1679862020588 366.70250336881634 240) (873.4304232521195 377.2463263157274 240) (847.353427698784 337.53817399587564 240) 
4 216 218 (855.167986202059 366.7025033688169 480) (855.167986202059 366.7025033688169 240) (847.115427318801 336.6499444855584 240) (847.115427318801 336.6499444855584 480) 
3 217 543 (828.4374999999999 240 240) (821.2181527453827 240 240) (827.0720580084671 261.84707186452596 240) 
4 217 218 (827.3500555144412 262.8845726811986 240) (821.2181527453827 240 240) (821.2181527453827 240 480) (827.3500555144412 262.8845726811986 480) 
4 218 623 (736 297.9008344562726 240) (736 240 240) (736 240 480) (736 297.9008344562724 480) 
4 218 553 (736 240 240) (736 297.9008344562724 240) (780 323.3042463006158 240) (780 240 240) 
4 218 545 (780 323.3042463006158 240) (855.0017666053873 366.60653643993345 240) (820.7837837837839 240 240) (780 240 240) 
4 218 544 (855.0017666053873 366.60653643993345 240) (855.1679862020588 366.70250336881634 240) (847.3534276987841 337.53817399587575 240) (846.9999999999998 336.99999999999955 240) 
4 218 543 (827.0720580084671 261.8470718645258 240) (821.2181527453827 240 240) (820.7837837837839 240 240) (827 262.9999999999998 240) 
5 218 232 (736 240 240) (780 240 240) (780 240 400) (745.3333333333334 240 440) (736 240 440) 
4 219 220 (861.9413581237551 224 240) (1024 224 240) (1024 224 480) (861.9413581237551 224 480) 
4 220 230 (864.1539030917346 187.13843876330603 240) (1024 210.1685993201161 240) (1024 210.1685993201161 448) (864.1539030917345 187.13843876330603 448) 
4 220 225 (1024 210.1685993201161 448) (1024 210.1685993201161 480) (864.1539030917345 187.13843876330603 480) (864.1539030917345 187.13843876330603 448) 
4 221 571 (780 175.01378925874462 240) (780 208 240) (780.0650471001853 208 240) (797.6421211257698 177.5556147393026 240) 
4 221 564 (780.0650471001853 208 240) (830.4375 208 240) (832.030611972235 182.51020844423988 240) (797.6421211257698 177.5556147393026 240) 
4 221 234 (780 224 240) (780 175.01378925874465 240) (780 175.01378925874462 440) (780 224 440) 
4 221 231 (780 175.01378925874462 440) (780 175.01378925874462 480) (780 224 480) (780 224 440) 
4 221 230 (780 175.0137892587446 448) (780 175.0137892587446 240) (832.1731409782014 182.5307436087193 240) (832.1731409782014 182.5307436087193 448) 
4 221 226 (780 175.0137892587446 480) (780 175.0137892587446 448) (832.1731409782014 182.5307436087193 448) (832.1731409782014 182.5307436087193 480) 
4 222 230 (1024 101.99958523560873 448) (1024 101.99958523560872 240) (960.153903091735 20.861561236693845 240) (960.153903091735 20.861561236693834 448) 
4 222 228 (1024 101.99958523560873 480) (1024 101.99958523560873 448) (960.153903091735 20.861561236693834 448) (960.153903091735 20.861561236693834 480) 
3 223 589 (1006.4618260041251 -48.64657230121649 240) (1004.0487853252184 -48 240) (1005.4772727272727 -48 240) 
3 223 570 (923.0467734523156 -26.29557633335969 240) (927.8683002864609 -20.168198483741335 240) (935.9209903728076 -29.745212360388592 240) 
4 223 568 (927.8683002864609 -20.168198483741335 240) (940.1731409782014 -4.53074360871949 240) (940.2977029558352 -4.612986157414109 240) (928.1105421461373 -20.456295210021583 240) 
5 223 567 (1005.4772727272727 -48 240) (1004.0487853252184 -48 240) (935.9209903728076 -29.745212360388592 240) (928.1105421461373 -20.456295210021583 240) (939.9999999999999 -5.0000000000000036 240) 
4 223 230 (940.1731409782016 -4.53074360871962 240) (923.0467734523158 -26.295576333359747 240) (923.0467734523158 -26.295576333359747 448) (940.1731409782016 -4.5307436087196304 448) 
4 223 229 (923.0467734523158 -26.295576333359747 448) (923.0467734523158 -26.295576333359747 480) (940.1731409782016 -4.530743608719632 480) (940.1731409782016 -4.5307436087196304 448) 
4 223 224 (923.0467734523156 -26.29557633335964 480) (923.0467734523156 -26.295576333359637 240) (1007.3500555144411 -48.88457268119908 240) (1007.3500555144411 -48.88457268119909 480) 
4 224 1047 (780 -592 240) (992 -592 240) (992 -592 480) (780 -592 480) 
4 224 1046 (992 -592 240) (1024 -592 240) (1024 -592 480) (992 -592 480) 
5 224 603 (1024 -592 240) (780 -592 240) (780 -208.08480229055084 240) (868.1975773662167 -96 240) (1024 -96 240) 
5 224 590 (868.1975773662167 -96 240) (905.9679407612842 -48 240) (1003.3000000000001 -48 240) (1024 -53.59459459459456 240) (1024 -96 240) 
4 224 589 (1003.3000000000001 -48 240) (1004.0487853252184 -48 240) (1006.461826004125 -48.64657230121645 240) (1006.9999999999999 -48.99999999999994 240) 
3 224 571 (905.9679407612842 -48 240) (918.5990430640014 -31.947919584760864 240) (927.8667160127976 -48 240) 
5 224 570 (918.5990430640014 -31.947919584760864 240) (923.0467734523156 -26.29557633335969 240) (935.9209903728076 -29.745212360388592 240) (951.2702578320843 -48 240) (927.8667160127976 -48 240) 
3 224 567 (935.9209903728076 -29.745212360388592 240) (1004.0487853252184 -48 240) (951.2702578320843 -48 240) 
4 224 234 (780 -208.0848022905508 240) (780 -592 240) (780 -592 440) (780 -208.08480229055084 440) 
4 224 231 (780 -592 440) (780 -592 480) (780 -208.08480229055084 480) (780 -208.08480229055084 440) 
4 224 230 (923.0467734523158 -26.295576333359747 240) (780 -208.08480229055124 240) (780 -208.08480229055124 448) (923.0467734523158 -26.295576333359747 448) 
4 224 229 (780 -208.08480229055124 448) (780 -208.08480229055124 480) (923.0467734523158 -26.295576333359747 480) (923.0467734523158 -26.295576333359747 448) 
4 225 230 (864.153903091733 187.1384387633062 448) (1024 210.16859932011656 448) (1024 183.49739770036777 448) (882.2974966311825 123.71281292110172 448) 
4 225 227 (882.2974966311825 123.7128129211016 448) (1024 183.49739770036763 448) (1024 183.49739770036763 480) (882.2974966311824 123.71281292110157 480) 
4 226 231 (780 80.55328352213525 480) (780 175.01378925874462 480) (780 175.01378925874462 448) (780 80.55328352213527 448) 
4 226 230 (780 80.55328352213525 448) (780 175.01378925874496 448) (832.1731409782052 182.53074360872023 448) (852.5846837100858 111.17691453624167 448) 
4 226 229 (780 80.55328352213519 480) (780 80.55328352213519 448) (835.3320826591212 103.89800579664328 448) (835.3320826591207 103.89800579664306 480) 
4 226 227 (835.3320826591212 103.89800579664328 448) (852.5846837100858 111.17691453624158 448) (852.5846837100858 111.1769145362416 480) (835.3320826591207 103.89800579664306 480) 
4 227 230 (888.5846837100813 48.82308546376014 448) (835.3320826591212 103.8980057966433 448) (1024 183.49739770036777 448) (1024 151.32985843335138 448) 
4 227 229 (835.3320826591205 103.89800579664289 480) (835.3320826591209 103.89800579664309 448) (888.5846837100811 48.82308546375996 448) (888.5846837100806 48.82308546375967 480) 
4 227 228 (914.2974966293247 68.2871870774908 448) (1024 151.32985843335138 448) (1024 151.32985843335138 480) (914.2974966290572 68.28718707728827 480) 
4 228 230 (1024 101.99958523560971 448) (960.1539030902802 20.86156123484612 448) (914.2974966293247 68.28718707749073 448) (1024 151.32985843335138 448) 
4 229 231 (780 -208.08480229055084 448) (780 -208.08480229055084 480) (780 80.55328352213525 480) (780 80.55328352213527 448) 
4 229 230 (940.1731409781996 -4.530743608721096 448) (780 -208.0848022905501 448) (780 80.55328352213525 448) (835.3320826591212 103.8980057966433 448) 
3 230 603 (780 -208.08480229055084 240) (780 -96 240) (868.1975773662167 -96 240) 
4 230 590 (780 -96 240) (780 -48 240) (905.9679407612842 -48 240) (868.1975773662167 -96 240) 
5 230 571 (780 -48 240) (780 175.01378925874462 240) (797.6421211257698 177.5556147393026 240) (918.5990430640015 -31.947919584760825 240) (905.9679407612842 -48 240) 
4 230 570 (927.8683002864609 -20.16819848374141 240) (918.5990430640015 -31.947919584760825 240) (891.7593025022213 14.539874730188288 240) (900.6367854844899 12.218071488671901 240) 
3 230 568 (944.3552327261733 0.7840160562316214 240) (927.8683002864609 -20.16819848374141 240) (900.6367854844899 12.218071488671901 240) 
3 230 564 (797.6421211257698 177.5556147393026 240) (832.030611972235 182.51020844423988 240) (836.5524396137874 110.16096617940053 240) 
6 230 560 (948.5460310710769 6.1098403923999385 240) (944.3552327261733 0.7840160562316214 240) (891.7593025022213 14.539874730188288 240) (836.5524396137874 110.16096617940053 240) (834.0841799709724 149.6531204644414 240) (960 21.00000000000003 240) 
4 230 559 (832.030611972235 182.51020844423988 240) (863.968094842464 187.111668051376 240) (891.4035087719298 91.08771929824583 240) (834.0841799709724 149.6531204644414 240) 
3 230 558 (913.9999999999997 68.00000000000045 240) (891.4035087719298 91.08771929824583 240) (882.0000000000001 123.99999999999974 240) 
4 230 234 (780 175.01378925874465 240) (780 -208.0848022905508 240) (780 -208.08480229055084 440) (780 175.01378925874462 440) 
4 230 231 (780 -208.08480229055084 440) (780 -208.08480229055084 448) (780 175.01378925874462 448) (780 175.01378925874462 440) 
4 231 1047 (736 -592 480) (736 -592 440) (780 -592 440) (780 -592 480) 
4 231 778 (736 -592 440) (736 -592 480) (736 -288 480) (736 -328 440) 
3 231 735 (736 -289.1304347825839 440) (736 -328 440) (736 -289.1304347825839 478.8695652174161) 
5 231 727 (736 -288 480) (736 -48 480) (736 -48 440) (736 -289.1304347825839 440) (736 -289.1304347825839 478.8695652174161) 
4 231 708 (736 -48 480) (736 -16 480) (736 -16 440) (736 -48 440) 
4 231 660 (736 -16 480) (736 208 480) (736 208 440) (736 -16 440) 
4 231 643 (736 208 480) (736 224 480) (736 224 440) (736 208 440) 
4 231 234 (736 -592 440) (736 224 440) (780 224 440) (780 -592 440) 
4 232 632 (736 240 240) (736 236 240) (736 236 440) (736 240 440) 
4 233 633 (736 228 240) (736 224 240) (736 224 440) (736 228 440) 
5 233 234 (736 224 240) (780 224 240) (780 224 400) (745.3333333333334 224 440) (736 224 440) 
4 234 1047 (736 -592 440) (736 -592 240) (780 -592 240) (780 -592 440) 
4 234 778 (736 -528 240) (736 -592 240) (736 -592 440) (736 -328 440) 
4 234 735 (736 -289.1304347825839 240) (736 -528 240) (736 -328 440) (736 -289.1304347825839 440) 
4 234 727 (736 -48 240) (736 -289.1304347825839 240) (736 -289.1304347825839 440) (736 -48 440) 
4 234 708 (736 -16 240) (736 -48 240) (736 -48 440) (736 -16 440) 
4 234 660 (736 208 240) (736 -16 240) (736 -16 440) (736 208 440) 
4 234 643 (736 224 240) (736 208 240) (736 208 440) (736 224 440) 
4 234 607 (736 -384 240) (736 -256 240) (768 -256 240) (768 -384 240) 
4 234 603 (780 -592 240) (768 -592 240) (768 -96 240) (780 -96 240) 
4 234 590 (768 -48 240) (780 -48 240) (780 -96 240) (768 -96 240) 
5 234 571 (736 -16.00000000000005 240) (736 208 240) (780 208 240) (780 -48 240) (768.0000000000001 -48 240) 
4 235 1421 (1280 692.7536231884058 0) (1210.9850746268653 693.2537313432836 0) (1213.9810040705559 709.2320217096336 0) (1280 708.7536231884058 0) 
4 235 1418 (1633.7529411764708 706.1901960784317 0) (1616.4352941176471 690.31568627451 0) (1280 692.7536231884058 0) (1280 708.7536231884058 0) 
4 235 311 (1616.4352941176476 690.3156862745099 0) (1633.752941176471 706.1901960784314 0) (1633.7529411764708 706.1901960784314 240) (1616.4352941176471 690.3156862745097 240) 
4 235 280 (1213.981004070556 709.232021709634 0) (1210.9850746268653 693.2537313432836 0) (1210.9850746268653 693.2537313432836 240) (1213.9810040705559 709.2320217096336 240) 
4 236 1422 (1280 474.17647058823536 0) (1188.1441717791408 571.4355828220862 0) (1210.9850746268653 693.2537313432836 0) (1280 692.7536231884058 0) 
4 236 1419 (1616.4352941176471 690.31568627451 0) (1326.7022332506203 424.7270471464021 0) (1280 474.17647058823536 0) (1280 692.7536231884058 0) 
4 236 312 (1326.7022332506206 424.7270471464019 0) (1616.4352941176476 690.3156862745099 0) (1616.4352941176471 690.3156862745097 240) (1326.7022332506203 424.7270471464019 240) 
4 236 281 (1210.9850746268653 693.2537313432836 0) (1188.1441717791408 571.4355828220864 0) (1188.1441717791408 571.4355828220862 240) (1210.9850746268653 693.2537313432836 240) 
4 236 237 (1188.1441717791408 571.4355828220862 240) (1188.1441717791408 571.4355828220862 -0) (1300.0000000000002 452.9999999999997 0) (1300.0000000000002 452.9999999999997 240) 
4 237 1422 (1180.6353820598003 531.388704318937 0) (1188.1441717791408 571.4355828220862 0) (1280 474.1764705882353 0) (1280 466.1343283582089 0) 
3 237 1419 (1280 474.1764705882353 0) (1300.0000000000002 452.9999999999998 0) (1280 466.1343283582089 0) 
4 237 281 (1188.1441717791408 571.4355828220864 0) (1180.6353820598003 531.388704318937 0) (1180.6353820598003 531.388704318937 240) (1188.1441717791408 571.4355828220862 240) 
4 237 238 (1180.6353820598006 531.388704318937 240) (1180.6353820598006 531.388704318937 -0) (1233.0000000000002 496.9999999999999 0) (1233.0000000000002 496.9999999999999 240) 
3 238 1422 (1177.0241157556268 512.1286173633441 0) (1180.6353820598003 531.388704318937 0) (1232.9999999999998 497.00000000000006 0) 
4 238 281 (1180.6353820598003 531.388704318937 0) (1177.0241157556268 512.1286173633441 0) (1177.0241157556268 512.1286173633441 240) (1180.6353820598003 531.388704318937 240) 
4 239 321 (1290.9999999999977 391.99999999999795 200) (1303.2579439252336 403.2364485981307 200) (1303.2579439252336 403.2364485981307 224) (1290.9999999999977 391.99999999999795 224) 
4 239 318 (1195.5348189415042 304.49025069637884 224) (1195.5348189415042 304.49025069637884 200) (1290.9999999999977 391.99999999999795 200) (1290.9999999999977 391.99999999999795 224) 
4 239 316 (1303.2579439252336 403.2364485981307 240) (1195.5348189415042 304.49025069637884 240) (1195.5348189415042 304.49025069637884 224) (1303.2579439252336 403.2364485981307 224) 
4 239 291 (1170.9670027497707 479.8240146654447 216) (1170.9670027497707 479.8240146654447 208) (1167.999999999996 463.99999999997897 208) (1167.999999999996 463.99999999997897 216) 
4 239 290 (1170.9670027497707 479.8240146654447 224) (1170.9670027497707 479.8240146654447 216) (1167.999999999996 463.99999999997897 216) (1167.999999999996 463.99999999997897 224) 
4 239 288 (1170.9670027497707 479.8240146654447 232) (1170.9670027497707 479.8240146654447 224) (1167.999999999996 463.99999999997897 224) (1167.999999999996 463.99999999997897 232) 
4 239 286 (1167.999999999996 463.99999999997897 240) (1170.9670027497707 479.8240146654447 240) (1170.9670027497707 479.8240146654447 232) (1167.999999999996 463.99999999997897 232) 
4 239 283 (1167.999999999996 463.99999999997897 224) (1167.999999999996 463.999999999979 200) (1140.9572446555817 319.7719714964371 200) (1140.9572446555817 319.7719714964371 224) 
4 239 282 (1140.9572446555817 319.7719714964371 240) (1167.999999999996 463.99999999997897 240) (1167.999999999996 463.99999999997897 224) (1140.9572446555817 319.7719714964371 224) 
4 239 275 (1183 460.0000000000001 200) (1199.0000000000002 456 200) (1152.5121951219514 316.5365853658537 200) (1145.159329140461 318.5953878406709 200) 
3 239 274 (1174.6226415094343 478.8679245283018 200) (1187.1572387344202 475.58964525407475 200) (1187.0000000000002 474.99999999999994 200) 
4 239 271 (1187.1572387344202 475.58964525407475 200) (1204.056603773585 471.1698113207547 200) (1199.0000000000002 456 200) (1183 460.00000000000006 200) 
6 239 243 (1204.056603773585 471.1698113207547 200) (1219.9999999999998 467.00000000000006 200) (1280.0000000000005 426.99999999999966 200) (1303.2579439252336 403.2364485981308 200) (1195.5348189415045 304.49025069637884 200) (1152.5121951219514 316.5365853658537 200) 
4 239 242 (1140.9572446555821 319.7719714964371 224) (1140.9572446555821 319.7719714964371 200) (1195.5348189415042 304.4902506963789 200) (1195.5348189415042 304.4902506963789 224) 
4 239 240 (1157.9999999999998 315.00000000000017 224) (1195.5348189415042 304.4902506963789 224) (1195.5348189415042 304.4902506963789 240) (1157.9999999999998 315.00000000000017 240) 
4 240 316 (1195.5348189415042 304.49025069637884 240) (1186.0995260663508 295.8412322274881 240) (1186.0995260663508 295.8412322274881 224) (1195.5348189415042 304.49025069637884 224) 
3 240 242 (1158.0000000000007 314.9999999999995 224) (1195.534818941504 304.49025069637855 224) (1186.0995260663508 295.8412322274881 224) 
4 240 241 (1180.0000000000018 299.9999999999982 224) (1186.0995260663503 295.84123222748786 224) (1186.0995260663503 295.84123222748786 240) (1180.0000000000018 299.9999999999982 240) 
4 241 316 (1186.0995260663508 295.8412322274881 240) (1184.935483870968 294.77419354838713 240) (1184.9354838709678 294.77419354838713 224) (1186.0995260663508 295.8412322274881 224) 
3 241 242 (1180.0000000000007 299.9999999999996 224) (1186.0995260663508 295.8412322274881 224) (1184.935483870968 294.77419354838713 224) 
4 242 318 (1126.1698113207544 240.90566037735834 224) (1126.1698113207544 240.90566037735832 200) (1195.5348189415042 304.49025069637884 200) (1195.5348189415042 304.49025069637884 224) 
4 242 283 (1126.1698113207544 240.90566037735857 200) (1126.1698113207544 240.90566037735857 224) (1140.9572446555817 319.7719714964371 224) (1140.9572446555817 319.7719714964371 200) 
3 242 279 (1130.384615384615 263.38461538461394 200) (1140.8823529411761 319.37254901960796 200) (1144.9999999999998 318.00000000000006 200) 
5 242 275 (1126.1698113207544 240.9056603773579 200) (1130.384615384615 263.38461538461394 200) (1145.159329140461 318.5953878406709 200) (1152.5121951219514 316.5365853658537 200) (1127.8 242.39999999999966 200) 
3 242 243 (1152.5121951219514 316.5365853658537 200) (1195.5348189415045 304.49025069637884 200) (1127.8 242.39999999999966 200) 
4 243 321 (1303.2579439252336 403.2364485981307 200) (1290.999999999998 391.99999999999807 200) (1290.999999999998 391.99999999999807 184) (1303.2579439252336 403.2364485981307 184) 
4 243 318 (1290.999999999998 391.99999999999807 200) (1127.8000000000002 242.40000000000023 200) (1127.8000000000002 242.4000000000002 184) (1290.999999999998 391.99999999999807 184) 
4 243 276 (1127.8 242.39999999999995 184) (1127.8 242.39999999999995 192) (1199 456.0000000000001 192) (1199 456.0000000000001 184) 
4 243 275 (1127.8 242.39999999999995 192) (1127.8 242.39999999999995 200) (1199 456.0000000000001 200) (1199 456.0000000000001 192) 
4 243 271 (1199 456.0000000000001 200) (1204.0566037735848 471.1698113207548 200) (1204.0566037735848 471.1698113207548 192) (1199 456.0000000000001 192) 
4 243 270 (1127.8000000000002 242.40000000000012 184) (1152.5217391304348 316.5652173913043 184) (1158 315 184) (1184.1650485436894 294.0679611650485 184) 
3 243 245 (1213.9999999999995 450.99999999999875 184) (1161.8461538461538 311.92307692307685 184) (1158 314.9999999999999 184) 
5 243 244 (1220 467.00000000000006 184) (1280.0000000000002 426.9999999999998 184) (1303.2579439252336 403.2364485981307 184) (1184.1650485436894 294.0679611650485 184) (1161.8461538461538 311.92307692307685 184) 
4 244 321 (1303.2579439252336 403.2364485981307 184) (1290.999999999998 391.9999999999981 184) (1290.999999999998 391.9999999999981 176) (1303.2579439252336 403.2364485981307 176) 
4 244 318 (1290.999999999998 391.9999999999981 184) (1184.1650485436892 294.0679611650485 184) (1184.1650485436892 294.0679611650485 176) (1290.999999999998 391.9999999999981 176) 
4 244 270 (1184.1650485436894 294.0679611650485 176) (1184.1650485436894 294.0679611650485 184) (1161.8461538461538 311.92307692307696 184) (1161.8461538461538 311.92307692307696 176) 
3 244 247 (1165.8155339805824 308.74757281553406 176) (1163 310.9999999999999 176) (1227.9999999999961 441.9999999999921 176) 
5 244 246 (1184.1650485436894 294.0679611650485 176) (1165.8155339805824 308.74757281553406 176) (1234.9999999999998 457 176) (1280.0000000000002 426.99999999999983 176) (1303.2579439252336 403.23644859813083 176) 
4 244 245 (1214.0000000000007 451.0000000000019 176) (1161.8461538461538 311.9230769230767 176) (1161.8461538461538 311.9230769230767 184) (1214.0000000000007 451.00000000000193 184) 
4 245 270 (1161.8461538461538 311.92307692307696 184) (1158 315 184) (1158 315 176) (1161.8461538461538 311.92307692307696 176) 
4 246 321 (1303.2579439252336 403.2364485981307 176) (1290.999999999998 391.9999999999981 176) (1290.999999999998 391.9999999999981 168) (1303.2579439252336 403.2364485981307 168) 
4 246 318 (1290.999999999998 391.9999999999981 176) (1184.1650485436892 294.0679611650485 176) (1184.1650485436892 294.0679611650485 168) (1290.999999999998 391.9999999999981 168) 
4 246 270 (1184.1650485436894 294.0679611650485 168) (1184.1650485436894 294.0679611650485 176) (1165.8155339805824 308.74757281553406 176) (1165.8155339805824 308.74757281553406 168) 
4 246 268 (1168.2835332606326 306.77317339149397 168) (1165.8155339805824 308.74757281553406 168) (1166.135135135135 309.4324324324325 168) (1169 308 168) 
5 246 262 (1184.1650485436894 294.0679611650485 168) (1168.2835332606326 306.77317339149397 168) (1170.1060606060607 309.89393939393943 168) (1179.9999999999993 300.0000000000008 168) (1184.9354838709678 294.774193548387 168) 
3 246 261 (1179.9999999999993 300.0000000000008 168) (1185.0869565217392 294.91304347826076 168) (1184.9354838709678 294.774193548387 168) 
3 246 249 (1242.0000000000025 433.0000000000042 168) (1171.090909090909 308.909090909091 168) (1170.1060606060605 309.89393939393943 168) 
5 246 248 (1250 446.9999999999999 168) (1280.0000000000002 426.99999999999983 168) (1303.2579439252336 403.23644859813083 168) (1185.0869565217392 294.91304347826076 168) (1171.090909090909 308.909090909091 168) 
4 246 247 (1228.0000000000002 442.0000000000007 168) (1165.8155339805826 308.747572815534 168) (1165.8155339805826 308.747572815534 176) (1228.0000000000005 442.0000000000007 176) 
4 247 270 (1165.8155339805824 308.74757281553406 176) (1163 310.9999999999999 176) (1163 310.9999999999999 168) (1165.8155339805824 308.74757281553406 168) 
3 247 268 (1165.8155339805824 308.74757281553406 168) (1163 310.9999999999999 168) (1166.135135135135 309.4324324324325 168) 
4 248 321 (1303.2579439252336 403.2364485981307 168) (1290.9999999999982 391.9999999999983 168) (1290.9999999999982 391.9999999999983 160) (1303.2579439252336 403.2364485981307 160) 
4 248 318 (1290.9999999999982 391.9999999999983 168) (1185.086956521739 294.9130434782609 168) (1185.086956521739 294.9130434782609 160) (1290.9999999999982 391.9999999999983 160) 
4 248 262 (1180.0000000000014 299.99999999999864 168) (1171.090909090909 308.90909090909093 168) (1171.090909090909 308.90909090909093 160) (1180.0000000000014 299.99999999999864 160) 
4 248 261 (1185.0869565217392 294.91304347826076 160) (1185.0869565217392 294.91304347826076 168) (1180.0000000000014 299.99999999999864 168) (1180.0000000000014 299.99999999999864 160) 
6 248 250 (1185.0869565217392 294.9130434782608 160) (1174.8118811881188 305.1881188118812 160) (1255.9999999999861 423.99999999998 160) (1265 436.9999999999999 160) (1280.0000000000002 426.9999999999998 160) (1303.2579439252336 403.2364485981307 160) 
4 248 249 (1242.000000000014 433.000000000024 160) (1171.090909090909 308.90909090909076 160) (1171.090909090909 308.90909090909076 168) (1242.000000000014 433.000000000024 168) 
4 249 262 (1171.090909090909 308.90909090909093 168) (1170.1060606060605 309.89393939393943 168) (1170.1060606060605 309.89393939393943 160) (1171.090909090909 308.90909090909093 160) 
4 250 321 (1303.2579439252336 403.2364485981307 160) (1290.9999999999982 391.9999999999983 160) (1290.9999999999982 391.9999999999983 152) (1303.2579439252336 403.2364485981307 152) 
4 250 318 (1290.9999999999982 391.9999999999983 160) (1185.086956521739 294.9130434782609 160) (1185.086956521739 294.9130434782609 152) (1290.9999999999982 391.9999999999983 152) 
4 250 263 (1180.0000000000014 299.9999999999985 160) (1174.8118811881188 305.1881188118812 160) (1174.8118811881188 305.1881188118812 152) (1180.0000000000014 299.9999999999985 152) 
4 250 261 (1185.0869565217392 294.91304347826076 152) (1185.0869565217392 294.91304347826076 160) (1180.0000000000014 299.9999999999985 160) (1180.0000000000014 299.9999999999985 152) 
4 250 252 (1185.0869565217392 294.9130434782608 152) (1180 300.00000000000006 152) (1269.9999999999902 413.99999999998766 152) (1295.2919708029196 395.93430656934294 152) 
4 250 251 (1280.0000000000002 426.9999999999998 152) (1303.2579439252336 403.2364485981307 152) (1295.2919708029196 395.93430656934294 152) (1269.9999999999905 413.9999999999875 152) 
4 251 321 (1303.2579439252336 403.2364485981307 152) (1295.2919708029196 395.93430656934294 152) (1295.2919708029196 395.93430656934294 144) (1303.2579439252336 403.2364485981307 144) 
3 251 255 (1280.0000000000002 426.9999999999998 144) (1291.3424657534244 415.4109589041096 144) (1291 415.00000000000017 144) 
4 251 254 (1291.3424657534244 415.4109589041096 144) (1291.8141546250395 414.92901592658995 144) (1282.7293354943226 404.90761750404636 144) (1282.6417910447715 404.97014925372576 144) 
4 251 253 (1291.8141546250395 414.92901592658995 144) (1303.2579439252336 403.2364485981307 144) (1295.2919708029196 395.93430656934294 144) (1282.7293354943226 404.90761750404636 144) 
4 251 252 (1270 413.99999999999994 144) (1295.2919708029199 395.934306569343 144) (1295.2919708029199 395.934306569343 152) (1270 413.99999999999994 152) 
4 252 321 (1295.2919708029196 395.93430656934294 152) (1290.9999999999986 391.99999999999864 152) (1290.9999999999986 391.99999999999864 144) (1295.2919708029196 395.93430656934294 144) 
4 252 318 (1290.9999999999986 391.99999999999864 152) (1185.086956521739 294.9130434782609 152) (1185.086956521739 294.9130434782609 144) (1290.9999999999986 391.99999999999864 144) 
4 252 261 (1185.0869565217392 294.91304347826076 144) (1185.0869565217392 294.91304347826076 152) (1180 300 152) (1180 300 144) 
4 252 253 (1185.0869565217392 294.9130434782608 144) (1184 295.99999999999994 144) (1282.7293354943224 404.90761750404636 144) (1295.2919708029196 395.93430656934294 144) 
4 253 321 (1303.2579439252336 403.2364485981307 144) (1290.9999999999982 391.9999999999983 144) (1290.9999999999982 391.9999999999983 136) (1303.2579439252336 403.2364485981307 136) 
4 253 318 (1290.9999999999982 391.9999999999983 144) (1185.086956521739 294.9130434782609 144) (1185.086956521739 294.9130434782609 136) (1290.9999999999982 391.9999999999983 136) 
4 253 261 (1185.0869565217392 294.91304347826076 136) (1185.0869565217392 294.91304347826076 144) (1184 295.99999999999994 144) (1184 295.99999999999994 136) 
4 253 256 (1291.4607843137255 414.53921568627464 136) (1291.8141546250395 414.92901592658995 136) (1303.2579439252336 403.2364485981307 136) (1303 403 136) 
4 253 254 (1291.81415462504 414.9290159265902 144) (1291.81415462504 414.9290159265902 136) (1280.999999999996 402.9999999999952 136) (1280.999999999996 402.9999999999952 144) 
4 254 256 (1291.3424657534244 415.4109589041096 136) (1291.8141546250395 414.92901592658995 136) (1291.4607843137255 414.53921568627464 136) (1291 415.0000000000001 136) 
4 254 255 (1291.342465753425 415.4109589041094 144) (1291.342465753425 415.4109589041094 136) (1291.0000000000002 414.99999999999983 136) (1291.0000000000002 414.99999999999983 144) 
3 255 257 (1280.0000000000002 426.9999999999998 136) (1291.3424657534244 415.4109589041096 136) (1291 415.00000000000017 136) 
4 256 331 (1303 403.00000000000006 112) (1303 403.00000000000006 72) (1303.2579439252336 403.2364485981308 72) (1303.2579439252336 403.2364485981308 112) 
4 256 326 (1303 403.00000000000006 120) (1303 403.00000000000006 112) (1303.2579439252336 403.2364485981308 112) (1303.2579439252336 403.2364485981308 120) 
4 256 322 (1303 403.00000000000006 128) (1303 403.00000000000006 120) (1303.2579439252336 403.2364485981308 120) (1303.2579439252336 403.2364485981308 128) 
4 256 321 (1303.2579439252336 403.2364485981308 136) (1303 403.00000000000006 136) (1303 403.00000000000006 128) (1303.2579439252336 403.2364485981308 128) 
4 256 258 (1303.2579439252336 403.2364485981308 72) (1303 403.00000000000006 72) (1291 415.00000000000006 72) (1291.3424657534247 415.4109589041097 72) 
4 256 257 (1291.3424657534247 415.4109589041096 72) (1291.0000000000002 415.0000000000001 72) (1291.0000000000002 415.0000000000001 136) (1291.3424657534247 415.4109589041096 136) 
3 257 259 (1280 426.99999999999983 72) (1291.3424657534247 415.4109589041097 72) (1291 415.0000000000001 72) 
4 258 1419 (1303.2579439252338 403.23644859813106 0) (1303 403.00000000000006 0) (1291.0000000000002 415.00000000000017 0) (1291.3424657534247 415.41095890410963 0) 
4 258 335 (1303.0000000000002 402.9999999999998 0) (1303.2579439252338 403.23644859813066 0) (1303.2579439252338 403.2364485981307 16) (1303.0000000000002 402.99999999999983 16) 
4 258 331 (1303.2579439252338 403.2364485981307 16) (1303.2579439252338 403.23644859813083 72) (1303.0000000000002 402.99999999999994 72) (1303.0000000000002 402.99999999999983 16) 
4 258 259 (1291.0000000000002 415.00000000000017 72) (1291.3424657534247 415.41095890410963 72) (1291.3424657534247 415.41095890410963 0) (1291.0000000000002 415.00000000000017 0) 
3 259 1419 (1280.0000000000002 426.9999999999998 0) (1291.3424657534247 415.41095890410963 0) (1291 415.00000000000006 0) 
4 260 1422 (1265 436.9999999999999 0) (1280.0000000000002 426.9999999999998 0) (1270 413.99999999999983 0) (1256 423.99999999999994 0) 
3 261 1422 (1185.086956521739 294.9130434782609 0) (1184.9354838709678 294.77419354838725 0) (1180.000000000005 299.99999999999494 0) 
4 261 320 (1184.935483870968 294.7741935483871 0) (1185.0869565217392 294.9130434782607 0) (1185.0869565217392 294.9130434782607 16) (1184.935483870968 294.7741935483871 16) 
4 261 319 (1185.0869565217392 294.9130434782607 16) (1185.086956521739 294.9130434782608 136) (1184.9354838709678 294.7741935483872 136) (1184.935483870968 294.7741935483871 16) 
4 261 318 (1185.086956521739 294.9130434782608 136) (1185.086956521739 294.9130434782609 168) (1184.9354838709678 294.77419354838725 168) (1184.9354838709678 294.7741935483872 136) 
4 261 264 (1180.0000000000005 299.9999999999991 152) (1180.0000000000005 299.9999999999991 16) (1184.9354838709676 294.7741935483868 16) (1184.9354838709676 294.7741935483868 152) 
4 261 263 (1180.0000000000005 299.9999999999991 160) (1180.0000000000005 299.9999999999991 152) (1184.9354838709676 294.7741935483868 152) (1184.9354838709676 294.7741935483868 160) 
4 261 262 (1180.0000000000005 299.9999999999991 168) (1180.0000000000005 299.9999999999991 160) (1184.9354838709676 294.7741935483868 160) (1184.9354838709676 294.7741935483868 168) 
4 262 318 (1184.9354838709678 294.77419354838725 160) (1184.9354838709678 294.77419354838725 168) (1184.1650485436892 294.0679611650485 168) (1184.1650485436892 294.0679611650485 160) 
4 262 270 (1184.1650485436894 294.0679611650485 160) (1184.1650485436894 294.0679611650485 168) (1168.2835332606326 306.773173391494 168) (1168.2835332606326 306.773173391494 160) 
4 262 268 (1169.0000000000002 307.9999999999999 160) (1168.283533260633 306.7731733914943 160) (1168.283533260633 306.7731733914943 168) (1169.0000000000002 307.9999999999999 168) 
4 262 266 (1168.2835332606319 306.7731733914943 160) (1168.9999999999995 308.0000000000004 160) (1174 304 160) (1173.2047413793102 302.8362068965516 160) 
5 262 263 (1174.8118811881188 305.1881188118812 160) (1180.0000000000075 299.9999999999922 160) (1184.9354838709678 294.77419354838713 160) (1184.1650485436892 294.0679611650485 160) (1173.2047413793102 302.8362068965516 160) 
4 263 318 (1184.9354838709678 294.77419354838725 152) (1184.9354838709678 294.77419354838725 160) (1184.1650485436892 294.0679611650485 160) (1184.1650485436892 294.0679611650485 152) 
4 263 270 (1184.1650485436894 294.0679611650485 152) (1184.1650485436894 294.0679611650485 160) (1173.2047413793105 302.83620689655174 160) (1173.2047413793105 302.83620689655174 152) 
4 263 266 (1173.204741379311 302.83620689655123 152) (1173.204741379311 302.83620689655123 160) (1174.0000000000007 303.9999999999995 160) (1174.0000000000007 303.9999999999995 152) 
4 263 265 (1173.20474137931 302.836206896552 152) (1173.9999999999995 304.00000000000034 152) (1180.0000000000014 299.9999999999986 152) (1178.741935483871 298.40645161290325 152) 
4 263 264 (1180.0000000000014 299.9999999999986 152) (1184.9354838709678 294.77419354838713 152) (1184.1650485436894 294.06796116504853 152) (1178.741935483871 298.40645161290325 152) 
4 264 319 (1184.935483870968 294.7741935483871 16) (1184.9354838709678 294.77419354838725 136) (1184.1650485436892 294.0679611650485 136) (1184.1650485436894 294.0679611650484 16) 
4 264 318 (1184.9354838709678 294.77419354838725 136) (1184.9354838709678 294.77419354838725 152) (1184.1650485436892 294.0679611650485 152) (1184.1650485436892 294.0679611650485 136) 
4 264 270 (1184.1650485436894 294.0679611650485 16) (1184.1650485436894 294.0679611650485 152) (1178.741935483871 298.40645161290325 152) (1178.741935483871 298.40645161290325 16) 
4 264 265 (1178.7419354838707 298.40645161290325 16) (1178.7419354838707 298.40645161290325 152) (1180 300.00000000000017 152) (1180 300.00000000000017 16) 
4 265 270 (1178.741935483871 298.40645161290325 152) (1173.2047413793105 302.83620689655174 152) (1173.2047413793105 302.83620689655174 16) (1178.741935483871 298.40645161290325 16) 
4 265 266 (1173.204741379311 302.83620689655123 16) (1173.204741379311 302.83620689655123 152) (1174.0000000000007 303.99999999999966 152) (1174.0000000000007 303.99999999999966 16) 
4 266 270 (1173.2047413793105 302.83620689655174 160) (1168.2835332606326 306.773173391494 160) (1168.2835332606326 306.773173391494 16) (1173.2047413793105 302.83620689655174 16) 
4 266 268 (1169.0000000000002 307.9999999999998 16) (1168.283533260633 306.7731733914943 16) (1168.283533260633 306.7731733914943 160) (1169.0000000000002 307.9999999999998 160) 
3 266 267 (1168.791157347204 307.6423927178155 16) (1168.9999999999998 308 16) (1173.230769230768 304.61538461538544 16) 
3 267 1422 (1168.791157347204 307.6423927178155 0) (1168.9999999999998 308 0) (1173.2307692307693 304.61538461538464 0) 
4 267 269 (1169.0000000000002 307.9999999999998 0) (1168.7911573472045 307.64239271781514 0) (1168.7911573472045 307.64239271781514 16) (1169.0000000000002 307.9999999999998 16) 
4 268 270 (1168.2835332606326 306.773173391494 168) (1163 311 168) (1163 311 16) (1168.2835332606326 306.773173391494 16) 
3 268 269 (1166.2499999999998 309.3750000000001 16) (1169 308.00000000000006 16) (1168.791157347204 307.64239271781537 16) 
3 269 1422 (1166.2500000000002 309.37499999999983 0) (1169 308.00000000000006 0) (1168.791157347204 307.64239271781537 0) 
4 270 319 (1184.1650485436894 294.0679611650484 16) (1184.1650485436892 294.0679611650485 136) (1127.8000000000002 242.4000000000001 136) (1127.8 242.3999999999998 16) 
4 270 318 (1184.1650485436892 294.0679611650485 136) (1184.1650485436892 294.0679611650485 184) (1127.8000000000002 242.4000000000002 184) (1127.8000000000002 242.4000000000001 136) 
4 270 277 (1127.8 242.39999999999995 16) (1127.8 242.39999999999995 184) (1152.5217391304348 316.5652173913042 184) (1152.5217391304345 316.56521739130443 16) 
4 271 275 (1199 456.0000000000001 192) (1199 456.0000000000001 200) (1183.0000000000002 460.00000000000006 200) (1183.0000000000002 460.00000000000006 192) 
4 271 274 (1187.0000000000005 474.9999999999999 200) (1187.1572387344204 475.58964525407475 200) (1187.1572387344204 475.58964525407475 192) (1187.0000000000005 474.9999999999999 192) 
4 271 272 (1187.0000000000005 474.99999999999994 192) (1187.1572387344204 475.5896452540751 192) (1204.0566037735853 471.16981132075506 192) (1204.0000000000002 471 192) 
4 272 274 (1187.0000000000005 475 192) (1187.1572387344204 475.58964525407475 192) (1187.1572387344204 475.5896452540747 68) (1187.0000000000005 474.99999999999994 68) 
4 272 273 (1187.0000000000005 474.99999999999994 68) (1187.1572387344204 475.5896452540751 68) (1204.0566037735853 471.16981132075506 68) (1204.0000000000002 471 68) 
4 273 1422 (1204.0566037735848 471.1698113207548 0) (1199 456.0000000000001 0) (1183.0000000000002 460 0) (1187.1572387344202 475.5896452540747 0) 
4 273 274 (1187.0000000000005 474.9999999999999 68) (1187.1572387344204 475.5896452540747 68) (1187.1572387344204 475.5896452540747 0) (1187.0000000000005 474.9999999999999 0) 
3 274 1422 (1174.6226415094332 478.86792452830207 0) (1187.1572387344202 475.5896452540747 0) (1187.0000000000002 475 0) 
4 275 318 (1127.8000000000002 242.4000000000002 192) (1127.8000000000002 242.40000000000023 200) (1126.1698113207544 240.90566037735832 200) (1126.1698113207544 240.90566037735832 192) 
4 275 284 (1126.1698113207544 240.90566037735857 192) (1126.1698113207544 240.90566037735857 200) (1130.3846153846143 263.38461538461195 200) (1130.3846153846143 263.38461538461195 192) 
4 275 279 (1145 318.00000000000006 192) (1130.3846153846157 263.3846153846166 192) (1130.3846153846157 263.3846153846166 200) (1145 318.00000000000006 200) 
4 275 278 (1130.3846153846162 263.3846153846192 192) (1144.9999999999998 318 192) (1151 317 192) (1127.888888888889 250.07407407407393 192) 
4 275 276 (1199.0000000000005 456.0000000000008 192) (1127.8000000000002 242.4000000000003 192) (1126.1698113207547 240.90566037735854 192) (1127.888888888889 250.07407407407393 192) 
4 276 318 (1127.8000000000002 242.40000000000018 184) (1127.8000000000002 242.4000000000002 192) (1126.1698113207544 240.90566037735832 192) (1126.1698113207544 240.90566037735832 184) 
4 276 284 (1126.1698113207544 240.90566037735857 184) (1126.1698113207544 240.90566037735857 192) (1127.8888888888882 250.07407407407226 192) (1127.8888888888882 250.07407407407226 184) 
4 276 278 (1127.8888888888885 250.07407407407285 184) (1127.8888888888885 250.07407407407285 192) (1151 317 192) (1151 317 184) 
5 276 277 (1127.8888888888887 250.07407407407297 184) (1151.0000000000002 316.99999999999994 184) (1152.521739130435 316.56521739130426 184) (1127.8000000000002 242.40000000000006 184) (1126.1698113207547 240.90566037735834 184) 
4 277 319 (1127.8 242.3999999999998 16) (1127.8000000000002 242.40000000000006 136) (1126.1698113207544 240.9056603773583 136) (1126.1698113207547 240.90566037735817 16) 
4 277 318 (1127.8000000000002 242.40000000000006 136) (1127.8000000000002 242.40000000000018 184) (1126.1698113207544 240.90566037735832 184) (1126.1698113207544 240.9056603773583 136) 
4 277 284 (1126.1698113207544 240.90566037735857 16) (1126.1698113207544 240.90566037735857 184) (1127.8888888888882 250.07407407407226 184) (1127.8888888888882 250.07407407407226 16) 
4 277 278 (1127.8888888888885 250.0740740740729 16) (1127.8888888888885 250.07407407407285 184) (1151 316.99999999999994 184) (1151 317 16) 
4 278 284 (1127.8888888888882 250.07407407407226 16) (1127.8888888888882 250.07407407407226 192) (1130.3846153846143 263.38461538461195 192) (1130.3846153846143 263.38461538461195 16) 
4 278 279 (1145 318.00000000000006 16) (1130.3846153846157 263.3846153846165 16) (1130.3846153846157 263.3846153846166 192) (1145 318.00000000000006 192) 
4 279 284 (1130.3846153846143 263.38461538461195 16) (1130.3846153846143 263.38461538461195 200) (1140.8823529411761 319.3725490196079 200) (1140.8823529411761 319.3725490196079 16) 
4 280 1421 (1056 694.376811594203 0) (1056 710.3768115942029 0) (1213.981004070556 709.232021709634 0) (1210.9850746268653 693.2537313432836 0) 
4 280 532 (1056 710.376811594203 0) (1056 694.376811594203 0) (1056 694.376811594203 240) (1056 710.3768115942029 240) 
4 281 1422 (1056 544.8378378378379 0) (1056 694.376811594203 0) (1210.9850746268653 693.2537313432836 0) (1177.0241157556268 512.1286173633441 0) 
4 281 533 (1056 694.376811594203 0) (1056 544.8378378378379 0) (1056 544.8378378378379 240) (1056 694.376811594203 240) 
4 281 301 (1056 544.8378378378378 240) (1056 544.8378378378378 -0) (1119 527.8108108108107 0) (1119 527.8108108108107 240) 
4 281 285 (1119 527.8108108108107 0) (1158.9999999999998 517 0) (1158.9999999999998 517 240) (1119 527.8108108108107 240) 
4 282 288 (1168.0000000000016 464.00000000000944 232) (1168.0000000000016 464.00000000000944 224) (1139.0610044701548 320.30291874835666 224) (1139.0610044701548 320.30291874835666 232) 
4 282 287 (1139.4997389033938 322.4814621409921 232) (1139.0610044701548 320.30291874835666 232) (1139.0610044701548 320.3029187483566 240) (1139.4997389033938 322.4814621409921 240) 
4 282 286 (1168.0000000000016 464.0000000000095 240) (1168.0000000000016 464.00000000000944 232) (1139.4997389033938 322.4814621409921 232) (1139.4997389033938 322.4814621409921 240) 
3 282 283 (1139.061004470155 320.30291874835655 224) (1167.9999999999964 463.9999999999827 224) (1140.9572446555815 319.7719714964372 224) 
4 283 318 (1126.1698113207544 240.90566037735832 200) (1126.1698113207544 240.90566037735834 224) (1122.3697657913413 237.42228530872958 224) (1122.3697657913413 237.42228530872956 200) 
4 283 293 (1138.9999999999998 320.0000000000001 200) (1122.369765791341 237.42228530872927 200) (1122.369765791341 237.42228530872927 208) (1138.9999999999998 320.0000000000001 208) 
4 283 292 (1139.5924412665984 322.9417773237998 208) (1122.369765791341 237.42228530872927 208) (1122.369765791341 237.42228530872927 216) (1139.5924412665984 322.9417773237997 216) 
4 283 291 (1168.0000000000016 464.00000000000944 216) (1168.0000000000016 464.00000000000944 208) (1139.5924412665984 322.9417773237998 208) (1139.5924412665984 322.9417773237997 216) 
4 283 290 (1168.0000000000016 464.00000000000944 224) (1168.0000000000016 464.00000000000944 216) (1122.369765791341 237.42228530872927 216) (1122.369765791341 237.42228530872927 224) 
4 283 284 (1122.3697657913413 237.42228530872944 200) (1139 320 200) (1140.8823529411761 319.37254901960796 200) (1126.1698113207542 240.90566037735803 200) 
4 284 319 (1126.1698113207547 240.90566037735817 16) (1126.1698113207544 240.90566037735826 136) (1122.3697657913413 237.42228530872947 136) (1122.3697657913413 237.42228530872927 16) 
4 284 318 (1126.1698113207544 240.90566037735826 136) (1126.1698113207544 240.90566037735832 200) (1122.3697657913413 237.42228530872956 200) (1122.3697657913413 237.42228530872947 136) 
4 284 293 (1138.9999999999998 320.0000000000001 16) (1122.369765791341 237.42228530872927 16) (1122.369765791341 237.42228530872927 200) (1138.9999999999998 320.0000000000001 200) 
3 285 1422 (1119 514.5 0) (1119 527.8108108108108 0) (1159 517 0) 
4 285 302 (1119 523.6666666666666 0) (1119 514.5 0) (1119 514.5 240) (1119 523.6666666666666 240) 
4 285 301 (1119 527.8108108108108 240) (1119 527.8108108108108 -0) (1119 523.6666666666666 0) (1119 523.6666666666666 240) 
4 286 304 (1119 320.96296296296293 240) (1119 323.79166666666663 240) (1119 323.79166666666663 232) (1119 320.96296296296293 232) 
4 286 303 (1119 323.79166666666663 240) (1119 481.99999999999994 240) (1119 481.99999999999994 232) (1119 323.79166666666663 232) 
3 286 289 (1119.9679380873408 325.64897733554443 232) (1133 322 232) (1119.9997447025783 321.0370181261169 232) 
8 286 288 (1119 465.9999999999951 232) (1119 481.9999999999999 232) (1155.000000000001 484 232) (1170.967002749771 479.8240146654448 232) (1167.999999999999 463.99999999999545 232) (1139.4997389033942 322.48146214099216 232) (1133 322 232) (1119.9679380873408 325.64897733554443 232) 
4 286 287 (1132.9999999999998 322 232) (1139.4997389033945 322.4814621409922 232) (1139.4997389033945 322.4814621409922 240) (1132.9999999999998 322 240) 
3 287 288 (1133 322 232) (1139.4997389033942 322.48146214099216 232) (1139.0610044701552 320.30291874835655 232) 
3 288 297 (1135.9999999999989 466.9999999999864 224) (1128.09375 340.50000000000057 224) (1126.8992805755395 334.12949640287763 224) 
3 288 296 (1136.9999999999998 482.99999999999994 224) (1155.0000000000005 484 224) (1128.09375 340.50000000000057 224) 
6 288 290 (1155.0000000000005 484 224) (1170.9670027497707 479.8240146654447 224) (1167.9999999999961 463.99999999998033 224) (1139.0610044701552 320.30291874835655 224) (1126.1989247311826 323.9043010752688 224) (1126.8992805755395 334.1294964028775 224) 
4 288 289 (1133 322 232) (1119.9679380873408 325.6489773355445 232) (1119.9679380873408 325.6489773355445 224) (1132.9999999999998 322 224) 
3 289 290 (1126.1989247311826 323.90430107526885 224) (1133 322 224) (1126.0331463539007 321.4839367669556 224) 
4 290 318 (1122.3697657913413 237.42228530872958 216) (1122.3697657913413 237.42228530872958 224) (1120.5876641918903 235.7886921758995 224) (1120.5876641918903 235.7886921758995 216) 
4 290 300 (1120.58766419189 235.78869217589917 216) (1120.58766419189 235.78869217589917 224) (1120.5488721804509 241.4135338345859 224) (1120.5488721804509 241.4135338345859 216) 
4 290 297 (1126.8992805755397 334.12949640287843 224) (1128.0937499999998 340.49999999999886 224) (1128.0937499999998 340.49999999999886 216) (1126.8992805755397 334.12949640287843 216) 
4 290 296 (1128.0937499999998 340.49999999999886 224) (1155 484.0000000000001 224) (1155 484.00000000000006 216) (1128.0937499999998 340.49999999999886 216) 
4 290 295 (1125.9999999999995 321 216) (1120.548872180451 241.41353383459298 216) (1120.548872180451 241.41353383459298 224) (1125.9999999999995 321 224) 
5 290 292 (1120.5876641918906 235.78869217589968 216) (1120.5488721804513 241.41353383459227 216) (1125.9999999999998 321 216) (1139.5924412665986 322.9417773237998 216) (1122.3697657913415 237.42228530872953 216) 
6 290 291 (1152.0000000000005 468.0000000000033 216) (1154.9999999999998 484.0000000000001 216) (1170.9670027497707 479.82401466544474 216) (1167.999999999994 463.9999999999697 216) (1139.5924412665986 322.9417773237998 216) (1132.9999999999998 322 216) 
4 291 292 (1132.9999999999998 321.99999999999983 208) (1139.5924412665986 322.94177732379967 208) (1139.5924412665986 322.9417773237998 216) (1132.9999999999998 321.99999999999994 216) 
4 292 318 (1122.3697657913413 237.42228530872958 208) (1122.3697657913413 237.42228530872958 216) (1120.5876641918903 235.7886921758995 216) (1120.5876641918903 235.7886921758995 208) 
4 292 300 (1120.58766419189 235.78869217589917 208) (1120.58766419189 235.78869217589917 216) (1120.5488721804509 241.4135338345859 216) (1120.5488721804509 241.4135338345859 208) 
4 292 295 (1125.9999999999995 320.99999999999994 208) (1120.548872180451 241.41353383459298 208) (1120.548872180451 241.41353383459298 216) (1125.9999999999995 320.9999999999999 216) 
5 292 294 (1120.5876641918906 235.78869217589968 208) (1120.5488721804513 241.41353383459227 208) (1125.9999999999998 321 208) (1132.9999999999998 322 208) (1121.9423201555412 237.0304601425793 208) 
4 292 293 (1132.9999999999998 322 208) (1139 320 208) (1122.3697657913415 237.42228530872953 208) (1121.9423201555412 237.0304601425793 208) 
4 293 319 (1122.3697657913413 237.42228530872927 16) (1122.3697657913413 237.42228530872947 136) (1121.9423201555412 237.03046014257936 136) (1121.942320155541 237.03046014257905 16) 
4 293 318 (1122.3697657913413 237.42228530872947 136) (1122.3697657913413 237.42228530872958 208) (1121.9423201555412 237.03046014257953 208) (1121.9423201555412 237.03046014257936 136) 
4 293 294 (1121.9423201555408 237.03046014257893 16) (1121.9423201555408 237.03046014257893 208) (1132.9999999999998 322 208) (1132.9999999999998 322.00000000000006 16) 
4 294 319 (1121.942320155541 237.03046014257905 16) (1121.9423201555412 237.03046014257936 136) (1120.5876641918903 235.7886921758994 136) (1120.5876641918903 235.78869217589923 16) 
4 294 318 (1121.9423201555412 237.03046014257936 136) (1121.9423201555412 237.03046014257953 208) (1120.5876641918903 235.7886921758995 208) (1120.5876641918903 235.7886921758994 136) 
4 294 300 (1120.58766419189 235.78869217589917 16) (1120.58766419189 235.78869217589917 208) (1120.5488721804509 241.4135338345859 208) (1120.5488721804509 241.4135338345859 16) 
4 294 295 (1125.9999999999995 320.99999999999994 16) (1120.548872180451 241.41353383459298 16) (1120.548872180451 241.41353383459298 208) (1125.9999999999995 320.9999999999999 208) 
4 295 300 (1120.5488721804509 241.4135338345859 224) (1120.1574279379154 298.1729490022167 224) (1120.1574279379154 298.1729490022167 16) (1120.5488721804509 241.4135338345859 16) 
4 295 299 (1120.1574279379158 298.1729490022183 16) (1120.1574279379158 298.17294900221833 216) (1124.4375 321 216) (1124.4375 321 16) 
4 295 298 (1120.1574279379158 298.17294900221833 216) (1120.1574279379158 298.17294900221833 224) (1124.4375 321 224) (1124.4375 321 216) 
4 296 297 (1136.0000000000039 467.00000000005895 216) (1128.0937500000005 340.50000000000324 216) (1128.0937500000005 340.50000000000324 224) (1136.0000000000039 467.00000000005895 224) 
4 298 300 (1120.1574279379154 298.1729490022167 224) (1119.9999999999995 321 224) (1119.9999999999995 321 216) (1120.1574279379154 298.1729490022167 216) 
3 298 299 (1124.437499999999 321 216) (1120.1574279379156 298.1729490022212 216) (1119.9999999999998 321 216) 
4 299 300 (1119.9999999999995 321 16) (1120.1574279379154 298.1729490022167 16) (1120.1574279379154 298.1729490022167 216) (1119.9999999999995 321 216) 
4 300 319 (1120.5876641918903 235.78869217589923 16) (1120.5876641918903 235.7886921758994 136) (1119 234.3333333333333 136) (1119 234.33333333333312 16) 
4 300 318 (1120.5876641918903 235.7886921758994 136) (1120.5876641918903 235.7886921758995 224) (1119 234.3333333333334 224) (1119 234.3333333333333 136) 
4 300 306 (1119 234.33333333333326 16) (1119 234.33333333333326 224) (1119 240.90909090908866 224) (1119 240.90909090908866 16) 
4 300 305 (1119 240.90909090908866 224) (1119 320.85714285714283 224) (1119 320.85714285714283 16) (1119 240.90909090908866 16) 
4 301 1422 (1056 505.29166666666663 0) (1056 544.8378378378379 0) (1119 527.8108108108108 0) (1119 523.6666666666666 0) 
4 301 533 (1056 544.8378378378379 0) (1056 505.29166666666663 0) (1056 505.29166666666663 240) (1056 544.8378378378379 240) 
4 301 302 (1078.9999999999998 512 0) (1119 523.6666666666667 -0) (1119 523.6666666666667 240) (1078.9999999999998 512 240) 
3 302 1422 (1079.0000000000002 512 0) (1119 523.6666666666666 0) (1119 514.5 0) 
4 303 304 (1119 323.79166666666674 232) (1119 323.79166666666674 240) (1112.8484678099521 321.9974697779028 240) (1112.8484678099521 321.9974697779028 232) 
4 305 306 (1113 320 16) (1119 240.9090909090908 16) (1119 240.909090909091 224) (1113 320 224) 
4 306 319 (1116.5566502463055 232.09359605911325 16) (1119 234.33333333333312 16) (1119 234.3333333333333 136) (1116.5566502463055 232.0935960591134 136) 
4 306 318 (1119 234.3333333333333 136) (1119 234.3333333333334 224) (1116.5566502463055 232.09359605911348 224) (1116.5566502463055 232.0935960591134 136) 
4 306 309 (1111.0625000000005 320 16) (1116.556650246306 232.09359605911357 16) (1116.556650246306 232.09359605911368 224) (1111.0625000000005 320 224) 
4 307 540 (1056 320 224) (1056 324.18787878787884 224) (1056 324.18787878787884 16) (1056 320 16) 
4 307 308 (1056 320 16) (1065.7323943661972 320 16) (1065.7323943661972 320 224) (1056 320 224) 
4 308 540 (1056 305.41666666666663 224) (1056 320 224) (1056 320 16) (1056 305.41666666666663 16) 
4 308 309 (1056 305.41666666666663 16) (1082 313 16) (1082 313 224) (1056 305.4166666666667 224) 
4 309 541 (1056 216 16) (1056 216 224) (1056 277.07692307692287 224) (1056 277.07692307692287 16) 
4 309 540 (1056 277.07692307692287 224) (1056 305.41666666666663 224) (1056 305.41666666666663 16) (1056 277.07692307692287 16) 
4 309 423 (1056 216 24) (1056 216 16) (1099 216 16) (1099 216 24) 
4 309 421 (1056 216 32) (1056 216 24) (1099 216 24) (1099 216 32) 
4 309 420 (1056 216 216) (1056 216 32) (1099 216 32) (1099 216 216) 
4 309 410 (1056 216 224) (1056 216 216) (1099 216 216) (1099 216 224) 
4 309 386 (1099.0000000000002 216 24) (1099.0000000000002 216 16) (1105.4054054054054 221.8716216216216 16) (1105.4054054054054 221.8716216216216 24) 
4 309 385 (1099.0000000000002 216 32) (1099.0000000000002 216 24) (1105.4054054054054 221.8716216216216 24) (1105.4054054054056 221.8716216216216 32) 
4 309 383 (1099.0000000000002 216 40) (1099.0000000000002 216 32) (1105.4054054054056 221.8716216216216 32) (1105.4054054054056 221.8716216216216 40) 
4 309 381 (1099.0000000000002 216 48) (1099.0000000000002 216 40) (1105.4054054054056 221.8716216216216 40) (1105.4054054054056 221.8716216216216 48) 
4 309 376 (1099.0000000000002 216 56) (1099.0000000000002 216 48) (1105.4054054054056 221.8716216216216 48) (1105.4054054054056 221.8716216216216 56) 
4 309 375 (1105.4054054054054 221.8716216216216 16) (1107.5161290322583 223.80645161290334 16) (1107.5161290322583 223.80645161290332 56) (1105.4054054054056 221.8716216216216 56) 
4 309 374 (1099.0000000000002 216 224) (1099.0000000000002 216 56) (1107.5161290322583 223.80645161290332 56) (1107.516129032258 223.80645161290326 224) 
4 309 319 (1107.5161290322583 223.80645161290334 16) (1116.5566502463055 232.09359605911325 16) (1116.5566502463055 232.0935960591134 136) (1107.516129032258 223.8064516129033 136) 
4 309 318 (1116.5566502463055 232.0935960591134 136) (1116.5566502463055 232.09359605911348 224) (1107.516129032258 223.80645161290326 224) (1107.516129032258 223.8064516129033 136) 
4 310 1417 (1952 216 0) (1936 216 0) (1936 704 0) (1952 703.8840579710145 0) 
4 310 387 (1936 216 0) (1952 216 0) (1952 216 240) (1936 216 240) 
4 310 311 (1936 704 0) (1936 688 0) (1936 688 240) (1936 704 240) 
4 311 1418 (1616.435294117647 690.3156862745097 0) (1633.7529411764706 706.1901960784314 0) (1936 704 0) (1936 688 0) 
4 312 1420 (1936 216 0) (1895.786476868327 216 0) (1895.9999999999998 276 0) (1936 276 0) 
5 312 1419 (1467.1666666666667 276 0) (1326.7022332506203 424.72704714640207 0) (1616.435294117647 690.3156862745097 0) (1936 688 0) (1936 276 0) 
6 312 398 (1565.3333333333335 216 0) (1704 216 0) (1704 216 159.99999999999994) (1664.3809523809496 216 200) (1600 216 200) (1565.3333333333335 216 159.99999999999994) 
4 312 388 (1836 216 0) (1936 216 0) (1936 216 240) (1836 216 240) 
4 312 313 (1351.0000000000002 398.9999999999997 0) (1523.8333333333333 216 -0) (1523.8333333333333 216 240) (1351.0000000000002 398.9999999999998 240) 
3 313 1419 (1422.4193548387098 276 0) (1351.0000000000002 398.99999999999983 0) (1467.1666666666667 276 0) 
4 313 314 (1386.9999999999995 337.000000000001 0) (1457.258064516129 216 -0) (1457.258064516129 216 240) (1386.9999999999995 337.000000000001 240) 
3 314 1419 (1404.7916666666665 276 0) (1386.9999999999995 337.0000000000011 0) (1422.4193548387098 276 0) 
4 314 315 (1408 264.9999999999996 0) (1422.2916666666665 216 -0) (1422.2916666666665 216 240) (1408 264.9999999999996 240) 
4 315 371 (1410 233.00000000000028 0) (1419.7142857142858 216 -0) (1419.7142857142858 216 240) (1410 233.00000000000028 240) 
4 316 344 (1212.3548387096773 265.741935483871 224) (1357.9999999999998 324 224) (1357.9999999999998 324 240) (1212.3548387096773 265.741935483871 240) 
6 316 321 (1358 324 224) (1212.3548387096776 265.74193548387103 224) (1188.7416267942583 290.74415986490305 224) (1291 392 224) (1303.2579439252338 403.23644859813095 224) (1325.9999999999998 380.0000000000004 224) 
3 316 318 (1188.7416267942583 290.74415986490305 224) (1184.9354838709678 294.7741935483872 224) (1291 392 224) 
4 316 317 (1197.000000000001 281.9999999999989 224) (1212.3548387096776 265.74193548387075 224) (1212.3548387096776 265.74193548387075 240) (1197.000000000001 281.9999999999989 240) 
4 317 344 (1207.8387096774195 263.9354838709678 224) (1212.3548387096773 265.741935483871 224) (1212.3548387096773 265.741935483871 240) (1207.8387096774195 263.9354838709678 240) 
3 317 321 (1212.3548387096776 265.74193548387103 224) (1207.8387096774195 263.9354838709678 224) (1197 282.0000000000002 224) 
4 318 374 (1107.5161290322585 223.8064516129034 224) (1107.5161290322585 223.8064516129034 136) (1120.7272727272727 229.09090909090912 136) (1120.7272727272727 229.09090909090912 224) 
4 318 347 (1120.7272727272727 229.09090909090912 136) (1130.375415282392 232.95016611295677 136) (1130.375415282392 232.95016611295677 224) (1120.7272727272727 229.09090909090912 224) 
4 318 321 (1290.999999999998 391.9999999999979 136) (1290.999999999998 391.999999999998 224) (1130.3754152823917 232.9501661129566 224) (1130.3754152823917 232.9501661129566 136) 
4 318 319 (1189 290.9999999999998 136) (1130.3754152823926 232.95016611295705 136) (1107.5161290322583 223.80645161290334 136) (1185.086956521739 294.9130434782607 136) 
4 319 375 (1107.5161290322585 223.8064516129034 56) (1107.5161290322585 223.8064516129034 16) (1120.7272727272727 229.0909090909091 16) (1120.7272727272727 229.0909090909091 56) 
4 319 374 (1107.5161290322585 223.8064516129034 136) (1107.5161290322585 223.8064516129034 56) (1120.7272727272727 229.0909090909091 56) (1120.7272727272727 229.09090909090912 136) 
4 319 347 (1120.7272727272727 229.0909090909091 16) (1130.375415282392 232.9501661129568 16) (1130.375415282392 232.95016611295677 136) (1120.7272727272727 229.09090909090912 136) 
4 319 343 (1130.3754152823917 232.9501661129566 128) (1130.3754152823917 232.95016611295662 16) (1136.5604838709671 239.07459677419303 16) (1136.5604838709673 239.07459677419317 128) 
4 319 332 (1136.5604838709671 239.07459677419303 16) (1188.9999999999998 290.99999999999994 16) (1188.9999999999998 290.9999999999999 112) (1136.5604838709673 239.07459677419317 112) 
4 319 327 (1188.9999999999998 290.9999999999999 112) (1188.9999999999998 290.9999999999999 120) (1136.5604838709673 239.07459677419317 120) (1136.5604838709673 239.07459677419317 112) 
4 319 323 (1188.9999999999998 290.9999999999999 120) (1188.9999999999998 290.9999999999999 128) (1136.5604838709673 239.07459677419317 128) (1136.5604838709673 239.07459677419317 120) 
4 319 321 (1188.9999999999998 290.9999999999999 136) (1130.3754152823917 232.9501661129566 136) (1130.3754152823917 232.9501661129566 128) (1188.9999999999998 290.9999999999999 128) 
4 319 320 (1185.086956521739 294.913043478261 16) (1189.000000000001 290.9999999999991 16) (1188.7416267942592 290.74415986490203 16) (1184.9354838709678 294.77419354838736 16) 
4 320 1422 (1184.9354838709678 294.77419354838725 0) (1185.086956521739 294.9130434782609 0) (1189 290.99999999999994 0) (1188.7416267942583 290.7441598649029 0) 
4 320 336 (1188.7416267942583 290.74415986490305 0) (1188.9999999999998 290.99999999999994 0) (1188.9999999999998 290.99999999999994 16) (1188.7416267942583 290.74415986490305 16) 
4 321 348 (1357.9999999999998 324 128) (1357.9999999999998 324 224) (1343.0000000000061 318.00000000000256 224) (1343.0000000000061 318.00000000000256 128) 
4 321 347 (1207.8387096774195 263.9354838709678 224) (1130.375415282392 232.95016611295677 224) (1130.375415282392 232.95016611295677 128) (1207.8387096774195 263.9354838709678 128) 
4 321 346 (1343.0000000000061 318.00000000000256 224) (1207.8387096774195 263.9354838709678 224) (1207.8387096774195 263.9354838709678 128) (1343.0000000000061 318.00000000000256 128) 
4 321 343 (1207.8387096774193 263.9354838709679 128) (1130.3754152823922 232.95016611295705 128) (1136.5604838709671 239.07459677419308 128) (1198.7628865979382 279.06185567010306 128) 
5 321 339 (1358 324.0000000000002 128) (1207.8387096774193 263.9354838709679 128) (1200 277.00000000000006 128) (1320.0000000000023 357.00000000000153 128) (1334 366 128) 
3 321 338 (1200 277.00000000000006 128) (1198.7628865979382 279.06185567010306 128) (1320.0000000000023 357.00000000000153 128) 
4 321 325 (1314.4841748703293 391.7661691542289 128) (1325.9999999999998 380.00000000000045 128) (1334 366 128) (1139.964179104478 241.2626865671644 128) 
3 321 324 (1314.1345794392525 392.1233644859813 128) (1314.4841748703293 391.7661691542289 128) (1302.0000000000023 381.000000000002 128) 
4 321 323 (1136.5604838709671 239.07459677419308 128) (1188.9999999999998 290.99999999999994 128) (1193 286.9999999999999 128) (1139.964179104478 241.2626865671644 128) 
4 321 322 (1303.0000000000002 403 128) (1303.2579439252338 403.2364485981309 128) (1314.1345794392525 392.1233644859813 128) (1314.0000000000002 392 128) 
4 322 326 (1303.0000000000002 403.00000000000006 120) (1303.2579439252338 403.23644859813095 120) (1314.1345794392525 392.1233644859813 120) (1314.0000000000002 392 120) 
4 323 343 (1139.9641791044778 241.26268656716428 128) (1136.5604838709683 239.07459677419388 128) (1136.5604838709683 239.07459677419388 120) (1139.9641791044778 241.26268656716428 120) 
4 323 327 (1139.9641791044792 241.2626865671654 120) (1136.5604838709683 239.0745967741941 120) (1189 290.99999999999994 120) (1193 286.9999999999999 120) 
4 323 325 (1139.9641791044778 241.2626865671641 128) (1139.9641791044778 241.2626865671641 120) (1193 286.9999999999998 120) (1193 286.9999999999998 128) 
4 324 325 (1301.9999999999998 380.99999999999955 120) (1314.4841748703293 391.7661691542288 120) (1314.4841748703293 391.7661691542288 128) (1301.9999999999998 380.9999999999996 128) 
4 325 343 (1198.7628865979382 279.0618556701031 128) (1139.9641791044778 241.26268656716428 128) (1139.9641791044778 241.26268656716428 120) (1198.7628865979382 279.0618556701031 120) 
4 325 339 (1334 366 120) (1334 366 128) (1320.0000000000027 357.0000000000017 128) (1320.0000000000027 357.0000000000017 120) 
4 325 338 (1320.0000000000027 357.0000000000017 128) (1198.7628865979382 279.0618556701031 128) (1198.7628865979382 279.0618556701031 120) (1320.0000000000027 357.0000000000017 120) 
3 325 330 (1199.1509433962262 279.3113207547171 120) (1139.9641791044792 241.2626865671654 120) (1193 286.9999999999999 120) 
4 325 329 (1334 366.0000000000002 120) (1199.1509433962262 279.3113207547171 120) (1197.6095238095238 281.2380952380952 120) (1326.0000000000002 379.99999999999983 120) 
3 325 328 (1197.6095238095238 281.2380952380952 120) (1197 282.00000000000006 120) (1313.0000000000382 370.0000000000291 120) 
3 326 331 (1303.0000000000002 403.00000000000006 112) (1303.2579439252338 403.23644859813095 112) (1326.0000000000002 379.99999999999983 112) 
4 327 343 (1139.9641791044778 241.26268656716428 120) (1136.5604838709683 239.07459677419388 120) (1136.5604838709683 239.07459677419388 112) (1139.9641791044778 241.26268656716428 112) 
4 327 332 (1139.9641791044792 241.2626865671654 112) (1136.5604838709683 239.0745967741941 112) (1189 290.99999999999994 112) (1193 286.99999999999994 112) 
4 327 330 (1139.9641791044787 241.26268656716456 112) (1193.0000000000002 286.9999999999997 112) (1193.0000000000002 286.9999999999998 120) (1139.9641791044792 241.2626865671652 120) 
4 328 330 (1197 282.00000000000006 112) (1197.6095238095238 281.23809523809524 112) (1197.6095238095238 281.2380952380952 120) (1197 282.00000000000006 120) 
4 328 329 (1197.6095238095243 281.23809523809564 120) (1197.6095238095243 281.23809523809564 112) (1313.000000000006 370.0000000000045 112) (1313.000000000006 370.0000000000045 120) 
4 329 339 (1334 366 112) (1334 366 120) (1320.000000000003 357.00000000000193 120) (1320.000000000003 357.00000000000193 112) 
4 329 338 (1320.000000000003 357.00000000000193 120) (1199.1509433962265 279.311320754717 120) (1199.1509433962265 279.311320754717 112) (1320.000000000003 357.00000000000193 112) 
4 329 330 (1197.6095238095238 281.23809523809524 112) (1199.1509433962265 279.311320754717 112) (1199.1509433962265 279.3113207547167 120) (1197.6095238095238 281.2380952380952 120) 
4 330 343 (1198.7628865979384 279.06185567010317 120) (1139.9641791044778 241.26268656716428 120) (1139.9641791044778 241.26268656716428 112) (1198.7628865979384 279.06185567010317 112) 
4 330 338 (1199.1509433962265 279.311320754717 120) (1198.7628865979384 279.06185567010317 120) (1198.7628865979384 279.06185567010317 112) (1199.1509433962265 279.311320754717 112) 
3 330 334 (1198.7628865979382 279.0618556701033 112) (1161.8297872340436 255.31914893617102 112) (1197 282 112) 
4 330 333 (1161.8297872340436 255.31914893617102 112) (1139.9641791044792 241.2626865671654 112) (1193 286.99999999999994 112) (1197 282 112) 
3 331 335 (1303.0000000000002 402.9999999999999 16) (1303.2579439252338 403.2364485981308 16) (1325.9999999999993 380.0000000000008 16) 
4 332 343 (1139.9641791044778 241.26268656716428 112) (1136.5604838709683 239.07459677419388 112) (1136.5604838709683 239.07459677419388 16) (1139.9641791044778 241.26268656716428 16) 
4 332 336 (1188.7416267942585 290.744159864903 16) (1189 290.9999999999999 16) (1193 286.9999999999999 16) (1192.601966292135 286.65674157303374 16) 
4 332 333 (1139.9641791044799 241.26268656716553 16) (1193.0000000000002 286.99999999999966 16) (1193.0000000000002 286.99999999999966 112) (1139.9641791044799 241.26268656716553 112) 
4 333 343 (1161.8297872340418 255.3191489361697 112) (1139.9641791044778 241.26268656716428 112) (1139.9641791044778 241.26268656716428 16) (1161.8297872340418 255.3191489361697 16) 
3 333 337 (1192.601966292135 286.65674157303386 16) (1193 287 16) (1197 282.00000000000006 16) 
4 333 334 (1161.8297872340443 255.3191489361713 16) (1197.0000000000002 281.9999999999999 16) (1197.0000000000002 281.9999999999999 112) (1161.8297872340447 255.31914893617164 112) 
4 334 343 (1198.7628865979384 279.0618556701032 112) (1161.8297872340418 255.3191489361697 112) (1161.8297872340418 255.3191489361697 16) (1198.7628865979384 279.0618556701032 16) 
3 335 1419 (1303 403.0000000000001 0) (1303.2579439252338 403.236448598131 0) (1326 379.9999999999999 0) 
4 336 1422 (1192.9999999999998 286.9999999999999 0) (1192.6019662921349 286.6567415730338 0) (1188.7416267942585 290.744159864903 0) (1189 290.99999999999994 0) 
4 336 337 (1193.0000000000002 286.99999999999983 16) (1192.601966292135 286.65674157303357 16) (1192.601966292135 286.65674157303357 0) (1193.0000000000002 286.99999999999983 0) 
3 337 1422 (1197 282.00000000000006 0) (1192.6019662921349 286.6567415730338 0) (1193 287 0) 
4 338 343 (1198.762886597938 279.0618556701029 128) (1198.762886597938 279.0618556701029 112) (1199.9999999999998 276.9999999999998 112) (1199.9999999999998 276.9999999999998 128) 
4 338 339 (1200 277.00000000000034 128) (1200 277.00000000000034 112) (1319.9999999999845 356.99999999999 112) (1319.9999999999845 356.99999999999005 128) 
4 339 348 (1357.9999999999998 324 104) (1357.9999999999998 324 128) (1343.000000000006 318.0000000000025 128) (1343.000000000006 318.0000000000025 104) 
4 339 346 (1343.000000000006 318.0000000000025 128) (1207.8387096774195 263.9354838709678 128) (1207.8387096774195 263.9354838709678 104) (1343.000000000006 318.0000000000025 104) 
4 339 343 (1207.838709677419 263.93548387096735 104) (1207.838709677419 263.93548387096735 128) (1199.9999999999998 276.9999999999998 128) (1199.9999999999998 276.9999999999998 104) 
5 339 342 (1358.0000000000005 323.99999999999955 104) (1207.8387096774186 263.9354838709669 104) (1205.999999999999 266.99999999999955 104) (1335.0000000000005 331.0000000000003 104) (1350 338.00000000000006 104) 
3 339 341 (1205.999999999999 266.99999999999955 104) (1204.218749999999 269.9687499999996 104) (1335.0000000000005 331.0000000000003 104) 
5 339 340 (1204.218749999999 269.9687499999996 104) (1202.9999999999993 271.9999999999995 104) (1328.000000000004 344.0000000000023 104) (1342 351.99999999999994 104) (1350 338.00000000000006 104) 
4 340 343 (1204.2187499999995 269.96874999999983 96) (1204.2187499999995 269.96874999999983 104) (1202.9999999999998 271.9999999999998 104) (1202.9999999999998 271.9999999999998 96) 
4 340 342 (1350 338 96) (1350 338 104) (1334.9999999999982 330.9999999999992 104) (1334.9999999999982 330.9999999999992 96) 
4 340 341 (1334.9999999999982 330.9999999999992 104) (1204.21875 269.96875 104) (1204.21875 269.96875 96) (1334.9999999999982 330.9999999999992 96) 
4 341 343 (1205.9999999999995 266.9999999999998 96) (1205.9999999999995 266.9999999999998 104) (1204.2187499999995 269.96874999999983 104) (1204.2187499999995 269.96874999999983 96) 
4 341 342 (1335.000000000008 331.00000000000375 96) (1335.000000000008 331.00000000000375 104) (1206.0000000000002 266.9999999999999 104) (1206.0000000000002 266.9999999999999 96) 
4 342 348 (1357.9999999999998 324 88) (1357.9999999999998 324 104) (1343.000000000006 318.0000000000025 104) (1343.000000000006 318.0000000000025 88) 
4 342 346 (1343.000000000006 318.0000000000025 104) (1207.8387096774195 263.9354838709678 104) (1207.8387096774195 263.9354838709678 88) (1343.000000000006 318.0000000000025 88) 
4 342 343 (1207.838709677419 263.93548387096735 88) (1207.838709677419 263.93548387096735 104) (1205.9999999999995 266.9999999999998 104) (1205.9999999999995 266.9999999999998 88) 
4 343 347 (1207.8387096774195 263.93548387096786 16) (1207.8387096774195 263.9354838709678 128) (1130.375415282392 232.95016611295677 128) (1130.375415282392 232.9501661129568 16) 
4 344 372 (1221.2093023255816 241.65116279069775 224) (1253.6470588235297 245.70588235294127 224) (1253.6470588235297 245.70588235294127 240) (1221.2093023255816 241.65116279069775 240) 
4 344 369 (1253.6470588235293 245.70588235294122 240) (1253.6470588235293 245.70588235294122 224) (1371.3982300884954 277.1061946902655 224) (1371.3982300884954 277.1061946902655 240) 
6 344 348 (1371.3982300884954 277.1061946902655 224) (1253.6470588235284 245.705882352941 224) (1221.2093023255813 241.6511627906976 224) (1209 262.00000000000006 224) (1342.9999999999995 317.9999999999999 224) (1358 324 224) 
3 344 346 (1209 262.00000000000006 224) (1207.8387096774195 263.93548387096774 224) (1342.9999999999995 317.9999999999999 224) 
4 344 345 (1209.0000000000005 261.99999999999835 224) (1221.2093023255811 241.65116279069753 224) (1221.2093023255811 241.65116279069753 240) (1209.0000000000005 261.99999999999835 240) 
4 345 372 (1215.1557788944724 240.8944723618091 224) (1221.2093023255816 241.65116279069775 224) (1221.2093023255816 241.65116279069775 240) (1215.1557788944724 240.8944723618091 240) 
3 345 348 (1221.2093023255813 241.6511627906976 224) (1215.1557788944724 240.894472361809 224) (1208.9999999999995 262.0000000000009 224) 
4 346 348 (1343.0000000000057 318.0000000000024 88) (1343.0000000000055 318.0000000000023 224) (1209.0000000000002 262 224) (1209 261.99999999999994 88) 
4 346 347 (1209 261.9999999999998 88) (1209 261.9999999999998 224) (1207.8387096774193 263.9354838709677 224) (1207.8387096774193 263.9354838709677 88) 
4 347 375 (1120.727272727273 229.09090909090918 56) (1120.727272727273 229.09090909090918 16) (1134.31847133758 230.78980891719755 16) (1134.31847133758 230.78980891719755 56) 
4 347 374 (1120.727272727273 229.09090909090918 224) (1120.727272727273 229.09090909090918 56) (1134.31847133758 230.78980891719755 56) (1134.31847133758 230.78980891719755 224) 
4 347 353 (1134.3184713375804 230.78980891719766 72) (1134.3184713375804 230.78980891719766 16) (1149.8823529411777 237.2941176470592 16) (1149.8823529411777 237.2941176470592 72) 
4 347 352 (1134.3184713375804 230.78980891719766 80) (1134.3184713375804 230.78980891719766 72) (1149.8823529411777 237.2941176470592 72) (1149.8823529411777 237.2941176470592 80) 
4 347 350 (1149.8823529411777 237.2941176470592 16) (1209 261.99999999999994 16) (1209 261.99999999999994 80) (1149.8823529411777 237.2941176470592 80) 
4 347 348 (1209.0000000000002 262 224) (1134.3184713375804 230.78980891719766 224) (1134.3184713375804 230.78980891719766 80) (1209 261.99999999999994 80) 
4 348 374 (1253.6470588235297 245.70588235294127 80) (1253.6470588235297 245.70588235294127 224) (1134.31847133758 230.78980891719755 224) (1134.31847133758 230.78980891719755 80) 
4 348 369 (1253.6470588235293 245.70588235294122 224) (1253.6470588235293 245.70588235294122 80) (1371.3982300884954 277.1061946902655 80) (1371.3982300884954 277.1061946902655 224) 
4 348 352 (1216.0000000000002 241.00000000000003 80) (1134.3184713375795 230.78980891719746 80) (1149.8823529411757 237.29411764705858 80) (1210.5000000000002 257.50000000000006 80) 
6 348 351 (1371.3982300884957 277.10619469026545 80) (1253.6470588235297 245.70588235294122 80) (1216.0000000000002 241.00000000000003 80) (1211.0000000000002 256.0000000000001 80) (1346.9999999999927 302.9999999999976 80) (1362.521739130435 308.1739130434783 80) 
3 348 350 (1149.8823529411757 237.29411764705858 80) (1209 262.0000000000001 80) (1210.5000000000002 257.50000000000006 80) 
3 348 349 (1358.0000000000002 324.0000000000001 80) (1362.521739130435 308.1739130434783 80) (1361.9999999999998 307.9999999999999 80) 
3 349 1419 (1358 324 0) (1362.5217391304348 308.17391304347825 0) (1361.9999999999998 307.99999999999994 0) 
4 349 359 (1361.9999999999998 307.99999999999994 64) (1361.9999999999998 307.9999999999999 0) (1362.5217391304348 308.17391304347825 0) (1362.5217391304348 308.17391304347825 64) 
4 349 355 (1361.9999999999998 307.99999999999994 72) (1361.9999999999998 307.99999999999994 64) (1362.5217391304348 308.17391304347825 64) (1362.5217391304348 308.17391304347825 72) 
4 349 351 (1362.5217391304348 308.17391304347825 80) (1361.9999999999998 307.99999999999994 80) (1361.9999999999998 307.99999999999994 72) (1362.5217391304348 308.17391304347825 72) 
4 350 353 (1149.8823529411789 237.2941176470597 72) (1149.8823529411789 237.2941176470597 16) (1210.5 257.50000000000006 16) (1210.5 257.50000000000006 72) 
4 350 352 (1210.5 257.50000000000006 80) (1149.8823529411789 237.2941176470597 80) (1149.8823529411789 237.2941176470597 72) (1210.5 257.50000000000006 72) 
4 351 374 (1253.6470588235297 245.70588235294127 72) (1253.6470588235297 245.70588235294127 80) (1216 241.00000000000006 80) (1216 241.00000000000006 72) 
4 351 369 (1253.6470588235293 245.70588235294122 80) (1253.6470588235293 245.70588235294122 72) (1371.3982300884954 277.1061946902655 72) (1371.3982300884954 277.1061946902655 80) 
5 351 357 (1371.3982300884957 277.10619469026545 72) (1253.6470588235297 245.70588235294122 72) (1216.0000000000002 241.00000000000003 72) (1214.547169811321 245.35849056603783 72) (1366.8688524590164 292.95901639344265 72) 
3 351 356 (1214.547169811321 245.35849056603783 72) (1213.0000000000002 250.00000000000006 72) (1350.9999999999993 287.99999999999983 72) 
3 351 355 (1362 307.99999999999994 72) (1362.5217391304348 308.1739130434782 72) (1366.000000000001 295.9999999999964 72) 
4 351 352 (1210.9999999999998 255.99999999999997 72) (1215.9999999999998 241 72) (1215.9999999999998 241 80) (1210.9999999999998 255.99999999999997 80) 
4 352 374 (1216 241.00000000000006 80) (1134.31847133758 230.78980891719755 80) (1134.31847133758 230.78980891719755 72) (1216 241.00000000000006 72) 
3 352 358 (1216.0000000000002 241.00000000000003 72) (1140.1666666666665 231.52083333333331 72) (1211.0000000000002 256.0000000000001 72) 
5 352 353 (1140.1666666666665 231.52083333333331 72) (1134.3184713375795 230.78980891719743 72) (1149.8823529411757 237.29411764705856 72) (1210.5000000000002 257.50000000000006 72) (1211.0000000000002 256.0000000000001 72) 
4 353 375 (1140.166666666667 231.52083333333343 16) (1140.166666666667 231.52083333333343 56) (1134.31847133758 230.78980891719755 56) (1134.31847133758 230.78980891719755 16) 
4 353 374 (1140.166666666667 231.52083333333343 56) (1140.166666666667 231.52083333333343 72) (1134.31847133758 230.78980891719755 72) (1134.31847133758 230.78980891719755 56) 
4 353 360 (1140.1666666666658 231.52083333333326 64) (1140.1666666666658 231.52083333333326 16) (1211 256.0000000000002 16) (1211 256.0000000000002 64) 
4 353 358 (1211 256.0000000000002 72) (1140.1666666666658 231.52083333333326 72) (1140.1666666666658 231.52083333333326 64) (1211 256.0000000000002 64) 
4 353 354 (1211 256.00000000000006 16) (1210.772891733927 255.9215140551072 16) (1210.3291139240507 257.4430379746835 16) (1210.5000000000002 257.49999999999994 16) 
4 354 361 (1211 256.00000000000017 16) (1210.772891733927 255.9215140551073 16) (1210.772891733927 255.9215140551073 0) (1211 256.00000000000017 0) 
3 355 359 (1362 308.00000000000006 64) (1362.5217391304348 308.1739130434783 64) (1366.000000000001 295.9999999999965 64) 
4 356 358 (1213 250.00000000000003 64) (1214.5471698113208 245.35849056603774 64) (1214.5471698113208 245.35849056603774 72) (1213 250.00000000000003 72) 
4 356 357 (1214.547169811321 245.3584905660378 72) (1214.547169811321 245.3584905660378 64) (1351.0000000000014 288.00000000000034 64) (1351.0000000000027 288.00000000000074 72) 
4 357 374 (1253.6470588235297 245.70588235294127 64) (1253.6470588235297 245.70588235294127 72) (1216 241.00000000000006 72) (1216 241.00000000000006 64) 
4 357 369 (1253.6470588235293 245.70588235294122 72) (1253.6470588235293 245.70588235294122 64) (1371.3982300884954 277.1061946902655 64) (1371.3982300884954 277.1061946902655 72) 
4 357 367 (1355.999999999995 272.999999999999 64) (1253.647058823527 245.70588235294088 64) (1216 241 64) (1214.9362637362638 244.1912087912088 64) 
3 357 364 (1371.3982300884954 277.10619469026574 64) (1370.9999999999998 277.0000000000002 64) (1367.9999999999993 289.0000000000019 64) 
4 357 358 (1214.5471698113208 245.35849056603774 64) (1216 241.00000000000003 64) (1216 241.00000000000003 72) (1214.5471698113208 245.35849056603774 72) 
4 358 374 (1216 241.00000000000006 72) (1140.166666666667 231.52083333333343 72) (1140.166666666667 231.52083333333343 64) (1216 241.00000000000006 64) 
3 358 367 (1216 241 64) (1172.977777777778 235.6222222222223 64) (1214.9362637362638 244.1912087912088 64) 
3 358 365 (1213.9999999999998 243.99999999999994 64) (1203.0325203252032 241.760162601626 64) (1213.8118811881186 245.12871287128706 64) 
5 358 362 (1172.977777777778 235.6222222222223 64) (1150.6506024096389 232.83132530120488 64) (1213 250 64) (1213.8118811881186 245.12871287128706 64) (1203.0325203252032 241.760162601626 64) 
4 358 360 (1150.6506024096389 232.83132530120488 64) (1140.166666666666 231.5208333333333 64) (1211 256.0000000000001 64) (1213 250 64) 
3 359 1419 (1362 308 0) (1362.5217391304348 308.17391304347825 0) (1366.000000000001 295.9999999999965 0) 
4 360 375 (1150.6506024096389 232.8313253012049 16) (1150.6506024096389 232.8313253012049 56) (1140.166666666667 231.52083333333343 56) (1140.166666666667 231.52083333333343 16) 
4 360 374 (1150.6506024096389 232.8313253012049 56) (1150.6506024096389 232.8313253012049 64) (1140.166666666667 231.52083333333343 64) (1140.166666666667 231.52083333333343 56) 
4 360 362 (1213 250 64) (1150.6506024096389 232.83132530120488 64) (1150.6506024096389 232.83132530120488 16) (1213 250 16) 
4 360 361 (1211 256 16) (1213 250.00000000000045 16) (1212.537171604248 249.8725544997209 16) (1210.772891733927 255.92151405510714 16) 
4 361 363 (1212.5371716042482 249.8725544997205 0) (1213 250 0) (1213 250 16) (1212.5371716042482 249.8725544997205 16) 
4 362 375 (1172.9777777777788 235.6222222222224 16) (1172.9777777777788 235.6222222222224 56) (1150.6506024096389 232.8313253012049 56) (1150.6506024096389 232.8313253012049 16) 
4 362 374 (1172.9777777777788 235.6222222222224 56) (1172.9777777777788 235.6222222222224 64) (1150.6506024096389 232.8313253012049 64) (1150.6506024096389 232.8313253012049 56) 
4 362 368 (1172.9777777777772 235.62222222222215 56) (1172.9777777777772 235.62222222222215 16) (1203.0325203252034 241.7601626016261 16) (1203.0325203252032 241.7601626016261 56) 
4 362 367 (1203.0325203252032 241.7601626016261 64) (1172.9777777777772 235.62222222222215 64) (1172.9777777777772 235.62222222222215 56) (1203.0325203252032 241.7601626016261 56) 
4 362 365 (1203.0325203252023 241.76016260162584 64) (1203.0325203252023 241.76016260162584 16) (1213.8118811881188 245.1287128712872 16) (1213.8118811881186 245.1287128712872 64) 
3 362 363 (1212.5371716042482 249.87255449972056 16) (1212.9999999999998 250 16) (1213.666666666666 246.00000000000242 16) 
4 364 370 (1371 277.00000000000006 56) (1371 277.00000000000006 16) (1371.3982300884954 277.1061946902655 16) (1371.3982300884954 277.1061946902655 56) 
4 364 369 (1371.3982300884954 277.1061946902655 64) (1371 277.00000000000006 64) (1371 277.00000000000006 56) (1371.3982300884954 277.1061946902655 56) 
3 364 366 (1371.3982300884957 277.10619469026545 16) (1371.0000000000002 277 16) (1367.9999999999998 289.00000000000034 16) 
4 365 368 (1203.0325203252032 241.7601626016261 56) (1203.0325203252034 241.7601626016261 16) (1214 244.00000000000003 16) (1214 244.00000000000006 56) 
4 365 367 (1214 244.00000000000006 64) (1203.0325203252032 241.7601626016261 64) (1203.0325203252032 241.7601626016261 56) (1214 244.00000000000006 56) 
3 366 1419 (1371.3982300884957 277.1061946902655 0) (1371.0000000000002 277.00000000000006 0) (1368 289.0000000000002 0) 
4 366 370 (1371 277.00000000000006 0) (1371.3982300884954 277.1061946902655 0) (1371.3982300884954 277.1061946902655 16) (1371 277.00000000000006 16) 
4 367 374 (1253.6470588235297 245.70588235294127 56) (1253.6470588235297 245.70588235294127 64) (1172.9777777777788 235.6222222222224 64) (1172.9777777777788 235.6222222222224 56) 
4 367 369 (1253.6470588235293 245.70588235294122 64) (1253.6470588235293 245.70588235294122 56) (1355.9999999999984 272.99999999999966 56) (1355.9999999999984 272.99999999999966 64) 
3 367 368 (1172.977777777784 235.622222222223 56) (1214 243.99999999999952 56) (1215.0399999999997 240.88 56) 
4 368 375 (1215.04 240.88000000000005 56) (1172.9777777777788 235.6222222222224 56) (1172.9777777777788 235.6222222222224 16) (1215.04 240.88000000000005 16) 
4 369 374 (1253.6470588235297 245.70588235294127 224) (1253.6470588235297 245.70588235294127 56) (1375.9999999999998 261.00000000000006 56) (1375.9999999999998 261.00000000000006 224) 
4 369 372 (1375.9999999999998 261.00000000000006 240) (1253.6470588235297 245.70588235294127 240) (1253.6470588235297 245.70588235294127 224) (1375.9999999999998 261.00000000000006 224) 
3 369 370 (1375.9999999999998 261.0000000000001 56) (1371 277.00000000000017 56) (1371.3982300884954 277.1061946902656 56) 
4 370 1419 (1371.3125 276 0) (1371 277 0) (1371.3982300884957 277.1061946902655 0) (1371.7142857142858 276 0) 
4 371 446 (1411.0625 216 0) (1413.3333333333358 216 0) (1413.3333333333358 216 16) (1411.0625 216 16) 
4 371 418 (1411.0625 216 208) (1411.0625 216 16) (1413.3333333333358 216 16) (1413.3333333333358 216 208) 
4 371 416 (1413.3333333333358 216 216) (1411.0625 216 216) (1411.0625 216 208) (1413.3333333333358 216 208) 
4 371 403 (1413.3333333333358 216 240) (1411.0625 216 240) (1411.0625 216 216) (1413.3333333333358 216 216) 
4 372 408 (1378.5 216 224) (1378.5 216 240) (1222.4166666666667 216 240) (1222.4166666666667 216 224) 
4 372 374 (1215.1557788944724 240.89447236180905 224) (1376 261 224) (1378.5 216 224) (1222.4166666666667 216 224) 
4 372 373 (1215.9999999999995 238.0000000000026 224) (1222.416666666667 216 224) (1222.416666666667 216 240) (1215.9999999999995 238.0000000000026 240) 
4 373 408 (1222.4166666666667 216 240) (1217.6296296296296 216 240) (1217.6296296296296 216 224) (1222.4166666666667 216 224) 
3 373 374 (1215.9999999999995 238.0000000000014 224) (1222.4166666666667 216 224) (1217.6296296296296 216 224) 
4 374 420 (1378.5 216 56) (1378.5 216 216) (1099 216 216) (1099 216 56) 
4 374 410 (1378.5 216 216) (1378.5 216 224) (1099 216 224) (1099 216 216) 
5 374 376 (1098.999999999999 216 56) (1105.405405405405 221.87162162162153 56) (1360.000000000001 259.0000000000001 56) (1376 261 56) (1378.5 216 56) 
5 374 375 (1105.405405405405 221.87162162162153 56) (1107.5161290322576 223.80645161290295 56) (1120.727272727273 229.09090909090912 56) (1215.04 240.88 56) (1216 237.99999999999997 56) 
4 375 386 (1105.4054054054056 221.8716216216217 24) (1105.4054054054056 221.8716216216217 16) (1115.1851085832468 223.29782833505686 16) (1115.1851085832468 223.29782833505686 24) 
4 375 385 (1105.4054054054056 221.8716216216217 32) (1105.4054054054056 221.8716216216217 24) (1115.1851085832468 223.29782833505686 24) (1115.1851085832468 223.29782833505686 32) 
4 375 383 (1105.4054054054056 221.8716216216217 40) (1105.4054054054056 221.8716216216217 32) (1115.1851085832468 223.29782833505686 32) (1115.1851085832468 223.29782833505686 40) 
4 375 382 (1115.1851085832468 223.29782833505686 16) (1126.8571428571427 225 16) (1126.8571428571427 225 40) (1115.1851085832468 223.29782833505686 40) 
4 375 381 (1105.4054054054056 221.8716216216217 48) (1105.4054054054056 221.8716216216217 40) (1126.8571428571427 225 40) (1126.8571428571427 225 48) 
4 375 378 (1126.8571428571427 225 16) (1155.2499999999998 229.14062499999997 16) (1155.2499999999998 229.14062499999997 48) (1126.8571428571427 225 48) 
4 375 377 (1155.2499999999998 229.14062499999997 16) (1216 238.00000000000003 16) (1216 238.00000000000003 48) (1155.2499999999998 229.14062499999997 48) 
4 375 376 (1216 238.00000000000003 56) (1105.4054054054056 221.8716216216217 56) (1105.4054054054056 221.8716216216217 48) (1216 238.00000000000003 48) 
4 376 420 (1378.5 216 48) (1378.5 216 56) (1099 216 56) (1099 216 48) 
5 376 381 (1099 216 48) (1105.4054054054059 221.871621621622 48) (1126.8571428571406 225 48) (1378.0000000000002 225 48) (1378.5000000000002 216 48) 
4 376 379 (1361.0000000000007 242.00000000000003 48) (1377.0000000000002 243 48) (1378.0000000000002 225 48) (1136.909090909091 225 48) 
5 376 378 (1126.8571428571406 225 48) (1155.2499999999961 229.14062499999974 48) (1216 232.9375 48) (1216 231 48) (1136.909090909091 225 48) 
3 376 377 (1155.2499999999961 229.14062499999974 48) (1216 238.00000000000028 48) (1216 232.9375 48) 
4 377 378 (1216 232.93749999999994 48) (1155.25 229.14062499999994 48) (1155.25 229.14062499999994 16) (1216 232.93749999999994 16) 
4 378 382 (1126.8571428571431 225 40) (1126.8571428571431 225 16) (1136.9090909090908 225 16) (1136.9090909090908 225 40) 
4 378 381 (1136.9090909090908 225 48) (1126.8571428571431 225 48) (1126.8571428571431 225 40) (1136.9090909090908 225 40) 
4 378 380 (1136.9090909090912 225 40) (1136.9090909090912 225 16) (1216 230.99999999999997 16) (1216 230.99999999999997 40) 
4 378 379 (1136.9090909090912 225 48) (1136.9090909090912 225 40) (1216 230.99999999999997 40) (1216 230.99999999999997 48) 
4 379 381 (1378 225 40) (1378 225 48) (1136.9090909090908 225 48) (1136.9090909090908 225 40) 
3 379 380 (1216.857142857143 225 40) (1136.9090909090937 225 40) (1216 230.99999999999977 40) 
4 380 382 (1216.857142857143 225 40) (1136.9090909090908 225 40) (1136.9090909090908 225 16) (1216.857142857143 225 16) 
4 381 420 (1378.5 216 40) (1378.5 216 48) (1099 216 48) (1099 216 40) 
6 381 383 (1099 216 40) (1105.4054054054054 221.8716216216215 40) (1115.1851085832477 223.29782833505686 40) (1362.0000000000018 225 40) (1378 225 40) (1378.5 216 40) 
4 381 382 (1115.1851085832477 223.29782833505686 40) (1126.8571428571431 225 40) (1216.857142857143 225 40) (1217 223.99999999999997 40) 
4 382 386 (1115.1851085832473 223.29782833505686 24) (1115.1851085832473 223.29782833505686 16) (1137.4135338345873 223.45112781954887 16) (1137.4135338345873 223.45112781954887 24) 
4 382 385 (1115.1851085832473 223.29782833505686 32) (1115.1851085832473 223.29782833505686 24) (1137.4135338345873 223.45112781954887 24) (1137.4135338345873 223.45112781954887 32) 
4 382 384 (1137.4135338345873 223.45112781954887 16) (1217 223.99999999999997 16) (1217 223.99999999999997 32) (1137.4135338345873 223.45112781954887 32) 
4 382 383 (1217 223.99999999999997 40) (1115.1851085832473 223.29782833505686 40) (1115.1851085832473 223.29782833505686 32) (1217 223.99999999999997 32) 
4 383 420 (1378.5 216 32) (1378.5 216 40) (1099 216 40) (1099 216 32) 
5 383 385 (1099 216 32) (1105.4054054054054 221.8716216216216 32) (1115.1851085832486 223.29782833505703 32) (1137.4135338345848 223.45112781954901 32) (1246.2000000000005 216 32) 
3 383 384 (1137.4135338345848 223.45112781954901 32) (1217 224.00000000000017 32) (1217 218.00000000000003 32) 
4 384 386 (1137.413533834586 223.4511278195489 24) (1137.413533834586 223.4511278195489 16) (1217 218 16) (1217 218 24) 
4 384 385 (1217 218 32) (1137.413533834586 223.4511278195489 32) (1137.413533834586 223.4511278195489 24) (1217 218 24) 
4 385 421 (1246.2000000000005 216 24) (1246.2000000000005 216 32) (1099 216 32) (1099 216 24) 
6 385 386 (1099 216 24) (1105.4054054054054 221.8716216216215 24) (1115.1851085832477 223.29782833505692 24) (1137.413533834584 223.4511278195489 24) (1217.0000000000002 217.99999999999986 24) (1217.2857142857144 216 24) 
4 386 423 (1217.2857142857144 216 24) (1099 216 24) (1099 216 16) (1217.2857142857144 216 16) 
4 387 1417 (1952 -560 0) (1936 -560 0) (1936 216 0) (1952 216 0) 
4 387 522 (1936 -560 0) (1952 -560 0) (1952 -560 240) (1936 -560 240) 
4 388 1420 (1936 -560 0) (1893.0249110320283 -560 0) (1895.786476868327 216 0) (1936 216 0) 
4 388 523 (1836 -560 0) (1936 -560 0) (1936 -560 240) (1836 -560 240) 
4 388 395 (1836 -528 0) (1836 -560 -0) (1836 -560 240) (1836 -528 240) 
6 388 393 (1836 -384 0) (1836 -528 0) (1836 -528 160) (1836 -488 200) (1836 -424 200) (1836 -384 160.00000000000003) 
4 388 391 (1836 0 0) (1836 -336 0) (1836 -336 240) (1836 0 240) 
6 388 389 (1836 192 0) (1836 48 0) (1836 48 160) (1836 88 200) (1836 152 200) (1836 192 160) 
6 390 397 (1804 184 0) (1804 48 0) (1804 48 160) (1804 80 192) (1804 160 192) (1804 184 168) 
4 392 477 (1804 -334 0) (1804 -336 0) (1804 -336 192) (1804 -334 192) 
4 392 474 (1804 -146 0) (1804 -334 0) (1804 -334 192) (1804 -146 192) 
4 392 466 (1804 -44 0) (1804 -146 0) (1804 -146 192) (1804 -44 192) 
4 392 458 (1804 -336 208) (1804 -336 240) (1804 -44 240) (1804 -44 208) 
4 392 397 (1804 0 0) (1804 -44 0) (1804 -44 192) (1804 0 192) 
4 392 396 (1804 -44 208) (1804 -44 240) (1804 0 240) (1804 0 208) 
4 393 395 (1833 -528 0) (1836 -528 -0) (1836 -528 160) (1833 -528 160) 
5 394 485 (1804 -416 0) (1804 -528 0) (1804 -528 160) (1804 -496 192) (1804 -416 192) 
4 394 477 (1804 -384 0) (1804 -416 0) (1804 -416 192) (1804 -384 160.00000000000003) 
4 395 523 (1833 -560 0) (1836 -560 0) (1836 -560 240) (1833 -560 240) 
4 396 458 (1804 -44 208) (1804 -44 240) (1704 -44 240) (1704 -44 208) 
4 396 400 (1704 -44 208) (1704 -44 240) (1704 184 240) (1704 184 208) 
4 397 466 (1704 -44 0) (1804 -44 -0) (1804 -44 192) (1704 -44 192) 
4 397 401 (1704 184 0) (1704 -44 -0) (1704 -44 192) (1704 184 192) 
6 399 401 (1565.3333333333335 184 159.99999999999994) (1565.3333333333335 184 -0) (1704 184 -0) (1704 184 159.99999999999994) (1672.3047619047597 184 192) (1593.0666666666666 184 192) 
4 400 458 (1704 -44 208) (1704 -44 240) (1640 -44 240) (1640 -44 208) 
4 400 435 (1565.3333333333335 -44 208) (1565.3333333333335 -44 216) (1565.3333333333335 -6 216) (1565.3333333333335 -6 208) 
4 400 424 (1565.3333333333335 -6 216) (1565.3333333333335 184 216) (1565.3333333333335 184 208) (1565.3333333333335 -6 208) 
4 400 402 (1565.3333333333335 -44 216) (1565.3333333333335 -44 240) (1565.3333333333335 184 240) (1565.3333333333335 184 216) 
4 401 488 (1565.3333333333335 -44 0) (1628 -44 0) (1628 -44 192) (1565.3333333333335 -44 192) 
4 401 473 (1628 -44 0) (1630 -44 0) (1630 -44 192) (1628 -44 192) 
4 401 467 (1630 -44 0) (1694 -44 0) (1694 -44 192) (1630 -44 192) 
4 401 466 (1694 -44 0) (1704 -44 0) (1704 -44 192) (1694 -44 192) 
4 401 445 (1565.3333333333335 184 0) (1565.3333333333335 -44 -0) (1565.3333333333335 -44 16) (1565.3333333333335 184 16) 
4 401 444 (1565.3333333333335 -44 16) (1565.3333333333335 -44 192) (1565.3333333333335 -6 192) (1565.3333333333335 -6 16) 
4 401 431 (1565.3333333333335 -6 192) (1565.3333333333335 184 192) (1565.3333333333335 184 16) (1565.3333333333335 -6 16) 
4 402 435 (1565.3333333333335 -6 216) (1565.3333333333335 -44 216) (1413.3333333333358 -44 216) (1413.3333333333358 -6 216) 
3 402 427 (1425.669724770642 184 216) (1429.1090999256137 184 216) (1429 183.55102040816323 216) 
5 402 424 (1565.3333333333335 184 216) (1565.3333333333335 -6 216) (1413.3333333333358 -6 216) (1413.3333333333358 119.07789115647205 216) (1429.1090999256137 184 216) 
4 402 413 (1413.3333333333358 96.47619047619196 216) (1413.3333333333358 -44 216) (1413.3333333333358 -44 228) (1413.3333333333358 96.47619047619196 228) 
4 402 411 (1413.3333333333358 -44 228) (1413.3333333333358 -44 240) (1413.3333333333358 96.47619047619196 240) (1413.3333333333358 96.47619047619196 228) 
4 402 405 (1413.3333333333358 184 216) (1413.3333333333358 96.47619047619196 216) (1413.3333333333358 96.47619047619196 228) (1413.3333333333358 184 228) 
4 402 404 (1413.3333333333358 96.47619047619196 228) (1413.3333333333358 96.47619047619196 240) (1413.3333333333358 184 240) (1413.3333333333358 184 228) 
4 403 416 (1411.0624999999998 216 216) (1413.3333333333358 216 216) (1413.3333333333358 185.6631622345905 216) (1412.9553675840023 185.71411865596014 216) 
4 403 405 (1412.9999999999998 184.99999999999994 216) (1413.3333333333358 184.9595959595956 216) (1413.3333333333358 184.9595959595956 228) (1412.9999999999998 184.99999999999994 228) 
4 403 404 (1413.3333333333358 184.9595959595956 228) (1413.3333333333358 184.9595959595956 240) (1412.9999999999998 184.99999999999994 240) (1412.9999999999998 184.99999999999994 228) 
4 404 411 (1413.3333333333358 96.47619047619173 228) (1413.3333333333358 96.47619047619173 240) (1345.6925064599482 57.82428940568461 240) (1345.6925064599482 57.82428940568461 228) 
4 404 409 (1345.6925064599482 57.82428940568501 228) (1345.6925064599482 57.82428940568501 240) (1355.6704795424546 95.97536295644483 240) (1355.6704795424546 95.97536295644485 228) 
4 404 407 (1355.6704795424546 95.97536295644483 240) (1362.9999999999998 123.99999999999959 240) (1362.9999999999998 123.99999999999962 228) (1355.6704795424546 95.97536295644485 228) 
3 404 406 (1393 111.0000000000002 228) (1384.6438356164383 80.08219178082189 228) (1365.518771331058 69.15358361774733 228) 
4 404 405 (1412.9999999999998 184.99999999999957 228) (1413.3333333333358 184.95959595959522 228) (1413.3333333333358 96.47619047619189 228) (1384.6438356164383 80.08219178082189 228) 
3 405 425 (1409.0000000000005 101.24489795918495 216) (1406.9556579326234 92.83180453292759 216) (1402.544120686092 90.31092610633816 216) 
3 405 424 (1413.3333333333358 119.0778911564721 216) (1413.3333333333358 96.47619047619189 216) (1406.9556579326234 92.83180453292759 216) 
4 405 413 (1391.1276595744675 83.78723404255281 216) (1413.3333333333358 96.47619047619173 216) (1413.3333333333358 96.47619047619173 228) (1391.1276595744675 83.78723404255281 228) 
4 405 412 (1384.6438356164383 80.08219178082179 216) (1391.1276595744675 83.78723404255281 216) (1391.1276595744675 83.78723404255281 228) (1384.6438356164383 80.08219178082179 228) 
4 405 406 (1384.6438356164385 80.08219178082209 216) (1384.6438356164385 80.08219178082209 228) (1393.0000000000002 111.00000000000047 228) (1393.0000000000002 111.00000000000047 216) 
4 406 412 (1365.518771331058 69.15358361774732 216) (1384.6438356164383 80.08219178082179 216) (1384.6438356164383 80.08219178082179 228) (1365.518771331058 69.15358361774732 228) 
4 407 409 (1355.6704795424548 95.97536295644554 228) (1355.6704795424548 95.97536295644554 240) (1323.0000000000007 64.00000000000097 240) (1323.0000000000007 64.00000000000097 228) 
4 408 410 (1217.6296296296296 216 224) (1378.5 216 224) (1380 189.00000000000145 224) (1218 211 224) 
4 409 411 (1345.6925064599482 57.82428940568461 228) (1345.6925064599482 57.82428940568461 240) (1276 17.99999999999997 240) (1276 17.999999999999975 228) 
4 410 575 (1056 145.79999999999995 224) (1056 208 224) (1056 208 216) (1056 145.79999999999998 216) 
4 410 574 (1056 -28.415384615384582 224) (1056 145.79999999999995 224) (1056 145.79999999999998 216) (1056 -28.415384615384596 216) 
4 410 541 (1056 208 224) (1056 216 224) (1056 216 216) (1056 208 216) 
6 410 434 (1234 -6 216) (1219.9999999999998 -14.000000000000064 216) (1157 -32.00000000000001 216) (1085 -36 216) (1056 -28.415384615384582 216) (1056 -6 216) 
5 410 430 (1276.0000000000002 18.000000000000156 216) (1234 -6 216) (1056 -6 216) (1056 184 216) (1149.8400000000001 184 216) 
4 410 429 (1277.3192203137623 19.291151796448197 216) (1276.0000000000002 18.000000000000156 216) (1149.8400000000001 184 216) (1164.7732110091558 184 216) 
5 410 428 (1378.6923076923076 184 216) (1363 123.99999999999993 216) (1323 63.99999999999983 216) (1277.3192203137623 19.291151796448197 216) (1164.7732110091558 184 216) 
5 410 420 (1056 216 216) (1378.5 216 216) (1380 189.0000000000001 216) (1378.6923076923076 184 216) (1056 184 216) 
4 411 415 (1306.1459754433833 -21.665757162346452 228) (1323.1200000000001 -44 228) (1323.1200000000001 -44 240) (1306.1459754433833 -21.66575716234645 240) 
4 411 414 (1295 -6.999999999999915 228) (1306.1459754433833 -21.665757162346452 228) (1306.1459754433833 -21.66575716234645 240) (1295 -6.999999999999911 240) 
5 411 413 (1323.1200000000006 -44 228) (1295.0000000000002 -6.999999999999702 228) (1391.1276595744673 83.78723404255256 228) (1413.3333333333358 96.47619047619162 228) (1413.3333333333358 -44 228) 
3 411 412 (1365.518771331058 69.1535836177471 228) (1391.1276595744673 83.78723404255256 228) (1349.0000000000002 44.0000000000002 228) 
4 412 413 (1391.1276595744685 83.78723404255334 216) (1391.1276595744685 83.78723404255334 228) (1348.9999999999995 43.99999999999955 228) (1348.9999999999995 43.99999999999955 216) 
3 413 437 (1297.814545454528 -10.703349282273429 216) (1295 -6.999999999999915 216) (1295.1726308485318 -6.836959754164459 216) 
5 413 435 (1413.3333333333358 -6 216) (1413.3333333333358 -44 216) (1323.1200000000001 -44 216) (1311.8229790560783 -29.13549875799768 216) (1333.847274689701 -6 216) 
3 413 426 (1345.6780775023963 -6 216) (1333.847274689701 -6 216) (1364.9999999999923 26.72448979590539 216) 
4 413 425 (1382.9399950409124 -6 216) (1345.6780775023963 -6 216) (1402.5441206860917 90.31092610633809 216) (1406.9556579326234 92.83180453292759 216) 
4 413 424 (1413.3333333333358 96.47619047619189 216) (1413.3333333333358 -6 216) (1382.9399950409124 -6 216) (1406.9556579326234 92.83180453292759 216) 
4 413 415 (1306.1459754433833 -21.665757162346466 216) (1323.1200000000001 -44 216) (1323.1200000000001 -44 228) (1306.1459754433833 -21.66575716234644 228) 
4 413 414 (1295 -6.99999999999994 216) (1306.1459754433833 -21.665757162346466 216) (1306.1459754433833 -21.66575716234644 228) (1295 -6.999999999999943 228) 
4 414 437 (1295 -6.999999999999943 216) (1297.8145454545286 -10.703349282274345 216) (1305.4449090955447 -21.87023484713268 216) (1233.0000000000002 -42.99999999999983 216) 
4 414 415 (1233.0000000000002 -42.99999999999983 216) (1306.145975443383 -21.665757162346548 216) (1306.145975443383 -21.665757162346548 240) (1233.0000000000002 -42.99999999999983 240) 
4 415 487 (1229.5714285714282 -44 216) (1236 -44 216) (1236 -44 240) (1229.5714285714282 -44 240) 
3 415 438 (1320.5662385321111 -44 216) (1229.5714285714282 -44 216) (1305.4449090955447 -21.87023484713268 216) 
4 415 435 (1323.1200000000001 -44 216) (1320.5662385321111 -44 216) (1311.0000000000048 -30.000000000007056 216) (1311.8229790560783 -29.1354987579977 216) 
4 416 418 (1413.3333333333358 216 208) (1413.3333333333358 185.6631622345905 208) (1412.9553675840025 185.7141186559601 208) (1411.0624999999998 216 208) 
4 417 428 (1395.0594213126324 184 216) (1380.2777777777778 184 216) (1380.2777777777778 184 208) (1395.0594213126324 184 208) 
4 417 420 (1380.2777777777776 184 208) (1380.2777777777776 184 216) (1379.9999999999998 188.99999999999997 216) (1379.9999999999998 188.99999999999997 208) 
4 417 419 (1395.0594213126324 184 208) (1380.2777777777778 184 208) (1380 188.99999999999997 208) (1395.7852280335512 187.0866390262362 208) 
4 418 446 (1411.0624999999998 216 16) (1413.3333333333358 216 16) (1413.3333333333358 184.95959595959565 16) (1412.9999999999998 185 16) 
4 418 419 (1413.3333333333358 184.95959595959556 16) (1413.3333333333358 184.95959595959556 208) (1412.9999999999998 184.99999999999991 208) (1412.9999999999998 184.99999999999991 16) 
4 419 448 (1413.3333333333358 184.95959595959565 16) (1413.3333333333358 184 16) (1380.2777777777778 184 16) (1380 188.99999999999997 16) 
4 419 432 (1380.2777777777778 184 16) (1411.9999999999998 184 16) (1411.9999999999998 184 208) (1380.2777777777778 184 208) 
4 419 431 (1411.9999999999998 184 16) (1413.3333333333358 184 16) (1413.3333333333358 184 192) (1411.9999999999998 184 192) 
4 419 422 (1379.9999999999998 188.99999999999997 16) (1380.2777777777776 184 16) (1380.2777777777776 184 24) (1379.9999999999998 188.99999999999997 24) 
4 419 421 (1380.2777777777776 184 24) (1380.2777777777776 184 32) (1379.9999999999998 188.99999999999997 32) (1379.9999999999998 188.99999999999997 24) 
4 419 420 (1380.2777777777776 184 32) (1380.2777777777776 184 208) (1379.9999999999998 188.99999999999997 208) (1379.9999999999998 188.99999999999997 32) 
4 420 578 (1056 208 192) (1056 208 32) (1056 184 32) (1056 184 192) 
4 420 575 (1056 184 216) (1056 208 216) (1056 208 192) (1056 184 192) 
4 420 541 (1056 208 216) (1056 216 216) (1056 216 32) (1056 208 32) 
4 420 432 (1380.2777777777778 184 32) (1380.2777777777778 184 208) (1056 184 208) (1056 184 32) 
4 420 430 (1149.84 184 216) (1056 184 216) (1056 184 208) (1149.84 184 208) 
4 420 429 (1164.773211009156 184 216) (1149.84 184 216) (1149.84 184 208) (1164.773211009156 184 208) 
4 420 428 (1380.2777777777778 184 208) (1380.2777777777778 184 216) (1164.773211009156 184 216) (1164.773211009156 184 208) 
5 420 421 (1056 216 32) (1246.2000000000005 216 32) (1379.0053475935829 206.90374331550802 32) (1380.2777777777778 184 32) (1056 184 32) 
4 421 578 (1056 208 24) (1056 184 24) (1056 184 32) (1056 208 32) 
4 421 541 (1056 216 32) (1056 216 24) (1056 208 24) (1056 208 32) 
4 421 432 (1380.2777777777778 184 24) (1380.2777777777778 184 32) (1056 184 32) (1056 184 24) 
4 421 423 (1056 216 24) (1217.2857142857144 216 24) (1221.8571428571431 184 24) (1056 184 24) 
5 421 422 (1380.0000000000002 188.99999999999994 24) (1380.2777777777778 184 24) (1221.8571428571431 184 24) (1218.0000000000002 211 24) (1363.9999999999986 192.00000000000023 24) 
3 422 448 (1380.0000000000002 188.99999999999994 16) (1380.2777777777778 184 16) (1378.6923076923076 184 16) 
3 422 447 (1380.0000000000002 188.99999999999994 16) (1218 211 16) (1363.9999999999986 192.00000000000023 16) 
4 422 432 (1221.8571428571431 184 16) (1380.2777777777778 184 16) (1380.2777777777778 184 24) (1221.8571428571431 184 24) 
4 422 423 (1218.0000000000005 211 16) (1221.8571428571431 184 16) (1221.8571428571431 184 24) (1218.0000000000002 211 24) 
4 423 578 (1056 208 16) (1056 184 16) (1056 184 24) (1056 208 24) 
4 423 541 (1056 216 24) (1056 216 16) (1056 208 16) (1056 208 24) 
4 423 432 (1056 184 16) (1221.8571428571431 184 16) (1221.8571428571431 184 24) (1056 184 24) 
4 424 435 (1565.3333333333335 -6 208) (1565.3333333333335 -6 216) (1382.9399950409127 -6 216) (1382.9399950409127 -6 208) 
4 424 427 (1429.109099925614 184 216) (1429.109099925614 184 208) (1429.0000000000002 183.55102040816323 208) (1429.0000000000002 183.55102040816323 216) 
4 424 425 (1409.0000000000005 101.24489795918487 208) (1382.9399950409127 -6 208) (1382.9399950409127 -6 216) (1409.0000000000005 101.24489795918473 216) 
4 425 435 (1382.9399950409127 -6 216) (1345.6780775023963 -6 216) (1345.6780775023963 -6 208) (1382.9399950409127 -6 208) 
4 425 426 (1365.0000000000111 26.724489795937345 208) (1345.6780775023963 -6 208) (1345.6780775023963 -6 216) (1364.9999999999925 26.72448979590566 216) 
4 426 435 (1345.6780775023963 -6 216) (1333.847274689701 -6 216) (1333.8472746896896 -6 208) (1345.6780775023963 -6 208) 
4 428 433 (1292 -2.1938775510239688 208) (1277.5832673528605 18.904724201634615 208) (1324.7529411764701 45.85882352941155 208) (1299.6929715497645 6.180538287127625 208) 
5 428 432 (1277.5832673528605 18.904724201634615 208) (1164.773211009156 184 208) (1395.0594213126324 184 208) (1385.011130682457 141.26762358055703 208) (1324.7529411764701 45.85882352941155 208) 
4 428 429 (1164.773211009156 184 216) (1164.773211009156 184 208) (1292.0000000000002 -2.1938775510236894 208) (1292.0000000000045 -2.1938775510298534 216) 
4 429 436 (1294.600733944952 -6 216) (1294.24 -6 216) (1294.24 -6 208) (1294.600733944952 -6 208) 
4 429 433 (1293.0166414523449 -4.390317700453785 208) (1276 18 208) (1277.5832673528605 18.90472420163462 208) (1293.2492141367243 -4.022077616852869 208) 
4 429 432 (1276 18 208) (1149.84 184 208) (1164.773211009156 184 208) (1277.5832673528605 18.90472420163462 208) 
4 429 430 (1149.84 184 216) (1149.84 184 208) (1276 18 208) (1276 17.999999999999986 216) 
4 430 575 (1056 145.80000000000004 216) (1056 184 216) (1056 184 208) (1056 145.80000000000004 208) 
4 430 574 (1056 -6 216) (1056 145.80000000000004 216) (1056 145.80000000000004 208) (1056 -6 208) 
4 430 434 (1234 -6 216) (1056 -6 216) (1056 -6 208) (1234 -6 208) 
5 430 432 (1234 -6 208) (1056 -6 208) (1056 184 208) (1149.84 184 208) (1276 18 208) 
5 431 453 (1413.3333333333358 -6 16) (1294.2399999999998 -6 16) (1293.0166414523449 -4.390317700453792 16) (1324.7529411764704 45.85882352941168 16) (1413.3333333333358 96.47619047619192 16) 
3 431 451 (1324.7529411764704 45.85882352941168 16) (1355.1509846827134 93.98905908096302 16) (1345.6925064599484 57.824289405684794 16) 
5 431 448 (1355.1509846827134 93.98905908096302 16) (1412 184 16) (1413.3333333333358 184 16) (1413.3333333333358 96.47619047619192 16) (1345.6925064599484 57.824289405684794 16) 
4 431 445 (1565.3333333333335 184 16) (1565.3333333333335 -6 16) (1413.3333333333358 -6 16) (1413.3333333333358 184 16) 
4 431 444 (1359.8571428571427 -6 16) (1565.3333333333335 -6 16) (1565.3333333333335 -6 192) (1359.8571428571427 -6 192) 
4 431 442 (1296.7222222222222 -6 16) (1359.8571428571427 -6 16) (1359.8571428571427 -6 192) (1296.7222222222222 -6 192) 
4 431 441 (1294.2399999999998 -6 16) (1296.7222222222222 -6 16) (1296.7222222222222 -6 192) (1294.2399999999998 -6 192) 
4 431 433 (1293.0166414523446 -4.390317700453586 192) (1324.75294117647 45.85882352941142 192) (1324.75294117647 45.85882352941144 16) (1293.0166414523446 -4.390317700453579 16) 
4 431 432 (1324.75294117647 45.85882352941142 192) (1411.9999999999995 184 192) (1411.9999999999995 184 16) (1324.75294117647 45.85882352941144 16) 
4 432 578 (1056 184 192) (1056 184 16) (1056 145.80000000000004 16) (1056 145.80000000000004 192) 
4 432 576 (1056 145.80000000000004 16) (1056 -6 16) (1056 -6 192) (1056 145.80000000000004 192) 
4 432 575 (1056 184 208) (1056 184 192) (1056 145.80000000000004 192) (1056 145.80000000000004 208) 
4 432 574 (1056 145.80000000000004 192) (1056 -6 192) (1056 -6 208) (1056 145.80000000000004 208) 
3 432 452 (1322.9999999999998 63.99999999999988 16) (1302.3846153846152 33.07692307692288 16) (1275.9999999999998 17.999999999999762 16) 
4 432 451 (1363 124.00000000000013 16) (1355.1509846827134 93.9890590809629 16) (1324.7529411764704 45.858823529411524 16) (1302.3846153846152 33.07692307692288 16) 
3 432 448 (1378.6923076923076 184 16) (1412 184 16) (1355.1509846827134 93.9890590809629 16) 
4 432 434 (1056 -6 16) (1234 -6 16) (1234.0000000000002 -6 208) (1056 -6 208) 
4 432 433 (1324.75294117647 45.8588235294111 16) (1324.75294117647 45.858823529411104 208) (1276 17.9999999999998 208) (1276.0000000000002 17.9999999999998 16) 
3 433 453 (1276 17.999999999999925 16) (1324.7529411764704 45.858823529411524 16) (1293.0166414523449 -4.390317700453785 16) 
4 434 576 (1056 -6 192) (1056 -6 16) (1056 -28.41538461538458 16) (1056 -28.415384615384582 192) 
4 434 574 (1056 -28.415384615384582 216) (1056 -6 216) (1056 -6 192) (1056 -28.415384615384582 192) 
4 435 438 (1311.0000000000002 -29.999999999999847 208) (1320.5662385321116 -44 208) (1320.5662385321116 -44 216) (1311.000000000005 -30.000000000006857 216) 
4 436 439 (1294.2399999999998 -6 208) (1294.600733944952 -6 208) (1295.0137668644074 -6.604465470201882 208) (1294.799295774648 -6.735915492957668 208) 
4 436 437 (1295 -6.999999999999851 208) (1295.2033544931378 -6.881923197532706 208) (1295.2033544931378 -6.881923197532706 216) (1295 -6.999999999999853 216) 
3 437 440 (1238.020920502092 -41.535564853556465 208) (1233 -42.999999999999964 208) (1283.000000000001 -13.967741935483335 208) 
4 437 438 (1233.0000000000007 -42.999999999999574 208) (1305.4449090955443 -21.87023484713274 208) (1305.4449090955443 -21.87023484713274 216) (1233.0000000000007 -42.999999999999574 216) 
4 438 487 (1236 -44 216) (1229.5714285714284 -44 216) (1229.5714285714284 -44 208) (1236 -44 208) 
3 438 443 (1234 -44 208) (1229.5714285714284 -44 208) (1238.0209205020922 -41.535564853556416 208) 
3 439 441 (1294.7992957746478 -6.735915492957785 192) (1294.24 -6 192) (1296 -6 192) 
4 440 443 (1238.0209205020924 -41.535564853556195 208) (1233.0000000000005 -42.999999999999694 208) (1233.0000000000005 -42.999999999999694 192) (1238.0209205020924 -41.53556485355619 192) 
3 440 442 (1238.0209205020933 -41.53556485355568 192) (1233.0000000000014 -42.99999999999917 192) (1283.000000000001 -13.967741935483314 192) 
3 441 453 (1294.2399999999998 -6 16) (1296.7222222222222 -6 16) (1294.9999999999998 -7.000000000000041 16) 
4 441 442 (1296.7222222222222 -6 16) (1296.7222222222222 -6 192) (1294.9999999999998 -7.000000000000037 192) (1294.9999999999998 -7.0000000000000355 16) 
3 442 456 (1306.1459754433833 -21.66575716234647 16) (1233 -42.999999999999964 16) (1294.9999999999998 -7.000000000000043 16) 
4 442 453 (1296.7222222222222 -6 16) (1359.8571428571427 -6 16) (1306.1459754433833 -21.66575716234647 16) (1294.9999999999998 -7.000000000000043 16) 
4 442 444 (1359.8571428571422 -6 16) (1359.8571428571422 -6 192) (1233.0000000000005 -42.9999999999997 192) (1233.0000000000005 -42.9999999999997 16) 
4 443 487 (1234 -44 208) (1229.5714285714284 -44 208) (1229.5714285714284 -44 192) (1234 -44 192) 
3 443 444 (1229.571428571427 -44 192) (1238.0209205020933 -41.53556485355567 192) (1234 -44 192) 
4 444 488 (1236 -44 16) (1565.3333333333335 -44 16) (1565.3333333333335 -44 192) (1236 -44 192) 
4 444 487 (1229.5714285714284 -44 16) (1236 -44 16) (1236 -44 192) (1229.5714285714284 -44 192) 
3 444 457 (1323.1200000000001 -44 16) (1229.5714285714284 -44 16) (1306.1459754433833 -21.665757162346463 16) 
5 444 453 (1413.3333333333358 -44 16) (1323.1200000000001 -44 16) (1306.1459754433833 -21.665757162346463 16) (1359.8571428571427 -6 16) (1413.3333333333358 -6 16) 
4 444 445 (1565.3333333333335 -6 16) (1565.3333333333335 -44 16) (1413.3333333333358 -44 16) (1413.3333333333358 -6 16) 
4 445 488 (1413.3333333333358 -44 0) (1565.3333333333335 -44 0) (1565.3333333333335 -44 16) (1413.3333333333358 -44 16) 
4 445 454 (1413.3333333333358 -44 -0) (1413.3333333333358 -44 8) (1413.3333333333358 96.47619047619196 8) (1413.3333333333358 96.47619047619196 0) 
4 445 453 (1413.3333333333358 -44 8) (1413.3333333333358 -44 16) (1413.3333333333358 96.47619047619196 16) (1413.3333333333358 96.47619047619196 8) 
4 445 449 (1413.3333333333358 184 8) (1413.3333333333358 184 0) (1413.3333333333358 96.47619047619196 0) (1413.3333333333358 96.47619047619196 8) 
4 445 448 (1413.3333333333358 96.47619047619196 16) (1413.3333333333358 184 16) (1413.3333333333358 184 8) (1413.3333333333358 96.47619047619196 8) 
4 446 449 (1413.3333333333358 184.95959595959553 -0) (1413.3333333333358 184.95959595959553 8) (1412.9999999999998 184.9999999999999 8) (1412.9999999999998 184.9999999999999 0) 
4 446 448 (1413.3333333333358 184.95959595959553 8) (1413.3333333333358 184.95959595959553 16) (1412.9999999999998 184.9999999999999 16) (1412.9999999999998 184.9999999999999 8) 
4 448 453 (1413.3333333333358 96.47619047619172 8) (1413.3333333333358 96.47619047619172 16) (1345.6925064599482 57.82428940568453 16) (1345.6925064599482 57.82428940568454 8) 
4 448 451 (1362.9999999999998 123.99999999999962 8) (1345.6925064599482 57.824289405684894 8) (1345.6925064599482 57.824289405684894 16) (1362.9999999999998 123.9999999999996 16) 
3 448 450 (1384.6438356164383 80.08219178082182 8) (1365.518771331058 69.15358361774732 8) (1393 111.00000000000007 8) 
4 448 449 (1413.3333333333358 96.47619047619182 8) (1384.6438356164383 80.08219178082182 8) (1413 185.00000000000003 8) (1413.3333333333358 184.9595959595957 8) 
4 449 454 (1413.3333333333358 96.47619047619172 -0) (1413.3333333333358 96.47619047619172 8) (1384.6438356164383 80.08219178082174 8) (1384.6438356164383 80.08219178082174 0) 
4 449 450 (1384.6438356164385 80.08219178082203 -0) (1384.6438356164385 80.08219178082203 8) (1393.0000000000002 111.00000000000041 8) (1393.0000000000002 111.00000000000041 0) 
4 450 454 (1384.6438356164383 80.08219178082174 8) (1365.5187713310577 69.15358361774715 8) (1365.5187713310577 69.15358361774715 0) (1384.6438356164383 80.08219178082174 0) 
4 451 453 (1345.6925064599482 57.82428940568453 16) (1302.3846153846152 33.07692307692289 16) (1302.3846153846152 33.076923076922895 8) (1345.6925064599482 57.82428940568454 8) 
4 451 452 (1322.999999999999 63.999999999999 8) (1302.3846153846148 33.07692307692268 8) (1302.3846153846148 33.07692307692268 16) (1322.999999999999 63.999999999999005 16) 
4 452 453 (1302.3846153846152 33.07692307692289 16) (1275.9999999999998 17.999999999999687 16) (1275.9999999999998 17.99999999999973 8) (1302.3846153846152 33.076923076922895 8) 
4 453 488 (1413.3333333333358 -44 8) (1413.3333333333358 -44 16) (1323.1200000000001 -44 16) (1323.12 -44 8) 
4 453 457 (1306.1459754433833 -21.665757162346452 8) (1323.1200000000001 -44 8) (1323.1200000000001 -44 16) (1306.1459754433833 -21.66575716234645 16) 
4 453 456 (1295 -6.999999999999915 8) (1306.1459754433833 -21.665757162346452 8) (1306.1459754433833 -21.66575716234645 16) (1295 -6.999999999999911 16) 
3 453 455 (1306.0012642225036 -21.475347661188145 8) (1295.0000000000002 -6.999999999999728 8) (1349.0000000000005 44.0000000000004 8) 
5 453 454 (1323.1200000000006 -44 8) (1306.0012642225036 -21.475347661188145 8) (1365.5187713310581 69.15358361774724 8) (1413.3333333333358 96.47619047619166 8) (1413.3333333333358 -44 8) 
4 454 488 (1323.12 -44 0) (1413.3333333333358 -44 0) (1413.3333333333358 -44 8) (1323.12 -44 8) 
4 454 457 (1306.1459754433833 -21.665757162346416 0) (1323.1200000000001 -44 -0) (1323.1200000000001 -44 8) (1306.1459754433833 -21.665757162346413 8) 
4 454 456 (1306.0012642225033 -21.475347661188344 0) (1306.1459754433833 -21.665757162346416 0) (1306.1459754433833 -21.665757162346413 8) (1306.0012642225033 -21.475347661188337 8) 
4 454 455 (1306.0012642225029 -21.475347661188152 -0) (1306.0012642225029 -21.475347661188152 8) (1348.9999999999989 43.99999999999909 8) (1348.9999999999989 43.99999999999909 0) 
4 455 456 (1295 -6.999999999999897 0) (1306.0012642225033 -21.475347661188344 0) (1306.0012642225033 -21.475347661188337 8) (1295 -6.999999999999892 8) 
4 456 457 (1306.145975443383 -21.66575716234655 -0) (1306.145975443383 -21.66575716234655 16) (1233 -42.99999999999996 16) (1233 -42.99999999999996 0) 
4 457 488 (1236 -44 0) (1323.12 -44 0) (1323.1200000000001 -44 16) (1236 -44 16) 
4 457 487 (1229.5714285714282 -44 0) (1236 -44 0) (1236 -44 16) (1229.5714285714282 -44 16) 
4 458 465 (1640 -416 208) (1640 -528 208) (1640 -528 240) (1640 -416 240) 
4 458 463 (1640 -300 208) (1640 -404 208) (1640 -404 240) (1640 -300 240) 
4 458 462 (1640 -172 208) (1640 -288 208) (1640 -288 240) (1640 -172 240) 
4 458 460 (1640 -56 208) (1640 -160 208) (1640 -160 240) (1640 -56 240) 
4 458 459 (1640 -528 240) (1640 -528 208) (1801 -528 208) (1801 -528 240) 
4 459 465 (1640 -528 208) (1640 -560 208) (1640 -560 240) (1640 -528 240) 
4 461 489 (1628 -56 208) (1628 -160 208) (1628 -160 240) (1628 -56 240) 
4 462 489 (1628 -172 208) (1628 -288 208) (1628 -288 240) (1628 -172 240) 
4 464 506 (1628 -336 208) (1628 -404 208) (1628 -404 240) (1628 -336 240) 
4 464 499 (1628 -324 208) (1628 -336 208) (1628 -336 240) (1628 -324 240) 
4 464 489 (1628 -300 208) (1628 -324 208) (1628 -324 240) (1628 -300 240) 
4 465 516 (1628 -416 208) (1628 -560 208) (1628 -560 240) (1628 -416 240) 
4 466 474 (1804 -146 -0) (1804 -146 192) (1694 -146 192) (1694 -146 0) 
4 466 470 (1694 -97.99999999999983 190) (1694 -82 190) (1694 -82 0) (1694 -97.99999999999984 0) 
4 466 469 (1694 -146 -0) (1694 -146 190) (1694 -130.00000000000017 190) (1694 -130.00000000000017 0) 
4 466 468 (1694 -146 190) (1694 -146 192) (1694 -82 192) (1694 -82 190) 
4 466 467 (1694 -82 192) (1694 -44 192) (1694 -44 -0) (1694 -82 0) 
4 467 473 (1630 -82 192) (1630 -44 192) (1630 -44 -0) (1630 -82 0) 
4 467 472 (1630 -82 190) (1630 -82 -0) (1645.9999999999998 -82 0) (1645.9999999999998 -82 190) 
4 467 470 (1678.0000000000002 -82 0) (1694 -82 -0) (1694 -82 190) (1678.0000000000002 -82 190) 
4 467 468 (1630 -82 192) (1630 -82 190) (1694 -82 190) (1694 -82 192) 
4 468 476 (1660 -146 192) (1630 -146 192) (1630 -146 190) (1660 -146 190) 
4 468 475 (1668 -146 192) (1660 -146 192) (1660 -146 190) (1668 -146 190) 
4 468 474 (1694 -146 192) (1668 -146 192) (1668 -146 190) (1694 -146 190) 
4 468 473 (1630 -146 190) (1630 -146 192) (1630 -82 192) (1630 -82 190) 
3 468 472 (1630 -97.99999999999983 190) (1630 -82 190) (1645.9999999999998 -82 190) 
3 468 471 (1630 -146 190) (1630 -130.00000000000017 190) (1645.9999999999998 -146 190) 
3 468 470 (1678.0000000000002 -82 190) (1694 -82 190) (1694 -97.99999999999984 190) 
3 468 469 (1694 -130.00000000000017 190) (1694 -146 190) (1678.0000000000002 -146 190) 
4 469 474 (1678.0000000000002 -146 0) (1694 -146 0) (1694 -146 190) (1678.0000000000002 -146 190) 
4 471 476 (1630 -146 190) (1630 -146 0) (1645.9999999999998 -146 0) (1645.9999999999998 -146 190) 
4 471 473 (1630 -146 -0) (1630 -146 190) (1630 -130.00000000000017 190) (1630 -130.00000000000017 0) 
4 472 473 (1630 -97.99999999999983 190) (1630 -82 190) (1630 -82 0) (1630 -97.99999999999984 0) 
4 473 489 (1628 -56 0) (1628 -146 0) (1628 -146 192) (1628 -56 192) 
4 473 488 (1628 -44 192) (1628 -44 -0) (1628 -56 0) (1628 -56 192) 
4 473 476 (1630 -146 192) (1628 -146 192) (1628 -146 -0) (1630 -146 0) 
4 474 480 (1678 -334 0) (1694 -334 0) (1694 -334 190) (1678 -334 190) 
4 474 478 (1694 -334 192) (1668 -334 192) (1668 -334 190) (1694 -334 190) 
4 474 477 (1804 -334 -0) (1804 -334 192) (1694 -334 192) (1694 -334 0) 
4 474 475 (1668 -146 192) (1668 -146 40) (1668 -334 40) (1668 -334 192) 
4 475 478 (1668 -334 192) (1660 -334 192) (1660 -334 190) (1668 -334 190) 
4 475 476 (1660 -146 192) (1660 -146 40) (1660 -334 40) (1660 -334 192) 
4 476 499 (1628 -324 0) (1628 -334 0) (1628 -334 192) (1628 -324 192) 
4 476 489 (1628 -146 0) (1628 -324 0) (1628 -324 192) (1628 -146 192) 
4 476 484 (1630 -334 192) (1628 -334 192) (1628 -334 -0) (1630 -334 0) 
4 476 482 (1630 -334 190) (1630 -334 0) (1646.0000000000002 -334 0) (1646.0000000000002 -334 190) 
4 476 478 (1660 -334 192) (1630 -334 192) (1630 -334 190) (1660 -334 190) 
4 477 485 (1804 -416 -0) (1804 -416 192) (1694 -416 192) (1694 -416 0) 
4 477 483 (1694 -398 0) (1694 -416 -0) (1694 -416 192) (1694 -398 192) 
4 477 480 (1694 -334 190) (1694 -334 -0) (1694 -350 0) (1694 -350 190) 
4 477 479 (1694 -381.99999999999994 0) (1694 -398 0) (1694 -398 190) (1694 -381.99999999999994 190) 
4 477 478 (1694 -334 192) (1694 -334 190) (1694 -398 190) (1694 -398 192) 
4 478 484 (1630 -334 192) (1630 -334 190) (1630 -398 190) (1630 -398 192) 
4 478 483 (1630 -398 192) (1630 -398 190) (1694 -398 190) (1694 -398 192) 
3 478 482 (1630 -350.00000000000006 190) (1630 -334 190) (1646.0000000000002 -334 190) 
3 478 481 (1645.9999999999998 -398 190) (1630 -398 190) (1630 -382.0000000000002 190) 
3 478 480 (1678 -334 190) (1694 -334 190) (1694 -350 190) 
3 478 479 (1694 -398 190) (1677.9999999999998 -398 190) (1694 -381.99999999999994 190) 
4 479 483 (1677.9999999999998 -398 0) (1694 -398 -0) (1694 -398 190) (1677.9999999999998 -398 190) 
4 481 484 (1630 -382.0000000000002 0) (1630 -398 0) (1630 -398 190) (1630 -382.0000000000002 190) 
4 481 483 (1630 -398 190) (1630 -398 -0) (1645.9999999999998 -398 0) (1645.9999999999998 -398 190) 
4 482 484 (1630 -334 190) (1630 -334 -0) (1630 -350.00000000000006 0) (1630 -350.00000000000006 190) 
4 483 485 (1694 -416 192) (1630 -416 192) (1630 -416 0) (1694 -416 0) 
4 483 484 (1630 -398 0) (1630 -416 -0) (1630 -416 192) (1630 -398 192) 
4 484 514 (1628 -404 0) (1628 -416 0) (1628 -416 192) (1628 -404 192) 
4 484 506 (1628 -336 0) (1628 -404 0) (1628 -404 192) (1628 -336 192) 
4 484 499 (1628 -334 0) (1628 -336 0) (1628 -336 192) (1628 -334 192) 
4 484 485 (1630 -416 192) (1628 -416 192) (1628 -416 -0) (1630 -416 0) 
4 485 517 (1628 -416 0) (1628 -528 0) (1628 -528 192) (1628 -416 192) 
4 485 486 (1801 -528 192) (1628 -528 192) (1628 -528 -0) (1801 -528 0) 
10 486 525 (1632 -560 0) (1772 -560 0) (1772 -560 164.00000000000017) (1752.0000000000002 -560 176.00000000000006) (1732.000000000001 -560 183.9999999999998) (1712 -560 188) (1692 -560 188) (1672 -560 184) (1651.9999999999993 -560 175.99999999999972) (1632 -560 164.00000000000014) 
4 486 517 (1628 -528 0) (1628 -560 -0) (1628 -560 192) (1628 -528 192) 
4 487 496 (1188.4285714285713 -56 0) (1192 -56 0) (1192 -56 240) (1188.4285714285713 -56 240) 
4 487 488 (1192 -56 192) (1192 -56 -0) (1236 -44 -0) (1236 -44 192) 
4 488 497 (1288.9999999999998 -56 0) (1392 -56 0) (1392 -56 192) (1288.9999999999998 -56 192) 
4 488 496 (1192 -56 0) (1288.9999999999998 -56 0) (1288.9999999999998 -56 192) (1192 -56 192) 
4 488 490 (1392 -56 0) (1456 -56 0) (1456 -56 192) (1392 -56 192) 
4 488 489 (1456 -56 0) (1628 -56 -0) (1628 -56 192) (1456 -56 192) 
4 489 499 (1456 -324 0) (1628 -324 -0) (1628 -324 240) (1456 -324 240) 
4 489 495 (1456 -144 0) (1456 -324 -0) (1456 -324 240) (1456 -144 240) 
4 489 492 (1456 -80 0) (1456 -96 0) (1456 -96 240) (1456 -80 240) 
4 489 491 (1456 -128.00000000000017 0) (1456 -144 0) (1456 -144 240) (1456 -128.00000000000017 240) 
4 489 490 (1456 -56 240) (1456 -56 -0) (1456 -80 0) (1456 -80 240) 
4 490 497 (1392 -56 240) (1392 -56 -0) (1392 -80 0) (1392 -80 240) 
4 490 494 (1392 -80 240) (1392 -80 -0) (1408 -80 0) (1408 -80 240) 
4 490 492 (1440 -80 0) (1456 -80 -0) (1456 -80 240) (1440 -80 240) 
4 491 495 (1440.0000000000002 -144 0) (1456 -144 -0) (1456 -144 240) (1440.0000000000002 -144 240) 
4 493 497 (1392 -128.00000000000003 0) (1392 -144 0) (1392 -144 240) (1392 -128.00000000000003 240) 
4 493 495 (1392 -144 240) (1392 -144 -0) (1408 -144 0) (1408 -144 240) 
4 494 497 (1392 -80 0) (1392 -96.00000000000009 0) (1392 -96.00000000000009 240) (1392 -80 240) 
4 495 499 (1392 -324 0) (1456 -324 0) (1456 -324 240) (1392 -324 240) 
4 495 498 (1392 -153.05405405405403 0) (1392 -324 -0) (1392 -324 240) (1392 -153.05405405405403 240) 
4 495 497 (1392 -144 0) (1392 -153.05405405405403 0) (1392 -153.05405405405403 240) (1392 -144 240) 
4 496 497 (1161 -63.99999999999995 0) (1288.9999999999993 -56 -0) (1288.9999999999993 -56 240) (1161 -63.99999999999995 240) 
4 497 498 (1081 -68.99999999999999 0) (1392 -153.054054054054 -0) (1392 -153.054054054054 240) (1081 -68.99999999999999 240) 
4 498 504 (1068 -324 4) (1068 -324 192) (1068 -256 192) (1068 -256 4) 
4 498 503 (1068 -65.48648648648646 0) (1068 -256 0) (1068 -256 192) (1068 -65.48648648648646 192) 
4 498 501 (1068 -324 192) (1068 -324 -0) (1200 -324 0) (1200 -324 192) 
4 498 500 (1200 -324 0) (1212 -324 0) (1212 -324 192) (1200 -324 192) 
4 498 499 (1212 -324 0) (1392 -324 0) (1392 -324 240) (1212 -324 240) 
4 499 512 (1212 -336 0) (1392 -336 0) (1392 -336 240) (1212 -336 240) 
4 499 510 (1392 -336 0) (1408.0000000000002 -336 0) (1408.0000000000002 -336 240) (1392 -336 240) 
4 499 508 (1440 -336 0) (1456 -336 0) (1456 -336 240) (1440 -336 240) 
4 499 506 (1456 -336 0) (1628 -336 -0) (1628 -336 240) (1456 -336 240) 
4 499 500 (1212 -324 192) (1212 -324 -0) (1212 -336 -0) (1212 -336 192) 
4 500 513 (1200 -336 0) (1212 -336 0) (1212 -336 192) (1200 -336 192) 
4 500 501 (1200 -324 192) (1200 -324 -0) (1200 -336 -0) (1200 -336 192) 
4 501 519 (1068 -336 0) (1200 -336 0) (1200 -336 192) (1068 -336 192) 
4 501 505 (1068 -336 4) (1068 -336 192) (1068 -324 192) (1068 -324 4) 
3 502 503 (1056 -64 192) (1056 -62.24324324324321 192) (1062.5000000000002 -64 192) 
6 503 596 (1056 -96 0) (1056 -208 0) (1056 -208 127.99999999999999) (1056 -176 160) (1056 -128 160) (1056 -96 128) 
4 503 504 (1068 -256 4) (1068 -256 192) (1056 -256 192) (1056 -256 4) 
7 504 599 (1056 -324 4) (1056 -324 148) (1056 -310.85714285714283 148) (1056 -292.57142857142856 144) (1056 -274.2857142857144 136.00000000000003) (1056 -256 123.99999999999999) (1056 -256 4) 
4 504 505 (1056 -324 192) (1056 -324 4) (1068 -324 4) (1068 -324 192) 
5 505 599 (1056 -336 4) (1056 -336 146.5) (1056 -329.1428571428571 148) (1056 -324 148) (1056 -324 4) 
4 505 520 (1056 -336 192) (1056 -336 4) (1068 -336 4) (1068 -336 192) 
4 506 514 (1456 -404 0) (1628 -404 -0) (1628 -404 192) (1456 -404 192) 
4 506 511 (1456 -400 0) (1456 -404 -0) (1456 -404 240) (1456 -400 240) 
4 506 508 (1456 -336 240) (1456 -336 -0) (1456 -351.99999999999994 0) (1456 -352 240) 
4 506 507 (1456 -384.0000000000002 0) (1456 -400 0) (1456 -400 240) (1456 -384.0000000000002 240) 
4 507 511 (1440.0000000000002 -400 0) (1456 -400 -0) (1456 -400 240) (1440.0000000000002 -400 240) 
4 509 512 (1392 -384.00000000000017 0) (1392 -400 0) (1392 -400 240) (1392 -384.00000000000017 240) 
4 509 511 (1392 -400 240) (1392 -400 -0) (1407.9999999999998 -400 0) (1407.9999999999998 -400 240) 
4 510 512 (1392 -336 240) (1392 -336 -0) (1392 -352.00000000000017 0) (1392 -352.00000000000017 240) 
4 511 514 (1392 -404 0) (1456 -404 0) (1456 -404 192) (1392 -404 192) 
4 511 512 (1392 -400 0) (1392 -404 -0) (1392 -404 240) (1392 -400 240) 
4 512 514 (1212 -404 0) (1392 -404 0) (1392 -404 192) (1212 -404 192) 
4 512 513 (1212 -336 192) (1212 -336 -0) (1212 -404 -0) (1212 -404 192) 
4 513 519 (1200 -336 192) (1200 -336 -0) (1200 -404 0) (1200 -404 192) 
4 513 515 (1200 -404 192) (1200 -404 -0) (1212 -404 0) (1212 -404 192) 
4 514 517 (1212 -416 0) (1628 -416 -0) (1628 -416 192) (1212 -416 192) 
4 514 515 (1212 -404 192) (1212 -404 -0) (1212 -416 -0) (1212 -416 192) 
4 515 519 (1200 -404 0) (1200 -416 0) (1200 -416 192) (1200 -404 192) 
4 515 517 (1200 -416 192) (1200 -416 -0) (1212 -416 0) (1212 -416 192) 
4 516 518 (1200 -560 208) (1200 -560 240) (1200 -416 240) (1200 -416 208) 
6 517 528 (1250.6666666666667 -560 0) (1389.3333333333335 -560 0) (1389.3333333333335 -560 159.99999999999983) (1357.638095238095 -560 192) (1278.4000000000003 -560 192) (1250.6666666666667 -560 159.99999999999994) 
6 517 526 (1441.3333333333335 -560 0) (1580 -560 0) (1580 -560 159.9999999999998) (1548.3047619047616 -560 192) (1469.0666666666668 -560 192) (1441.3333333333335 -560 159.99999999999983) 
4 517 519 (1200 -416 0) (1200 -560 -0) (1200 -560 192) (1200 -416 192) 
4 518 595 (1056 -544 240) (1056 -432 240) (1056 -432 208) (1056 -544 208) 
4 518 530 (1056 -560 240) (1056 -560 208) (1198.666666666667 -560 208) (1198.666666666667 -560 240) 
4 519 531 (1068 -560 0) (1198.666666666667 -560 0) (1198.666666666667 -560 192) (1068 -560 192) 
4 519 521 (1068 -560 -0) (1068 -560 192) (1068 -384 192) (1068 -384 0) 
4 519 520 (1068 -384 192) (1068 -336 192) (1068 -336 4) (1068 -384 4) 
6 520 599 (1056 -384 4) (1056 -384 123.99999999999994) (1056 -365.7142857142857 135.99999999999997) (1056 -347.42857142857144 144) (1056 -336 146.5) (1056 -336 4) 
4 520 521 (1068 -384 4) (1068 -384 192) (1056 -384 192) (1056 -384 4) 
6 521 600 (1056 -432 0) (1056 -544 0) (1056 -544 127.99999999999999) (1056 -512 160) (1056 -464 160) (1056 -432 127.99999999999999) 
4 521 531 (1056 -560 192) (1056 -560 -0) (1068 -560 0) (1068 -560 192) 
4 522 1417 (1952 -592 0) (1936 -592 0) (1936 -560 0) (1952 -560 0) 
4 522 1170 (1936 -592 0) (1952 -592 0) (1952 -592 240) (1936 -592 240) 
4 523 1420 (1936 -592 0) (1892.9110320284697 -592 0) (1893.0249110320283 -560 0) (1936 -560 0) 
4 523 1172 (1833 -592 0) (1836 -592 0) (1836 -592 240) (1833 -592 240) 
4 523 1171 (1836 -592 0) (1936 -592 0) (1936 -592 240) (1836 -592 240) 
4 523 524 (1833 -576 0) (1833 -592 -0) (1833 -592 240) (1833 -576 240) 
4 524 1172 (1804 -592 0) (1833 -592 0) (1833 -592 240) (1804 -592 240) 
10 525 1179 (1632 -592 0) (1772 -592 0) (1772 -592 164.00000000000014) (1752.0000000000005 -592 175.99999999999991) (1732.000000000001 -592 183.99999999999974) (1711.9999999999995 -592 188) (1692 -592 188) (1672 -592 184) (1651.9999999999993 -592 175.99999999999972) (1632 -592 164.00000000000014) 
4 527 1181 (1456 -592 16) (1456 -592 176.9230769230768) (1441.3333333333335 -592 159.99999999999994) (1441.3333333333335 -592 16) 
4 527 1180 (1472 -592 4) (1472 -592 195.38461538461536) (1456 -592 176.9230769230768) (1456 -592 4) 
6 527 1179 (1472 -592 0) (1580 -592 0) (1580 -592 159.9999999999998) (1540.380952380952 -592 200) (1476 -592 200) (1472 -592 195.38461538461536) 
3 529 1193 (1264 -592 160) (1264 -592 175.38461538461522) (1250.6666666666667 -592 159.99999999999994) 
4 529 1192 (1280 -592 148) (1280 -592 193.84615384615367) (1264 -592 175.38461538461522) (1264 -592 148) 
5 529 1191 (1296 -592 136) (1296 -592 200) (1285.3333333333335 -592 200) (1280 -592 193.84615384615367) (1280 -592 136) 
4 529 1190 (1312 -592 124) (1312 -592 200) (1296 -592 200) (1296 -592 124) 
4 529 1189 (1328 -592 112) (1328 -592 200) (1312 -592 200) (1312 -592 112) 
4 529 1188 (1344 -592 100) (1344 -592 200) (1328 -592 200) (1328 -592 100) 
5 529 1187 (1360 -592 88) (1360 -592 189.6153846153845) (1349.7142857142856 -592 200) (1344 -592 200) (1344 -592 88) 
4 529 1186 (1376 -592 76) (1376 -592 173.4615384615384) (1360 -592 189.6153846153845) (1360 -592 76) 
4 529 1185 (1389.3333333333335 -592 64) (1389.3333333333335 -592 159.99999999999983) (1376 -592 173.4615384615384) (1376 -592 64) 
4 530 1197 (1198.666666666667 -592 240) (1056 -592 240) (1056 -592 208) (1198.666666666667 -592 208) 
4 531 1198 (1056 -592 0) (1198.666666666667 -592 0) (1198.666666666667 -592 192) (1056 -592 192) 
4 532 1421 (1056 710.3768115942025 0) (1056 694.3768115942025 0) (780 696.3768115942029 0) (780 712.3768115942029 0) 
4 532 554 (780 712.3768115942025 0) (780 696.3768115942025 0) (780 696.3768115942028 168) (780 712.3768115942028 168) 
4 532 552 (780 696.3768115942028 168) (780 696.3768115942029 240) (780 712.3768115942029 240) (780 712.3768115942028 168) 
4 533 1422 (1056 694.3768115942025 0) (1056 505.2916666666665 0) (780 424.79166666666663 0) (780 696.3768115942029 0) 
4 533 555 (780 696.3768115942025 0) (780 424.7916666666665 0) (780 424.7916666666666 168) (780 696.3768115942028 168) 
4 533 553 (780 424.7916666666666 168) (780 424.79166666666663 240) (780 696.3768115942029 240) (780 696.3768115942028 168) 
4 533 551 (780 424.7916666666667 16) (780 424.7916666666667 -0) (840.8851963746222 442.54984894259815 0) (840.8851963746222 442.54984894259815 16) 
4 533 548 (1005.903771052903 490.68026655709673 0) (1007.0000000000001 491.00000000000006 0) (1007.0000000000002 491.00000000000006 16) (1005.903771052903 490.68026655709673 16) 
4 533 547 (970.6651751331905 480.40234274718057 0) (1005.903771052903 490.68026655709673 0) (1005.903771052903 490.68026655709673 16) (970.6651751331905 480.40234274718057 16) 
4 533 546 (840.8851963746222 442.54984894259815 0) (970.6651751331905 480.40234274718057 0) (970.6651751331905 480.40234274718057 16) (840.8851963746222 442.54984894259815 16) 
4 533 545 (780 424.7916666666667 240) (780 424.7916666666667 16) (878.4914425427872 453.51833740831296 16) (878.4914425427872 453.51833740831296 240) 
4 533 544 (878.4914425427872 453.51833740831296 16) (913.5482303955587 463.7432338653713 16) (913.5482303955587 463.7432338653713 240) (878.4914425427872 453.51833740831296 240) 
4 533 539 (1005.903771052903 490.68026655709673 16) (1007.0000000000001 491.00000000000006 16) (1007 490.99999999999994 224) (1005.903771052903 490.6802665570967 224) 
4 533 538 (970.6651751331906 480.40234274718057 16) (1005.903771052903 490.68026655709673 16) (1005.903771052903 490.6802665570967 224) (970.6651751331906 480.40234274718057 224) 
4 533 537 (913.5482303955587 463.7432338653713 16) (970.6651751331906 480.40234274718057 16) (970.6651751331906 480.40234274718057 224) (913.5482303955587 463.7432338653713 224) 
4 533 536 (1007 490.99999999999994 240) (1005.903771052903 490.6802665570967 240) (1005.903771052903 490.68026655709673 224) (1007.0000000000001 491.00000000000006 224) 
4 533 535 (1005.903771052903 490.6802665570967 240) (970.6651751331906 480.40234274718057 240) (970.6651751331906 480.40234274718057 224) (1005.903771052903 490.68026655709673 224) 
4 533 534 (970.6651751331906 480.40234274718057 240) (913.5482303955587 463.7432338653713 240) (913.5482303955587 463.7432338653713 224) (970.6651751331906 480.40234274718057 224) 
4 534 544 (913.5482303955584 463.74323386537117 240) (913.5482303955584 463.74323386537117 224) (902.5049389889597 421.5188843695522 224) (902.5049389889597 421.5188843695522 240) 
4 534 542 (902.5049389889597 421.5188843695522 224) (900.0469649401883 412.1207483007207 224) (900.0469649401883 412.1207483007207 240) (902.5049389889597 421.5188843695522 240) 
3 534 537 (900.0469649401884 412.1207483007208 224) (913.5482303955587 463.7432338653716 224) (970.665175133191 480.4023427471811 224) 
4 534 535 (944.8230854637602 455.41531628991794 224) (970.6651751331901 480.4023427471804 224) (970.6651751331901 480.4023427471804 240) (944.8230854637602 455.41531628991794 240) 
3 535 538 (944.8230854637607 455.41531628991817 224) (970.665175133191 480.4023427471811 224) (1005.9037710529044 490.68026655709747 224) 
4 535 536 (976 473.4153162899182 224) (1005.9037710529025 490.68026655709656 224) (1005.9037710529025 490.68026655709656 240) (976 473.4153162899182 240) 
4 536 539 (976 473.41531628991805 224) (1005.9037710529044 490.68026655709747 224) (1007.0000000000011 491.0000000000007 224) (976.179581015192 473.1042728475308 224) 
3 537 546 (900.0469649401886 412.120748300721 16) (913.5482303955586 463.7432338653711 16) (970.6651751331901 480.40234274718034 16) 
4 537 544 (913.5482303955584 463.74323386537117 224) (913.5482303955584 463.74323386537117 16) (902.5049389889597 421.5188843695522 16) (902.5049389889597 421.5188843695522 224) 
4 537 542 (902.5049389889597 421.5188843695522 16) (900.0469649401883 412.1207483007207 16) (900.0469649401883 412.1207483007207 224) (902.5049389889597 421.5188843695522 224) 
4 537 538 (970.6651751331906 480.4023427471807 224) (944.8230854637607 455.4153162899182 224) (944.8230854637609 455.41531628991834 16) (970.6651751331906 480.40234274718057 16) 
3 538 547 (944.8230854637603 455.41531628991805 16) (970.6651751331901 480.40234274718034 16) (1005.9037710529026 490.6802665570965 16) 
4 538 539 (976 473.4153162899182 16) (1005.9037710529025 490.68026655709656 16) (1005.9037710529024 490.6802665570965 224) (976 473.4153162899182 224) 
4 539 548 (975.9999999999999 473.4153162899181 16) (1005.9037710529026 490.6802665570965 16) (1006.9999999999998 490.99999999999983 16) (976.1795810151918 473.10427284753075 16) 
4 540 541 (1056 277.0769230769226 224) (916.9999999999987 384.00000000000057 224) (916.9999999999987 384.00000000000057 16) (1056 277.0769230769227 16) 
4 541 578 (1056 208 16) (1056 208 192) (1031.9999999999998 208 192) (1031.9999999999998 208 16) 
4 541 575 (1056 208 192) (1056 208 224) (1031.9999999999998 208 224) (1031.9999999999998 208 192) 
4 541 572 (1031.9999999999998 208 224) (862.8333333333334 208 224) (862.8333333333334 208 16) (1031.9999999999998 208 16) 
4 542 546 (902.5049389889599 421.5188843695526 16) (900.0469649401886 412.120748300721 16) (891.3610708891532 403.72225316218965 16) (890.9999999999999 403.9999999999999 16) 
4 542 544 (902.5049389889597 421.51888436955244 240) (902.5049389889597 421.51888436955244 16) (890.9999999999999 404 16) (890.9999999999999 404 240) 
3 543 550 (828.4374999999999 240 16) (820.7837837837837 240 16) (827 263 16) 
4 543 545 (826.9999999999999 262.9999999999999 16) (820.7837837837837 240 16) (820.7837837837837 240 240) (826.9999999999999 262.99999999999994 240) 
3 544 549 (890.9999999999999 403.9999999999999 16) (846.9999999999999 336.99999999999966 16) (869.564543889845 420.48881239242684 16) 
5 544 546 (878.4914425427871 453.5183374083128 16) (913.5482303955586 463.7432338653711 16) (902.5049389889599 421.5188843695526 16) (890.9999999999999 403.9999999999999 16) (869.564543889845 420.48881239242684 16) 
4 544 545 (878.4914425427871 453.5183374083126 240) (878.4914425427871 453.5183374083126 16) (846.9999999999999 336.9999999999998 16) (846.9999999999999 336.9999999999998 240) 
4 545 555 (780 424.7916666666666 168) (780 424.7916666666665 16) (780 240 16) (780 240 168) 
4 545 553 (780 240 240) (780 424.79166666666663 240) (780 424.7916666666666 168) (780 240 168) 
5 545 551 (780 240 16) (780 424.7916666666665 16) (840.8851963746224 442.54984894259803 16) (869.564543889845 420.48881239242684 16) (820.7837837837837 240 16) 
3 545 546 (840.8851963746224 442.54984894259803 16) (878.4914425427871 453.5183374083128 16) (869.564543889845 420.48881239242684 16) 
3 546 1422 (891.3610708891533 403.72225316218965 0) (840.8851963746224 442.54984894259815 0) (970.6651751331902 480.4023427471804 0) 
4 546 551 (869.5645438898449 420.4888123924266 16) (840.885196374622 442.54984894259815 16) (840.885196374622 442.54984894259815 -0) (869.5645438898449 420.4888123924266 0) 
4 546 549 (891 403.99999999999966 16) (869.5645438898449 420.4888123924266 16) (869.5645438898449 420.4888123924266 0) (891 403.99999999999966 0) 
4 546 547 (944.8230854637596 455.4153162899176 0) (970.6651751331901 480.4023427471807 -0) (970.6651751331901 480.4023427471807 16) (944.8230854637596 455.4153162899176 16) 
3 547 1422 (944.8230854637605 455.41531628991817 0) (970.6651751331902 480.4023427471804 0) (1005.9037710529026 490.6802665570965 0) 
4 547 548 (976 473.4153162899182 0) (1005.9037710529024 490.6802665570965 -0) (1005.9037710529024 490.6802665570965 16) (976 473.4153162899182 16) 
4 548 1422 (976.179581015192 473.1042728475308 0) (976 473.4153162899181 0) (1005.9037710529026 490.6802665570965 0) (1006.9999999999997 490.99999999999983 0) 
3 549 1422 (869.564543889845 420.4888123924269 0) (891 403.99999999999994 0) (847 336.9999999999999 0) 
4 549 551 (869.564543889845 420.4888123924266 16) (869.564543889845 420.4888123924266 -0) (847 337 0) (847 337 16) 
3 550 1423 (828.4374999999999 240 0) (820.7837837837837 240 0) (827 262.99999999999994 0) 
4 550 551 (827 262.9999999999999 0) (820.7837837837837 240 -0) (820.7837837837837 240 16) (827 262.99999999999994 16) 
4 551 1423 (780 240 0) (780 276 0) (830.5135135135134 276 0) (820.7837837837837 240 0) 
5 551 1422 (780 276 0) (780 424.79166666666663 0) (840.8851963746224 442.54984894259815 0) (869.564543889845 420.4888123924269 0) (830.5135135135134 276 0) 
4 551 555 (780 424.7916666666665 0) (780 240 0) (780 240 16) (780 424.7916666666665 16) 
4 552 618 (736 712.695652173913 168) (736 696.6956521739125 168) (736 696.6956521739131 240) (736 712.695652173913 240) 
4 552 554 (780 712.3768115942025 168) (780 696.3768115942025 168) (736 696.6956521739131 168) (736 712.695652173913 168) 
4 553 623 (736 696.6956521739125 168) (736 240 168) (736 240 240) (736 696.6956521739131 240) 
4 553 555 (780 696.3768115942025 168) (780 240 168) (736 240 168) (736 696.6956521739131 168) 
4 554 1421 (736 696.6956521739131 0) (736 712.695652173913 0) (780 712.3768115942025 0) (780 696.3768115942025 0) 
4 554 618 (736 712.695652173913 0) (736 696.6956521739125 0) (736 696.6956521739131 168) (736 712.695652173913 168) 
4 555 1423 (736 240 0) (736 276 0) (780 276 0) (780 240 0) 
4 555 1422 (736 276 0) (736 696.6956521739131 0) (780 696.3768115942025 0) (780 276 0) 
4 555 623 (736 696.6956521739125 0) (736 240 0) (736 240 168) (736 696.6956521739131 168) 
5 555 556 (780 240 -0) (780 240 128) (745.3333333333334 240 168) (736 240 168) (736 240 -0) 
4 556 649 (736 240 0) (736 232 0) (736 232 168) (736 240 168) 
4 557 650 (736 216 0) (736 208 0) (736 208 168) (736 216 168) 
4 557 587 (736 208 16) (736 208 -0) (780 208 0) (780 208 16) 
5 557 573 (736 208 168) (736 208 16) (780 208 16) (780 208 128) (745.3333333333334 208 168) 
4 558 560 (891.4035087719296 91.08771929824609 232) (913.9999999999994 68.00000000000082 232) (913.9999999999994 68.00000000000084 240) (891.4035087719296 91.0877192982461 240) 
4 558 559 (881.9999999999995 124.00000000000068 232) (891.4035087719296 91.08771929824563 232) (891.4035087719296 91.08771929824563 240) (881.9999999999997 124.00000000000054 240) 
4 559 564 (832 183.00000000000003 232) (834.0841799709724 149.65312046444146 232) (834.0841799709724 149.6531204644414 240) (832 183.00000000000003 240) 
3 559 561 (832.0179487870721 182.7128194068456 232) (832 183.00000000000003 232) (854.779456374153 185.84743204676914 232) 
4 559 560 (834.0841799709729 149.65312046444114 240) (834.0841799709729 149.65312046444114 232) (891.4035087719296 91.08771929824609 232) (891.4035087719296 91.0877192982461 240) 
4 560 571 (891.759302502239 14.539874730183659 232) (891.7593025022215 14.539874730188252 240) (836.5524396137874 110.1609661794009 240) (836.5524396137857 110.16096617942975 232) 
4 560 570 (891.7593025022211 14.53987473018831 240) (891.7593025022386 14.53987473018372 232) (900.6367854845511 12.218071488655838 232) (900.6367854844898 12.218071488671866 240) 
4 560 568 (900.6367854845511 12.218071488655838 232) (944.4334975369459 0.7635467980295143 232) (944.4334975369458 0.7635467980295445 240) (900.6367854844898 12.218071488671866 240) 
4 560 564 (834.0841799709724 149.65312046444146 232) (836.5524396137856 110.16096617942928 232) (836.5524396137874 110.16096617940035 240) (834.0841799709724 149.6531204644414 240) 
3 560 563 (840.5846837102093 103.17691453590687 232) (836.5524396137857 110.16096617942898 232) (836.100957764595 117.3846757664794 232) 
3 560 562 (900.6367854845506 12.218071488656426 232) (891.7593025022388 14.539874730184124 232) (876.5846837100454 40.823085463740334 232) 
4 561 565 (832 183.00000000000003 224) (832.0179487870721 182.71281940684557 224) (832.0179487870721 182.7128194068456 232) (832 183.00000000000003 232) 
4 562 571 (876.5846837099887 40.82308546386442 224) (891.7593025022566 14.539874730179065 224) (891.759302502239 14.539874730183659 232) (876.5846837100457 40.823085463739865 232) 
4 562 570 (891.7593025022386 14.53987473018372 232) (891.7593025022562 14.539874730179132 224) (900.6367854846122 12.21807148863988 224) (900.6367854845512 12.218071488655827 232) 
4 563 571 (836.5524396137839 110.1609661794586 224) (840.5846837101908 103.17691453596551 224) (840.5846837102089 103.17691453590844 232) (836.5524396137857 110.16096617942975 232) 
4 563 566 (836.100957764595 117.38467576647938 224) (836.5524396137838 110.16096617945821 224) (836.5524396137856 110.16096617942928 232) (836.100957764595 117.38467576647963 232) 
4 564 571 (780.0650471001857 208 240) (780.0650471002006 208 232) (836.5524396137857 110.16096617942975 232) (836.5524396137874 110.1609661794009 240) 
4 564 566 (836.1009577645951 117.38467576647905 232) (836.5524396137857 110.16096617942912 232) (780.0650471002002 208 232) (807.5043144410984 208 232) 
4 564 565 (830.4375 208 232) (832.0179487870722 182.7128194068456 232) (816.1731409781978 180.53074360870966 232) (807.5043144410984 208 232) 
4 565 566 (807.5043144410984 208 224) (816.1731409781978 180.53074360870963 224) (816.1731409781979 180.53074360870966 232) (807.5043144410985 208 232) 
4 566 571 (780.0650471002006 208 232) (780.0650471002155 208 224) (836.5524396137839 110.1609661794586 224) (836.5524396137857 110.16096617942975 232) 
4 567 590 (1003.3000000000002 -48 240) (951.2702578320843 -48 240) (951.270257832132 -48 232) (1003.3000000000002 -48 232) 
4 567 589 (1005.4772727272727 -48 240) (1003.3000000000002 -48 240) (1003.3000000000002 -48 232) (1005.4772727272727 -48 232) 
4 567 570 (928.1105421461599 -20.456295209992202 232) (951.2702578321316 -48 232) (951.270257832084 -48 240) (928.1105421461372 -20.456295210021803 240) 
4 567 569 (951.2702578321318 -48 232) (928.11054214616 -20.456295209992078 232) (940 -4.999999999999961 232) (1005.4772727272727 -48 232) 
4 567 568 (940.0000000000002 -5.0000000000001625 232) (928.1105421461602 -20.456295209991822 232) (928.1105421461375 -20.45629521002143 240) (940.0000000000002 -5.000000000000167 240) 
4 568 570 (900.6367854844896 12.218071488671916 240) (900.6367854845507 12.218071488655934 232) (928.1105421461599 -20.456295209992202 232) (928.1105421461372 -20.456295210021803 240) 
4 569 590 (1003.3000000000002 -48 232) (951.270257832132 -48 232) (951.2702578321796 -48 224) (1003.3000000000002 -48 224) 
4 569 589 (1005.4772727272727 -48 232) (1003.3000000000002 -48 232) (1003.3000000000002 -48 224) (1005.4772727272727 -48 224) 
4 569 570 (928.1731409781861 -20.530743608737467 224) (951.2702578321794 -48 224) (951.2702578321316 -48 232) (928.1731409781443 -20.530743608744352 232) 
4 570 590 (951.2702578320843 -48 240) (927.8667160127977 -48 240) (927.8667160128275 -48 224) (951.2702578321796 -48 224) 
4 570 571 (891.7593025022566 14.539874730179065 224) (927.8667160128275 -48 224) (927.8667160127977 -48 240) (891.7593025022215 14.539874730188252 240) 
4 571 660 (736 -16.00000000000005 240) (736 208 240) (736 208 224) (736 -16.000000000000057 224) 
4 571 590 (927.8667160127977 -48 240) (768 -48 240) (768 -48 224) (927.8667160128275 -48 224) 
4 572 578 (863.9999999999999 187 16) (1032 208 16) (1032 208 192) (864 187 192) 
4 572 575 (1032 208 192) (1032 208 224) (864 187 224) (864 187 192) 
4 573 667 (736 208 164) (736 208 16) (736 171.00000000000003 16) (736 171.00000000000003 164) 
4 573 666 (736 208 180) (736 208 164) (736 171.00000000000003 164) (736 171.00000000000003 180) 
4 573 661 (736 208 192) (736 208 180) (736 171.00000000000003 180) (736 171.00000000000003 192) 
4 573 587 (736 171 16) (736 208 16) (830.4375 208 16) (831.9999999999999 183 16) 
4 573 578 (736 171 16) (831.9999999999999 183 16) (831.9999999999999 183 192) (736 171 192) 
4 574 576 (960 21.000000000000078 192) (1056 145.79999999999998 192) (1056 -28.415384615384596 192) (1020.0000000000001 -18.999999999999993 192) 
4 574 575 (1056 145.79999999999944 192) (960.0000000000003 20.999999999999886 192) (960.0000000000003 20.999999999999897 224) (1056 145.79999999999947 224) 
5 575 578 (951.9161676646706 10.491017964071855 192) (846.1078838174274 184.76348547717842 192) (1032 208 192) (1056 208 192) (1056 145.79999999999998 192) 
4 576 578 (960.0000000000003 20.999999999999936 192) (1056 145.79999999999947 192) (1056 145.7999999999995 16) (960.0000000000002 20.999999999999886 16) 
4 577 592 (906.9230769230769 -48 176) (906.9230769230769 -48 16) (1003.3000000000002 -48 16) (1003.3000000000002 -48 176) 
4 577 591 (1003.3000000000002 -48 16) (1005.4772727272727 -48 16) (1005.4772727272727 -48 176) (1003.3000000000002 -48 176) 
3 577 588 (1005.4772727272727 -48 16) (906.923076923077 -48 16) (940.0000000000001 -5.000000000000007 16) 
4 577 578 (906.9230769230772 -48 192) (940.0000000000002 -5.000000000000156 192) (940.0000000000002 -5.000000000000129 16) (906.9230769230772 -48 16) 
4 578 678 (736 -16.000000000000057 16) (736 -16.00000000000005 164) (736 64 164) (736 64 16) 
4 578 676 (736 -16.00000000000005 164) (736 -16.00000000000005 180) (736 64 180) (736 64 164) 
4 578 667 (736 171.00000000000003 164) (736 171.00000000000003 16) (736 64 16) (736 64 164) 
4 578 666 (736 64 180) (736 171.00000000000003 180) (736 171.00000000000003 164) (736 64 164) 
4 578 661 (736 -16.00000000000005 180) (736 -16.00000000000005 192) (736 171.00000000000003 192) (736 171.00000000000003 180) 
4 578 592 (768 -48 176) (768 -48 16) (906.9230769230769 -48 16) (906.9230769230769 -48 176) 
5 578 588 (906.923076923077 -48 16) (767.9999999999995 -48 16) (736 -16.000000000000455 16) (736 128.97014925373134 16) (940 -5.000000000000028 16) 
4 578 587 (736 128.97014925373134 16) (736 171 16) (832 183 16) (839.6303501945524 60.914396887159555 16) 
4 578 586 (943.0190239867659 -1.0752688172044316 16) (940 -5.000000000000028 16) (839.6303501945524 60.914396887159555 16) (837.003768844221 102.93969849246234 16) 
3 578 585 (944.4334975369459 0.76354679802958 16) (943.0190239867659 -1.0752688172044316 16) (939.9495764421134 1.9362646228319105 16) 
4 578 584 (832 183 16) (838.061433447099 183.75767918088738 16) (865.6844711708525 74.8001414927484 16) (837.003768844221 102.93969849246234 16) 
5 578 582 (960 21 16) (944.4334975369459 0.76354679802958 16) (939.9495764421134 1.9362646228319105 16) (865.6844711708525 74.8001414927484 16) (851.1206611570248 132.24628099173566 16) 
4 578 580 (838.061433447099 183.75767918088738 16) (864.0000000000001 187 16) (891.4035087719298 91.08771929824577 16) (851.1206611570248 132.24628099173566 16) 
3 578 579 (913.9999999999999 68.00000000000014 16) (891.4035087719298 91.08771929824577 16) (882 123.99999999999999 16) 
4 579 582 (891.4035087719298 91.0877192982459 8) (913.9999999999995 68.00000000000065 8) (913.9999999999995 68.00000000000065 16) (891.4035087719298 91.0877192982459 16) 
4 579 580 (881.9999999999997 124.00000000000054 8) (891.4035087719295 91.08771929824616 8) (891.4035087719295 91.08771929824616 16) (881.9999999999997 124.00000000000054 16) 
4 580 584 (851.1206611570246 132.24628099173597 16) (838.0614334470989 183.75767918088738 16) (838.0614334470989 183.75767918088738 8) (851.1206611570246 132.24628099173597 8) 
4 580 582 (851.1206611570249 132.2462809917356 16) (851.1206611570249 132.2462809917356 8) (891.4035087719298 91.0877192982459 8) (891.4035087719298 91.0877192982459 16) 
3 580 581 (863.6296296296296 186.95370370370372 8) (864 187.00000000000003 8) (869.0000000000013 169.49999999999582 8) 
4 582 586 (939.949576442114 1.936264622831752 8) (939.949576442114 1.9362646228317608 16) (865.6844711708524 74.80014149274885 16) (865.6844711708524 74.80014149274885 8) 
4 582 585 (939.9495764421135 1.9362646228317995 16) (939.9495764421135 1.9362646228317997 8) (944.4334975369459 0.7635467980295003 8) (944.4334975369459 0.7635467980295001 16) 
4 582 584 (865.6844711708524 74.80014149274851 8) (865.6844711708524 74.80014149274851 16) (851.1206611570246 132.24628099173597 16) (851.1206611570246 132.24628099173597 8) 
3 582 583 (865.6844711708525 74.8001414927484 8) (855.9999999999998 113.00000000000065 8) (893.0000000000002 47.99999999999971 8) 
4 583 586 (865.6844711708524 74.80014149274884 0) (892.9999999999998 48.00000000000045 0) (892.9999999999998 48.000000000000455 8) (865.6844711708524 74.80014149274885 8) 
4 583 584 (865.6844711708524 74.80014149274851 -0) (865.6844711708524 74.80014149274851 8) (855.9999999999998 113.00000000000054 8) (855.9999999999998 113.00000000000053 0) 
4 584 587 (837.003768844221 102.93969849246224 16) (831.9999999999999 183 16) (831.9999999999999 183 0) (837.003768844221 102.93969849246224 0) 
4 584 586 (837.0037688442208 102.93969849246287 16) (837.0037688442208 102.93969849246287 -0) (865.6844711708524 74.80014149274884 0) (865.6844711708524 74.80014149274885 16) 
4 585 586 (943.0190239867661 -1.0752688172042717 16) (939.949576442114 1.9362646228317608 16) (939.949576442114 1.936264622831752 8) (943.0190239867661 -1.0752688172042788 8) 
4 586 588 (940 -5.000000000000149 16) (839.6303501945525 60.91439688715937 16) (839.6303501945525 60.914396887159384 0) (940 -5.000000000000142 0) 
4 586 587 (839.6303501945524 60.914396887159455 -0) (839.6303501945524 60.914396887159455 16) (837.003768844221 102.93969849246224 16) (837.003768844221 102.93969849246224 0) 
4 587 667 (736 208 0) (736 128.97014925373134 0) (736 128.9701492537313 16) (736 208 16) 
4 587 588 (839.6303501945525 60.91439688715937 16) (736 128.97014925373114 16) (736 128.97014925373114 -0) (839.6303501945525 60.914396887159384 0) 
4 588 678 (736 64 0) (736 -16.000000000000057 0) (736 -16.000000000000057 16) (736 64 16) 
4 588 667 (736 128.97014925373134 0) (736 64 0) (736 64 16) (736 128.9701492537313 16) 
4 588 592 (1003.3000000000002 -48 16) (768 -48 16) (768 -48 0) (1003.3000000000002 -48 0) 
4 588 591 (1005.4772727272727 -48 16) (1003.3000000000002 -48 16) (1003.3000000000002 -48 0) (1005.4772727272727 -48 0) 
4 589 590 (1003.3000000000001 -48 240) (1003.3000000000001 -48 208) (1006.9999999999999 -48.99999999999994 208) (1006.9999999999999 -48.99999999999994 240) 
4 590 603 (1024 -96 240) (768 -96 240) (768 -96 208) (1024 -96 208) 
4 591 592 (1007.0000000000002 -49.00000000000013 176) (1003.2999999999997 -48 176) (1003.2999999999997 -48 -0) (1007.0000000000002 -49.00000000000013 0) 
4 592 594 (769 -64 176) (768 -64 176) (768 -64 -0) (769 -64 0) 
4 592 593 (1024 -64 4) (1024 -64 176) (769 -64 176) (769 -64 4) 
4 593 604 (1024 -96 4) (1024 -96 176) (769 -96 176) (769 -96 4) 
4 593 594 (769 -64 176) (769 -64 4) (769 -96 4) (769 -96 176) 
4 594 605 (768 -96 4) (768 -96 0) (769 -96 0) (769 -96 4) 
4 594 604 (768 -96 176) (768 -96 4) (769 -96 4) (769 -96 176) 
4 595 603 (1024 -544 208) (1024 -544 240) (1024 -432 240) (1024 -432 208) 
4 597 1424 (1025 -96 0) (1026.6761565836298 -96 0) (1026.2775800711743 -208 0) (1025 -208 0) 
6 597 598 (1025 -128 160) (1025 -96 128) (1025 -96 4) (1025 -208 4) (1025 -208 128) (1025 -176 160) 
6 598 604 (1024 -96 128) (1024 -96 4) (1024 -208 4) (1024 -208 127.99999999999999) (1024 -176 160) (1024 -128 160) 
10 599 604 (1024 -384 4) (1024 -384 123.99999999999994) (1024 -365.71428571428555 136.00000000000006) (1024 -347.42857142857144 144) (1024 -329.1428571428572 148) (1024 -310.85714285714283 148) (1024 -292.57142857142856 144) (1024 -274.2857142857144 136.00000000000003) (1024 -256 123.99999999999999) (1024 -256 4) 
4 601 1424 (1025 -432 0) (1025.4804270462632 -432 0) (1025.081850533808 -544 0) (1025 -544 0) 
6 601 602 (1025 -544 4) (1025 -544 128.00000000000045) (1025 -512.0000000000005 160) (1025 -463.99999999999955 160) (1025 -432 128.00000000000045) (1025 -432 4) 
6 602 604 (1024 -544 4) (1024 -544 127.99999999999999) (1024 -512 160) (1024 -464 160) (1024 -432 127.99999999999999) (1024 -432 4) 
4 603 1231 (896 -592 240) (768 -592 240) (768 -592 217) (896 -592 217) 
4 603 1221 (1024 -592 208) (1024 -592 240) (896 -592 240) (896 -592 208) 
4 603 607 (768 -256 208) (768 -384 208) (768 -384 240) (768 -256 240) 
6 604 611 (768 -432 4) (768 -544 4) (768 -544 127.99999999999997) (768 -512 160) (768 -464 160) (768 -432 127.99999999999997) 
10 604 610 (768 -256 4) (768 -384 4) (768 -384 123.99999999999994) (768 -365.71428571428555 136.00000000000006) (768 -347.42857142857144 144) (768 -329.1428571428572 148) (768 -310.85714285714283 148) (768 -292.57142857142856 144) (768 -274.2857142857144 136.00000000000003) (768 -256 123.99999999999999) 
6 604 608 (768 -96 128) (768 -96 4) (768 -208 4) (768 -208 127.99999999999999) (768 -176 160) (768 -128 160) 
4 604 606 (768 -592 4) (768 -384 4) (769 -384 4) (769 -592 4) 
4 604 605 (768 -256 4) (768 -96 4) (769 -96 4) (769 -256 4) 
4 605 608 (768 -96 4) (768 -96 -0) (768 -208 0) (768 -208 4) 
4 606 611 (768 -432 0) (768 -544 0) (768 -544 4) (768 -432 4) 
4 607 735 (736 -384 240) (736 -289.1304347825839 240) (736 -289.1304347825839 208) (736 -384 208) 
4 607 728 (736 -289.1304347825839 240) (736 -256 240) (736 -256 208) (736 -289.1304347825839 208) 
4 609 790 (736 -96 0) (736 -208 0) (736 -208 24) (736 -96 24) 
4 609 789 (736 -208 24) (736 -208 92.5) (736 -96 92.5) (736 -96 24) 
4 609 766 (736 -208 92.5) (736 -208 96.61594202898537) (736 -96 96.61594202898537) (736 -96 92.5) 
6 609 728 (736 -208 96.61594202898537) (736 -208 127.99999999999999) (736 -176 160) (736 -128 160) (736 -96 128) (736 -96 96.61594202898537) 
4 610 790 (736 -384 4) (736 -384 24) (736 -256 24) (736 -256 4) 
4 610 789 (736 -384 24) (736 -384 92.5) (736 -256 92.5) (736 -256 24) 
4 610 766 (736 -384 92.5) (736 -384 96.61594202898537) (736 -256 96.61594202898537) (736 -256 92.5) 
4 610 736 (736 -384 96.61594202898537) (736 -384 104.84782608695605) (736 -289.1304347825839 104.84782608695605) (736 -289.1304347825839 96.61594202898537) 
9 610 735 (736 -384 104.84782608695605) (736 -384 123.99999999999994) (736 -365.71428571428555 136.00000000000006) (736 -347.42857142857144 144) (736 -329.1428571428572 148) (736 -310.85714285714283 148) (736 -292.57142857142856 144) (736 -289.1304347825839 142.49456521738045) (736 -289.1304347825839 104.84782608695605) 
5 610 728 (736 -289.1304347825839 142.49456521738045) (736 -274.2857142857144 136.00000000000003) (736 -256 123.99999999999999) (736 -256 96.61594202898537) (736 -289.1304347825839 96.61594202898537) 
4 612 790 (736 -432 0) (736 -544 0) (736 -544 24) (736 -432 24) 
4 612 789 (736 -544 24) (736 -544 92.5) (736 -432 92.5) (736 -432 24) 
4 612 766 (736 -544 92.5) (736 -544 96.61594202898537) (736 -432 96.61594202898537) (736 -432 92.5) 
4 612 736 (736 -544 96.61594202898537) (736 -544 104.84782608695605) (736 -432 104.84782608695605) (736 -432 96.61594202898537) 
6 612 735 (736 -544 104.84782608695605) (736 -544 127.99999999999999) (736 -512 160) (736 -464 160) (736 -432 127.99999999999999) (736 -432 104.84782608695605) 
4 613 614 (-256 719.8840579710143 1120) (736 712.6956521739128 1120) (736 712.6956521739128 1136) (-256 719.8840579710143 1136) 
4 614 624 (-256 719.8840579710145 1120) (-256 703.8840579710145 1120) (-256 703.8840579710145 1136) (-256 719.8840579710144 1136) 
4 614 616 (-256 703.8840579710145 1120) (-256 719.8840579710144 1120) (736 712.695652173913 1120) (736 696.6956521739125 1120) 
4 614 615 (-256 703.8840579710145 1136) (-256 703.8840579710145 1120) (736 696.695652173913 1120) (736 696.695652173913 1136) 
4 615 626 (-256 240 1136) (-256 240 1120) (736 240 1120) (736 240 1136) 
4 615 625 (-256 703.8840579710145 1136) (-256 703.8840579710145 1120) (-256 240 1120) (-256 240 1136) 
4 616 624 (-256 719.8840579710145 608) (-256 703.8840579710145 608) (-256 703.8840579710145 1120) (-256 719.8840579710144 1120) 
4 616 618 (-256 703.8840579710145 608) (-256 719.8840579710144 608) (736 712.695652173913 608) (736 696.6956521739125 608) 
4 617 627 (-256 240 1120) (-256 240 608) (736 240 608) (736 240 1120) 
4 617 622 (736 240 608) (160 240 608) (160 304 608) (736 304 608) 
4 617 621 (560 320 608) (736 320 608) (736 304 608) (560 304 608) 
4 617 620 (160 320 608) (160 700.8695652173911 608) (736 696.6956521739125 608) (736 320 608) 
4 617 619 (160 240 608) (-256 240 608) (-256 703.8840579710145 608) (160 700.8695652173911 608) 
4 618 1429 (-96 702.7246376811594 0) (-256 703.8840579710145 0) (-256 719.8840579710144 0) (-96 718.7246376811594 0) 
4 618 1421 (736 712.695652173913 0) (736 696.6956521739125 0) (-96 702.7246376811594 0) (-96 718.7246376811594 0) 
4 618 624 (-256 719.8840579710145 0) (-256 703.8840579710145 0) (-256 703.8840579710145 608) (-256 719.8840579710144 608) 
4 619 627 (-256 240 608) (-256 240 480) (-64.00000000000006 240 480) (160 240 608) 
4 619 623 (-64.00000000000011 240 480) (-256 240 480) (-256 703.8840579710139 480) (-64.00000000000006 702.4927536231878 480) 
3 619 622 (-64 240 480) (160 304 608) (160 240 608) 
4 619 620 (-64 463.99999999999994 480) (-64 702.492753623189 480) (160 700.8695652173918 608) (160 320.00000000000006 608) 
4 620 623 (-64.00000000000009 464.00000000000006 480) (-64.00000000000006 702.4927536231878 480) (736 696.6956521739125 480) (736 464 480) 
3 620 621 (736 320.0000000000007 608) (560 320.0000000000007 608) (736 425.6000000000007 514.1333333333333) 
3 621 622 (736 303.9999999999997 608) (559.9999999999999 303.9999999999997 608) (736 257.0666666666664 514.1333333333333) 
4 622 627 (-64.00000000000006 240 480) (736 240 480) (736 240 608) (160 240 608) 
4 623 1430 (-96 240 0) (-256 240 0) (-256 703.8840579710145 0) (-96 702.7246376811594 0) 
4 623 1423 (736 276 0) (736 240 0) (-96 240 0) (-96 276 0) 
4 623 1422 (736 696.6956521739125 0) (736 276 0) (-96 276 0) (-96 702.7246376811594 0) 
4 623 657 (-256 240 168) (-256 240 0) (-64 240 0) (-64 240 168) 
6 623 655 (68 240 0) (208 240 0) (208 240 128.18433179723496) (172 240 168) (107.61904761905149 240 168) (68 240 128) 
6 623 653 (260 240 0) (398.66666666666373 240 0) (398.66666666666373 240 128.00000000000333) (364 240 168) (299.6190476190477 240 168) (260 240 127.99999999999997) 
6 623 651 (450.66666666666674 240 0) (589.3333333333334 240 0) (589.3333333333334 240 127.99999999999986) (554.6666666666666 240 168) (490.2857142857142 240 168) (450.66666666666674 240 128.00000000000006) 
5 623 649 (641.3333333333333 240 0) (736 240 -0) (736 240 168) (680.952380952381 240 168) (641.3333333333333 240 127.99999999999997) 
4 623 647 (-256 240 240) (-256 240 168) (-64 240 168) (-64 240 240) 
4 623 646 (206.6666666666637 240 168) (208 240 168) (208 240 240) (206.6666666666637 240 240) 
4 623 641 (-256 240 440) (-256 240 240) (-64 240 240) (-64 240 440) 
6 623 639 (68 240 240) (206.6666666666637 240 240) (206.6666666666637 240 400.0000000000034) (172.00000000000003 240 440) (107.61904761905055 240 440) (68 240 400) 
4 623 638 (206.6666666666637 240 240) (208 240 240) (208 240 440) (206.6666666666637 240 440) 
6 623 636 (260 240 240) (398.66666666666373 240 240) (398.66666666666373 240 400.00000000000335) (364 240 440) (299.61904761905055 240 440) (260 240 400) 
6 623 634 (450.66666666666674 240 240) (589.3333333333334 240 240) (589.3333333333334 240 399.9999999999999) (554.6666666666666 240 440) (490.2857142857172 240 440) (450.66666666666674 240 400) 
5 623 632 (641.3333333333333 240 240) (736 240 240) (736 240 440) (680.9523809523837 240 440) (641.3333333333333 240 400) 
4 623 630 (-256 240 480) (-256 240 440) (-64 240 440) (-64 240 480) 
4 623 629 (206.6666666666637 240 440) (208 240 440) (208 240 480) (206.6666666666637 240 480) 
4 624 1432 (-256 719.8840579710145 0) (-256 703.8840579710145 0) (-272 704 0) (-272 720 0) 
4 624 625 (-272 704 1136) (-272 704 0) (-256 703.8840579710145 -0) (-256 703.8840579710145 1136) 
4 625 1433 (-272 704 0) (-256 703.8840579710145 0) (-256 240 0) (-272 240 0) 
4 625 658 (-272 240 168) (-272 240 0) (-256 240 0) (-256 240 168) 
4 625 648 (-272 240 240) (-272 240 168) (-256 240 168) (-256 240 240) 
4 625 642 (-272 240 440) (-272 240 240) (-256 240 240) (-256 240 440) 
4 625 631 (-272 240 480) (-272 240 440) (-256 240 440) (-256 240 480) 
4 625 628 (-272 240 1136) (-272 240 480) (-256 240 480) (-256 240 1136) 
4 626 700 (-256 208 1136) (-256 208 1120) (-96 208 1120) (-96 208 1136) 
4 626 690 (-96 208 1120) (-64 208 1120) (-64 208 1136) (-96 208 1136) 
4 626 679 (-64 208 1120) (48 208 1120) (48 208 1136) (-64 208 1136) 
4 626 659 (48 208 1120) (736 208 1120) (736 208 1136) (48 208 1136) 
4 626 628 (-256 240 1136) (-256 240 1120) (-256 208 1120) (-256 208 1136) 
4 627 701 (-256 208 1120) (-256 208 480) (-96 208 480) (-96 208 1120) 
4 627 691 (-96 208 480) (-64 208 480) (-64 208 1120) (-96 208 1120) 
4 627 680 (-64 208 480) (48 208 480) (48 208 1120) (-64 208 1120) 
4 627 660 (48 208 480) (736 208 480) (736 208 1120) (48 208 1120) 
4 627 644 (-95.99999999999999 208 480) (-256 208 480) (-256 224 480) (-80.00000000000003 224 480) 
4 627 643 (736 208 480) (16 208 480) (16 224 480) (736 224 480) 
4 627 630 (-256 224 480) (-256 240 480) (-64 240 480) (-80.00000000000003 224 480) 
4 627 629 (206.6666666666637 240 480) (208 240 480) (208 224 480) (206.6666666666637 224 480) 
4 628 705 (-272 208 1136) (-272 208 480) (-256 208 480) (-256 208 1136) 
4 628 645 (-256 208 480) (-272 208 480) (-272 224 480) (-256 224 480) 
4 628 631 (-272 224 480) (-272 240 480) (-256 240 480) (-256 224 480) 
4 629 643 (206.6666666666637 224 440) (208 224 440) (208 224 480) (206.6666666666637 224 480) 
4 629 638 (208 224 440) (206.6666666666637 224 440) (206.6666666666637 240 440) (208 240 440) 
4 630 644 (-256 224 440) (-80.00000000000003 224 440) (-80.00000000000003 224 480) (-256 224 480) 
4 630 641 (-80.00000000000003 224 440) (-256 224 440) (-256 240 440) (-64 240 440) 
4 631 645 (-272 224 440) (-256 224 440) (-256 224 480) (-272 224 480) 
4 631 642 (-256 224 440) (-272 224 440) (-272 240 440) (-256 240 440) 
5 633 643 (641.3333333333333 224 240) (736 224 240) (736 224 440) (680.9523809523837 224 440) (641.3333333333333 224 400) 
6 635 643 (450.66666666666674 224 240) (589.3333333333334 224 240) (589.3333333333334 224 399.9999999999999) (554.6666666666666 224 440) (490.2857142857172 224 440) (450.66666666666674 224 400) 
6 637 643 (260 224 240) (398.66666666666373 224 240) (398.66666666666373 224 400.00000000000335) (364 224 440) (299.61904761905055 224 440) (260 224 400) 
4 638 646 (206.6666666666637 240 240) (208 240 240) (208 224 240) (206.6666666666637 224 240) 
4 638 643 (206.6666666666637 224 240) (208 224 240) (208 224 440) (206.6666666666637 224 440) 
4 638 640 (206.6666666666637 228 240) (206.6666666666637 224 240) (206.6666666666637 224 400.0000000000034) (206.6666666666637 228 400.0000000000034) 
4 638 639 (206.6666666666637 240 240) (206.6666666666637 236 240) (206.6666666666637 236 400.0000000000034) (206.6666666666637 240 400.0000000000034) 
6 640 643 (68 224 240) (206.6666666666637 224 240) (206.6666666666637 224 400.0000000000034) (172.00000000000003 224 440) (107.61904761905055 224 440) (68 224 400) 
4 641 647 (-256 240 240) (-64 240 240) (-80.00000000000003 224 240) (-256 224 240) 
4 641 644 (-256 224 240) (-80.00000000000003 224 240) (-80.00000000000003 224 440) (-256 224 440) 
4 642 648 (-272 240 240) (-256 240 240) (-256 224 240) (-272 224 240) 
4 642 645 (-272 224 240) (-256 224 240) (-256 224 440) (-272 224 440) 
4 643 681 (16 208 240) (48 208 240) (48 208 480) (16 208 480) 
4 643 660 (48 208 240) (736 208 240) (736 208 480) (48 208 480) 
4 643 646 (208 208 240) (206.6666666666637 208 240) (206.6666666666637 224 240) (208 224 240) 
4 644 704 (-256 208 240) (-176 208 240) (-176 208 480) (-256 208 480) 
4 644 702 (-176 208 240) (-96 208 240) (-95.99999999999999 208 480) (-176 208 480) 
4 644 647 (-95.99999999999999 208 240) (-256 208 240) (-256 224 240) (-80.00000000000003 224 240) 
4 645 705 (-272 208 240) (-256 208 240) (-256 208 480) (-272 208 480) 
4 645 648 (-256 208 240) (-272 208 240) (-272 224 240) (-256 224 240) 
4 646 665 (208 208 180) (208 208 187) (206.6666666666637 208 187) (206.6666666666637 208 180) 
4 646 664 (208 208 187) (208 208 224) (206.6666666666637 208 224) (206.6666666666637 208 187) 
4 646 660 (208 208 224) (208 208 240) (206.6666666666637 208 240) (206.6666666666637 208 224) 
4 647 704 (-256 208 168) (-176 208 168) (-176 208 240) (-256 208 240) 
4 647 702 (-176 208 168) (-96 208 168) (-95.99999999999999 208 240) (-176 208 240) 
4 647 657 (-95.99999999999999 208 168) (-256 208 168) (-256 240 168) (-64 240 168) 
4 648 705 (-272 208 168) (-256 208 168) (-256 208 240) (-272 208 240) 
4 648 658 (-256 208 168) (-272 208 168) (-272 240 168) (-256 240 168) 
5 650 667 (641.3333333333333 208 0) (736 208 -0) (736 208 164) (676.9904761904762 208 164) (641.3333333333333 208 127.99999999999997) 
4 650 666 (736 208 164) (736 208 168) (680.952380952381 208 168) (676.9904761904762 208 164) 
6 652 667 (450.66666666666674 208 0) (589.3333333333334 208 0) (589.3333333333334 208 127.99999999999986) (558.1333333333333 208 164) (486.3238095238095 208 164) (450.66666666666674 208 128.00000000000006) 
4 652 666 (558.1333333333333 208 164) (554.6666666666666 208 168) (544 208 168) (544 208 164) 
6 654 667 (260 208 0) (398.66666666666373 208 0) (398.66666666666373 208 128.00000000000333) (367.46666666666664 208 164) (295.65714285714296 208 164) (260 208 127.99999999999997) 
4 656 674 (80 208 96) (80 208 140.11538461538345) (68 208 128) (68 208 96) 
4 656 673 (96 208 108) (96 208 156.26923076922802) (80 208 140.11538461538345) (80 208 108) 
5 656 672 (112 208 120) (112 208 168) (107.61904761905149 208 168) (96 208 156.26923076922802) (96 208 120) 
4 656 671 (128 208 132) (128 208 168) (112 208 168) (112 208 132) 
4 656 670 (144 208 144) (144 208 168) (128 208 168) (128 208 144) 
4 656 669 (160 208 156) (160 208 168) (144 208 168) (144 208 156) 
4 656 667 (192 208 0) (208 208 0) (208 208 128.18433179723638) (192 208 145.8801843317986) 
4 657 1430 (-256 240 0) (-96 240 0) (-95.99999999999999 208 0) (-256 208 0) 
4 657 704 (-256 208 0) (-176 208 0) (-176 208 168) (-256 208 168) 
4 657 702 (-176 208 0) (-96 208 0) (-95.99999999999999 208 168) (-176 208 168) 
4 658 1433 (-272 240 0) (-256 240 0) (-256 208 0) (-272 208 0) 
4 658 705 (-272 208 0) (-256 208 0) (-256 208 168) (-272 208 168) 
4 659 706 (48 -16 1136) (48 -16 1120) (736 -16 1120) (736 -16 1136) 
4 659 688 (48 0 1120) (48 -16 1120) (48 -16 1136) (48 0 1136) 
4 659 686 (48 16 1120) (48 0 1120) (48 0 1136) (48 16 1136) 
4 659 684 (48 32 1120) (48 16 1120) (48 16 1136) (48 32 1136) 
4 659 682 (48 48 1120) (48 32 1120) (48 32 1136) (48 48 1136) 
4 659 679 (48 208 1136) (48 208 1120) (48 48 1120) (48 48 1136) 
4 660 722 (48 -16 240) (48 -16 224) (160 -16 224) (159.99999999999997 -16 240) 
4 660 721 (170.66666666666669 -16 224) (192 -16 224) (192 -16 240) (159.99999999999997 -16 240) 
4 660 720 (192 -16 224) (208 -16 224) (208 -16 240) (192 -16 240) 
4 660 718 (208 -16 224) (320 -16 224) (320 -16 240) (208 -16 240) 
4 660 717 (320 -16 224) (368 -16 224) (368 -16 240) (320 -16 240) 
4 660 715 (368 -16 224) (480 -16 224) (480 -16 240) (368 -16 240) 
4 660 708 (48 -16 480) (48 -16 240) (736 -16 240) (736 -16 480) 
4 660 707 (48 -16 1120) (48 -16 480) (736 -16 480) (736 -16 1120) 
4 660 689 (48 0 224) (48 -16 224) (48 -16 1120) (48 0 1120) 
4 660 687 (48 16 224) (48 0 224) (48 0 1120) (48 16 1120) 
4 660 685 (48 32 224) (48 16 224) (48 16 1120) (48 32 1120) 
4 660 683 (48 48 224) (48 32 224) (48 32 1120) (48 48 1120) 
4 660 681 (48 208 480) (48 208 224) (48 48 224) (48 48 480) 
4 660 680 (48 208 1120) (48 208 480) (48 48 480) (48 48 1120) 
4 660 664 (496.00000000000006 -16 224) (48 -16 224) (48 208 224) (497.00000000000006 208 224) 
4 660 663 (511.99999999999994 -16 224) (496.00000000000006 -16 224) (497.00000000000006 208 224) (513 208 224) 
4 660 662 (528 -16 224) (511.99999999999994 -16 224) (513 208 224) (528 208 224) 
4 661 676 (736 -16 180) (544 -16 180) (544 64 180) (736 64 180) 
4 661 666 (544 64 180) (544 208 180) (736 208 180) (736 64 180) 
4 662 663 (511.9999999999998 -16 211) (511.9999999999998 -16 224) (512.9999999999998 208 224) (512.9999999999998 208 211) 
4 663 664 (496.00000000000006 -16 199) (496.00000000000006 -16 224) (497.00000000000006 208 224) (497.00000000000006 208 199) 
4 664 722 (48 -16 224) (48 -16 187) (160 -16 187) (159.99999999999997 -16 224) 
3 664 721 (192 -16 191.99999999999997) (192 -16 224) (170.66666666666666 -16 224) 
4 664 720 (208 -16 192) (208 -16 224) (192 -16 224) (192 -16 192) 
4 664 718 (320 -16 192) (320 -16 224) (208 -16 224) (208 -16 192) 
4 664 717 (368 -16 192) (368 -16 224) (320 -16 224) (320 -16 192) 
4 664 715 (480 -16 224) (368 -16 224) (368 -16 192) (480 -16 192) 
4 664 689 (48 0 187) (48 -16 187) (48 -16 224) (48 0 224) 
4 664 687 (48 16 187) (48 0 187) (48 0 224) (48 16 224) 
4 664 685 (48 32 187) (48 16 187) (48 16 224) (48 32 224) 
4 664 683 (48 48 187) (48 32 187) (48 32 224) (48 48 224) 
4 664 681 (48 208 224) (48 208 187) (48 48 187) (48 48 224) 
4 664 665 (48 -16 187) (48 208 187) (481 208 187) (479.99999999999994 -16 187) 
4 665 722 (48 -16 187) (48 -16 180) (160 -16 180) (159.99999999999997 -16 187) 
4 665 689 (48 0 180) (48 -16 180) (48 -16 187) (48 0 187) 
4 665 687 (48 16 180) (48 0 180) (48 0 187) (48 16 187) 
4 665 685 (48 32 180) (48 16 180) (48 16 187) (48 32 187) 
4 665 683 (48 48 180) (48 32 180) (48 32 187) (48 48 187) 
4 665 681 (48 208 187) (48 208 180) (48 48 180) (48 48 187) 
4 665 677 (192 -16 180) (48 -16 180) (48 64 180) (192 64 180) 
4 665 675 (48 64 180) (48 208 180) (64 208 180) (64 64 180) 
4 665 674 (64 208 180) (80 208 180) (80 64 180) (64 64 180) 
4 665 673 (80 208 180) (96 208 180) (96 64 180) (80 64 180) 
4 665 672 (96 208 180) (112 208 180) (112 64 180) (96 64 180) 
4 665 671 (112 208 180) (128 208 180) (128 64 180) (112 64 180) 
4 665 670 (128 208 180) (144 208 180) (144 64 180) (128 64 180) 
4 665 669 (144 208 180) (160 208 180) (160 64 180) (144 64 180) 
4 665 668 (160 208 180) (176 208 180) (176 64 180) (160 64 180) 
4 666 676 (736 64 164) (736 64 180) (544 64 180) (544 64 164) 
4 666 667 (736 64 164) (544 64 164) (544 208 164) (736 208 164) 
4 667 678 (736 64 -0) (736 64 164) (192 64 164) (192 64 0) 
4 668 677 (176 64 180) (160 64 180) (160 64 168) (176 64 168) 
4 668 669 (160 64 168) (160 64 180) (160 208 180) (160 208 168) 
4 669 678 (144 64 164) (144 64 156) (160 64 156) (160 64 164) 
4 669 677 (160 64 180) (144 64 180) (144 64 164) (160 64 164) 
4 669 670 (144 64 156) (144 64 180) (144 208 180) (144 208 156) 
4 670 678 (128 64 164) (128 64 144) (144 64 144) (144 64 164) 
4 670 677 (144 64 180) (128 64 180) (128 64 164) (144 64 164) 
4 670 671 (128 64 144) (128 64 180) (128 208 180) (128 208 144) 
4 671 678 (112 64 164) (112 64 132) (128 64 132) (128 64 164) 
4 671 677 (128 64 180) (112 64 180) (112 64 164) (128 64 164) 
4 671 672 (112 64 132) (112 64 180) (112 208 180) (112 208 132) 
4 672 678 (96 64 164) (96 64 120) (112 64 120) (112 64 164) 
4 672 677 (112 64 180) (96 64 180) (96 64 164) (112 64 164) 
4 672 673 (96 64 120) (96 64 180) (96 208 180) (96 208 120) 
4 673 678 (80 64 164) (80 64 108) (96 64 108) (96 64 164) 
4 673 677 (96 64 180) (80 64 180) (80 64 164) (96 64 164) 
4 673 674 (80 64 108) (80 64 180) (80 208 180) (80 208 108) 
4 674 678 (64 64 164) (64 64 96) (80 64 96) (80 64 164) 
4 674 677 (80 64 180) (64 64 180) (64 64 164) (80 64 164) 
4 674 675 (64 64 96) (64 64 180) (64 208 180) (64 208 96) 
4 675 681 (48 208 180) (48 208 84) (48 64 84) (48 64 180) 
4 675 678 (48 64 164) (48 64 84) (64 64 84) (64 64 164) 
4 675 677 (64 64 180) (48 64 180) (48 64 164) (64 64 164) 
4 676 678 (736 -16 164) (544 -16 164) (544 64 164) (736 64 164) 
4 677 722 (48 -16 180) (48 -16 164) (160 -16 164) (159.99999999999997 -16 180) 
4 677 689 (48 -16 164) (48 -16 180) (48 0 180) (48 0 164) 
4 677 687 (48 0 180) (48 16 180) (48 16 164) (48 0 164) 
4 677 685 (48 16 180) (48 32 180) (48 32 164) (48 16 164) 
4 677 683 (48 32 180) (48 48 180) (48 48 164) (48 32 164) 
4 677 681 (48 48 180) (48 64 180) (48 64 164) (48 48 164) 
4 677 678 (192 -16 164) (48 -16 164) (48 64 164) (192 64 164) 
4 678 722 (48 -16 164) (48 -16 0) (160 -16 0) (159.99999999999997 -16 164) 
10 678 719 (208 -16 0) (320 -16 0) (320 -16 124.00000000000009) (304.0000000000003 -16 135.99999999999986) (288 -16 144.00000000000003) (272.0000000000001 -16 148) (255.99999999999991 -16 148) (240.00000000000006 -16 144.00000000000003) (224.00000000000003 -16 136) (208 -16 124) 
10 678 716 (368 -16 0) (496 -16 0) (496 -16 124) (477.7142857142859 -16 135.99999999999991) (459.42857142857116 -16 144.0000000000001) (441.1428571428573 -16 148) (422.85714285714295 -16 148) (404.5714285714285 -16 143.99999999999997) (386.2857142857144 -16 136.00000000000003) (368 -16 123.99999999999999) 
6 678 713 (544 -16 0) (656 -16 0) (656 -16 128.00000000000006) (624 -16 160) (576 -16 160) (544 -16 127.99999999999999) 
4 678 689 (48 -16 24) (48 -16 164) (48 0 164) (48 0 24) 
4 678 687 (48 0 36) (48 0 164) (48 16 164) (48 16 36) 
4 678 685 (48 16 48) (48 16 164) (48 32 164) (48 32 48) 
4 678 683 (48 32 60) (48 32 164) (48 48 164) (48 48 60) 
4 678 681 (48 48 72) (48 48 164) (48 64 164) (48 64 72) 
4 679 690 (-64 208 1136) (-64 208 1120) (-64 48 1120) (-64 48 1136) 
4 679 682 (-64 48 1136) (-64 48 1120) (48 48 1120) (48 48 1136) 
4 680 691 (-64 208 1120) (-64 208 480) (-64 48 480) (-64 48 1120) 
4 680 683 (-64 48 1120) (-64 48 480) (48 48 480) (48 48 1120) 
5 680 681 (48 48 480) (-64 48 480) (-64 176.00000000000003 480) (-32.000000000000014 208 480) (48 208 480) 
5 681 695 (-64 128 72) (-64 48 72) (-64 48 168) (-64 92 168) (-64 128 128.1843317972444) 
4 681 692 (-64 48 240) (-64 48 480) (-64 160 480) (-64 160 240) 
4 681 683 (-64 48 480) (-64 48 72) (48 48 72) (48 48 480) 
4 682 690 (-64 48 1136) (-64 48 1120) (-64 32 1120) (-64 32 1136) 
4 682 684 (-64 32 1136) (-64 32 1120) (48 32 1120) (48 32 1136) 
4 683 695 (-64 48 168) (-64 48 60) (-64 32 60) (-64 32 168) 
4 683 692 (-64 48 480) (-64 48 240) (-64 32 240) (-64 32 480) 
4 683 691 (-64 48 1120) (-64 48 480) (-64 32 480) (-64 32 1120) 
4 683 685 (-64 32 1120) (-64 32 60) (48 32 60) (48 32 1120) 
4 684 690 (-64 32 1136) (-64 32 1120) (-64 16 1120) (-64 16 1136) 
4 684 686 (-64 16 1136) (-64 16 1120) (48 16 1120) (48 16 1136) 
5 685 695 (-64 32 168) (-64 32 48) (-64 16 48) (-64 16 156.26923076922867) (-64 27.61904761905053 168) 
4 685 692 (-64 32 480) (-64 32 240) (-64 16 240) (-64 16 480) 
4 685 691 (-64 32 1120) (-64 32 480) (-64 16 480) (-64 16 1120) 
4 685 687 (-64 16 1120) (-64 16 48) (48 16 48) (48 16 1120) 
4 686 690 (-64 16 1136) (-64 16 1120) (-64 0 1120) (-64 0 1136) 
4 686 688 (-64 0 1136) (-64 0 1120) (48 0 1120) (48 0 1136) 
4 687 695 (-64 16 156.26923076922867) (-64 16 36) (-64 0 36) (-64 0 140.11538461538373) 
4 687 692 (-64 16 480) (-64 16 240) (-64 0 240) (-64 0 480) 
4 687 691 (-64 16 1120) (-64 16 480) (-64 0 480) (-64 0 1120) 
4 687 689 (-64 0 1120) (-64 0 36) (48 0 36) (48 0 1120) 
4 688 706 (-64 -16 1136) (-64 -16 1120) (48 -16 1120) (48 -16 1136) 
4 688 697 (-64 -12 1120) (-64 -16 1120) (-64 -16 1136) (-64 -12 1136) 
4 688 690 (-64 0 1136) (-64 0 1120) (-64 -12 1120) (-64 -12 1136) 
4 689 723 (-64 -16 240) (-64 -16 24) (48 -16 24) (48 -16 240) 
4 689 708 (-64 -16 480) (-64 -16 240) (48 -16 240) (48 -16 480) 
4 689 707 (-64 -16 1120) (-64 -16 480) (48 -16 480) (48 -16 1120) 
4 689 699 (-64 -16 240) (-64 -16 480) (-64 -12 480) (-64 -12 240) 
4 689 698 (-64 -16 480) (-64 -16 1120) (-64 -12 1120) (-64 -12 480) 
4 689 695 (-64 0 140.1153846153837) (-64 0 24) (-64 -12 24) (-64 -12 128) 
4 689 692 (-64 0 480) (-64 0 240) (-64 -12 240) (-64 -12 480) 
4 689 691 (-64 0 1120) (-64 0 480) (-64 -12 480) (-64 -12 1120) 
4 690 700 (-96 208 1136) (-96 208 1120) (-96 -12 1120) (-96 -12 1136) 
4 690 697 (-96 -12 1136) (-96 -12 1120) (-64 -12 1120) (-64 -12 1136) 
4 691 701 (-96 208 1120) (-96 208 480) (-96 -12 480) (-96 -12 1120) 
4 691 698 (-96 -12 1120) (-96 -12 480) (-64 -12 480) (-64 -12 1120) 
4 691 692 (-64 -12 480) (-80 -12 480) (-80 160 480) (-64 160 480) 
4 692 699 (-80 -12 240) (-64 -12 240) (-64 -12 480) (-80 -12 480) 
6 692 693 (-80 128 240) (-80 -12 240) (-80 -12 400) (-80 27.6190476190477 440) (-80 91.99999999999997 440) (-80 128 400.18433179724036) 
6 694 702 (-96 128 240) (-96 -12 240) (-96 -12 400) (-96 27.6190476190477 440) (-96 91.99999999999997 440) (-96 128 400.18433179724036) 
6 696 702 (-96 128 0) (-96 -12 0) (-96 -12 128) (-96 27.61904761905052 168) (-96 92 168) (-96 128 128.18433179724437) 
4 697 706 (-96 -16 1136) (-96 -16 1120) (-64 -16 1120) (-64 -16 1136) 
4 697 700 (-96 -12 1136) (-96 -12 1120) (-96 -16 1120) (-96 -16 1136) 
4 698 707 (-96 -16 1120) (-96 -16 480) (-64 -16 480) (-64 -16 1120) 
4 698 701 (-96 -12 1120) (-96 -12 480) (-96 -16 480) (-96 -16 1120) 
4 698 699 (-80 -12 480) (-64 -12 480) (-64 -16 480) (-80 -16 480) 
4 699 708 (-80 -16 240) (-64 -16 240) (-64 -16 480) (-80 -16 480) 
4 700 709 (-256 -16 1136) (-256 -16 1120) (-96 -16 1120) (-96 -16 1136) 
4 700 705 (-256 208 1136) (-256 208 1120) (-256 -16 1120) (-256 -16 1136) 
4 701 710 (-256 -16 1120) (-256 -16 480) (-96 -16 480) (-96 -16 1120) 
4 701 704 (-256 -16 480) (-256 208 480) (-176 208 480) (-176 -16 480) 
4 701 702 (-176 208 480) (-96 208 480) (-96 -12 480) (-176 -12 480) 
4 702 1430 (-176 208 0) (-96 208 0) (-96 -12 0) (-176 -12 0) 
4 702 704 (-176 -12 480) (-176 208 480) (-176 208 -0) (-176 -12 0) 
4 702 703 (-176 -12 240) (-176 -12 -0) (-96 -12 -0) (-96 -12 240) 
4 703 1430 (-96 -12 0) (-96 -16 0) (-176 -16 0) (-176 -12 0) 
4 703 725 (-176 -16 0) (-96 -16 0) (-96 -16 240) (-176 -16 240) 
4 703 704 (-176 -16 -0) (-176 -16 240) (-176 -12 240) (-176 -12 0) 
4 704 1430 (-256 208 0) (-176 208 0) (-176 -16 0) (-256 -16 0) 
4 704 725 (-256 -16 240) (-256 -16 0) (-176 -16 0) (-176 -16 240) 
4 704 711 (-256 -16 480) (-256 -16 240) (-176 -16 240) (-176 -16 480) 
4 705 1433 (-272 208 0) (-256 208 0) (-256 -16 0) (-272 -16 0) 
4 705 726 (-272 -16 240) (-272 -16 0) (-256 -16 0) (-256 -16 240) 
4 705 712 (-272 -16 1136) (-272 -16 240) (-256 -16 240) (-256 -16 1136) 
4 706 964 (-96 -48 1136) (-96 -48 1120) (128 -48 1120) (128 -48 1136) 
4 706 948 (128 -48 1120) (160 -48 1120) (160 -48 1136) (128 -48 1136) 
4 706 837 (160 -48 1120) (432 -48 1120) (432 -48 1136) (160 -48 1136) 
4 706 777 (432 -48 1120) (736 -48 1120) (736 -48 1136) (432 -48 1136) 
4 706 709 (-96 -16 1136) (-96 -16 1120) (-96 -48 1120) (-96 -48 1136) 
4 707 965 (-96 -48 1120) (-96 -48 480) (128 -48 480) (128 -48 1120) 
4 707 949 (128 -48 480) (160 -48 480) (160 -48 1120) (128 -48 1120) 
4 707 838 (160 -48 480) (432 -48 480) (432 -48 1120) (160 -48 1120) 
4 707 778 (736 -48 720) (736 -48 1120) (432 -48 1120) (432 -48 720) 
4 707 732 (432 -48 480) (448 -48 480) (448 -48 720) (432 -48 720) 
4 707 729 (448 -48 480) (480 -48 480) (480 -48 720) (448 -48 720) 
4 707 727 (480 -48 480) (736 -48 480) (736 -48 720) (480 -48 720) 
4 707 710 (-96 -16 1120) (-96 -16 480) (-96 -48 480) (-96 -48 1120) 
4 707 708 (736 -48 480) (-80 -48 480) (-80 -16 480) (736 -16 480) 
4 708 966 (-80 -48 240) (128 -48 240) (128 -48 480) (-80 -48 480) 
4 708 951 (128 -48 240) (144 -48 240) (144 -48 368) (128 -48 368) 
4 708 950 (144 -48 240) (160 -48 240) (160 -48 368) (144 -48 368) 
4 708 949 (160 -48 368) (160 -48 480) (128 -48 480) (128 -48 368) 
4 708 838 (160 -48 240) (432 -48 240) (432 -48 480) (160 -48 480) 
4 708 732 (432 -48 240) (448 -48 240) (448 -48 480) (432 -48 480) 
4 708 729 (448 -48 240) (480 -48 240) (480 -48 480) (448 -48 480) 
4 708 727 (480 -48 240) (736 -48 240) (736 -48 480) (480 -48 480) 
4 708 724 (48 -48 240) (-64 -48 240) (-64 -32 240) (48 -32 240) 
4 708 723 (-64 -32 240) (-64 -16 240) (48 -16 240) (48 -32 240) 
4 708 722 (128 -48 240) (48 -48 240) (48 -16 240) (160 -16 240) 
3 708 721 (192 -48 240) (160 -16 240) (192 -16 240) 
4 708 720 (208 -48 240) (192 -48 240) (192 -16 240) (208 -16 240) 
4 708 718 (320 -48 240) (208 -48 240) (208 -16 240) (320 -16 240) 
4 708 717 (368 -48 240) (320 -48 240) (320 -16 240) (368 -16 240) 
4 708 715 (480 -48 240) (368 -48 240) (368 -16 240) (480 -16 240) 
4 709 1008 (-256 -48 1136) (-256 -48 1120) (-96 -48 1120) (-96 -48 1136) 
4 709 712 (-256 -16 1136) (-256 -16 1120) (-256 -48 1120) (-256 -48 1136) 
4 710 1009 (-256 -48 1120) (-256 -48 480) (-96 -48 480) (-96 -48 1120) 
4 710 711 (-256 -48 480) (-256 -16 480) (-176 -16 480) (-176 -48 480) 
4 711 1011 (-256 -48 480) (-256 -48 240) (-176 -48 240) (-176 -48 480) 
4 711 725 (-176 -48 240) (-256 -48 240) (-256 -16 240) (-176 -16 240) 
4 712 1012 (-272 -48 1136) (-272 -48 240) (-256 -48 240) (-256 -48 1136) 
4 712 726 (-256 -48 240) (-272 -48 240) (-272 -16 240) (-256 -16 240) 
4 714 790 (544 -48 0) (656 -48 0) (656 -48 24) (544 -48 24) 
4 714 789 (656 -48 24) (656 -48 92.5) (544 -48 92.5) (544 -48 24) 
4 714 766 (656 -48 92.5) (656 -48 96.61594202898537) (544 -48 96.61594202898537) (544 -48 92.5) 
6 714 728 (656 -48 96.61594202898537) (656 -48 128.00000000000006) (624 -48 160) (576 -48 160) (544 -48 127.99999999999999) (544 -48 96.61594202898537) 
4 715 886 (368 -48 224) (368 -48 192) (384 -48 192) (384 -48 224) 
4 715 840 (416 -48 192) (432 -48 192) (432 -48 224) (416 -48 224) 
4 715 839 (432 -48 240) (368 -48 240) (368 -48 224) (432 -48 224) 
4 715 732 (448 -48 240) (432 -48 240) (432 -48 192) (448 -48 192) 
4 715 729 (480 -48 240) (448 -48 240) (448 -48 224) (480 -48 224) 
4 715 717 (368 -48 192) (368 -48 240) (368 -16 240) (368 -16 192) 
4 716 947 (368 -48 0) (372 -48 0) (372 -48 24) (368 -48 24) 
4 716 944 (372 -48 24) (372 -48 92.5) (368 -48 92.5) (368 -48 24) 
4 716 936 (372 -48 0) (432 -48 0) (432 -48 8) (372 -48 8) 
4 716 904 (432 -48 8) (432 -48 92) (372 -48 92) (372 -48 8) 
4 716 903 (432 -48 92) (432 -48 92.5) (372 -48 92.5) (372 -48 92) 
4 716 886 (384 -48 134.50000000000003) (368 -48 124.00000000000001) (368 -48 92.5) (384 -48 92.5) 
4 716 884 (391.59909909922374 -48 96.61594202898537) (384 -48 96.61594202898537) (384 -48 92.5) (391.59909909922374 -48 92.5) 
4 716 883 (401.13043478258385 -48 96.61594202898537) (391.59909909922374 -48 96.61594202898537) (391.59909909922374 -48 92.5) (401.13043478258385 -48 92.5) 
4 716 875 (432 -48 92.5) (432 -48 96.61594202898537) (401.13043478258385 -48 96.61594202898537) (401.13043478258385 -48 92.5) 
4 716 873 (391.59909909922374 -48 104.84782608695605) (384 -48 104.84782608695605) (384 -48 96.61594202898537) (391.59909909922374 -48 96.61594202898537) 
4 716 872 (401.13043478258385 -48 104.84782608695605) (391.59909909922374 -48 104.84782608695605) (391.59909909922374 -48 96.61594202898537) (401.13043478258385 -48 96.61594202898537) 
4 716 854 (432 -48 96.61594202898537) (432 -48 104.84782608695605) (401.13043478258385 -48 104.84782608695605) (401.13043478258385 -48 96.61594202898537) 
6 716 849 (416 -48 146.5) (404.5714285714285 -48 143.99999999999997) (386.2857142857143 -48 136.00000000000003) (384 -48 134.50000000000003) (384 -48 104.84782608695605) (416 -48 104.84782608695605) 
4 716 846 (432 -48 104.84782608695605) (432 -48 118.83333333279165) (416 -48 118.83333333279165) (416 -48 104.84782608695605) 
5 716 840 (432 -48 118.83333333279165) (432 -48 148) (422.8571428571429 -48 148) (416 -48 146.5) (416 -48 118.83333333279165) 
4 716 829 (432 -48 0) (492 -48 0) (492 -48 8) (432 -48 8) 
4 716 794 (492 -48 8) (492 -48 24) (432 -48 24) (432 -48 8) 
4 716 793 (492 -48 24) (492 -48 92.5) (432 -48 92.5) (432 -48 24) 
4 716 790 (492 -48 0) (496 -48 0) (496 -48 24) (492 -48 24) 
4 716 789 (496 -48 24) (496 -48 92.5) (492 -48 92.5) (492 -48 24) 
4 716 769 (462.86956521739074 -48 96.61594202898537) (432 -48 96.61594202898537) (432 -48 92.5) (462.86956521739074 -48 92.5) 
4 716 766 (496 -48 92.5) (496 -48 96.61594202898537) (462.86956521739074 -48 96.61594202898537) (462.86956521739074 -48 92.5) 
4 716 733 (432 -48 104.84782608695605) (432 -48 96.61594202898537) (480 -48 96.61594202898537) (480 -48 104.84782608695605) 
5 716 732 (448 -48 146.5) (441.1428571428571 -48 148) (432 -48 148) (432 -48 104.84782608695605) (448 -48 104.84782608695605) 
6 716 730 (480 -48 134.50000000000003) (477.7142857142859 -48 135.99999999999991) (459.4285714285712 -48 144.00000000000006) (448 -48 146.5) (448 -48 104.84782608695605) (480 -48 104.84782608695605) 
4 716 728 (496 -48 96.61594202898537) (496 -48 124) (480 -48 134.50000000000003) (480 -48 96.61594202898537) 
4 717 886 (368 -48 192) (368 -48 224) (352 -48 224) (352 -48 192) 
4 717 839 (368 -48 224) (368 -48 240) (320 -48 240) (320 -48 224) 
4 717 718 (320 -48 192) (320 -48 240) (320 -16 240) (320 -16 192) 
4 718 890 (256 -48 224) (224 -48 224) (224 -48 192) (256 -48 192) 
4 718 888 (320 -48 192) (320 -48 224) (288 -48 224) (288 -48 192) 
4 718 839 (320 -48 224) (320 -48 240) (208 -48 240) (208 -48 224) 
4 718 720 (208 -48 192) (208 -48 240) (208 -16 240) (208 -16 192) 
4 719 947 (208 -48 0) (320 -48 0) (320 -48 24) (208 -48 24) 
4 719 944 (320 -48 24) (320 -48 92.5) (208 -48 92.5) (208 -48 24) 
4 719 891 (224.00000000000003 -48 136) (208 -48 124) (208 -48 92.5) (224 -48 92.5) 
5 719 890 (255.99999999999991 -48 148) (240.00000000000006 -48 144.00000000000003) (224.00000000000003 -48 136) (224 -48 92.5) (256 -48 92.5) 
5 719 889 (288 -48 144.00000000000003) (272.0000000000001 -48 148) (255.99999999999991 -48 148) (256 -48 92.5) (288 -48 92.5) 
5 719 888 (320 -48 92.5) (320 -48 124.00000000000009) (304.0000000000003 -48 135.99999999999986) (288 -48 144.00000000000003) (288 -48 92.5) 
4 720 839 (208 -48 224) (208 -48 240) (192 -48 240) (192 -48 224) 
3 720 721 (192 -48 240) (192 -16 240) (192 -16 192) 
4 722 967 (48 -48 0) (127.99999999999999 -48 0) (128 -48 240) (48 -48 240) 
4 722 724 (48 -48 -0) (48 -48 240) (48 -32 240) (48 -32 0) 
4 722 723 (48 -32 240) (48 -16 240) (48 -16 12) (48 -32 12) 
4 723 724 (-64 -32 240) (-64 -32 12) (48 -32 12) (48 -32 240) 
4 724 967 (-64 -48 0) (48 -48 0) (48 -48 240) (-64 -48 240) 
4 725 1430 (-256 -16 0) (-96 -16 0) (-96 -48 0) (-256 -48 0) 
4 725 1011 (-256 -48 0) (-176 -48 0) (-176 -48 240) (-256 -48 240) 
4 725 1010 (-176 -48 0) (-96 -48 0) (-96 -48 240) (-176 -48 240) 
4 726 1433 (-272 -16 0) (-256 -16 0) (-256 -48 0) (-272 -48 0) 
4 726 1012 (-272 -48 0) (-256 -48 0) (-256 -48 240) (-272 -48 240) 
4 727 778 (480 -289.1304347825839 478.869565217416) (736 -289.1304347825839 478.86956521741604) (736 -48 720) (480 -48 720) 
4 727 735 (736 -289.1304347825839 240) (736 -289.1304347825839 478.86956521741604) (480 -289.1304347825839 478.86956521741604) (480 -289.1304347825839 240) 
4 727 731 (480 -289.1304347825839 240) (480 -289.1304347825839 478.86956521741604) (480 -64 704) (480 -64 240) 
4 727 729 (480 -64 704) (480 -48 720) (480 -48 240) (480 -64 240) 
5 727 728 (736 -289.1304347825839 240) (480 -289.1304347825839 240) (480 -48 240) (703.9999999999999 -48 240) (736 -80.00000000000009 240) 
5 728 766 (480 -48 96.61594202898537) (703.9999999999999 -48 96.61594202898537) (736 -80.00000000000009 96.61594202898537) (736 -289.1304347825839 96.61594202898537) (480 -289.1304347825839 96.61594202898537) 
4 728 736 (480 -289.1304347825839 96.61594202898537) (736 -289.1304347825839 96.61594202898537) (736 -289.1304347825839 104.84782608695605) (480 -289.1304347825839 104.84782608695605) 
4 728 735 (736 -289.1304347825839 104.84782608695605) (736 -289.1304347825839 240) (480 -289.1304347825839 240) (480 -289.1304347825839 104.84782608695605) 
4 728 734 (480 -283.63513513515716 96.61594202898537) (480 -289.1304347825839 96.61594202898537) (480 -289.1304347825839 104.84782608695605) (480 -283.63513513515716 104.84782608695605) 
4 728 733 (480 -48 96.61594202898537) (480 -283.63513513515716 96.61594202898537) (480 -283.63513513515716 104.84782608695605) (480 -48 104.84782608695605) 
4 728 731 (480 -289.1304347825839 104.84782608695605) (480 -289.1304347825839 240) (480 -64 240) (480 -64 104.84782608695605) 
4 728 730 (480 -48 176) (480 -48 104.84782608695605) (480 -64 104.84782608695605) (480 -64 192) 
4 728 729 (480 -64 240) (480 -48 240) (480 -48 224) (480 -64 224) 
4 729 778 (480 -64 704) (480 -48 720) (448 -48 720) (448 -64 704) 
4 729 732 (448 -64 224) (448 -64 704) (448 -48 720) (448 -48 224) 
4 729 731 (448 -64 703.9999999999995) (448 -64 224) (480 -64 224) (480 -64 704) 
4 730 733 (480 -48 104.84782608695605) (480 -64 104.84782608695605) (448 -64 104.84782608695605) (448 -48 104.84782608695605) 
4 730 732 (448 -48 104.84782608695605) (448 -64 104.84782608695605) (448 -64 192) (448 -48 176) 
4 730 731 (448 -64 192.00000000000003) (448 -64 104.84782608695605) (480 -64 104.84782608695605) (480 -64 192) 
4 731 778 (448 -289.1304347825839 478.869565217416) (480 -289.1304347825839 478.869565217416) (480 -64 704) (448 -64 704) 
4 731 744 (448 -289.1304347825839 118.83333333279165) (448 -289.1304347825839 104.84782608695605) (453.3712374582517 -289.1304347825839 104.84782608695605) (453.3712374582526 -289.1304347825839 118.83333333279165) 
4 731 740 (453.3712374582517 -289.1304347825839 104.84782608695605) (462.86956521739074 -289.1304347825839 104.84782608695605) (462.86956521739074 -289.1304347825839 118.83333333279165) (453.3712374582526 -289.1304347825839 118.83333333279165) 
4 731 739 (462.86956521739074 -289.1304347825839 478.86956521741604) (448 -289.1304347825839 478.86956521741604) (448 -289.1304347825839 118.83333333279165) (462.86956521739074 -289.1304347825839 118.83333333279165) 
4 731 735 (480 -289.1304347825839 104.84782608695605) (480 -289.1304347825839 478.86956521741604) (462.86956521739074 -289.1304347825839 478.86956521741604) (462.86956521739074 -289.1304347825839 104.84782608695605) 
5 731 734 (480 -283.63513513515716 104.84782608695605) (480 -289.1304347825839 104.84782608695605) (453.3712374581972 -289.1304347825839 104.84782608695605) (448 -287.34002229650895 104.84782608695605) (448 -284.2117117117191 104.84782608695605) 
4 731 733 (480 -64 104.84782608695605) (480 -283.63513513515716 104.84782608695605) (448 -284.2117117117191 104.84782608695605) (448 -64 104.84782608695605) 
4 731 732 (448 -64 104.84782608695605) (448 -289.1304347825839 104.84782608695605) (448 -289.1304347825839 478.86956521741604) (448 -64 704) 
4 732 846 (432 -48 118.83333333279165) (432 -48 104.84782608695605) (432 -289.1304347825839 104.84782608695605) (432 -289.1304347825839 118.83333333279165) 
4 732 840 (432 -48 224) (432 -48 118.83333333279165) (432 -289.1304347825839 118.83333333279165) (432 -289.1304347825839 224) 
4 732 839 (432 -48 240) (432 -48 224) (432 -289.1304347825839 224) (432 -289.1304347825839 240) 
4 732 838 (432 -48 719.9999999999995) (432 -48 240) (432 -289.1304347825839 240) (432 -289.1304347825839 478.86956521741575) 
4 732 778 (432 -48 720) (432 -289.1304347825839 478.869565217416) (448 -289.1304347825839 478.869565217416) (448 -48 720) 
4 732 765 (432 -289.1304347825839 118.83333333279165) (432 -289.1304347825839 104.84782608695605) (438.1739130434832 -289.1304347825839 104.84782608695605) (438.1739130434832 -289.1304347825839 118.83333333279165) 
4 732 744 (438.1739130434832 -289.1304347825839 104.84782608695605) (448 -289.1304347825839 104.84782608695605) (448 -289.1304347825839 118.83333333279165) (438.1739130434832 -289.1304347825839 118.83333333279165) 
4 732 739 (448 -289.1304347825839 478.86956521741604) (432 -289.1304347825839 478.86956521741604) (432 -289.1304347825839 118.83333333279165) (448 -289.1304347825839 118.83333333279165) 
3 732 734 (439.09634679716845 -284.37213789554977 104.84782608695605) (448 -284.2117117117191 104.84782608695605) (448 -287.34002229650895 104.84782608695605) 
4 732 733 (432 -284.5 104.84782608695605) (432 -48 104.84782608695605) (448 -48 104.84782608695605) (448 -284.2117117117191 104.84782608695605) 
4 733 854 (432 -48 104.84782608695605) (432 -48 96.61594202898537) (432 -284.5 96.61594202898537) (432 -284.5 104.84782608695605) 
4 733 769 (432 -284.5 96.61594202898537) (432 -48 96.61594202898537) (462.86956521739074 -48 96.61594202898537) (462.86956521739074 -283.94379161771883 96.61594202898537) 
4 733 766 (462.86956521739074 -48 96.61594202898537) (480 -48 96.61594202898537) (480 -283.63513513515716 96.61594202898537) (462.86956521739074 -283.94379161771883 96.61594202898537) 
4 733 734 (439.09634679716737 -284.3721378955497 96.61594202898537) (480 -283.63513513515704 96.61594202898537) (480 -283.63513513515704 104.84782608695605) (439.0963467971682 -284.3721378955497 104.84782608695605) 
4 734 770 (439.09634679716754 -284.37213789554977 96.61594202898537) (462.86956521739074 -283.94379161771883 96.61594202898537) (462.86956521739074 -289.1304347825839 96.61594202898537) (453.3712374581962 -289.1304347825839 96.61594202898537) 
4 734 766 (462.86956521739074 -283.94379161771883 96.61594202898537) (480 -283.63513513515716 96.61594202898537) (480 -289.1304347825839 96.61594202898537) (462.86956521739074 -289.1304347825839 96.61594202898537) 
4 734 740 (453.3712374581962 -289.1304347825839 96.61594202898537) (462.86956521739074 -289.1304347825839 96.61594202898537) (462.86956521739074 -289.1304347825839 104.84782608695605) (453.37123745819713 -289.1304347825839 104.84782608695605) 
4 734 736 (462.86956521739074 -289.1304347825839 96.61594202898537) (480 -289.1304347825839 96.61594202898537) (480 -289.1304347825839 104.84782608695605) (462.86956521739074 -289.1304347825839 104.84782608695605) 
4 735 1236 (462.86956521739074 -592 156.9891304347811) (462.86956521739074 -592 104.84782608695605) (496 -592 104.84782608695605) (496 -592 128.00000000000006) 
6 735 1234 (544 -592 104.84782608695605) (656 -592 104.84782608695605) (656 -592 128) (624 -592 160) (576 -592 160) (544 -592 128) 
4 735 788 (462.86956521739074 -592 175.99999999999977) (464 -592 175.99999999999977) (464 -543.9999999999998 224) (462.86956521739074 -543.9999999999998 224) 
4 735 787 (496 -576 191.99999999999977) (496 -543.9999999999998 224) (464 -543.9999999999998 224) (464 -576 191.99999999999977) 
4 735 786 (496 -592 175.99999999999977) (528 -592 175.99999999999977) (528 -543.9999999999998 224) (496 -543.9999999999998 224) 
4 735 785 (560 -576 191.99999999999977) (560 -543.9999999999998 224) (528 -543.9999999999998 224) (528 -576 191.99999999999977) 
4 735 784 (560 -592 175.99999999999977) (592 -592 175.99999999999977) (592 -543.9999999999998 224) (560 -543.9999999999998 224) 
4 735 783 (624 -576 191.99999999999977) (624 -543.9999999999998 224) (592 -543.9999999999998 224) (592 -576 191.99999999999977) 
4 735 782 (624 -592 175.99999999999977) (656 -592 175.99999999999977) (656 -543.9999999999998 224) (624 -543.9999999999998 224) 
4 735 781 (688 -576 191.9999999999998) (688 -543.9999999999998 224) (656 -543.9999999999998 224) (656 -576 191.99999999999977) 
5 735 780 (688 -592 175.9999999999998) (703.9999999999999 -592 175.9999999999998) (736 -559.9999999999999 207.99999999999991) (736 -543.9999999999998 224) (688 -543.9999999999998 224) 
4 735 779 (736 -543.9999999999998 224) (736 -527.9999999999998 240) (462.86956521739074 -527.9999999999998 240) (462.86956521739074 -543.9999999999998 224) 
4 735 778 (736 -527.9999999999998 240) (736 -289.1304347825839 478.86956521741604) (462.86956521739074 -289.1304347825839 478.869565217416) (462.86956521739074 -527.9999999999998 240) 
4 735 764 (462.86956521739074 -355.5 104.84782608695605) (462.86956521739074 -592 104.84782608695605) (462.86956521739074 -592 118.83333333279165) (462.86956521739074 -355.5 118.83333333279165) 
4 735 762 (462.86956521739074 -350.86956521739063 104.84782608695605) (462.86956521739074 -355.5 104.84782608695605) (462.86956521739074 -355.5 118.83333333279165) (462.86956521739074 -350.86956521739063 118.83333333279165) 
4 735 761 (462.86956521739074 -341.371237458277 104.84782608695605) (462.86956521739074 -350.86956521739063 104.84782608695605) (462.86956521739074 -350.86956521739063 118.83333333279165) (462.86956521739074 -341.3712374582778 118.83333333279165) 
4 735 750 (462.86956521739074 -316.3589743590908 104.84782608695605) (462.86956521739074 -341.371237458277 104.84782608695605) (462.86956521739074 -341.3712374582778 118.83333333279165) (462.86956521739074 -316.3589743590869 118.83333333279165) 
4 735 743 (462.86956521739074 -313.8260869564457 104.84782608695605) (462.86956521739074 -316.3589743590908 104.84782608695605) (462.86956521739074 -316.3589743590869 118.83333333279165) (462.86956521739074 -313.8260869564457 118.83333333279165) 
4 735 741 (462.86956521739074 -298.62876254178326 104.84782608695605) (462.86956521739074 -313.8260869564457 104.84782608695605) (462.86956521739074 -313.8260869564457 118.83333333279165) (462.86956521739074 -298.6287625417823 118.83333333279165) 
4 735 740 (462.86956521739074 -289.1304347825839 118.83333333279165) (462.86956521739074 -289.1304347825839 104.84782608695605) (462.86956521739074 -298.62876254178326 104.84782608695605) (462.86956521739074 -298.6287625417823 118.83333333279165) 
4 735 739 (462.86956521739074 -289.1304347825839 478.86956521741604) (462.86956521739074 -289.1304347825839 118.83333333279165) (462.86956521739074 -592 118.83333333279165) (462.86956521739074 -592 175.99999999999997) 
4 735 738 (462.86956521739074 -592 104.84782608695605) (462.86956521739074 -341.37123745827313 104.84782608695605) (467.6278621044503 -327.0963467971686 104.84782608695605) (472.4009009007785 -592 104.84782608695605) 
4 735 737 (467.5 -312.9000000000001 104.84782608695605) (560.5258703669595 -592 104.84782608695605) (472.4009009007785 -592 104.84782608695605) (467.5 -319.99999999999983 104.84782608695605) 
6 735 736 (462.86956521739074 -299.0075812273696 104.84782608695605) (462.86956521739074 -289.1304347825839 104.84782608695605) (736 -289.1304347825839 104.84782608695605) (736 -559.9999999999999 104.84782608695605) (703.9999999999999 -592 104.84782608695605) (560.5258703669595 -592 104.84782608695605) 
4 736 1234 (560.5258703669596 -592 96.61594202898537) (656 -592 96.61594202898537) (656 -592 104.84782608695605) (560.5258703669595 -592 104.84782608695605) 
6 736 766 (462.86956521739074 -289.1304347825839 96.61594202898537) (736 -289.1304347825839 96.61594202898537) (736 -559.9999999999999 96.61594202898537) (703.9999999999999 -592 96.61594202898537) (560.5258703669595 -592 96.61594202898537) (462.86956521739074 -299.0075812273696 96.61594202898537) 
4 736 742 (462.86956521739074 -298.6287625417838 96.61594202898537) (462.86956521739074 -299.0075812273696 96.61594202898537) (462.86956521739074 -299.0075812273696 104.84782608695605) (462.86956521739074 -298.62876254178326 104.84782608695605) 
4 736 740 (462.86956521739074 -289.1304347825839 104.84782608695605) (462.86956521739074 -289.1304347825839 96.61594202898537) (462.86956521739074 -298.6287625417838 96.61594202898537) (462.86956521739074 -298.62876254178326 104.84782608695605) 
4 736 737 (560.5258703669596 -592 104.84782608695605) (467.5 -312.8999999999999 104.84782608695605) (467.5 -312.8999999999999 96.61594202898537) (560.5258703669596 -592 96.61594202898537) 
4 737 1236 (472.4009009007785 -592 96.61594202898537) (496 -592 96.61594202898537) (496 -592 104.84782608695605) (472.4009009007785 -592 104.84782608695605) 
4 737 1234 (544 -592 96.61594202898537) (560.5258703669596 -592 96.61594202898537) (560.5258703669595 -592 104.84782608695605) (544 -592 104.84782608695605) 
4 737 767 (560.5258703669595 -592 96.61594202898537) (472.4009009007785 -592 96.61594202898537) (467.5 -319.99999999999983 96.61594202898537) (467.5 -312.9000000000001 96.61594202898537) 
4 737 738 (467.6278621044504 -327.0963467971671 96.61594202898537) (472.40090090077854 -592 96.61594202898537) (472.4009009007786 -592 104.84782608695605) (467.6278621044504 -327.09634679716805 104.84782608695605) 
4 738 1236 (462.86956521739074 -592 96.61594202898537) (472.4009009007785 -592 96.61594202898537) (472.4009009007785 -592 104.84782608695605) (462.86956521739074 -592 104.84782608695605) 
4 738 768 (472.4009009007785 -592 96.61594202898537) (462.86956521739074 -592 96.61594202898537) (462.86956521739074 -341.3712374582724 96.61594202898537) (467.6278621044503 -327.0963467971676 96.61594202898537) 
4 738 764 (462.86956521739074 -355.5 96.61594202898537) (462.86956521739074 -592 96.61594202898537) (462.86956521739074 -592 104.84782608695605) (462.86956521739074 -355.5 104.84782608695605) 
4 738 763 (462.86956521739074 -350.86956521739063 96.61594202898537) (462.86956521739074 -355.5 96.61594202898537) (462.86956521739074 -355.5 104.84782608695605) (462.86956521739074 -350.86956521739063 104.84782608695605) 
4 738 761 (462.86956521739074 -341.37123745827233 96.61594202898537) (462.86956521739074 -350.86956521739063 96.61594202898537) (462.86956521739074 -350.86956521739063 104.84782608695605) (462.86956521739074 -341.37123745827313 104.84782608695605) 
5 739 1236 (432 -592 160) (432 -592 118.83333333279165) (462.86956521739074 -592 118.83333333279165) (462.86956521739074 -592 156.9891304347811) (459.4285714285689 -592 160) 
4 739 852 (432 -592 118.83333333279165) (432 -592 175.99999999999994) (432 -576 191.99999999999991) (432 -576 118.83333333279165) 
5 739 851 (432 -576 191.99999999999991) (432 -543.9999999999999 224) (432 -326.1739130434779 224) (432 -326.1739130434779 118.83333333279165) (432 -576 118.83333333279165) 
4 739 840 (432 -326.1739130434779 224) (432 -289.1304347825839 224) (432 -289.1304347825839 118.83333333279165) (432 -326.1739130434779 118.83333333279165) 
4 739 839 (432 -543.9999999999999 224) (432 -527.9999999999999 240) (432 -289.1304347825839 240) (432 -289.1304347825839 224) 
3 739 838 (432 -527.9999999999999 240) (432 -289.1304347825839 478.86956521741575) (432 -289.1304347825839 240) 
4 739 788 (432 -543.9999999999998 224) (432 -592 175.99999999999977) (462.86956521739074 -592 175.99999999999977) (462.86956521739074 -543.9999999999998 224) 
4 739 779 (432 -527.9999999999998 240) (432 -543.9999999999998 224) (462.86956521739074 -543.9999999999998 224) (462.86956521739074 -527.9999999999998 240) 
4 739 778 (432 -289.1304347825839 478.869565217416) (432 -527.9999999999998 240) (462.86956521739074 -527.9999999999998 240) (462.86956521739074 -289.1304347825839 478.869565217416) 
4 739 765 (432 -289.1304347825839 118.83333333279165) (438.1739130434832 -289.1304347825839 118.83333333279165) (433.2347826087271 -313.82608695636446 118.83333333279165) (432 -313.82608695636446 118.83333333279165) 
4 739 764 (462.86956521739074 -355.5 118.83333333279165) (462.86956521739074 -592 118.83333333279165) (432 -592 118.83333333279165) (432 -355.5 118.83333333279165) 
4 739 762 (462.86956521739074 -350.86956521739063 118.83333333279165) (462.86956521739074 -355.5 118.83333333279165) (432 -355.5 118.83333333279165) (432 -350.86956521739063 118.83333333279165) 
3 739 761 (462.86956521739074 -341.3712374582778 118.83333333279165) (462.86956521739074 -350.86956521739063 118.83333333279165) (453.3712374582176 -350.86956521739063 118.83333333279165) 
3 739 759 (460.9698996655603 -343.27090301009616 118.83333333279165) (453.3712374582176 -350.86956521739063 118.83333333279165) (438.1739130435542 -350.86956521739063 118.83333333279165) 
6 739 750 (462.86956521739074 -316.3589743590869 118.83333333279165) (462.86956521739074 -341.3712374582778 118.83333333279165) (460.9698996655603 -343.27090301009616 118.83333333279165) (438.1739130435542 -350.86956521739063 118.83333333279165) (432 -350.86956521739063 118.83333333279165) (432 -326.64882943160194 118.83333333279165) 
3 739 749 (433.2466555184447 -326.23327759211827 118.83333333279165) (432 -326.64882943160194 118.83333333279165) (432 -326.17391304360814 118.83333333279165) 
3 739 748 (433.2347826087053 -313.82608695647326 118.83333333279165) (433.52369007807386 -312.38154960963055 118.83333333279165) (435.73996655536496 -314.5978260869569 118.83333333279165) 
3 739 747 (438.23327759213623 -318.75334448160083 118.83333333279165) (438.59970015003734 -319.85261215530505 118.83333333279165) (438.1739130434787 -321.2347826088955 118.83333333279165) 
3 739 746 (439.2721571907958 -321.8699832775819 118.83333333279165) (437.4021739130592 -323.73996655532034 118.83333333279165) (438.59970015003734 -319.85261215530505 118.83333333279165) 
3 739 745 (441.142140468349 -320.00000000002683 118.83333333279165) (439.2721571907958 -321.8699832775819 118.83333333279165) (437.402173913214 -316.2600334448324 118.83333333279165) 
6 739 744 (438.1739130434832 -289.1304347825839 118.83333333279165) (453.3712374582526 -289.1304347825839 118.83333333279165) (455.27090301009616 -291.0301003344395 118.83333333279165) (458.98118729103686 -302.16095317732135 118.83333333279165) (441.142140468349 -320.00000000002683 118.83333333279165) (433.52369007807386 -312.38154960963055 118.83333333279165) 
4 739 743 (458.98118729103686 -302.16095317732135 118.83333333279165) (462.86956521739074 -313.8260869564457 118.83333333279165) (462.86956521739074 -316.3589743590869 118.83333333279165) (435.73996655517817 -325.402173913203 118.83333333279165) 
3 739 741 (455.27090301009616 -291.0301003344395 118.83333333279165) (462.86956521739074 -298.6287625417823 118.83333333279165) (462.86956521739074 -313.8260869564457 118.83333333279165) 
3 739 740 (453.3712374582526 -289.1304347825839 118.83333333279165) (462.86956521739074 -289.1304347825839 118.83333333279165) (462.86956521739074 -298.6287625417823 118.83333333279165) 
3 740 771 (453.3712374582512 -289.1304347825839 96.61594202898537) (462.86956521739074 -289.1304347825839 96.61594202898537) (462.86956521739074 -298.6287625417838 96.61594202898537) 
4 740 744 (455.2709030100963 -291.03010033443985 118.83333333279165) (453.3712374582524 -289.1304347825839 118.83333333279165) (453.37123745825147 -289.1304347825839 104.84782608695605) (455.27090301009673 -291.03010033444116 104.84782608695605) 
4 740 741 (462.86956521739074 -298.6287625417835 104.84782608695605) (462.86956521739074 -298.6287625417826 118.83333333279165) (455.2709030100963 -291.03010033443985 118.83333333279165) (455.27090301009673 -291.03010033444116 104.84782608695605) 
4 741 744 (455.27090301009633 -291.0301003344399 118.83333333279165) (455.2709030100968 -291.0301003344413 104.84782608695605) (458.9811872910393 -302.1609531773286 104.84782608695605) (458.98118729103686 -302.1609531773213 118.83333333279165) 
4 741 743 (458.9811872910393 -302.1609531773286 104.84782608695605) (462.86956521739074 -313.82608695644564 104.84782608695605) (462.86956521739074 -313.82608695644564 118.83333333279165) (458.98118729103686 -302.1609531773213 118.83333333279165) 
3 743 754 (439.9785953179145 -323.98929765895434 104.84782608695605) (435.7399665551871 -325.40217391320385 104.84782608695605) (439.27215719079453 -321.8699832775929 104.84782608695605) 
4 743 752 (452.5851689543179 -319.7871064467989 104.84782608695605) (439.9785953179145 -323.98929765895434 104.84782608695605) (439.27215719079453 -321.8699832775929 104.84782608695605) (443.9998121760218 -317.14232829236096 104.84782608695605) 
5 743 751 (458.98118729103925 -302.1609531773286 104.84782608695605) (462.86956521739074 -313.8260869564458 104.84782608695605) (462.86956521739074 -316.3589743590908 104.84782608695605) (452.5851689543179 -319.7871064467989 104.84782608695605) (443.9998121760218 -317.14232829236096 104.84782608695605) 
4 743 750 (435.73996655518704 -325.4021739132039 104.84782608695605) (462.86956521739074 -316.35897435909084 104.84782608695605) (462.86956521739074 -316.3589743590871 118.83333333279165) (435.7399665551781 -325.40217391320306 118.83333333279165) 
4 743 746 (439.2721571907944 -321.8699832775926 104.84782608695605) (437.4021739130511 -323.7399665553378 104.84782608695605) (437.4021739130593 -323.73996655531994 118.83333333279165) (439.2721571907957 -321.8699832775817 118.83333333279165) 
4 743 745 (441.1421404683505 -320.00000000003473 104.84782608695605) (439.2721571907944 -321.8699832775926 104.84782608695605) (439.2721571907957 -321.8699832775817 118.83333333279165) (441.1421404683489 -320.00000000002666 118.83333333279165) 
4 743 744 (458.98118729103663 -302.16095317732106 118.83333333279165) (458.9811872910391 -302.16095317732834 104.84782608695605) (441.1421404683505 -320.00000000003473 104.84782608695605) (441.1421404683489 -320.00000000002666 118.83333333279165) 
4 744 765 (433.52369007807386 -312.3815496096305 118.83333333279165) (438.17391304348314 -289.1304347825839 118.83333333279165) (438.17391304348314 -289.1304347825839 104.84782608695605) (433.5236900780727 -312.3815496096359 104.84782608695605) 
3 744 753 (437.4021739132099 -316.2600334448346 104.84782608695605) (435.7399665553576 -314.597826086956 104.84782608695605) (436.97491638811795 -314.97826086955797 104.84782608695605) 
4 744 752 (443.9998121760218 -317.1423282923609 104.84782608695605) (441.14214046835065 -320.0000000000349 104.84782608695605) (437.4021739132099 -316.2600334448346 104.84782608695605) (436.97491638811795 -314.97826086955797 104.84782608695605) 
7 744 751 (458.7536231884528 -301.4782608695656 104.84782608695605) (458.98118729103925 -302.1609531773286 104.84782608695605) (443.9998121760218 -317.1423282923609 104.84782608695605) (435.7399665553576 -314.597826086956 104.84782608695605) (433.5236900780731 -312.3815496096363 104.84782608695605) (438.1739130434838 -289.1304347825839 104.84782608695605) (450.5217391305262 -293.24637681159464 104.84782608695605) 
4 744 748 (433.5236900780739 -312.3815496096305 118.83333333279165) (433.52369007807283 -312.38154960963584 104.84782608695605) (435.7399665553579 -314.5978260869561 104.84782608695605) (435.73996655536524 -314.597826086957 118.83333333279165) 
4 744 745 (437.40217391320977 -316.26003344483433 104.84782608695605) (441.14214046835053 -320.00000000003445 104.84782608695605) (441.1421404683489 -320.0000000000264 118.83333333279165) (437.4021739132139 -316.26003344483206 118.83333333279165) 
3 745 752 (441.14214046835065 -320.0000000000349 104.84782608695605) (439.27215719079453 -321.8699832775929 104.84782608695605) (437.4021739132098 -316.2600334448347 104.84782608695605) 
4 745 747 (438.2332775921357 -318.7533444816142 104.84782608695605) (438.5997001500335 -319.8526121553085 104.84782608695605) (438.5997001500373 -319.8526121553051 118.83333333279165) (438.23327759213623 -318.75334448160106 118.83333333279165) 
4 745 746 (438.5997001500335 -319.8526121553085 104.84782608695605) (439.2721571907945 -321.869983277593 104.84782608695605) (439.2721571907957 -321.86998327758204 118.83333333279165) (438.5997001500373 -319.8526121553051 118.83333333279165) 
3 746 755 (439.27215719079453 -321.8699832775929 104.84782608695605) (437.4021739130509 -323.7399665553384 104.84782608695605) (438.5997001500335 -319.85261215530846 104.84782608695605) 
4 746 747 (438.59970015003734 -319.8526121553052 118.83333333279165) (438.5997001500336 -319.85261215530863 104.84782608695605) (438.1739130434787 -321.23478260888686 104.84782608695605) (438.17391304347865 -321.23478260889584 118.83333333279165) 
3 747 756 (438.2332775921357 -318.7533444816142 104.84782608695605) (438.5997001500335 -319.85261215530846 104.84782608695605) (438.1739130434787 -321.2347826088865 104.84782608695605) 
4 748 765 (433.2347826087053 -313.82608695647326 118.83333333279165) (433.52369007807386 -312.3815496096305 118.83333333279165) (433.5236900780727 -312.3815496096359 104.84782608695605) (433.234782608705 -313.82608695647457 104.84782608695605) 
3 748 751 (433.2347826087054 -313.8260869564747 104.84782608695605) (433.5236900780731 -312.3815496096363 104.84782608695605) (435.73996655535757 -314.597826086956 104.84782608695605) 
4 749 851 (432 -326.64882943160194 118.83333333279165) (432 -326.17391304360814 118.83333333279165) (432 -326.17391304360586 104.84782608695605) (432 -326.64882943160575 104.84782608695605) 
3 749 757 (433.24665551846056 -326.23327759211685 104.84782608695605) (432 -326.64882943160575 104.84782608695605) (432 -326.17391304360586 104.84782608695605) 
4 749 750 (432 -326.6488294316058 104.84782608695605) (433.24665551846067 -326.23327759211685 104.84782608695605) (433.24665551844487 -326.2332775921183 118.83333333279165) (432 -326.648829431602 118.83333333279165) 
4 750 851 (432 -350.86956521739063 104.84782608695605) (432 -350.86956521739063 118.83333333279165) (432 -326.64882943160194 118.83333333279165) (432 -326.64882943160575 104.84782608695605) 
4 750 762 (438.1739130435542 -350.86956521739063 104.84782608695605) (438.1739130435542 -350.86956521739063 118.83333333279165) (432 -350.86956521739063 118.83333333279165) (432 -350.86956521739063 104.84782608695605) 
4 750 761 (462.86956521739074 -341.3712374582765 104.84782608695605) (462.86956521739074 -341.3712374582774 118.83333333279165) (460.96989966555986 -343.2709030100963 118.83333333279165) (460.9698996655585 -343.27090301009673 104.84782608695605) 
4 750 759 (438.17391304355374 -350.86956521739063 118.83333333279165) (438.17391304355374 -350.86956521739063 104.84782608695605) (460.96989966555896 -343.27090301009645 104.84782608695605) (460.9698996655603 -343.270903010096 118.83333333279165) 
7 750 758 (462.86956521739074 -316.3589743590908 104.84782608695605) (462.86956521739074 -326.1739130436356 104.84782608695605) (458.7536231884055 -338.5217391305258 104.84782608695605) (450.52173913043436 -346.7536231884527 104.84782608695605) (438.17391304355414 -350.86956521739063 104.84782608695605) (432 -350.86956521739063 104.84782608695605) (432 -326.64882943160575 104.84782608695605) 
4 751 765 (438.17391304348314 -289.1304347825839 104.84782608695605) (438.17391304348314 -289.1304347825839 100.73188405797067) (433.2347826087049 -313.8260869564749 100.73188405797067) (433.234782608705 -313.8260869564745 104.84782608695605) 
4 751 758 (462.86956521739074 -316.3589743590928 96.61594202898537) (462.86956521739074 -316.3589743590906 104.84782608695605) (452.58516895431757 -319.78710644679876 104.84782608695605) (452.58516895431984 -319.78710644680024 96.61594202898537) 
4 751 753 (436.97491638811795 -314.9782608695579 104.84782608695605) (435.73996655535757 -314.59782608695593 104.84782608695605) (435.7399665553532 -314.59782608695537 96.61594202898537) (436.97491638811505 -314.9782608695578 96.61594202898537) 
4 751 752 (452.5851689543203 -319.78710644680035 96.61594202898537) (452.585168954318 -319.7871064467989 104.84782608695605) (436.97491638811795 -314.9782608695579 104.84782608695605) (436.97491638811505 -314.9782608695578 96.61594202898537) 
4 752 758 (452.58516895431757 -319.78710644679876 104.84782608695605) (439.9785953179144 -323.9892976589541 104.84782608695605) (439.9785953179125 -323.989297658957 96.61594202898537) (452.58516895431984 -319.78710644680024 96.61594202898537) 
4 752 756 (438.2332775921354 -318.753344481622 96.61594202898537) (438.5997001500313 -319.85261215531057 96.61594202898537) (438.5997001500335 -319.85261215530846 104.84782608695605) (438.2332775921357 -318.75334448161414 104.84782608695605) 
4 752 755 (438.5997001500313 -319.85261215531057 96.61594202898537) (439.27215719079373 -321.8699832775994 96.61594202898537) (439.27215719079453 -321.86998327759295 104.84782608695605) (438.5997001500335 -319.85261215530846 104.84782608695605) 
4 752 754 (439.27215719079373 -321.8699832775994 96.61594202898537) (439.9785953179125 -323.9892976589572 96.61594202898537) (439.9785953179144 -323.9892976589543 104.84782608695605) (439.27215719079453 -321.86998327759295 104.84782608695605) 
4 752 753 (436.97491638811795 -314.9782608695581 104.84782608695605) (436.97491638811505 -314.97826086955797 96.61594202898537) (437.4021739132074 -316.260033444836 96.61594202898537) (437.4021739132098 -316.2600334448346 104.84782608695605) 
4 754 758 (439.9785953179144 -323.9892976589541 104.84782608695605) (435.7399665551875 -325.4021739132035 104.84782608695605) (435.73996655519267 -325.402173913204 96.61594202898537) (439.9785953179125 -323.989297658957 96.61594202898537) 
4 754 755 (439.2721571907945 -321.8699832775928 104.84782608695605) (439.27215719079373 -321.86998327759926 96.61594202898537) (437.40217391304617 -323.7399665553486 96.61594202898537) (437.40217391305106 -323.73996655533796 104.84782608695605) 
4 755 756 (438.59970015003364 -319.8526121553086 104.84782608695605) (438.5997001500314 -319.85261215531057 96.61594202898537) (438.1739130434787 -321.2347826088818 96.61594202898537) (438.1739130434787 -321.234782608887 104.84782608695605) 
4 757 867 (432 -326.1739130436046 96.61594202898537) (432 -326.6488294316079 96.61594202898537) (432 -326.64882943160575 104.84782608695605) (432 -326.17391304360586 104.84782608695605) 
4 757 758 (433.24665551846005 -326.2332775921168 104.84782608695605) (432 -326.6488294316056 104.84782608695605) (432 -326.6488294316078 96.61594202898537) (433.2466555184692 -326.233277592116 96.61594202898537) 
4 758 867 (432 -326.6488294316079 96.61594202898537) (432 -350.86956521739063 96.61594202898537) (432 -350.86956521739063 104.84782608695605) (432 -326.64882943160575 104.84782608695605) 
4 759 762 (453.3712374582167 -350.86956521739063 104.84782608695605) (453.3712374582176 -350.86956521739063 118.83333333279165) (438.1739130435542 -350.86956521739063 118.83333333279165) (438.1739130435542 -350.86956521739063 104.84782608695605) 
4 759 761 (453.37123745821754 -350.86956521739063 118.83333333279165) (453.3712374582166 -350.86956521739063 104.84782608695605) (460.9698996655585 -343.27090301009673 104.84782608695605) (460.96989966555986 -343.2709030100963 118.83333333279165) 
4 760 763 (452.9924187726305 -350.86956521739063 96.61594202898537) (453.37123745821617 -350.86956521739063 96.61594202898537) (453.3712374582167 -350.86956521739063 104.84782608695605) (452.99241877263046 -350.86956521739063 104.84782608695605) 
3 761 774 (462.86956521739074 -341.37123745827637 96.61594202898537) (462.86956521739074 -350.86956521739063 96.61594202898537) (453.37123745821617 -350.86956521739063 96.61594202898537) 
4 761 763 (453.37123745821617 -350.86956521739063 96.61594202898537) (462.86956521739074 -350.86956521739063 96.61594202898537) (462.86956521739074 -350.86956521739063 104.84782608695605) (453.3712374582167 -350.86956521739063 104.84782608695605) 
4 761 762 (462.86956521739074 -350.86956521739063 104.84782608695605) (462.86956521739074 -350.86956521739063 118.83333333279165) (453.3712374582176 -350.86956521739063 118.83333333279165) (453.3712374582167 -350.86956521739063 104.84782608695605) 
4 762 851 (432 -355.5 104.84782608695605) (432 -355.5 118.83333333279165) (432 -350.86956521739063 118.83333333279165) (432 -350.86956521739063 104.84782608695605) 
4 762 764 (462.86956521739074 -355.5 104.84782608695605) (462.86956521739074 -355.5 118.83333333279165) (432 -355.5 118.83333333279165) (432 -355.5 104.84782608695605) 
4 762 763 (462.86956521739074 -355.5 104.84782608695605) (439.1 -355.5 104.84782608695605) (452.99241877263046 -350.86956521739063 104.84782608695605) (462.86956521739074 -350.86956521739063 104.84782608695605) 
4 763 775 (452.99241877263046 -350.86956521739063 96.61594202898537) (462.86956521739074 -350.86956521739063 96.61594202898537) (462.86956521739074 -355.5 96.61594202898537) (439.1 -355.5 96.61594202898537) 
4 763 764 (439.1 -355.5 96.61594202898537) (462.86956521739074 -355.5 96.61594202898537) (462.86956521739074 -355.5 104.84782608695605) (439.1 -355.5 104.84782608695605) 
4 764 1236 (432 -592 118.83333333279165) (432 -592 96.61594202898537) (462.86956521739074 -592 96.61594202898537) (462.86956521739074 -592 118.83333333279165) 
4 764 871 (432 -355.5 96.61594202898537) (432 -592 96.61594202898537) (432 -592 104.84782608695605) (432 -355.5 104.84782608695605) 
4 764 852 (432 -592 104.84782608695605) (432 -592 118.83333333279165) (432 -576 118.83333333279165) (432 -576 104.84782608695605) 
4 764 851 (432 -576 118.83333333279165) (432 -355.5 118.83333333279165) (432 -355.5 104.84782608695605) (432 -576 104.84782608695605) 
4 764 776 (432 -592 96.61594202898537) (432 -355.5 96.61594202898537) (462.86956521739074 -355.5 96.61594202898537) (462.86956521739074 -592 96.61594202898537) 
4 765 860 (432 -313.82608695636446 100.73188405797067) (432 -313.82608695636446 104.84782608695605) (432 -313.3511705684069 104.84782608695605) (432 -313.3511705684069 100.73188405797067) 
4 765 859 (432 -313.3511705684069 104.84782608695605) (432 -289.1304347825839 104.84782608695605) (432 -289.1304347825839 100.73188405797067) (432 -313.3511705684069 100.73188405797067) 
4 765 846 (432 -310.85785953158387 118.83333333279165) (432 -289.1304347825839 118.83333333279165) (432 -289.1304347825839 104.84782608695605) (432 -310.8578595315739 104.84782608695605) 
4 765 842 (432 -313.82608695636446 104.84782608695605) (432 -313.82608695636446 118.83333333279165) (432 -313.3511705684069 118.83333333279165) (432 -313.3511705684069 104.84782608695605) 
4 765 841 (432 -313.3511705684069 118.83333333279165) (432 -310.85785953158387 118.83333333279165) (432 -310.8578595315739 104.84782608695605) (432 -313.3511705684069 104.84782608695605) 
4 766 1234 (560.5258703669596 -592 92.5) (656 -592 92.5) (656 -592 96.61594202898537) (560.5258703669595 -592 96.61594202898537) 
3 766 820 (492 -361.5384615384794 92.5) (492 -386.4058965105763 92.5) (485.78351529338056 -367.7549462450927 92.5) 
6 766 807 (492 -307.9999999999999 92.5) (492 -361.5384615384794 92.5) (485.78351529338056 -367.7549462450927 92.5) (462.86956521739074 -299.00758122736966 92.5) (462.86956521739074 -298.6287625417914 92.5) (484 -284 92.5) 
3 766 805 (492 -278.46153846154414 92.5) (492 -307.9999999999999 92.5) (484 -284 92.5) 
4 766 796 (492 -260 92.5) (492 -278.46153846154414 92.5) (462.86956521739074 -298.6287625417914 92.5) (462.86956521739074 -260 92.5) 
4 766 793 (462.86956521739074 -48 92.5) (492 -48 92.5) (492 -260 92.5) (462.86956521739074 -260 92.5) 
7 766 789 (492 -48 92.5) (703.9999999999999 -48 92.5) (736 -80.0000000000001 92.5) (736 -559.9999999999999 92.5) (703.9999999999999 -592 92.5) (560.5258703669595 -592 92.5) (492 -386.4058965105763 92.5) 
4 766 772 (462.86956521739074 -298.62876254178406 92.5) (462.86956521739074 -299.0075812273696 92.5) (462.86956521739074 -299.00758122736966 96.61594202898537) (462.86956521739074 -298.6287625417838 96.61594202898537) 
4 766 771 (462.86956521739074 -289.1304347825839 92.5) (462.86956521739074 -298.62876254178406 92.5) (462.86956521739074 -298.6287625417838 96.61594202898537) (462.86956521739074 -289.1304347825839 96.61594202898537) 
4 766 770 (462.86956521739074 -283.94379161771883 92.5) (462.86956521739074 -289.1304347825839 92.5) (462.86956521739074 -289.1304347825839 96.61594202898537) (462.86956521739074 -283.94379161771883 96.61594202898537) 
4 766 769 (462.86956521739074 -48 92.5) (462.86956521739074 -283.94379161771883 92.5) (462.86956521739074 -283.94379161771883 96.61594202898537) (462.86956521739074 -48 96.61594202898537) 
4 766 767 (467.5 -312.9000000000004 92.5) (560.5258703669596 -592 92.5) (560.5258703669596 -592 96.61594202898537) (467.5 -312.9000000000004 96.61594202898537) 
4 767 1236 (472.4009009007785 -592 92.5) (496 -592 92.5) (496 -592 96.61594202898537) (472.4009009007785 -592 96.61594202898537) 
4 767 1234 (544 -592 92.5) (560.5258703669596 -592 92.5) (560.5258703669595 -592 96.61594202898537) (544 -592 96.61594202898537) 
5 767 828 (492 -592 92.5) (472.4009009007785 -592 92.5) (468.7432432432122 -389 92.5) (479.7692307692308 -389 92.5) (492 -406.66666666666663 92.5) 
3 767 826 (468.7432432432122 -389 92.5) (468.4486125385163 -372.64799588896796 92.5) (479.7692307692308 -389 92.5) 
4 767 820 (485.78351529338056 -367.75494624509275 92.5) (492 -386.4058965105763 92.5) (492 -406.66666666666663 92.5) (473.5384615384614 -379.9999999999998 92.5) 
5 767 807 (468.4486125385163 -372.64799588896796 92.5) (467.5 -319.9999999999999 92.5) (467.5 -312.90000000000015 92.5) (485.78351529338056 -367.75494624509275 92.5) (473.5384615384614 -379.9999999999998 92.5) 
3 767 789 (560.5258703669595 -592 92.5) (492 -592 92.5) (492 -386.4058965105763 92.5) 
4 767 768 (467.6278621044504 -327.09634679716675 92.5) (472.40090090077854 -592 92.5) (472.40090090077854 -592 96.61594202898537) (467.6278621044504 -327.0963467971671 96.61594202898537) 
4 768 1236 (462.86956521739074 -592 92.5) (472.4009009007785 -592 92.5) (472.4009009007785 -592 96.61594202898537) (462.86956521739074 -592 96.61594202898537) 
4 768 828 (472.4009009007785 -592 92.5) (462.86956521739074 -592 92.5) (462.86956521739074 -389 92.5) (468.7432432432122 -389 92.5) 
5 768 826 (462.86956521739074 -389 92.5) (462.86956521739074 -373.7101449275364 92.5) (468 -371.99999999999994 92.5) (468.4486125385163 -372.64799588896796 92.5) (468.7432432432122 -389 92.5) 
3 768 821 (462.86956521739074 -373.7101449275364 92.5) (462.86956521739074 -364.58937198067554 92.5) (468 -371.99999999999994 92.5) 
4 768 807 (462.86956521739074 -364.58937198067554 92.5) (462.86956521739074 -341.3712374582717 92.5) (467.6278621044503 -327.0963467971673 92.5) (468.4486125385163 -372.64799588896796 92.5) 
4 768 776 (462.86956521739074 -355.5 92.5) (462.86956521739074 -592 92.5) (462.86956521739074 -592 96.61594202898537) (462.86956521739074 -355.5 96.61594202898537) 
4 768 775 (462.86956521739074 -350.86956521739063 92.5) (462.86956521739074 -355.5 92.5) (462.86956521739074 -355.5 96.61594202898537) (462.86956521739074 -350.86956521739063 96.61594202898537) 
4 768 774 (462.86956521739074 -341.371237458272 92.5) (462.86956521739074 -350.86956521739063 92.5) (462.86956521739074 -350.86956521739063 96.61594202898537) (462.86956521739074 -341.3712374582724 96.61594202898537) 
4 769 875 (432 -48 96.61594202898537) (432 -48 92.5) (432 -284.5 92.5) (432 -284.5 96.61594202898537) 
4 769 796 (432 -284.5 92.5) (432 -260 92.5) (462.86956521739074 -260 92.5) (462.86956521739074 -283.94379161771883 92.5) 
4 769 793 (432 -260 92.5) (432 -48 92.5) (462.86956521739074 -48 92.5) (462.86956521739074 -260 92.5) 
4 769 770 (439.09634679716703 -284.3721378955497 92.5) (462.86956521739074 -283.9437916177188 92.5) (462.86956521739074 -283.9437916177188 96.61594202898537) (439.09634679716737 -284.3721378955497 96.61594202898537) 
4 770 796 (439.0963467971672 -284.37213789554977 92.5) (462.86956521739074 -283.94379161771883 92.5) (462.86956521739074 -289.1304347825839 92.5) (453.3712374581959 -289.1304347825839 92.5) 
4 770 771 (453.3712374581959 -289.1304347825839 92.5) (462.86956521739074 -289.1304347825839 92.5) (462.86956521739074 -289.1304347825839 96.61594202898537) (453.3712374581962 -289.1304347825839 96.61594202898537) 
3 771 796 (453.37123745825085 -289.1304347825839 92.5) (462.86956521739074 -289.1304347825839 92.5) (462.86956521739074 -298.62876254178406 92.5) 
4 773 775 (452.9924187726306 -350.86956521739063 92.5) (453.3712374582159 -350.86956521739063 92.5) (453.3712374582162 -350.86956521739063 96.61594202898537) (452.9924187726306 -350.86956521739063 96.61594202898537) 
3 774 807 (462.86956521739074 -341.3712374582761 92.5) (462.86956521739074 -350.86956521739063 92.5) (453.3712374582159 -350.86956521739063 92.5) 
4 774 775 (453.3712374582159 -350.86956521739063 92.5) (462.86956521739074 -350.86956521739063 92.5) (462.86956521739074 -350.86956521739063 96.61594202898537) (453.3712374582162 -350.86956521739063 96.61594202898537) 
4 775 821 (452.99241877263046 -350.86956521739063 92.5) (453.37123745819355 -350.86956521739063 92.5) (456.5769230769231 -355.5 92.5) (439.1 -355.5 92.5) 
4 775 807 (453.37123745819355 -350.86956521739063 92.5) (462.86956521739074 -350.86956521739063 92.5) (462.86956521739074 -355.5 92.5) (456.5769230769231 -355.5 92.5) 
4 775 776 (439.1 -355.5 92.5) (462.86956521739074 -355.5 92.5) (462.86956521739074 -355.5 96.61594202898537) (439.1 -355.5 96.61594202898537) 
4 776 1236 (432 -592 96.61594202898537) (432 -592 92.5) (462.86956521739074 -592 92.5) (462.86956521739074 -592 96.61594202898537) 
4 776 882 (432 -355.5 92.5) (432 -592 92.5) (432 -592 96.61594202898537) (432 -355.5 96.61594202898537) 
4 776 828 (432 -592 92.5) (432 -389 92.5) (462.86956521739074 -389 92.5) (462.86956521739074 -592 92.5) 
4 776 826 (432 -389 92.5) (432 -384.00000000000006 92.5) (462.86956521739074 -373.7101449275364 92.5) (462.86956521739074 -389 92.5) 
3 776 825 (432 -384.00000000000006 92.5) (432 -380 92.5) (444.0000000000001 -380 92.5) 
6 776 821 (432 -380 92.5) (432 -355.5 92.5) (456.5769230769231 -355.5 92.5) (462.86956521739074 -364.5893719806755 92.5) (462.86956521739074 -373.7101449275364 92.5) (444.0000000000001 -380 92.5) 
3 776 807 (456.5769230769231 -355.5 92.5) (462.86956521739074 -355.5 92.5) (462.86956521739074 -364.5893719806755 92.5) 
4 777 1025 (432 -592 1136) (432 -592 1120) (736 -592 1120) (736 -592 1136) 
4 777 837 (432 -48 1136) (432 -48 1120) (432 -592 1120) (432 -592 1136) 
4 778 1047 (432 -592 480) (432 -592 240) (736 -592 240) (736 -592 480) 
4 778 1028 (432 -592 608) (432 -592 480) (736 -592 480) (736 -592 608) 
4 778 1026 (432 -592 1120) (432 -592 608) (736 -592 608) (736 -592 1120) 
5 778 838 (432 -48 1120) (432 -48 719.9999999999995) (432 -528 240) (432 -592 240) (432 -592 1120) 
5 778 779 (432 -592 240) (432 -527.9999999999995 240) (736 -527.9999999999995 240) (736 -559.9999999999999 240) (703.9999999999999 -592 240) 
4 779 1233 (432 -592 240) (432 -592 224) (656 -592 224) (656 -592 240) 
4 779 1232 (656 -592 224) (703.9999999999999 -592 224) (703.9999999999999 -592 240) (656 -592 240) 
4 779 839 (432 -528 240) (432 -544 224) (432 -592 224) (432 -592 240) 
4 779 788 (432 -592 224) (432 -544 224) (464 -544 224) (464 -592 224) 
4 779 787 (464 -544 224) (496 -544 224) (496 -576 224) (464 -576 224) 
4 779 786 (496 -544 224) (528 -544 224) (528 -592 224) (496 -592 224) 
4 779 785 (528 -544 224) (560 -544 224) (560 -576 224) (528 -576 224) 
4 779 784 (560 -544 224) (592 -544 224) (592 -592 224) (560 -592 224) 
4 779 783 (592 -544 224) (624 -544 224) (624 -576 224) (592 -576 224) 
4 779 782 (624 -544 224) (656 -544 224) (656 -592 224) (624 -592 224) 
4 779 781 (656 -544 224) (688 -544 224) (688 -576 224) (656 -576 224) 
5 779 780 (688 -544 224) (736 -544 224) (736 -559.9999999999999 224) (703.9999999999999 -592 224) (688 -592 224) 
4 780 1232 (704 -592 192) (704 -592 224) (688 -592 224) (688 -592 192) 
3 780 781 (688 -576 224) (688 -544 224) (688 -576 192) 
3 781 782 (656 -576 224) (656 -544 224) (656 -576 192) 
4 782 1233 (656 -592 192) (656 -592 224) (624 -592 224) (624 -592 192) 
3 782 783 (624 -576 224) (624 -544 224) (624 -576 192) 
3 783 784 (592 -576 224) (592 -544 224) (592 -576 192) 
4 784 1233 (592 -592 192) (592 -592 224) (560 -592 224) (560 -592 192) 
3 784 785 (560 -576 224) (560 -544 224) (560 -576 192) 
3 785 786 (528 -576 224) (528 -544 224) (528 -576 192) 
4 786 1233 (528 -592 192) (528 -592 224) (496 -592 224) (496 -592 192) 
3 786 787 (496 -576 224) (496 -544 224) (496 -576 192) 
3 787 788 (464 -576 224) (464 -544 224) (464 -576 192) 
4 788 1233 (432 -592 224) (432 -592 192) (464 -592 192) (464 -592 224) 
3 788 851 (432 -544 224) (432 -576 191.99999999999997) (432 -576 224) 
4 789 1236 (496 -592 92.5) (492 -592 92.5) (492 -592 24) (496 -592 24) 
4 789 1234 (656 -592 92.5) (544 -592 92.5) (544 -592 24) (656 -592 24) 
4 789 828 (492 -592 24) (492 -592 92.5) (492 -406.66666666666663 92.5) (492 -406.6666666666667 24) 
4 789 820 (492 -406.66666666666663 92.5) (492 -361.53846153847945 92.5) (492 -361.53846153847536 24) (492 -406.6666666666667 24) 
4 789 813 (492 -312.923076923077 24) (492 -361.53846153847536 24) (492 -361.5384615384794 92) (492 -312.923076923077 92) 
4 789 808 (492 -307.9999999999999 92) (492 -307.99999999999994 24) (492 -312.923076923077 24) (492 -312.923076923077 92) 
4 789 807 (492 -361.53846153847945 92.5) (492 -307.9999999999999 92.5) (492 -307.9999999999999 92) (492 -361.5384615384794 92) 
4 789 805 (492 -307.9999999999999 92.5) (492 -278.46153846154414 92.5) (492 -278.4615384615442 24) (492 -307.99999999999994 24) 
4 789 797 (492 -260 92) (492 -260 24) (492 -278.4615384615442 24) (492 -278.46153846154414 92) 
4 789 796 (492 -278.46153846154414 92.5) (492 -260 92.5) (492 -260 92) (492 -278.46153846154414 92) 
4 789 793 (492 -260 92.5) (492 -48 92.5) (492 -48 24) (492 -260 24) 
4 789 792 (492 -592 24) (492 -361.53846153846814 24) (501.24852071005927 -333.79289940828625 24) (505.9009009009007 -592 24) 
4 789 791 (501 -306.20000000000425 24) (596.2666666666353 -592 24) (505.9009009009007 -592 24) (501 -319.9999999999973 24) 
7 789 790 (492 -279.19999999999584 24) (492 -48 24) (703.9999999999999 -48 24) (736 -80.0000000000001 24) (736 -559.9999999999999 24) (703.9999999999999 -592 24) (596.2666666666353 -592 24) 
4 790 1234 (596.2666666666353 -592 0) (656 -592 0) (656 -592 24) (596.2666666666352 -592 24) 
4 790 834 (492 -278.46153846154414 0) (492 -279.19999999999555 0) (492 -279.19999999999567 8) (492 -278.46153846154414 8) 
4 790 832 (492 -276 0) (492 -278.46153846154414 0) (492 -278.46153846154414 8) (492 -276 8) 
4 790 831 (492 -260 0) (492 -276 0) (492 -276 8) (492 -260 8) 
4 790 830 (492 -249.91891891891947 0) (492 -260 0) (492 -260 8) (492 -249.91891891891947 8) 
4 790 829 (492 -48 8) (492 -48 -0) (492 -249.91891891891947 0) (492 -249.91891891891947 8) 
4 790 806 (492 -279.19999999999584 24) (492 -278.4615384615442 24) (492 -278.46153846154414 8) (492 -279.19999999999567 8) 
4 790 797 (492 -278.4615384615442 24) (492 -260 24) (492 -260 8) (492 -278.46153846154414 8) 
4 790 795 (492 -260 24) (492 -249.91891891891947 24) (492 -249.91891891891947 8) (492 -260 8) 
4 790 794 (492 -249.91891891891947 24) (492 -48 24) (492 -48 8) (492 -249.91891891891947 8) 
4 790 791 (596.2666666666355 -592 -0) (596.2666666666354 -592 24) (501 -306.20000000000374 24) (501 -306.2000000000034 0) 
4 791 1234 (544 -592 0) (596.2666666666353 -592 0) (596.2666666666352 -592 24) (544 -592 24) 
4 791 792 (501.2485207100593 -333.7928994082836 0) (505.90090090090087 -592 -0) (505.90090090090087 -592 24) (501.2485207100593 -333.79289940828556 24) 
4 792 1236 (492 -592 0) (496 -592 0) (496 -592 24) (492 -592 24) 
4 792 836 (492 -592 -0) (492 -592 8) (492 -406.66666666666663 8) (492 -406.66666666666663 0) 
4 792 833 (492 -406.66666666666663 8) (492 -361.53846153846655 8) (492 -361.53846153846575 0) (492 -406.66666666666663 0) 
4 792 828 (492 -592 8) (492 -592 24) (492 -406.66666666666663 24) (492 -406.66666666666663 8) 
4 792 820 (492 -406.66666666666663 24) (492 -361.53846153846814 24) (492 -361.53846153846655 8) (492 -406.66666666666663 8) 
4 793 907 (432 -255.99999999999997 24) (432 -260 24) (432 -260 92) (432 -255.99999999999997 92) 
4 793 905 (432 -251 24) (432 -255.99999999999997 24) (432 -255.99999999999997 92) (432 -251 92) 
4 793 904 (432 -48 92) (432 -48 24) (432 -251 24) (432 -251 92) 
4 793 903 (432 -48 92.5) (432 -48 92) (432 -260 92) (432 -260 92.5) 
4 793 799 (444 -260 92) (432 -260 92) (432 -260 24) (444 -260 24) 
4 793 798 (473.5384615384795 -260 92) (444 -260 92) (444 -260 24) (473.5384615384754 -260 24) 
4 793 797 (492 -260 24) (492 -260 92) (473.5384615384795 -260 92) (473.5384615384754 -260 24) 
4 793 796 (492 -260 92) (492 -260 92.5) (432 -260 92.5) (432 -260 92) 
4 793 795 (492 -260 24) (473.53846153846825 -260 24) (445.7928994082865 -250.7514792899409 24) (492 -249.91891891891947 24) 
4 793 794 (432 -251 24) (432 -48 24) (492 -48 24) (492 -249.91891891891947 24) 
4 794 904 (432 -48 24) (432 -48 8) (432 -251 8) (432 -251 24) 
4 794 829 (432 -251 8) (432 -48 8) (492 -48 8) (492 -249.91891891891947 8) 
4 794 795 (492 -249.91891891891947 24) (445.79289940828653 -250.75147928994093 24) (445.7928994082851 -250.75147928994096 8) (492 -249.91891891891947 8) 
4 795 830 (445.79289940828505 -250.75147928994093 8) (492 -249.91891891891947 8) (492 -260 8) (473.5384615384667 -260 8) 
4 795 797 (473.5384615384667 -260 8) (492 -260 8) (492 -260 24) (473.53846153846825 -260 24) 
4 796 903 (432 -320 92) (432 -320 92.5) (432 -260 92.5) (432 -260 92) 
4 796 807 (431.9999999999827 -319.9999999999751 92.5) (431.9999999999827 -319.9999999999751 92) (484.00000000000006 -284 92) (484.00000000000006 -284 92.5) 
4 796 805 (484.00000000000006 -284 92) (492 -278.46153846154414 92) (492 -278.46153846154414 92.5) (484.00000000000006 -284 92.5) 
3 796 801 (444.73469387752937 -311.1836734693757 92) (442.49999999998306 -312.73076923075234 92) (439.2692307692227 -309.499999999992 92) 
3 796 800 (448.83453237399857 -308.3453237410538 92) (444.73469387752937 -311.1836734693757 92) (434.40000000002004 -308.00000000000045 92) 
6 796 799 (432 -260 92) (443.99999999999994 -260 92) (488.30769230768993 -274.76923076923 92) (492 -278.46153846154493 92) (448.83453237399857 -308.3453237410538 92) (431.9999999999865 -307.9425837320489 92) 
3 796 798 (443.99999999999994 -260 92) (473.5384615384795 -260 92) (488.30769230768993 -274.76923076923 92) 
3 796 797 (473.5384615384795 -260 92) (492 -260 92) (492 -278.46153846154493 92) 
3 797 832 (492 -276 8) (492 -278.4615384615442 8) (488.3076923076893 -274.76923076922975 8) 
4 797 831 (473.5384615384745 -260 8) (492 -260 8) (492 -276 8) (488.3076923076893 -274.76923076922975 8) 
4 797 799 (492.0000000000004 -278.4615384615434 24) (492.00000000000273 -278.46153846154175 92) (488.3076923076969 -274.7692307692323 92) (488.30769230769096 -274.7692307692303 24) 
4 797 798 (488.3076923076969 -274.7692307692323 92) (473.53846153847917 -260 92) (473.5384615384752 -260 24) (488.30769230769096 -274.7692307692303 24) 
4 798 799 (488.3076923076911 -274.7692307692304 24) (488.30769230769715 -274.7692307692324 92) (443.9999999999999 -260 92) (443.9999999999999 -260 24) 
4 799 909 (432 -307.94258373204923 92) (432 -307.0769230769231 92) (432 -307.07692307692304 24) (432 -307.9425837320493 24) 
4 799 908 (432 -307.0769230769231 92) (432 -260 92) (432 -260 24) (432 -307.07692307692304 24) 
4 799 809 (448.8345323739974 -308.3453237410538 24) (484 -284 24) (484 -284 92) (448.8345323739975 -308.34532374105373 92) 
4 799 805 (484 -284 24) (492 -278.46153846154414 24) (492 -278.46153846154414 92) (484 -284 92) 
3 799 803 (437.85180995476316 -308.0825791855324 24) (431.99999999998624 -307.94258373204894 24) (431.9999999999879 -302.2307692307572 24) 
7 799 802 (432 -260 24) (444 -260 24) (467.99999999999994 -268 24) (484 -284.00000000000006 24) (448.83453237399743 -308.3453237410538 24) (437.85180995476316 -308.0825791855324 24) (431.9999999999879 -302.2307692307572 24) 
4 799 800 (434.4000000000043 -308.00000000000017 24) (448.83453237399704 -308.34532374105385 24) (448.8345323739973 -308.3453237410538 92) (434.40000000002016 -308.0000000000005 92) 
4 800 809 (444.73469387752397 -311.1836734693786 24) (448.8345323739974 -308.3453237410538 24) (448.8345323739975 -308.34532374105373 92) (444.73469387752857 -311.1836734693755 92) 
3 800 804 (439.26923076922935 -309.4999999999986 24) (434.40000000000396 -308.0000000000001 24) (437.85180995476316 -308.0825791855324 24) 
4 800 802 (448.83453237399743 -308.3453237410538 24) (444.734693877524 -311.1836734693786 24) (439.26923076922935 -309.4999999999986 24) (437.85180995476316 -308.0825791855324 24) 
4 800 801 (439.26923076922964 -309.4999999999988 24) (444.73469387752385 -311.18367346937873 24) (444.73469387752846 -311.1836734693756 92) (439.26923076922304 -309.49999999999227 92) 
4 801 809 (442.4999999999826 -312.73076923075183 24) (444.73469387752397 -311.1836734693786 24) (444.73469387752857 -311.1836734693755 92) (442.4999999999826 -312.7307692307519 92) 
3 801 802 (444.734693877524 -311.1836734693786 24) (442.4999999999826 -312.73076923075183 24) (439.26923076922935 -309.4999999999986 24) 
4 802 908 (432 -260 8) (432 -302.2307692307693 8) (432 -302.2307692307693 24) (432 -260 24) 
4 802 815 (442.4999999999826 -312.73076923075183 8) (483.99999999999994 -284 8) (483.99999999999994 -284 24) (442.4999999999826 -312.73076923075183 24) 
4 802 804 (439.26923076922895 -309.49999999999847 24) (437.85180995476287 -308.0825791855324 24) (437.85180995476287 -308.0825791855324 8) (439.26923076923055 -309.50000000000006 8) 
4 802 803 (437.85180995476287 -308.0825791855324 24) (432 -302.2307692307695 24) (432 -302.2307692307695 8) (437.85180995476287 -308.0825791855324 8) 
4 803 909 (432 -307.07692307692304 8) (432 -307.9425837320493 8) (432 -307.9425837320493 24) (432 -307.07692307692304 24) 
4 803 908 (432 -302.2307692307693 8) (432 -307.07692307692304 8) (432 -307.07692307692304 24) (432 -302.2307692307693 24) 
4 803 804 (437.851809954763 -308.0825791855324 8) (437.851809954763 -308.0825791855324 24) (434.400000000004 -308.0000000000001 24) (434.40000000000026 -308 8) 
4 805 809 (484.00000000000006 -284.00000000000017 92) (484.00000000000006 -284.00000000000017 24) (484.4423076923077 -285.32692307692304 24) (484.4423076923077 -285.32692307692304 92) 
4 805 808 (484.4423076923077 -285.32692307692304 24) (492 -307.99999999999994 24) (492 -307.99999999999994 92) (484.4423076923077 -285.32692307692304 92) 
4 805 807 (484.00000000000006 -284.00000000000017 92.5) (484.00000000000006 -284.00000000000017 92) (492 -307.99999999999994 92) (492 -307.99999999999994 92.5) 
3 805 806 (491.8000000000026 -278.6000000000036 24) (492 -278.461538461544 24) (492 -279.19999999999584 24) 
3 806 834 (491.8000000000028 -278.6000000000038 8) (492 -278.4615384615442 8) (492 -279.1999999999956 8) 
4 807 826 (473.53846153846166 -379.9999999999996 92) (473.53846153846166 -379.9999999999996 92.5) (468.00000000000034 -371.9999999999999 92.5) (468.00000000000034 -371.9999999999999 92) 
4 807 821 (468.00000000000034 -371.9999999999999 92.5) (432 -319.99999999999943 92.5) (432 -319.99999999999943 92) (468.00000000000034 -371.9999999999999 92) 
4 807 820 (473.53846153846143 -379.9999999999998 92.5) (473.53846153846143 -379.9999999999998 92) (492 -361.53846153847934 92) (492 -361.5384615384794 92.5) 
4 807 813 (492 -312.92307692307696 92) (492 -361.53846153847917 92) (473.5384615384613 -379.99999999999966 92) (439.26923076923083 -330.50000000000006 92) 
3 807 812 (444.11538461540283 -317.5769230769971 92) (444.82758620688696 -319.7135278514427 92) (444 -322.40000000001777 92) 
3 807 811 (444.82758620688696 -319.7135278514427 92) (446.13461538461536 -323.6346153846155 92) (442.5000000000605 -327.2692307691704 92) 
3 807 810 (442.49999999998255 -312.7307692307518 92) (449.76923076923083 -320 92) (446.13461538461536 -323.6346153846155 92) 
4 807 809 (442.49999999998255 -312.7307692307518 92) (483.9999999999998 -284 92) (484.4423076923075 -285.32692307692326 92) (449.76923076923083 -320 92) 
4 807 808 (484.4423076923075 -285.32692307692326 92) (492 -308.00000000000057 92) (492 -312.92307692307696 92) (439.26923076923083 -330.50000000000006 92) 
4 808 814 (484.4423076923077 -285.32692307692315 24) (492 -308.00000000000017 24) (492 -312.923076923077 24) (439.26923076923083 -330.50000000000006 24) 
4 808 813 (439.2692307692309 -330.5000000000002 24) (492 -312.92307692307713 24) (492 -312.92307692307713 92) (439.2692307692309 -330.50000000000017 92) 
4 808 811 (446.1346153846153 -323.6346153846152 24) (442.5000000000156 -327.2692307692149 24) (442.5000000000606 -327.2692307691699 92) (446.1346153846153 -323.6346153846152 92) 
4 808 810 (449.76923076923066 -319.99999999999983 24) (446.1346153846153 -323.6346153846152 24) (446.1346153846153 -323.6346153846152 92) (449.76923076923066 -319.99999999999983 92) 
4 808 809 (484.4423076923076 -285.32692307692287 24) (449.76923076923066 -319.99999999999983 24) (449.76923076923066 -319.99999999999983 92) (484.4423076923077 -285.3269230769228 92) 
4 809 815 (442.49999999998255 -312.7307692307518 24) (484 -284 24) (484.4423076923077 -285.32692307692315 24) (449.76923076923083 -320.00000000000006 24) 
4 809 810 (442.4999999999832 -312.73076923075223 24) (449.7692307692307 -319.9999999999998 24) (449.7692307692307 -319.9999999999998 92) (442.4999999999827 -312.7307692307518 92) 
3 810 817 (442.49999999998255 -312.7307692307518 24) (444.19086987781776 -314.421639108587 24) (444.11538461540283 -317.5769230769972 24) 
4 810 816 (444.19086987781776 -314.421639108587 24) (449.76923076923083 -320.00000000000006 24) (446.13461538461536 -323.63461538461553 24) (444.11538461540283 -317.5769230769972 24) 
4 810 812 (444.11538461540323 -317.57692307697937 24) (444.8275862068727 -319.7135278513877 24) (444.8275862068889 -319.7135278514364 92) (444.11538461540323 -317.5769230769795 92) 
4 810 811 (444.8275862068727 -319.7135278513877 24) (446.1346153846153 -323.6346153846156 24) (446.1346153846153 -323.6346153846156 92) (444.8275862068889 -319.7135278514364 92) 
3 811 818 (443.9174208144658 -325.8518099547651 24) (442.5000000000154 -327.2692307692155 24) (444.0000000000026 -322.39999999990795 24) 
4 811 816 (444.8275862068707 -319.7135278513941 24) (446.13461538461536 -323.63461538461553 24) (443.9174208144658 -325.8518099547651 24) (444.0000000000026 -322.39999999990795 24) 
4 811 812 (444.8275862068888 -319.7135278514362 92) (444.8275862068726 -319.71352785138754 24) (444.0000000000027 -322.3999999999074 24) (444.00000000000006 -322.4000000000171 92) 
3 812 816 (444.11538461540283 -317.57692307699716 24) (444.8275862068707 -319.7135278513941 24) (444.0000000000026 -322.39999999990795 24) 
4 813 826 (473.53846153846 -379.9999999999972 24) (473.53846153846166 -379.9999999999996 92) (468.00000000000034 -371.9999999999999 92) (468.0000000000003 -371.9999999999999 24) 
4 813 822 (468.00000000000034 -371.9999999999999 92) (439.2692307692311 -330.49999999999994 92) (439.26923076923106 -330.49999999999994 24) (468.0000000000003 -371.9999999999999 24) 
4 813 820 (473.53846153846143 -379.9999999999998 92) (473.5384615384598 -379.9999999999974 24) (492 -361.53846153847536 24) (492 -361.53846153847934 92) 
5 813 819 (492 -312.923076923077 24) (492 -332.0000000000001 24) (484 -356.0000000000001 24) (468.00000000000006 -372.00000000000006 24) (439.26923076923083 -330.50000000000006 24) 
4 814 819 (492 -312.92307692307713 24) (439.2692307692309 -330.50000000000017 24) (439.2692307692309 -330.50000000000017 8) (492 -312.92307692307713 8) 
4 814 818 (442.50000000001563 -327.26923076921486 24) (443.9174208144658 -325.8518099547647 24) (443.9174208144658 -325.8518099547647 8) (442.50000000000495 -327.26923076922554 8) 
4 814 816 (443.9174208144658 -325.8518099547647 24) (449.76923076923066 -319.99999999999983 24) (449.7692307692306 -319.9999999999999 8) (443.9174208144658 -325.8518099547647 8) 
4 814 815 (449.76923076923066 -319.99999999999983 24) (484.4423076923077 -285.3269230769228 24) (484.4423076923077 -285.3269230769228 8) (449.7692307692306 -319.9999999999999 8) 
4 815 817 (444.19086987781776 -314.4216391085868 24) (442.4999999999827 -312.7307692307518 24) (442.4999999999827 -312.7307692307518 8) (444.19086987781776 -314.4216391085868 8) 
4 815 816 (449.7692307692307 -319.9999999999998 8) (449.7692307692307 -319.9999999999998 24) (444.19086987781776 -314.4216391085868 24) (444.19086987781776 -314.4216391085868 8) 
4 816 818 (444.00000000000335 -322.39999999988174 8) (443.91742081446586 -325.85180995476503 8) (443.91742081446586 -325.85180995476503 24) (444.00000000000273 -322.39999999990744 24) 
4 816 817 (444.1908698778178 -314.42163910858767 24) (444.1908698778178 -314.42163910858767 8) (444.11538461540334 -317.57692307697926 8) (444.11538461540334 -317.57692307697926 24) 
4 819 822 (439.26923076923106 -330.5 8) (468.0000000000002 -371.9999999999998 8) (468.0000000000002 -371.9999999999998 24) (439.26923076923106 -330.49999999999994 24) 
3 820 833 (492 -361.53846153847445 8) (492 -406.6666666666667 8) (473.5384615384594 -379.9999999999969 8) 
4 820 828 (479.76923076923117 -389 8) (492 -406.66666666666606 8) (492 -406.66666666666606 92.5) (479.76923076923117 -389 92.5) 
4 820 827 (473.5384615384596 -379.99999999999665 8) (479.76923076923117 -389 8) (479.76923076923117 -389 24) (473.53846153846 -379.9999999999972 24) 
4 820 826 (479.76923076923117 -389 24) (479.76923076923117 -389 92.5) (473.53846153846166 -379.9999999999996 92.5) (473.53846153846 -379.9999999999972 24) 
4 821 925 (432 -380 92) (432 -380 92.5) (432 -320 92.5) (432 -320 92) 
4 821 826 (468.00000000000034 -372.0000000000001 92) (468.00000000000034 -372.0000000000001 92.5) (444.00000000000057 -380 92.5) (444.00000000000057 -380 92) 
4 821 825 (444.0000000000007 -380 92) (444.0000000000007 -380 92.5) (432 -380 92.5) (432 -380 92) 
3 821 824 (432 -337.76923076923083 92) (432 -332.92307692307696 92) (439.2692307692308 -330.50000000000006 92) 
3 821 823 (432 -332.92307692307696 92) (432 -332.0574162679528 92) (434.42307692302086 -332.11538461540334 92) 
5 821 822 (468 -372 92) (444.00000000000045 -380 92) (432 -380 92) (432 -337.76923076923083 92) (439.2692307692308 -330.50000000000006 92) 
4 822 931 (432 -337.76923076923083 8) (432 -380 8) (432 -380 24) (432 -337.76923076923083 24) 
4 822 928 (432 -380 24) (432 -380 92) (432 -337.76923076923083 92) (432 -337.76923076923083 24) 
4 822 826 (468.00000000000034 -372.0000000000001 24) (468.00000000000034 -372.0000000000001 92) (444.00000000000057 -380 92) (444.00000000000057 -380 24) 
4 822 825 (444.0000000000007 -380 24) (444.0000000000007 -380 92) (432 -380 92) (432 -380 24) 
4 822 824 (432 -337.7692307692305 92) (439.26923076923066 -330.49999999999983 92) (439.26923076923066 -330.49999999999983 8) (432 -337.7692307692305 8) 
4 823 930 (432 -332.0574162679528 8) (432 -332.92307692307696 8) (432 -332.92307692307696 24) (432 -332.0574162679528 24) 
4 823 927 (432 -332.92307692307696 24) (432 -332.92307692307696 92) (432 -332.0574162679528 92) (432 -332.0574162679528 24) 
4 823 824 (434.42307692302086 -332.11538461540334 92) (432 -332.92307692307696 92) (432 -332.92307692307696 8) (434.4230769230208 -332.1153846154034 8) 
4 824 930 (432 -332.92307692307696 8) (432 -337.76923076923083 8) (432 -337.76923076923083 24) (432 -332.92307692307696 24) 
4 824 928 (432 -337.76923076923083 24) (432 -337.76923076923083 92) (432 -332.92307692307696 92) (432 -332.92307692307696 24) 
4 825 933 (432 -384.00000000000006 24) (432 -384.00000000000006 92.5) (432 -380 92.5) (432 -380 24) 
4 825 826 (444.00000000000057 -380 24) (444.00000000000057 -380 92.5) (432 -384.00000000000017 92.5) (432 -384.00000000000017 24) 
4 826 933 (432 -389 24) (432 -389 92.5) (432 -384.00000000000006 92.5) (432 -384.00000000000006 24) 
4 826 828 (479.7692307692307 -389 24) (479.7692307692307 -389 92.5) (432 -389 92.5) (432 -389 24) 
3 826 827 (479.7692307692305 -389 24) (445.79999999999563 -389 24) (473.4000000000008 -379.8000000000012 24) 
3 827 835 (473.40000000000083 -379.8000000000012 8) (479.7692307692308 -389 8) (445.79999999999586 -389 8) 
4 827 828 (445.79999999999586 -389 8) (479.7692307692307 -389 8) (479.7692307692307 -389 24) (445.79999999999563 -389 24) 
4 828 1236 (432 -592 92.5) (432 -592 8) (492 -592 8) (492 -592 92.5) 
4 828 935 (432 -389 8) (432 -592 8) (432 -592 24) (432 -389 24) 
4 828 933 (432 -592 24) (432 -592 92.5) (432 -389 92.5) (432 -389 24) 
5 828 836 (432 -592 8) (432 -389 8) (479.7692307692308 -389 8) (492 -406.6666666666667 8) (492 -592 8) 
4 829 936 (432 -48 8) (432 -48 -0) (432 -251 0) (432 -251 8) 
4 829 830 (492 -249.91891891891947 -0) (492 -249.91891891891947 8) (445.7928994082851 -250.75147928994096 8) (445.7928994082844 -250.75147928994096 0) 
4 830 831 (492 -260 -0) (492 -260 8) (473.5384615384667 -260 8) (473.538461538466 -260 0) 
4 831 832 (488.3076923076891 -274.7692307692296 0) (492 -275.9999999999999 -0) (492 -275.9999999999999 8) (488.30769230768976 -274.7692307692298 8) 
4 833 836 (492 -406.6666666666665 -0) (492 -406.6666666666665 8) (479.76923076923083 -389 8) (479.7692307692309 -389 0) 
4 833 835 (479.76923076923083 -389 8) (473.5384615384594 -379.9999999999968 8) (473.5384615384593 -379.9999999999966 0) (479.7692307692309 -389 0) 
4 835 836 (479.76923076923083 -389 -0) (479.76923076923083 -389 8) (445.7999999999958 -389 8) (445.79999999999603 -389 0) 
4 836 1236 (432 -592 8) (432 -592 0) (492 -592 0) (492 -592 8) 
4 836 943 (432 -389 0) (432 -592 -0) (432 -592 8) (432 -389 8) 
4 837 1025 (160 -592 1136) (160 -592 1120) (432 -592 1120) (432 -592 1136) 
4 837 948 (160 -48 1136) (160 -48 1120) (160 -592 1120) (160 -592 1136) 
4 838 1047 (160 -592 480) (160 -592 240) (432 -592 240) (432 -592 480) 
3 838 1028 (192 -592 480) (432 -592 480) (432 -592 608) 
4 838 1027 (160 -592 608) (160 -592 480) (192 -592 480) (432 -592 608) 
4 838 1026 (160 -592 1120) (160 -592 608) (432 -592 608) (432 -592 1120) 
4 838 957 (160 -560 240) (160 -592 240) (160 -592 368) (160 -560 368) 
4 838 953 (160 -80 240) (160 -560 240) (160 -560 368) (160 -80 368) 
4 838 950 (160 -48 368) (160 -48 240) (160 -80 240) (160 -80 368) 
4 838 949 (160 -48 1120) (160 -48 368) (160 -592 368) (160 -592 1120) 
6 838 839 (160 -560.0000000000001 240) (160 -80 240) (192 -48 240) (432 -48 240) (432 -592 240) (191.99999999999994 -592 240) 
4 839 1255 (191.99999999999994 -592 224) (208 -592 224) (208 -592 240) (191.99999999999994 -592 240) 
4 839 1250 (208 -592 224) (320 -592 224) (320 -592 240) (208 -592 240) 
4 839 1233 (320 -592 224) (432 -592 224) (432 -592 240) (320 -592 240) 
4 839 953 (160 -79.99999999999999 224) (160 -560 224) (160 -560.0000000000001 240) (160 -80 240) 
6 839 902 (160 -560.0000000000001 224) (160 -80 224) (176 -64 224) (208 -64 224) (208 -592 224) (191.99999999999994 -592 224) 
4 839 900 (208 -64 224) (240 -64 224) (240 -576 224) (208 -576 224) 
4 839 899 (240 -64 224) (272 -64 224) (272 -592 224) (240 -592 224) 
4 839 897 (272 -64 224) (304 -64 224) (304 -576 224) (272 -576 224) 
4 839 896 (304 -64 224) (336 -64 224) (336 -592 224) (304 -592 224) 
4 839 894 (336 -64 224) (368 -64 224) (368 -576 224) (336 -576 224) 
4 839 893 (368 -64 224) (384 -64 224) (384 -592 224) (368 -592 224) 
3 839 892 (176 -64 224) (192 -48 224) (192 -64 224) 
4 839 890 (224 -48 224) (256 -48 224) (256 -64 224) (224 -64 224) 
4 839 888 (288 -48 224) (320 -48 224) (320 -64 224) (288 -64 224) 
4 839 886 (352 -48 224) (384 -48 224) (384 -64 224) (352 -64 224) 
4 839 853 (400 -592 224) (384 -592 224) (384 -326.1739130434779 224) (400 -326.1739130434779 224) 
4 839 851 (432 -326.1739130434779 224) (432 -576 224) (400 -576 224) (400 -326.1739130434779 224) 
4 839 850 (416 -64 224) (416 -326.1739130434779 224) (384 -326.1739130434779 224) (384 -64 224) 
4 839 840 (416 -48 224) (432 -48 224) (432 -326.1739130434779 224) (416 -326.1739130434779 224) 
4 840 851 (432 -326.1739130434779 118.83333333279165) (432 -326.1739130434779 224) (416 -326.1739130434779 224) (416 -326.1739130434779 118.83333333279165) 
4 840 850 (416 -326.1739130434779 118.83333333279165) (416 -326.1739130434779 224) (416 -64 224) (416 -64 118.83333333279165) 
4 840 849 (416 -48 176) (416 -48 118.83333333279165) (416 -64 118.83333333279165) (416 -64 192) 
3 840 848 (430.76521739113315 -326.1739130434779 118.83333333279165) (416 -326.1739130434779 118.83333333279165) (416 -321.62538635903377 118.83333333279165) 
3 840 847 (427.0250836118795 -325.0217391304448 118.83333333279165) (416 -321.62538635903377 118.83333333279165) (416 -291.946488294631 118.83333333279165) 
5 840 846 (424.72784280921246 -318.1300167224072 118.83333333279165) (416 -291.946488294631 118.83333333279165) (416 -48 118.83333333279165) (432 -48 118.83333333279165) (432 -310.8578595315839 118.83333333279165) 
3 840 845 (425.4002998499681 -320.14738784468483 118.83333333279165) (424.72784280921246 -318.1300167224072 118.83333333279165) (426.5978260869446 -316.26003344466585 118.83333333279165) 
3 840 844 (425.7667224078576 -321.24665551835915 118.83333333279165) (425.4002998499681 -320.14738784468483 118.83333333279165) (425.82608695651373 -318.7652173911335 118.83333333279165) 
3 840 843 (428.26003344463606 -325.4021739130452 118.83333333279165) (427.0250836118795 -325.0217391304448 118.83333333279165) (426.5978260867888 -323.7399665551659 118.83333333279165) 
3 840 842 (430.75334448164114 -313.7667224078576 118.83333333279165) (432 -313.35117056840687 118.83333333279165) (432 -313.82608695636355 118.83333333279165) 
3 840 841 (428.26003344480307 -314.5978260867992 118.83333333279165) (432 -310.8578595315839 118.83333333279165) (432 -313.35117056840687 118.83333333279165) 
3 841 859 (432 -310.8578595315739 104.84782608695605) (432 -313.3511705684069 104.84782608695605) (428.2600334447881 -314.5978260868043 104.84782608695605) 
4 841 846 (432 -310.8578595315744 104.84782608695605) (428.2600334447887 -314.59782608680405 104.84782608695605) (428.2600334448036 -314.5978260867991 118.83333333279165) (432 -310.85785953158427 118.83333333279165) 
4 841 842 (430.75334448164404 -313.7667224078567 104.84782608695605) (432 -313.3511705684069 104.84782608695605) (432 -313.35117056840704 118.83333333279165) (430.7533444816415 -313.7667224078576 118.83333333279165) 
3 842 860 (432 -313.3511705684069 104.84782608695605) (432 -313.8260869563625 104.84782608695605) (430.75334448164404 -313.7667224078567 104.84782608695605) 
3 843 864 (428.2600334446426 -325.4021739130455 104.84782608695605) (427.0250836118789 -325.02173913044294 104.84782608695605) (426.59782608678574 -323.7399665551567 104.84782608695605) 
4 843 848 (428.2600334446364 -325.4021739130455 118.83333333279165) (427.02508361187955 -325.02173913044504 118.83333333279165) (427.025083611879 -325.02173913044317 104.84782608695605) (428.2600334446429 -325.40217391304583 104.84782608695605) 
4 843 847 (427.025083611879 -325.02173913044334 104.84782608695605) (427.0250836118796 -325.0217391304452 118.83333333279165) (426.5978260867888 -323.73996655516595 118.83333333279165) (426.5978260867857 -323.73996655515657 104.84782608695605) 
3 844 861 (425.76672240785757 -321.246655518359 104.84782608695605) (425.40029984996926 -320.1473878446882 104.84782608695605) (425.8260869565135 -318.7652173911414 104.84782608695605) 
4 844 847 (425.7667224078576 -321.24665551835915 118.83333333279165) (425.4002998499681 -320.14738784468483 118.83333333279165) (425.40029984996926 -320.14738784468835 104.84782608695605) (425.76672240785757 -321.24665551835915 104.84782608695605) 
4 844 845 (425.8260869565135 -318.7652173911412 104.84782608695605) (425.40029984996926 -320.147387844688 104.84782608695605) (425.4002998499681 -320.1473878446846 118.83333333279165) (425.82608695651373 -318.7652173911334 118.83333333279165) 
3 845 862 (425.40029984996926 -320.1473878446882 104.84782608695605) (424.72784280921 -318.1300167223998 104.84782608695605) (426.5978260869523 -316.2600334446483 104.84782608695605) 
4 845 847 (425.4002998499681 -320.14738784468483 118.83333333279165) (424.72784280921246 -318.1300167224072 118.83333333279165) (424.72784280920996 -318.13001672239983 104.84782608695605) (425.40029984996926 -320.14738784468835 104.84782608695605) 
4 845 846 (426.59782608695207 -316.2600334446488 104.84782608695605) (424.72784280921024 -318.13001672239983 104.84782608695605) (424.72784280921275 -318.13001672240733 118.83333333279165) (426.5978260869445 -316.26003344466636 118.83333333279165) 
3 846 863 (428.2600334447881 -314.5978260868043 104.84782608695605) (424.72784280921 -318.1300167223998 104.84782608695605) (424.0214046820903 -316.01070234102934 104.84782608695605) 
6 846 859 (432 -289.1304347825839 104.84782608695605) (432 -310.8578595315739 104.84782608695605) (428.2600334447881 -314.5978260868043 104.84782608695605) (424.0214046820903 -316.01070234102934 104.84782608695605) (416.1377926420322 -292.3598662207298 104.84782608695605) (425.8260869565222 -289.1304347825839 104.84782608695605) 
3 846 855 (416 -287.4664286860121 104.84782608695605) (416 -284.5 104.84782608695605) (424.90000000000026 -284.5 104.84782608695605) 
4 846 854 (416 -48 104.84782608695605) (432 -48 104.84782608695605) (432 -284.5 104.84782608695605) (416 -284.5 104.84782608695605) 
4 846 850 (416 -64 104.84782608695605) (416 -291.946488294631 104.84782608695605) (416 -291.946488294631 118.83333333279165) (416 -64 118.83333333279165) 
4 846 849 (416 -48 104.84782608695605) (416 -64 104.84782608695605) (416 -64 118.83333333279165) (416 -48 118.83333333279165) 
4 846 847 (424.72784280921246 -318.1300167224072 118.83333333279165) (416 -291.94648829463114 118.83333333279165) (416 -291.94648829463114 104.84782608695605) (424.72784280920996 -318.13001672239983 104.84782608695605) 
4 847 865 (427.0250836118789 -325.02173913044294 104.84782608695605) (416 -321.62538635903206 104.84782608695605) (416 -318.68450390171193 104.84782608695605) (424.0214046820903 -316.01070234102934 104.84782608695605) 
3 847 859 (416 -318.68450390171193 104.84782608695605) (416 -291.94648829463097 104.84782608695605) (424.0214046820903 -316.01070234102934 104.84782608695605) 
4 847 850 (416 -291.946488294631 104.84782608695605) (416 -321.6253863590321 104.84782608695605) (416 -321.62538635903377 118.83333333279165) (416 -291.946488294631 118.83333333279165) 
4 847 848 (427.02508361187955 -325.02173913044504 118.83333333279165) (416 -321.6253863590339 118.83333333279165) (416 -321.6253863590322 104.84782608695605) (427.025083611879 -325.02173913044317 104.84782608695605) 
3 848 866 (430.76521739113855 -326.1739130434779 104.84782608695605) (416 -326.1739130434779 104.84782608695605) (416 -321.62538635903206 104.84782608695605) 
4 848 851 (416 -326.1739130434779 104.84782608695605) (430.76521739113855 -326.1739130434779 104.84782608695605) (430.76521739113315 -326.1739130434779 118.83333333279165) (416 -326.1739130434779 118.83333333279165) 
4 848 850 (416 -321.6253863590321 104.84782608695605) (416 -326.1739130434779 104.84782608695605) (416 -326.1739130434779 118.83333333279165) (416 -321.62538635903377 118.83333333279165) 
4 849 886 (384 -48 176) (384 -48 104.84782608695605) (384 -64 104.84782608695605) (384 -64 192) 
4 849 873 (384 -64 104.84782608695605) (384 -48 104.84782608695605) (391.59909909922374 -48 104.84782608695605) (391.8873873875047 -64 104.84782608695605) 
4 849 872 (391.59909909922374 -48 104.84782608695605) (401.13043478258385 -48 104.84782608695605) (401.13043478258385 -64 104.84782608695605) (391.8873873875047 -64 104.84782608695605) 
4 849 854 (401.13043478258385 -48 104.84782608695605) (416 -48 104.84782608695605) (416 -64 104.84782608695605) (401.13043478258385 -64 104.84782608695605) 
4 849 850 (384 -64 192.00000000000003) (384 -64 104.84782608695605) (416 -64 104.84782608695605) (416 -64 192) 
4 850 893 (384 -326.1739130434779 224) (384 -64 224) (384 -64 104.84782608695605) (384 -326.1739130434779 104.84782608695605) 
3 850 874 (384 -326.1739130434779 104.84782608695605) (384 -289.59699157623675 104.84782608695605) (396.1913291108351 -326.1739130434779 104.84782608695605) 
5 850 873 (384 -289.59699157623675 104.84782608695605) (384 -64 104.84782608695605) (391.8873873875047 -64 104.84782608695605) (396.61124167645625 -326.1739130434779 104.84782608695605) (396.1913291108351 -326.1739130434779 104.84782608695605) 
4 850 872 (391.8873873875047 -64 104.84782608695605) (401.13043478258385 -64 104.84782608695605) (401.13043478258385 -298.6287625418032 104.84782608695605) (396.37213789554977 -312.9036532028314 104.84782608695605) 
5 850 866 (416 -321.62538635903206 104.84782608695605) (416 -326.1739130434779 104.84782608695605) (401.13043478258385 -326.1739130434779 104.84782608695605) (401.13043478258385 -323.6410256408244 104.84782608695605) (411.4148310455805 -320.212893553177 104.84782608695605) 
3 850 865 (416 -318.68450390171193 104.84782608695605) (416 -321.62538635903206 104.84782608695605) (411.4148310455805 -320.212893553177 104.84782608695605) 
6 850 859 (416 -292.405797101407 104.84782608695605) (416 -318.68450390171193 104.84782608695605) (401.13043478258385 -323.6410256408244 104.84782608695605) (401.13043478258385 -313.8260869564409 104.84782608695605) (405.2463768115947 -301.47826086947384 104.84782608695605) (413.4782608695657 -293.24637681154724 104.84782608695605) 
3 850 858 (401.13043478258385 -298.6287625417485 104.84782608695605) (401.13043478258385 -297.362318840519 104.84782608695605) (403.03010033444104 -296.7290969899033 104.84782608695605) 
4 850 856 (403.03010033444104 -296.7290969899033 104.84782608695605) (401.13043478258385 -297.362318840519 104.84782608695605) (401.13043478258385 -289.1304347825839 104.84782608695605) (410.6287625418087 -289.1304347825839 104.84782608695605) 
5 850 855 (416 -284.5 104.84782608695605) (416 -287.4664286860121 104.84782608695605) (411.0075812274459 -289.1304347825839 104.84782608695605) (401.13043478258385 -289.1304347825839 104.84782608695605) (401.13043478258385 -284.5 104.84782608695605) 
4 850 854 (401.13043478258385 -64 104.84782608695605) (416 -64 104.84782608695605) (416 -284.5 104.84782608695605) (401.13043478258385 -284.5 104.84782608695605) 
4 850 853 (384 -326.1739130434779 224) (384 -326.1739130434779 104.84782608695605) (400 -326.1739130434779 104.84782608695605) (400 -326.1739130434779 224) 
4 850 851 (400 -326.1739130434779 104.84782608695605) (416 -326.1739130434779 104.84782608695605) (416 -326.1739130434779 224) (400 -326.1739130434779 224) 
4 851 874 (401.13043478258385 -340.99241877255383 104.84782608695605) (401.13043478258385 -576 104.84782608695605) (400 -576 104.84782608695605) (400 -337.60084235865344 104.84782608695605) 
4 851 871 (432 -355.5 104.84782608695605) (432 -576 104.84782608695605) (401.13043478258385 -576 104.84782608695605) (401.13043478258385 -356.0562083822814 104.84782608695605) 
4 851 870 (424.9036532028316 -355.6278621044502 104.84782608695605) (401.13043478258385 -356.0562083822814 104.84782608695605) (401.13043478258385 -350.86956521739063 104.84782608695605) (410.6287625417267 -350.86956521739063 104.84782608695605) 
3 851 869 (410.62876254172295 -350.86956521739063 104.84782608695605) (401.13043478258385 -350.86956521739063 104.84782608695605) (401.13043478258385 -341.3712374581912 104.84782608695605) 
6 851 867 (401.13043478258385 -326.1739130434779 104.84782608695605) (432 -326.1739130434779 104.84782608695605) (432 -350.86956521739063 104.84782608695605) (425.8260869563644 -350.86956521739063 104.84782608695605) (413.47826086947396 -346.75362318840536 104.84782608695605) (405.24637681154724 -338.5217391304343 104.84782608695605) 
4 851 853 (400 -326.1739130434779 224) (400 -326.1739130434779 104.84782608695605) (400 -576 104.84782608695605) (400 -576 224) 
4 851 852 (400 -576 191.99999999999994) (400 -576 104.84782608695605) (432 -576 104.84782608695605) (432 -576 191.99999999999994) 
4 852 1236 (432 -592 104.84782608695605) (432 -592 160) (400 -592 160) (400 -592 104.84782608695605) 
4 852 874 (401.13043478258385 -592 104.84782608695605) (400 -592 104.84782608695605) (400 -576 104.84782608695605) (401.13043478258385 -576 104.84782608695605) 
4 852 871 (432 -576 104.84782608695605) (432 -592 104.84782608695605) (401.13043478258385 -592 104.84782608695605) (401.13043478258385 -576 104.84782608695605) 
4 852 853 (400 -576 104.84782608695605) (400 -592 104.84782608695605) (400 -592 176.00000000000006) (400 -576 191.99999999999994) 
4 853 1236 (384 -592 144.00000000000006) (384 -592 104.84782608695605) (400 -592 104.84782608695605) (400 -592 160) 
4 853 1233 (400 -592 224) (384 -592 224) (384 -592 192) (400 -592 192) 
4 853 893 (384 -592 104.84782608695605) (384 -592 224) (384 -326.1739130434779 224) (384 -326.1739130434779 104.84782608695605) 
5 853 874 (384 -592 104.84782608695605) (384 -326.1739130434779 104.84782608695605) (396.19132911083506 -326.1739130434779 104.84782608695605) (400 -337.60084235865344 104.84782608695605) (400 -592 104.84782608695605) 
3 853 873 (396.19132911083506 -326.1739130434779 104.84782608695605) (396.5 -326.1739130434779 104.84782608695605) (396.5 -327.09999999999974 104.84782608695605) 
4 854 875 (401.13043478258385 -48 96.61594202898537) (432 -48 96.61594202898537) (432 -284.5 96.61594202898537) (401.13043478258385 -284.5 96.61594202898537) 
4 854 872 (401.13043478258385 -48 96.61594202898537) (401.13043478258385 -284.5 96.61594202898537) (401.13043478258385 -284.5 104.84782608695605) (401.13043478258385 -48 104.84782608695605) 
4 854 855 (401.13043478258385 -284.5 104.84782608695605) (401.13043478258385 -284.5 96.61594202898537) (424.9000000000002 -284.5 96.61594202898537) (424.9000000000002 -284.5 104.84782608695605) 
4 855 876 (411.0075812274458 -289.1304347825839 96.61594202898537) (401.13043478258385 -289.1304347825839 96.61594202898537) (401.13043478258385 -284.5 96.61594202898537) (424.9000000000002 -284.5 96.61594202898537) 
4 855 872 (401.13043478258385 -284.5 96.61594202898537) (401.13043478258385 -289.1304347825839 96.61594202898537) (401.13043478258385 -289.1304347825839 104.84782608695605) (401.13043478258385 -284.5 104.84782608695605) 
4 855 857 (410.6287625418093 -289.1304347825839 96.61594202898537) (411.0075812274458 -289.1304347825839 96.61594202898537) (411.0075812274458 -289.1304347825839 104.84782608695605) (410.6287625418088 -289.1304347825839 104.84782608695605) 
4 855 856 (401.13043478258385 -289.1304347825839 104.84782608695605) (401.13043478258385 -289.1304347825839 96.61594202898537) (410.6287625418093 -289.1304347825839 96.61594202898537) (410.6287625418088 -289.1304347825839 104.84782608695605) 
4 856 877 (401.13043478258385 -297.362318840519 96.61594202898537) (401.13043478258385 -289.1304347825839 96.61594202898537) (410.62876254180924 -289.1304347825839 96.61594202898537) (403.0301003344419 -296.72909698990304 96.61594202898537) 
4 856 872 (401.13043478258385 -289.1304347825839 96.61594202898537) (401.13043478258385 -297.362318840519 96.61594202898537) (401.13043478258385 -297.362318840519 104.84782608695605) (401.13043478258385 -289.1304347825839 104.84782608695605) 
4 856 858 (401.13043478258385 -297.36231884051887 104.84782608695605) (401.13043478258385 -297.36231884051887 96.61594202898537) (403.030100334442 -296.72909698990287 96.61594202898537) (403.03010033444116 -296.72909698990316 104.84782608695605) 
3 858 877 (401.13043478258385 -298.62876254174904 96.61594202898537) (401.13043478258385 -297.362318840519 96.61594202898537) (403.0301003344419 -296.72909698990304 96.61594202898537) 
4 858 872 (401.13043478258385 -297.362318840519 96.61594202898537) (401.13043478258385 -298.62876254174904 96.61594202898537) (401.13043478258385 -298.6287625417485 104.84782608695605) (401.13043478258385 -297.362318840519 104.84782608695605) 
4 859 866 (401.13043478258385 -323.64102564082447 104.84782608695605) (401.13043478258385 -323.64102564082447 96.61594202898537) (411.41483104558216 -320.2128935531765 96.61594202898537) (411.4148310455806 -320.212893553177 104.84782608695605) 
4 859 865 (411.41483104558216 -320.2128935531765 96.61594202898537) (424.02140468209035 -316.0107023410294 96.61594202898537) (424.0214046820903 -316.0107023410294 104.84782608695605) (411.4148310455806 -320.212893553177 104.84782608695605) 
4 859 863 (424.02140468209035 -316.0107023410294 96.61594202898537) (428.2600334447793 -314.59782608680723 96.61594202898537) (428.26003344478806 -314.59782608680433 104.84782608695605) (424.0214046820903 -316.0107023410294 104.84782608695605) 
4 859 860 (430.75334448164574 -313.76672240785615 96.61594202898537) (432 -313.3511705684069 96.61594202898537) (432 -313.3511705684069 104.84782608695605) (430.7533444816441 -313.7667224078567 104.84782608695605) 
4 861 865 (425.4002998499699 -320.1473878446903 96.61594202898537) (425.76672240785757 -321.24665551835915 96.61594202898537) (425.76672240785757 -321.2466555183591 104.84782608695605) (425.40029984996926 -320.1473878446883 104.84782608695605) 
4 861 862 (425.8260869565134 -318.765217391146 96.61594202898537) (425.40029984996994 -320.1473878446902 96.61594202898537) (425.40029984996926 -320.1473878446882 104.84782608695605) (425.8260869565135 -318.76521739114133 104.84782608695605) 
4 862 865 (424.7278428092085 -318.1300167223954 96.61594202898537) (425.4002998499699 -320.1473878446903 96.61594202898537) (425.40029984996926 -320.1473878446883 104.84782608695605) (424.72784280920996 -318.1300167223998 104.84782608695605) 
4 862 863 (426.5978260869566 -316.26003344463834 96.61594202898537) (424.7278428092087 -318.13001672239545 96.61594202898537) (424.7278428092102 -318.1300167223999 104.84782608695605) (426.5978260869521 -316.26003344464874 104.84782608695605) 
4 863 865 (424.02140468209024 -316.01070234102934 104.84782608695605) (424.02140468209024 -316.01070234102934 96.61594202898537) (424.7278428092085 -318.1300167223954 96.61594202898537) (424.72784280920996 -318.1300167223998 104.84782608695605) 
4 864 866 (427.0250836118786 -325.02173913044203 96.61594202898537) (428.26003344464664 -325.40217391304594 96.61594202898537) (428.2600334446428 -325.4021739130457 104.84782608695605) (427.025083611879 -325.0217391304431 104.84782608695605) 
4 864 865 (426.59782608678387 -323.73996655515117 96.61594202898537) (427.02508361187864 -325.02173913044226 96.61594202898537) (427.025083611879 -325.02173913044334 104.84782608695605) (426.5978260867857 -323.7399665551566 104.84782608695605) 
4 865 866 (411.4148310455802 -320.212893553177 104.84782608695605) (411.4148310455817 -320.2128935531765 96.61594202898537) (427.0250836118786 -325.02173913044203 96.61594202898537) (427.025083611879 -325.0217391304431 104.84782608695605) 
4 866 867 (401.13043478258385 -326.1739130434779 104.84782608695605) (401.13043478258385 -326.1739130434779 96.61594202898537) (430.7652173911418 -326.1739130434779 96.61594202898537) (430.76521739113855 -326.1739130434779 104.84782608695605) 
4 868 874 (401.13043478258385 -340.99241877255395 96.61594202898537) (401.13043478258385 -341.3712374581907 96.61594202898537) (401.13043478258385 -341.3712374581912 104.84782608695605) (401.13043478258385 -340.99241877255395 104.84782608695605) 
3 869 880 (410.6287625417235 -350.86956521739063 96.61594202898537) (401.13043478258385 -350.86956521739063 96.61594202898537) (401.13043478258385 -341.3712374581907 96.61594202898537) 
4 869 874 (401.13043478258385 -341.3712374581907 96.61594202898537) (401.13043478258385 -350.86956521739063 96.61594202898537) (401.13043478258385 -350.86956521739063 104.84782608695605) (401.13043478258385 -341.3712374581912 104.84782608695605) 
4 869 870 (401.13043478258385 -350.86956521739063 104.84782608695605) (401.13043478258385 -350.86956521739063 96.61594202898537) (410.6287625417235 -350.86956521739063 96.61594202898537) (410.62876254172295 -350.86956521739063 104.84782608695605) 
4 870 881 (424.90365320283246 -355.6278621044502 96.61594202898537) (401.13043478258385 -356.0562083822814 96.61594202898537) (401.13043478258385 -350.86956521739063 96.61594202898537) (410.6287625417276 -350.86956521739063 96.61594202898537) 
4 870 874 (401.13043478258385 -350.86956521739063 96.61594202898537) (401.13043478258385 -356.05620838228134 96.61594202898537) (401.13043478258385 -356.0562083822814 104.84782608695605) (401.13043478258385 -350.86956521739063 104.84782608695605) 
4 870 871 (401.13043478258385 -356.05620838228134 104.84782608695605) (401.13043478258385 -356.05620838228134 96.61594202898537) (424.9036532028323 -355.6278621044501 96.61594202898537) (424.90365320283144 -355.6278621044501 104.84782608695605) 
4 871 1236 (432 -592 96.61594202898537) (432 -592 104.84782608695605) (401.13043478258385 -592 104.84782608695605) (401.13043478258385 -592 96.61594202898537) 
4 871 882 (432 -355.5 96.61594202898537) (432 -592 96.61594202898537) (401.13043478258385 -592 96.61594202898537) (401.13043478258385 -356.0562083822814 96.61594202898537) 
4 871 874 (401.13043478258385 -356.05620838228134 96.61594202898537) (401.13043478258385 -592 96.61594202898537) (401.13043478258385 -592 104.84782608695605) (401.13043478258385 -356.0562083822814 104.84782608695605) 
4 872 883 (391.59909909922374 -48 96.61594202898537) (401.13043478258385 -48 96.61594202898537) (401.13043478258385 -298.6287625418039 96.61594202898537) (396.37213789554977 -312.90365320283223 96.61594202898537) 
4 872 873 (391.59909909922374 -48 96.61594202898537) (396.3721378955497 -312.9036532028324 96.61594202898537) (396.3721378955497 -312.90365320283155 104.84782608695605) (391.5990990992237 -48 104.84782608695605) 
4 873 893 (384 -289.59699157623686 104.84782608695605) (384 -64 104.84782608695605) (384 -64 96.61594202898537) (384 -289.59699157623686 96.61594202898537) 
4 873 886 (384 -64 104.84782608695605) (384 -48 104.84782608695605) (384 -48 96.61594202898537) (384 -64 96.61594202898537) 
5 873 884 (384 -289.59699157623686 96.61594202898537) (384 -48 96.61594202898537) (391.59909909922374 -48 96.61594202898537) (396.5 -320.00000000000034 96.61594202898537) (396.5 -327.09999999999974 96.61594202898537) 
4 873 874 (384 -289.59699157623663 96.61594202898537) (396.5 -327.1000000000001 96.61594202898537) (396.5 -327.1000000000002 104.84782608695605) (384 -289.5969915762374 104.84782608695605) 
4 874 1236 (401.13043478258385 -592 104.84782608695605) (384 -592 104.84782608695605) (384 -592 96.61594202898537) (401.13043478258385 -592 96.61594202898537) 
4 874 893 (384 -592 96.61594202898537) (384 -592 104.84782608695605) (384 -289.59699157623686 104.84782608695605) (384 -289.59699157623686 96.61594202898537) 
4 874 885 (384 -592 96.61594202898537) (384 -289.59699157623686 96.61594202898537) (401.13043478258385 -340.9924187725539 96.61594202898537) (401.13043478258385 -592 96.61594202898537) 
3 875 910 (407.42307692307696 -284.5 92.5) (401.13043478258385 -284.5 92.5) (401.13043478258385 -275.41062801928774 92.5) 
5 875 903 (401.13043478258385 -48 92.5) (432 -48 92.5) (432 -284.5 92.5) (407.42307692307696 -284.5 92.5) (401.13043478258385 -275.41062801928774 92.5) 
4 875 883 (401.13043478258385 -48 92.5) (401.13043478258385 -284.5 92.5) (401.13043478258385 -284.5 96.61594202898537) (401.13043478258385 -48 96.61594202898537) 
4 875 876 (401.13043478258385 -284.5 96.61594202898537) (401.13043478258385 -284.5 92.5) (424.9000000000002 -284.5 92.5) (424.9000000000002 -284.5 96.61594202898537) 
4 876 910 (410.6287625417889 -289.1304347825839 92.5) (401.13043478258385 -289.1304347825839 92.5) (401.13043478258385 -284.5 92.5) (407.42307692307696 -284.5 92.5) 
4 876 903 (411.0075812274458 -289.1304347825839 92.5) (410.6287625417889 -289.1304347825839 92.5) (407.42307692307696 -284.5 92.5) (424.9000000000002 -284.5 92.5) 
4 876 883 (401.13043478258385 -284.5 92.5) (401.13043478258385 -289.1304347825839 92.5) (401.13043478258385 -289.1304347825839 96.61594202898537) (401.13043478258385 -284.5 96.61594202898537) 
4 876 878 (410.6287625418096 -289.1304347825839 92.5) (411.0075812274458 -289.1304347825839 92.5) (411.0075812274458 -289.1304347825839 96.61594202898537) (410.6287625418093 -289.1304347825839 96.61594202898537) 
4 876 877 (401.13043478258385 -289.1304347825839 96.61594202898537) (401.13043478258385 -289.1304347825839 92.5) (410.6287625418096 -289.1304347825839 92.5) (410.6287625418093 -289.1304347825839 96.61594202898537) 
3 877 910 (401.13043478258385 -298.62876254174927 92.5) (401.13043478258385 -289.1304347825839 92.5) (410.6287625418096 -289.1304347825839 92.5) 
4 877 883 (401.13043478258385 -289.1304347825839 92.5) (401.13043478258385 -298.62876254174927 92.5) (401.13043478258385 -298.628762541749 96.61594202898537) (401.13043478258385 -289.1304347825839 96.61594202898537) 
4 879 885 (401.13043478258385 -340.99241877255383 92.5) (401.13043478258385 -341.3712374581904 92.5) (401.13043478258385 -341.3712374581907 96.61594202898537) (401.13043478258385 -340.99241877255395 96.61594202898537) 
3 880 925 (410.62876254172375 -350.86956521739063 92.5) (401.13043478258385 -350.86956521739063 92.5) (401.13043478258385 -341.3712374581904 92.5) 
4 880 885 (401.13043478258385 -341.3712374581904 92.5) (401.13043478258385 -350.86956521739063 92.5) (401.13043478258385 -350.86956521739063 96.61594202898537) (401.13043478258385 -341.3712374581907 96.61594202898537) 
4 880 881 (401.13043478258385 -350.86956521739063 96.61594202898537) (401.13043478258385 -350.86956521739063 92.5) (410.62876254172375 -350.86956521739063 92.5) (410.6287625417235 -350.86956521739063 96.61594202898537) 
4 881 925 (424.9036532028328 -355.6278621044502 92.5) (401.13043478258385 -356.0562083822814 92.5) (401.13043478258385 -350.86956521739063 92.5) (410.62876254172795 -350.86956521739063 92.5) 
4 881 885 (401.13043478258385 -350.86956521739063 92.5) (401.13043478258385 -356.05620838228134 92.5) (401.13043478258385 -356.0562083822814 96.61594202898537) (401.13043478258385 -350.86956521739063 96.61594202898537) 
4 881 882 (401.13043478258385 -356.05620838228134 96.61594202898537) (401.13043478258385 -356.05620838228134 92.5) (424.90365320283263 -355.6278621044501 92.5) (424.9036532028323 -355.6278621044501 96.61594202898537) 
4 882 1236 (401.13043478258385 -592 92.5) (432 -592 92.5) (432 -592 96.61594202898537) (401.13043478258385 -592 96.61594202898537) 
4 882 933 (432 -380 92.5) (432 -592 92.5) (401.13043478258385 -592 92.5) (401.13043478258385 -380 92.5) 
4 882 925 (432 -355.5 92.5) (432 -380 92.5) (401.13043478258385 -380 92.5) (401.13043478258385 -356.0562083822814 92.5) 
4 882 885 (401.13043478258385 -356.05620838228134 92.5) (401.13043478258385 -592 92.5) (401.13043478258385 -592 96.61594202898537) (401.13043478258385 -356.0562083822814 96.61594202898537) 
4 883 910 (401.13043478258385 -275.41062801928774 92.5) (401.13043478258385 -298.62876254180446 92.5) (396.37213789554977 -312.90365320283274 92.5) (395.5513874614842 -267.3520041110326 92.5) 
4 883 903 (391.59909909922374 -48 92.5) (401.13043478258385 -48 92.5) (401.13043478258385 -275.41062801928774 92.5) (395.5513874614842 -267.3520041110326 92.5) 
4 883 884 (396.3721378955497 -312.9036532028324 96.61594202898537) (391.5990990992237 -48 96.61594202898537) (391.5990990992237 -48 92.5) (396.3721378955497 -312.9036532028329 92.5) 
5 884 910 (395.5513874614842 -267.35200411103267 92.5) (396.5 -320.00000000000034 92.5) (396.5 -327.09999999999974 92.5) (384 -289.59699157623686 92.5) (384 -250.6666666666667 92.5) 
4 884 903 (384 -48 92.5) (391.59909909922374 -48 92.5) (395.5513874614842 -267.35200411103267 92.5) (384 -250.6666666666667 92.5) 
4 884 893 (384 -64 92.5) (384 -289.59699157623686 92.5) (384 -289.59699157623686 96.61594202898537) (384 -64 96.61594202898537) 
4 884 886 (384 -48 92.5) (384 -64 92.5) (384 -64 96.61594202898537) (384 -48 96.61594202898537) 
4 884 885 (396.5 -327.1000000000002 96.61594202898537) (384 -289.5969915762374 96.61594202898537) (384 -289.5969915762374 92.5) (396.5 -327.1000000000002 92.5) 
4 885 1236 (384 -592 92.5) (401.13043478258385 -592 92.5) (401.13043478258385 -592 96.61594202898537) (384 -592 96.61594202898537) 
4 885 933 (401.13043478258385 -380 92.5) (401.13043478258385 -592 92.5) (384 -592 92.5) (384 -380 92.5) 
4 885 925 (401.13043478258385 -341.37123745815234 92.5) (401.13043478258385 -380 92.5) (384 -380 92.5) (384 -353.23076923069823 92.5) 
4 885 910 (401.13043478258385 -340.9924187725539 92.5) (401.13043478258385 -341.37123745815234 92.5) (384 -353.23076923069823 92.5) (384 -289.59699157623686 92.5) 
4 885 893 (384 -289.59699157623686 92.5) (384 -592 92.5) (384 -592 96.61594202898537) (384 -289.59699157623686 96.61594202898537) 
4 886 944 (352 -48 92.5) (372 -48 92.5) (372 -64 92.5) (352 -64 92.5) 
4 886 903 (372 -48 92.5) (384 -48 92.5) (384 -64 92.5) (372 -64 92.5) 
4 886 894 (352 -64 92.5) (368 -64 92.5) (368 -64 224) (352 -64 224) 
4 886 893 (368 -64 92.5) (384 -64 92.5) (384 -64 224) (368 -64 224) 
4 886 887 (352 -48 92.5) (352 -64 92.5) (352 -64 192) (352 -48 176) 
4 887 944 (320 -48 92.5) (352 -48 92.5) (352 -64 92.5) (320 -64 92.5) 
4 887 896 (320 -64 92.5) (336 -64 92.5) (336 -64 192) (320 -64 192.00000000000003) 
4 887 894 (336 -64 92.5) (352 -64 92.5) (352 -64 192) (336 -64 192) 
4 887 888 (320 -48 92.5) (320 -64 92.5) (320 -64 192) (320 -48 176) 
4 888 944 (288 -48 92.5) (320 -48 92.5) (320 -64 92.5) (288 -64 92.5) 
4 888 897 (288 -64 92.5) (304 -64 92.5) (304 -64 224) (288 -64 224) 
4 888 896 (304 -64 92.5) (320 -64 92.5) (320 -64 224) (304 -64 224) 
4 888 889 (288 -48 92.5) (288 -64 92.5) (288 -64 192) (288 -48 176) 
4 889 944 (256 -48 92.5) (288 -48 92.5) (288 -64 92.5) (256 -64 92.5) 
4 889 899 (256 -64 92.5) (272 -64 92.5) (272 -64 192) (256 -64 192.00000000000003) 
4 889 897 (272 -64 92.5) (288 -64 92.5) (288 -64 192) (272 -64 192) 
4 889 890 (256 -48 92.5) (256 -64 92.5) (256 -64 192) (256 -48 176) 
4 890 944 (224 -48 92.5) (256 -48 92.5) (256 -64 92.5) (224 -64 92.5) 
4 890 900 (224 -64 92.5) (240 -64 92.5) (240 -64 224) (224 -64 224) 
4 890 899 (240 -64 92.5) (256 -64 92.5) (256 -64 224) (240 -64 224) 
4 890 891 (224 -48 92.5) (224 -64 92.5) (224 -64 192) (224 -48 176) 
4 891 944 (192 -48 92.5) (224 -48 92.5) (224 -64 92.5) (192 -64 92.5) 
4 891 902 (192 -64 92.5) (208 -64 92.5) (208 -64 192) (192 -64 192.00000000000003) 
4 891 900 (208 -64 92.5) (224 -64 92.5) (224 -64 192) (208 -64 192) 
4 891 892 (192 -48 92.5) (192 -64 92.5) (192 -64 192) (192 -48 176) 
3 892 944 (192 -48 92.5) (192 -64 92.5) (176 -64 92.5) 
4 892 902 (176 -64 92.5) (192 -64 92.5) (192 -64 224) (176 -64 224) 
4 893 1236 (368 -592 92.5) (384 -592 92.5) (384 -592 144.00000000000003) (368 -592 128.00000000000009) 
4 893 1233 (384 -592 192) (384 -592 224) (368 -592 224) (368 -592 192) 
4 893 944 (368 -64 92.5) (372 -64 92.5) (372 -592 92.5) (368 -592 92.5) 
4 893 933 (384 -380 92.5) (384 -592 92.5) (372 -592 92.5) (372 -380 92.5) 
4 893 925 (384 -353.2307692306983 92.5) (384 -380 92.5) (372 -380 92.5) (372 -361.53846153838214 92.5) 
3 893 923 (379.99999999998005 -355.9999999999401 92.5) (372 -361.53846153838214 92.5) (372 -332 92.5) 
5 893 910 (384 -250.6666666666667 92.5) (384 -353.2307692306983 92.5) (379.99999999998005 -355.9999999999401 92.5) (372 -332 92.5) (372 -233.33333333333331 92.5) 
4 893 903 (372 -64 92.5) (384 -64 92.5) (384 -250.6666666666667 92.5) (372 -233.33333333333331 92.5) 
4 893 895 (368 -576 92.5) (368 -592 92.5) (368 -592 176.00000000000006) (368 -576 191.99999999999991) 
4 893 894 (368 -64 224) (368 -64 92.5) (368 -576 92.5) (368 -576 224) 
4 894 944 (336 -64 92.5) (368 -64 92.5) (368 -576 92.5) (336 -576 92.5) 
4 894 896 (336 -64 224) (336 -64 92.5) (336 -576 92.5) (336 -576 224) 
4 894 895 (336 -576 191.99999999999991) (336 -576 92.5) (368 -576 92.5) (368 -576 191.9999999999999) 
4 895 944 (368 -576 92.5) (368 -592 92.5) (336 -592 92.5) (336 -576 92.5) 
4 895 896 (336 -576 92.5) (336 -592 92.5) (336 -592 176.00000000000006) (336 -576 191.99999999999991) 
4 896 1252 (304 -592 92.5) (320 -592 92.5) (320 -592 128.00000000000006) (304 -592 144.00000000000006) 
4 896 1250 (320 -592 192) (320 -592 224) (304 -592 224) (304 -592 192) 
4 896 1233 (336 -592 192) (336 -592 224) (320 -592 224) (320 -592 192) 
4 896 944 (304 -64 92.5) (336 -64 92.5) (336 -592 92.5) (304 -592 92.5) 
4 896 898 (304 -576 92.5) (304 -592 92.5) (304 -592 176.00000000000006) (304 -576 191.99999999999991) 
4 896 897 (304 -64 224) (304 -64 92.5) (304 -576 92.5) (304 -576 224) 
4 897 944 (272 -64 92.5) (304 -64 92.5) (304 -576 92.5) (272 -576 92.5) 
4 897 899 (272 -64 224) (272 -64 92.5) (272 -576 92.5) (272 -576 224) 
4 897 898 (272 -576 191.99999999999991) (272 -576 92.5) (304 -576 92.5) (304 -576 191.9999999999999) 
5 898 1252 (272 -592 92.5) (304 -592 92.5) (304 -592 144.00000000000006) (288.00000000000006 -592 160) (272 -592 160) 
4 898 944 (304 -576 92.5) (304 -592 92.5) (272 -592 92.5) (272 -576 92.5) 
4 898 899 (272 -576 92.5) (272 -592 92.5) (272 -592 176.00000000000006) (272 -576 191.99999999999991) 
4 899 1252 (240 -592 92.5) (272 -592 92.5) (272 -592 160) (240 -592 160) 
4 899 1250 (272 -592 192) (272 -592 224) (240 -592 224) (240 -592 192) 
4 899 944 (240 -64 92.5) (272 -64 92.5) (272 -592 92.5) (240 -592 92.5) 
4 899 901 (240 -576 92.5) (240 -592 92.5) (240 -592 176.00000000000006) (240 -576 191.99999999999991) 
4 899 900 (240 -64 224) (240 -64 92.5) (240 -576 92.5) (240 -576 224) 
4 900 944 (208 -64 92.5) (240 -64 92.5) (240 -576 92.5) (208 -576 92.5) 
4 900 902 (208 -64 224) (208 -64 92.5) (208 -576 92.5) (208 -576 224) 
4 900 901 (208 -576 191.99999999999991) (208 -576 92.5) (240 -576 92.5) (240 -576 191.9999999999999) 
4 901 1252 (208 -592 92.5) (240 -592 92.5) (240 -592 160) (208 -592 128.00000000000003) 
4 901 944 (240 -576 92.5) (240 -592 92.5) (208 -592 92.5) (208 -576 92.5) 
4 901 902 (208 -576 92.5) (208 -592 92.5) (208 -592 176.00000000000006) (208 -576 191.99999999999991) 
4 902 1255 (208 -592 192) (208 -592 224) (191.99999999999994 -592 224) (191.99999999999994 -592 192) 
10 902 963 (160 -432 92.5) (160 -544 92.5) (160 -544 124.00000000000007) (160 -528.0000000000002 135.99999999999994) (160 -512 144.00000000000003) (160 -496.00000000000006 148) (160 -479.9999999999999 148) (160 -464.00000000000006 144.00000000000003) (160 -448 136) (160 -432 124) 
10 902 962 (160 -256 92.5) (160 -384 92.5) (160 -384 123.99999999999994) (160 -365.71428571428555 136.00000000000006) (160 -347.42857142857144 144) (160 -329.1428571428572 148) (160 -310.85714285714283 148) (160 -292.57142857142856 144) (160 -274.2857142857144 136.00000000000003) (160 -256 123.99999999999999) 
10 902 961 (160 -96 92.5) (160 -208 92.5) (160 -208 123.99999999999997) (160 -192 135.99999999999997) (160 -175.99999999999994 144) (160 -159.99999999999991 148) (160 -143.99999999999994 148) (160 -128.00000000000006 144.00000000000003) (160 -112.00000000000001 136) (160 -96 123.99999999999999) 
4 902 960 (160 -560.0000000000001 192) (160 -560.0000000000001 208) (160 -80 208) (160 -80 192) 
4 902 953 (160 -560.0000000000001 208) (160 -560.0000000000001 224) (160 -80 224) (160 -80 208) 
6 902 944 (160 -560.0000000000001 92.5) (160 -80 92.5) (176 -64 92.5) (208 -64 92.5) (208 -592 92.5) (191.99999999999994 -592 92.5) 
4 903 944 (372 -233.33333333333331 92.5) (372 -48 92.5) (372 -48 92) (372 -233.33333333333331 92) 
4 903 910 (372 -233.33333333333348 92.5) (372 -233.33333333333348 92) (432 -320 92) (432 -320 92.5) 
3 903 909 (429.576923076969 -307.88461538460007 92) (432 -307.07692307692304 92) (432 -307.9425837320492 92) 
5 903 908 (424.7307692307695 -309.4999999999999 92) (396.00000000000034 -267.9999999999999 92) (419.9999999999999 -260 92) (432 -260 92) (432 -307.07692307692304 92) 
3 903 907 (419.9999999999999 -260 92) (432 -255.99999999999994 92) (432 -260 92) 
4 903 905 (396.00000000000034 -267.9999999999999 92) (384.23076923076974 -251 92) (432 -251 92) (432 -255.99999999999994 92) 
5 903 904 (384.23076923076974 -251 92) (372 -233.33333333333258 92) (372 -48 92) (432 -48 92) (432 -251 92) 
4 904 947 (372 -48 24) (372 -48 8) (372 -233.33333333333337 8) (372 -233.33333333333337 24) 
4 904 944 (372 -48 92) (372 -48 24) (372 -233.33333333333337 24) (372 -233.33333333333331 92) 
5 904 936 (372 -233.33333333333331 8) (372 -48 8) (432 -48 8) (432 -251 8) (384.2307692307692 -251 8) 
4 904 911 (372 -233.33333333333348 92) (372 -233.33333333333348 8) (384.2307692307691 -251 8) (384.23076923076917 -251 92) 
4 904 906 (384.2307692307686 -251 24) (384.2307692307686 -251 8) (418.200000000004 -251 8) (418.2000000000043 -251 24) 
4 904 905 (432 -251 92) (384.2307692307686 -251 92) (384.2307692307686 -251 24) (432 -251 24) 
4 905 912 (395.9999999999999 -268 24) (395.99999999999994 -268 92) (390.46153846153845 -260.0000000000001 92) (390.4615384615401 -260.00000000000256 24) 
4 905 911 (390.46153846153845 -260.0000000000001 92) (384.23076923076917 -251 92) (384.2307692307691 -251 24) (390.4615384615401 -260.00000000000256 24) 
4 905 908 (419.9999999999998 -260 92) (395.99999999999994 -267.99999999999994 92) (395.99999999999994 -267.99999999999994 24) (419.9999999999998 -260 24) 
4 905 907 (432 -255.99999999999991 92) (419.9999999999998 -260 92) (419.9999999999998 -260 24) (432 -255.99999999999991 24) 
3 905 906 (390.59999999999894 -260.1999999999989 24) (384.2307692307686 -251 24) (418.20000000000437 -251 24) 
3 906 937 (390.5999999999991 -260.19999999999874 8) (384.2307692307692 -251 8) (418.200000000004 -251 8) 
4 906 911 (384.2307692307691 -251 8) (390.4615384615405 -260.0000000000031 8) (390.4615384615401 -260.00000000000256 24) (384.2307692307691 -251 24) 
4 907 908 (419.9999999999991 -260 92) (419.9999999999991 -260 24) (432 -260 24) (432 -260 92) 
4 908 917 (395.9999999999999 -268 8) (424.7307692307691 -309.5 8) (424.7307692307691 -309.5 24) (395.9999999999999 -268 24) 
4 908 912 (424.7307692307691 -309.5 24) (424.73076923076917 -309.49999999999994 92) (395.99999999999994 -268 92) (395.9999999999999 -268 24) 
4 908 909 (432 -307.0769230769229 92) (429.5769230769687 -307.8846153846 92) (429.5769230769685 -307.88461538460007 8) (432 -307.0769230769229 8) 
4 910 944 (372 -332 92.5) (372 -233.33333333333331 92.5) (372 -233.33333333333331 92) (372 -332 92) 
4 910 925 (431.9999999999827 -319.9999999999751 92) (431.9999999999827 -319.9999999999751 92.5) (379.99999999998 -355.9999999999399 92.5) (379.99999999998 -355.9999999999399 92) 
4 910 923 (372 -331.9999999999998 92.5) (372 -331.9999999999998 92) (379.9999999999802 -355.9999999999404 92) (379.9999999999802 -355.9999999999404 92.5) 
3 910 922 (372 -307.9999999999999 92) (372 -278.46153846152043 92) (386.7692307692325 -263.6923076923025 92) 
5 910 916 (419.7395209580464 -328.48802395207605 92) (379.99999999998 -355.99999999994 92) (372 -332 92) (372 -327.0769230769232 92) (420.15730892905157 -311.02448676723924 92) 
3 910 915 (420.0000000000109 -317.59999999994176 92) (420.15730892905157 -311.02448676723924 92) (422.239436619714 -310.3304442036851 92) 
3 910 914 (421.499999999988 -327.2692307691947 92) (419.7395209580464 -328.48802395207605 92) (419.8846153846047 -322.4230769230447 92) 
3 910 913 (421.49999999999295 -312.7307692307763 92) (422.239436619714 -310.3304442036851 92) (424.7307692307692 -309.5 92) 
5 910 912 (372 -327.0769230769232 92) (372 -307.9999999999999 92) (386.7692307692325 -263.6923076923025 92) (390.46153846153857 -260.00000000000006 92) (424.7307692307692 -309.5 92) 
3 910 911 (372 -278.46153846152043 92) (372 -233.3333333333333 92) (390.46153846153857 -260.00000000000006 92) 
4 911 947 (372 -233.33333333333337 24) (372 -233.33333333333337 8) (372 -278.4615384615254 8) (372 -278.4615384615244 24) 
4 911 944 (372 -233.33333333333331 92) (372 -233.33333333333337 24) (372 -278.4615384615244 24) (372 -278.46153846152043 92) 
4 911 939 (372 -278.46153846152544 8) (372 -233.33333333333331 8) (388.79999999999995 -257.5999999999999 8) (386.7692307692299 -263.69230769231 8) 
3 911 938 (388.79999999999995 -257.5999999999999 8) (390.46153846154056 -260.000000000003 8) (386.7692307692299 -263.69230769231 8) 
4 911 922 (386.7692307692325 -263.69230769230245 92) (372 -278.4615384615204 92) (372 -278.4615384615244 24) (386.7692307692305 -263.6923076923085 24) 
4 911 912 (390.4615384615402 -260.0000000000024 24) (390.46153846153857 -260 92) (386.7692307692325 -263.69230769230245 92) (386.7692307692305 -263.6923076923085 24) 
4 912 944 (372 -327.0769230769232 92) (372 -307.9999999999999 92) (372 -307.99999999999994 24) (372 -327.07692307692315 24) 
4 912 922 (386.76923076923225 -263.69230769230285 92) (386.7692307692302 -263.6923076923089 24) (372 -307.99999999999966 24) (372 -307.99999999999966 92) 
5 912 917 (372 -327.0769230769232 24) (372 -307.99999999999943 24) (379.9999999999996 -284.00000000000034 24) (396.00000000000006 -268 24) (424.73076923076906 -309.5 24) 
4 912 916 (372 -327.0769230769231 24) (420.1573089290438 -311.0244867672417 24) (420.15730892905157 -311.02448676723895 92) (372 -327.07692307692304 92) 
4 912 915 (420.1573089290438 -311.0244867672417 24) (422.23943661972004 -310.33044420368293 24) (422.2394366197141 -310.33044420368475 92) (420.15730892905157 -311.02448676723895 92) 
4 912 913 (422.23943661972004 -310.33044420368293 24) (424.73076923076917 -309.4999999999999 24) (424.73076923076906 -309.4999999999998 92) (422.2394366197141 -310.33044420368475 92) 
3 913 921 (421.5000000000007 -312.73076923076843 24) (422.23943661972 -310.33044420368304 24) (424.73076923076906 -309.5 24) 
4 913 915 (422.23943661971407 -310.3304442036853 92) (422.23943661972 -310.3304442036833 24) (421.5000000000008 -312.73076923076826 24) (421.49999999999307 -312.73076923077605 92) 
4 914 926 (421.499999999988 -327.26923076919473 92) (419.7395209580464 -328.4880239520761 92) (419.73952095803855 -328.48802395208156 24) (421.49999999998806 -327.26923076919473 24) 
3 914 919 (421.4999999999881 -327.269230769195 24) (419.73952095803855 -328.48802395208196 24) (419.88461538459745 -322.42307692302313 24) 
4 914 916 (419.88461538459745 -322.42307692302313 24) (419.73952095803855 -328.4880239520815 24) (419.7395209580464 -328.4880239520761 92) (419.8846153846047 -322.42307692304473 92) 
4 915 921 (420.0825791855376 -314.1481900452315 24) (420.1573089290438 -311.0244867672418 24) (422.23943661972 -310.33044420368304 24) (421.5000000000007 -312.73076923076843 24) 
3 915 918 (420.0000000000021 -317.59999999998763 24) (420.0825791855376 -314.1481900452315 24) (421.5000000000007 -312.73076923076843 24) 
4 915 916 (420.15730892905157 -311.0244867672392 92) (420.1573089290438 -311.0244867672418 24) (420.0000000000021 -317.59999999998763 24) (420.0000000000109 -317.59999999994164 92) 
4 916 944 (372 -332.00000000000006 24) (372 -332 92) (372 -327.0769230769232 92) (372 -327.07692307692315 24) 
4 916 928 (419.2653061223982 -328.81632653060143 92) (379.99999999998 -355.9999999999399 92) (379.99999999997993 -355.9999999999399 24) (419.2653061224036 -328.81632653059773 24) 
4 916 926 (419.7395209580464 -328.4880239520761 92) (419.2653061223982 -328.81632653060143 92) (419.2653061224036 -328.81632653059773 24) (419.73952095803855 -328.48802395208156 24) 
4 916 923 (372 -331.9999999999998 92) (372 -331.9999999999998 24) (379.9999999999802 -355.9999999999404 24) (379.9999999999802 -355.9999999999404 92) 
5 916 921 (379.5576923076924 -354.67307692307685 24) (372 -331.9999999999996 24) (372 -327.0769230769232 24) (420.1573089290438 -311.0244867672418 24) (420.0825791855376 -314.1481900452315 24) 
4 916 920 (419.73952095803855 -328.48802395208196 24) (379.9999999999802 -355.9999999999404 24) (379.5576923076924 -354.67307692307685 24) (420.0825791855376 -314.1481900452315 24) 
4 917 921 (424.73076923076906 -309.4999999999998 8) (424.73076923076906 -309.4999999999998 24) (372 -327.07692307692304 24) (372 -327.07692307692304 8) 
4 918 921 (421.5000000000027 -312.73076923076593 8) (420.08257918553574 -314.1481900452329 8) (420.0825791855376 -314.14819004523105 24) (421.5000000000009 -312.73076923076775 24) 
4 918 920 (420.0825791855376 -314.14819004523196 24) (420.08257918553574 -314.14819004523383 8) (420 -317.5999999999985 8) (420.0000000000021 -317.5999999999877 24) 
4 919 931 (419.7395209580367 -328.4880239520828 8) (421.499999999988 -327.2692307691947 8) (421.49999999998806 -327.26923076919473 24) (419.73952095803855 -328.48802395208156 24) 
4 919 920 (419.88461538459575 -322.423076923018 8) (419.7395209580367 -328.48802395208287 8) (419.73952095803855 -328.48802395208156 24) (419.88461538459745 -322.42307692302313 24) 
4 920 931 (379.99999999997993 -355.9999999999399 8) (419.7395209580367 -328.4880239520828 8) (419.73952095803855 -328.48802395208156 24) (379.99999999997993 -355.9999999999399 24) 
4 920 921 (420.08257918553574 -314.1481900452329 8) (379.5576923076922 -354.6730769230767 8) (379.5576923076922 -354.6730769230767 24) (420.0825791855376 -314.14819004523105 24) 
4 922 944 (372 -307.99999999999994 24) (372 -307.9999999999999 92) (372 -278.46153846152043 92) (372 -278.4615384615244 24) 
4 923 944 (372 -361.53846153838214 92.5) (372 -332 92.5) (372 -332.00000000000006 24) (372 -361.5384615383821 24) 
4 923 928 (372 -361.53846153838185 92) (372 -361.53846153838185 24) (379.99999999997993 -355.9999999999399 24) (379.99999999998 -355.9999999999399 92) 
4 923 925 (372 -361.53846153838185 92.5) (372 -361.53846153838185 92) (379.99999999998 -355.9999999999399 92) (379.99999999998 -355.9999999999399 92.5) 
3 923 924 (372.1999999999773 -361.39999999993626 24) (372 -361.53846153838197 24) (372 -360.80000000000416 24) 
4 924 945 (372 -360.80000000000433 8) (372 -361.5384615383821 8) (372 -361.5384615383821 24) (372 -360.80000000000416 24) 
3 924 940 (372 -361.53846153838214 8) (372 -360.80000000000433 8) (372.19999999997736 -361.39999999993654 8) 
4 925 944 (372 -380 92.5) (372 -361.53846153838214 92.5) (372 -361.53846153838214 92) (372 -380 92) 
4 925 933 (372 -380 92.5) (372 -380 92) (432 -380 92) (432 -380 92.5) 
3 925 932 (390.46153846152043 -380 92) (372 -380 92) (372 -361.538461538382 92) 
5 925 928 (432 -380 92) (390.46153846152043 -380 92) (372 -361.538461538382 92) (419.2653061223982 -328.81632653060143 92) (431.9999999999864 -332.7393364928931 92) 
3 925 927 (431.99999999998624 -332.0574162679525 92) (431.9999999999864 -332.7393364928931 92) (429.5999999999806 -332 92) 
3 925 926 (419.2653061223982 -328.81632653060143 92) (421.4999999999738 -327.2692307692045 92) (424.7307692307771 -330.50000000000784 92) 
3 926 931 (419.26530612240356 -328.8163265305977 24) (421.49999999997374 -327.2692307692045 24) (424.7307692307693 -330.50000000000006 24) 
4 926 928 (419.26530612240356 -328.8163265305978 24) (424.7307692307694 -330.50000000000017 24) (424.73076923077724 -330.500000000008 92) (419.26530612239816 -328.81632653060154 92) 
3 927 930 (431.99999999998624 -332.05741626795253 24) (431.9999999999864 -332.7393364928877 24) (429.59999999999974 -332.0000000000005 24) 
4 927 928 (429.5999999999995 -332.0000000000005 24) (432 -332.73933649289194 24) (432 -332.73933649289734 92) (429.5999999999803 -332 92) 
4 928 933 (432 -380 24) (432 -380 92) (390.46153846152043 -380 92) (390.46153846152447 -380 24) 
4 928 932 (390.4615384615248 -380 24) (390.46153846152083 -380 92) (371.99999999995345 -361.5384615384144 92) (371.99999999995583 -361.5384615384128 24) 
7 928 931 (432 -380 24) (419.99999999999994 -380 24) (396 -372 24) (379.9999999999564 -355.99999999995634 24) (419.26530612240356 -328.8163265305977 24) (424.7307692307692 -330.50000000000006 24) (431.99999999998784 -337.76923076921867 24) 
4 928 930 (429.59999999999974 -332.0000000000005 24) (431.9999999999864 -332.7393364928877 24) (431.99999999998784 -337.76923076921867 24) (426.14819004523497 -331.9174208144658 24) 
3 928 929 (424.7307692307692 -330.50000000000006 24) (429.59999999999974 -332.0000000000005 24) (426.14819004523497 -331.9174208144658 24) 
4 929 931 (426.1481900452353 -331.9174208144658 24) (424.7307692307697 -330.50000000000017 24) (424.73076923076786 -330.49999999999835 8) (426.1481900452353 -331.9174208144658 8) 
4 929 930 (426.14819004523565 -331.91742081446586 24) (426.14819004523565 -331.91742081446586 8) (429.60000000000434 -332.0000000000006 8) (429.59999999999997 -332.00000000000057 24) 
4 930 931 (432 -337.7692307692305 24) (426.1481900452353 -331.9174208144658 24) (426.1481900452353 -331.9174208144658 8) (432 -337.7692307692305 8) 
4 932 945 (372 -361.5384615383821 24) (372 -361.5384615383821 8) (372 -380 8) (372 -380 24) 
4 932 944 (372 -361.53846153838214 92) (372 -361.5384615383821 24) (372 -380 24) (372 -380 92) 
3 932 941 (372 -380 8) (372 -361.53846153838214 8) (390.46153846152544 -380 8) 
4 932 934 (372 -380 24) (372 -380 8) (390.46153846152544 -380 8) (390.46153846152447 -380 24) 
4 932 933 (372 -380 92) (372 -380 24) (390.46153846152447 -380 24) (390.46153846152043 -380 92) 
4 933 1236 (432 -592 24) (432 -592 92.5) (372 -592 92.5) (372 -592 24) 
4 933 944 (372 -592 24) (372 -592 92.5) (372 -380 92.5) (372 -380 24) 
4 933 935 (372 -592 24) (372 -390.0810810810808 24) (432 -389 24) (432 -592 24) 
4 933 934 (372 -390.0810810810808 24) (372 -380 24) (390.4615384615318 -380 24) (418.2071005917135 -389.24852071005915 24) 
4 934 945 (372 -390.0810810810808 24) (372 -380 24) (372 -380 8) (372 -390.0810810810808 8) 
4 934 942 (372 -390.0810810810808 8) (372 -380 8) (390.4615384615333 -380 8) (418.2071005917149 -389.24852071005915 8) 
4 934 935 (418.2071005917135 -389.24852071005915 24) (372 -390.0810810810808 24) (372 -390.0810810810808 8) (418.2071005917149 -389.24852071005915 8) 
4 935 1236 (432 -592 8) (432 -592 24) (372 -592 24) (372 -592 8) 
4 935 945 (372 -592 8) (372 -592 24) (372 -390.0810810810808 24) (372 -390.0810810810808 8) 
4 935 943 (372 -592 8) (372 -390.0810810810808 8) (432 -389 8) (432 -592 8) 
4 936 947 (372 -233.33333333333337 8) (372 -48 8) (372 -48 -0) (372 -233.33333333333334 0) 
4 936 939 (384.2307692307692 -251 8) (372 -233.33333333333331 8) (372 -233.33333333333331 -0) (384.2307692307692 -251 0) 
4 936 937 (384.23076923076894 -251 8) (384.23076923076894 -251 -0) (418.200000000004 -251 0) (418.200000000004 -251 8) 
4 937 939 (388.8 -257.6 8) (384.2307692307692 -251 8) (384.2307692307692 -251 0) (388.8 -257.6 0) 
4 937 938 (390.46153846154056 -260.00000000000307 8) (388.8 -257.6 8) (388.8 -257.6 0) (390.4615384615408 -260.00000000000335 0) 
4 938 939 (388.8 -257.59999999999997 8) (388.8 -257.59999999999997 -0) (386.7692307692298 -263.6923076923106 0) (386.76923076923003 -263.69230769230984 8) 
4 939 947 (372 -278.4615384615254 8) (372 -233.33333333333337 8) (372 -233.33333333333334 0) (372 -278.4615384615259 0) 
4 940 945 (372 -361.53846153838214 8) (372 -360.80000000000433 8) (372 -360.8000000000044 0) (372 -361.53846153838214 0) 
4 941 945 (372 -380 8) (372 -361.53846153838214 8) (372 -361.53846153838214 0) (372 -380 0) 
4 941 942 (390.46153846152544 -380 8) (372 -380 8) (372 -380 -0) (390.4615384615259 -380 0) 
4 942 945 (372 -390.0810810810808 8) (372 -380 8) (372 -380 0) (372 -390.0810810810808 0) 
4 942 943 (418.2071005917149 -389.24852071005915 8) (372 -390.0810810810808 8) (372 -390.0810810810808 -0) (418.2071005917156 -389.2485207100591 0) 
4 943 1236 (372 -592 0) (432 -592 0) (432 -592 8) (372 -592 8) 
4 943 945 (372 -592 -0) (372 -592 8) (372 -390.0810810810808 8) (372 -390.0810810810808 0) 
4 944 1252 (208 -592 24) (320 -592 24) (320 -592 92.5) (208 -592 92.5) 
4 944 1236 (368 -592 24) (372 -592 24) (372 -592 92.5) (368 -592 92.5) 
4 944 963 (160 -432 24) (160 -544 24) (160 -544 92.5) (160 -432 92.5) 
4 944 962 (160 -256 24) (160 -384 24) (160 -384 92.5) (160 -256 92.5) 
4 944 961 (160 -96 24) (160 -208 24) (160 -208 92.5) (160 -96 92.5) 
7 944 947 (160 -560.0000000000001 24) (160 -80 24) (192 -48 24) (372 -48 24) (372 -278.4615384615318 24) (267.4871794871936 -592 24) (191.99999999999994 -592 24) 
4 944 946 (363 -592 24) (267.4871794871936 -592 24) (362.7514792899408 -306.20710059171364 24) (363 -320.00000000000136 24) 
4 944 945 (372 -360.80000000000416 24) (372 -592 24) (363 -592 24) (363 -333.79999999999563 24) 
4 945 1236 (368 -592 0) (372 -592 0) (372 -592 24) (368 -592 24) 
4 945 946 (363 -333.79999999999586 0) (363 -592 -0) (363 -592 24) (363 -333.79999999999563 24) 
4 946 1252 (267.4871794871943 -592 0) (320 -592 0) (320 -592 24) (267.4871794871936 -592 24) 
4 946 947 (267.48717948719434 -592 -0) (267.4871794871936 -592 24) (362.7514792899408 -306.2071005917137 24) (362.7514792899409 -306.20710059171574 0) 
4 947 1252 (208 -592 0) (267.4871794871943 -592 0) (267.4871794871936 -592 24) (208 -592 24) 
4 947 963 (160 -432 0) (160 -544 0) (160 -544 24) (160 -432 24) 
4 947 962 (160 -256 0) (160 -384 0) (160 -384 24) (160 -256 24) 
4 947 961 (160 -96 0) (160 -208 0) (160 -208 24) (160 -96 24) 
4 948 1025 (128 -592 1136) (128 -592 1120) (160 -592 1120) (160 -592 1136) 
4 948 994 (128 -576 1120) (128 -592 1120) (128 -592 1136) (128 -576 1136) 
4 948 992 (128 -560 1120) (128 -576 1120) (128 -576 1136) (128 -560 1136) 
4 948 986 (128 -416 1120) (128 -560 1120) (128 -560 1136) (128 -416 1136) 
4 948 984 (128 -400 1120) (128 -416 1120) (128 -416 1136) (128 -400 1136) 
4 948 978 (128 -240 1120) (128 -400 1120) (128 -400 1136) (128 -240 1136) 
4 948 976 (128 -224 1120) (128 -240 1120) (128 -240 1136) (128 -224 1136) 
4 948 970 (128 -80 1120) (128 -224 1120) (128 -224 1136) (128 -80 1136) 
4 948 968 (128 -64 1120) (128 -80 1120) (128 -80 1136) (128 -64 1136) 
4 948 964 (128 -48 1136) (128 -48 1120) (128 -64 1120) (128 -64 1136) 
4 949 1047 (128 -592 480) (128 -592 368) (160 -592 368) (160 -592 480) 
4 949 1027 (128 -592 608) (128 -592 480) (160 -592 480) (160 -592 608) 
4 949 1026 (128 -592 1120) (128 -592 608) (160 -592 608) (160 -592 1120) 
4 949 995 (128 -576 368) (128 -592 368) (128 -592 1120) (128 -576 1120) 
4 949 993 (128 -560 368) (128 -576 368) (128 -576 1120) (128 -560 1120) 
4 949 990 (128 -543.9999999999999 368) (128 -560 368) (128 -560 464) (128 -496 464) 
4 949 989 (128 -432 368) (128 -543.9999999999999 368) (128 -496 464) (128 -480 464) 
4 949 988 (128 -416 368) (128 -432 368) (128 -480 464) (128 -416 464) 
4 949 987 (128 -560 464) (128 -560 1120) (128 -416 1120) (128 -416 464) 
4 949 985 (128 -400 368) (128 -416 368) (128 -416 1120) (128 -400 1120) 
4 949 982 (128 -387.07070707070744 368) (128 -400 368) (128 -400 512) (128 -328.88888888889073 512) 
4 949 981 (128 -252.92929292929296 368) (128 -387.07070707070744 368) (128 -328.88888888889073 512) (128 -311.1111111111111 512) 
4 949 980 (128 -240 368) (128 -252.92929292929296 368) (128 -311.1111111111111 512) (128 -240 512) 
4 949 979 (128 -400 512) (128 -400 1120) (128 -240 1120) (128 -240 512) 
4 949 977 (128 -224 368) (128 -240 368) (128 -240 1120) (128 -224 1120) 
4 949 974 (128 -208 368) (128 -224 368) (128 -224 464) (128 -159.99999999999997 464) 
4 949 973 (128 -96.00000000000001 368) (128 -208 368) (128 -159.99999999999997 464) (128 -144.00000000000003 464) 
4 949 972 (128 -80 368) (128 -96.00000000000001 368) (128 -144.00000000000003 464) (128 -80 464) 
4 949 971 (128 -224 464) (128 -224 1120) (128 -80 1120) (128 -80 464) 
4 949 969 (128 -64 368) (128 -80 368) (128 -80 1120) (128 -64 1120) 
4 949 966 (128 -48 480) (128 -48 368) (128 -64 368) (128 -64 480) 
4 949 965 (128 -48 1120) (128 -48 480) (128 -64 480) (128 -64 1120) 
4 949 959 (128 -592 368) (128 -576 368) (144 -576 368) (144 -592 368) 
4 949 958 (128 -576 368) (128 -560 368) (144 -560 368) (144 -576 368) 
4 949 957 (144 -560 368) (160 -560 368) (160 -592 368) (144 -592 368) 
4 949 956 (128 -560 368) (128 -416 368) (144 -416 368) (144 -560 368) 
4 949 955 (128 -400 368) (128 -240 368) (144 -240 368) (144 -400 368) 
4 949 954 (128 -224 368) (128 -80 368) (144 -80 368) (144 -224 368) 
4 949 953 (144 -80 368) (160 -80 368) (160 -560 368) (144 -560 368) 
4 949 952 (128 -80 368) (128 -64 368) (144 -64 368) (144 -80 368) 
4 949 951 (128 -64 368) (128 -48 368) (144 -48 368) (144 -64 368) 
4 949 950 (144 -48 368) (160 -48 368) (160 -80 368) (144 -80 368) 
4 950 953 (160 -80 240) (160 -80 368) (144 -80 368) (144 -80 240) 
4 950 952 (144 -80 352) (144 -80 368) (144 -64 368) (144 -64 352) 
4 950 951 (144 -48 240) (144 -64 240) (144 -64 368) (144 -48 368) 
4 951 966 (128 -48 368) (128 -48 240) (128 -64 240) (128 -64 368) 
4 951 952 (144 -64 352) (144 -64 368) (128 -64 368) (128 -64 352) 
4 952 969 (128 -80 352) (128 -80 368) (128 -64 368) (128 -64 352) 
4 952 954 (144 -80 368) (128 -80 368) (128 -80 352) (144 -80 352) 
4 953 960 (144 -80 208) (160 -80 208) (160 -560 208) (144 -560 208) 
4 953 957 (160 -560 240) (160 -560 368) (144 -560 368) (144 -560 240) 
4 953 956 (144 -416 208) (144 -560 208) (144 -560 368) (144 -416 368) 
4 953 955 (144 -240 208) (144 -400 208) (144 -400 368) (144 -240 368) 
4 953 954 (144 -80 368) (144 -80 208) (144 -224 208) (144 -224 368) 
3 954 974 (128 -224 336) (128 -224 368) (128 -208 368) 
4 954 973 (128 -224 336) (128 -208 368) (128 -96.00000000000001 368) (128 -80 336) 
3 954 972 (128 -96.00000000000001 368) (128 -80 368) (128 -80 336) 
3 955 982 (128 -400 336) (128 -400 368) (128 -387.07070707070744 368) 
4 955 981 (128 -400 336) (128 -387.07070707070744 368) (128 -252.92929292929296 368) (128 -240 335.99999999999994) 
3 955 980 (128 -252.92929292929296 368) (128 -240 368) (128 -240 335.99999999999994) 
3 956 990 (128 -560 335.9999999999999) (128 -560 368) (128 -543.9999999999999 368) 
4 956 989 (128 -560 335.9999999999999) (128 -543.9999999999999 368) (128 -432 368) (128 -416 336) 
3 956 988 (128 -432 368) (128 -416 368) (128 -416 336) 
4 956 958 (144 -560 352) (144 -560 368) (128 -560 368) (128 -560 352) 
4 957 1047 (144 -592 240) (160 -592 240) (160 -592 368) (144 -592 368) 
4 957 959 (144 -576 240) (144 -592 240) (144 -592 368) (144 -576 368) 
4 957 958 (144 -560 368) (144 -560 352) (144 -576 352) (144 -576 368) 
4 958 993 (128 -576 368) (128 -560 368) (128 -560 352) (128 -576 352) 
4 958 959 (144 -576 352) (144 -576 368) (128 -576 368) (128 -576 352) 
4 959 1047 (128 -592 368) (128 -592 240) (144 -592 240) (144 -592 368) 
4 959 995 (128 -592 240) (128 -592 368) (128 -576 368) (128 -576 240) 
10 961 1006 (128 -96 0) (128 -208 0) (128 -208 123.99999999999999) (128 -192 136) (128 -176.00000000000003 143.99999999999997) (128 -159.9999999999999 148) (128 -143.99999999999994 148) (128 -128.00000000000006 144.00000000000003) (128 -112.00000000000001 136) (128 -96 123.99999999999999) 
10 962 1006 (128 -256 0) (128 -384 0) (128 -384 123.99999999999994) (128 -365.71428571428555 136.00000000000006) (128 -347.42857142857144 144) (128 -329.1428571428572 148) (128 -310.85714285714283 148) (128 -292.57142857142856 144) (128 -274.2857142857144 136.00000000000003) (128 -256 123.99999999999999) 
10 963 1006 (128 -432 0) (128 -544 0) (128 -544 124.00000000000009) (128 -528.0000000000003 135.99999999999986) (128 -512.0000000000001 144) (128 -496.00000000000006 148) (128 -479.9999999999999 148) (128 -464.00000000000006 144.00000000000003) (128 -448 136) (128 -432 124) 
4 964 1008 (-96 -48 1136) (-96 -48 1120) (-96 -64 1120) (-96 -64 1136) 
4 964 997 (-96 -64 1136) (-96 -64 1120) (-80 -64 1120) (-80 -64 1136) 
4 964 968 (-80 -64 1120) (128 -64 1120) (128 -64 1136) (-80 -64 1136) 
4 965 1009 (-96 -48 1120) (-96 -48 480) (-96 -64 480) (-96 -64 1120) 
4 965 998 (-96 -64 1120) (-96 -64 480) (-80 -64 480) (-80 -64 1120) 
4 965 969 (-80 -64 480) (128 -64 480) (128 -64 1120) (-80 -64 1120) 
4 965 966 (128 -64 480) (-80 -64 480) (-80 -48 480) (128 -48 480) 
4 966 969 (-80 -64 240) (128 -64 240) (128 -64 480) (-80 -64 480) 
4 966 967 (128 -64 240) (-64 -64 240) (-64 -48 240) (128 -48 240) 
4 967 1006 (-64 -64 0) (128 -64 -0) (128 -64 192) (-64 -64 192) 
4 967 969 (128 -64 208) (128 -64 240) (-64 -64 240) (-64 -64 208) 
4 968 997 (-80 -64 1136) (-80 -64 1120) (-80 -80 1120) (-80 -80 1136) 
4 968 970 (-80 -80 1136) (-80 -80 1120) (128 -80 1120) (128 -80 1136) 
4 969 999 (-80 -64 368) (-80 -64 352) (-80 -80 352) (-80 -80 368) 
4 969 998 (-80 -64 1120) (-80 -64 368) (-80 -80 368) (-80 -80 1120) 
3 969 975 (-80 -80 464) (-80 -80 336) (-16 -80 464) 
4 969 972 (-80 -80 336) (128 -80 336) (128 -80 464) (-16 -80 464) 
4 969 971 (-80 -80 1120) (-80 -80 464) (128 -80 464) (128 -80 1120) 
4 970 997 (-80 -80 1136) (-80 -80 1120) (-80 -224 1120) (-80 -224 1136) 
4 970 976 (-80 -224 1136) (-80 -224 1120) (128 -224 1120) (128 -224 1136) 
4 971 998 (-80 -80 1120) (-80 -80 464) (-80 -224 464) (-80 -224 1120) 
4 971 977 (-80 -224 1120) (-80 -224 464) (128 -224 464) (128 -224 1120) 
4 971 975 (-16 -224 464) (-80 -224 464) (-80 -80 464) (-16.000000000000007 -80 464) 
4 971 974 (128 -224 464) (-16 -224 464) (-16.000000000000004 -159.99999999999997 464) (128 -159.99999999999997 464) 
4 971 973 (47.99999999999997 -144.00000000000003 464) (128 -144.00000000000003 464) (128 -159.99999999999997 464) (47.999999999999986 -159.99999999999997 464) 
4 971 972 (-16.000000000000004 -144.00000000000003 464) (-16.000000000000007 -80 464) (128 -80 464) (128 -144.00000000000003 464) 
3 972 975 (-16.000000000000227 -144.00000000000003 464) (-16.000000000000227 -80 464) (-80 -80 336.00000000000045) 
3 972 973 (128 -143.9999999999999 464) (47.999999999999986 -143.9999999999999 464) (128 -80 336.0000000000002) 
3 973 974 (128 -224 336) (128 -160 464) (47.999999999999986 -160 464) 
4 974 977 (-80 -224 336) (128 -224 335.9999999999999) (128 -224 464) (-16 -224 464) 
3 974 975 (-80 -224 336.00000000000045) (-16.000000000000227 -224 464) (-16.000000000000227 -159.99999999999997 464) 
4 975 1000 (-80 -80 368) (-80 -80 336) (-80 -224 336) (-80 -224 368) 
4 975 998 (-80 -80 464) (-80 -80 368) (-80 -224 368) (-80 -224 464) 
3 975 977 (-80 -224 464) (-80 -224 336) (-16 -224 464) 
4 976 997 (-80 -224 1136) (-80 -224 1120) (-80 -240 1120) (-80 -240 1136) 
4 976 978 (-80 -240 1136) (-80 -240 1120) (128 -240 1120) (128 -240 1136) 
4 977 998 (-80 -224 1120) (-80 -224 368) (-80 -240 368) (-80 -240 1120) 
3 977 983 (-80 -240 512) (-80 -240 336) (-16 -240 512) 
4 977 980 (-80 -240 336) (128 -240 336) (128 -240 512) (-16 -240 512) 
4 977 979 (-80 -240 1120) (-80 -240 512) (128 -240 512) (128 -240 1120) 
4 978 997 (-80 -240 1136) (-80 -240 1120) (-80 -400 1120) (-80 -400 1136) 
4 978 984 (-80 -400 1136) (-80 -400 1120) (128 -400 1120) (128 -400 1136) 
4 979 998 (-80 -240 1120) (-80 -240 512) (-80 -400 512) (-80 -400 1120) 
4 979 985 (-80 -400 1120) (-80 -400 512) (128 -400 512) (128 -400 1120) 
4 979 983 (-16 -400 512) (-80 -400 512) (-80 -240 512) (-16 -240 512) 
4 979 982 (128 -400 512) (-16 -400 512) (-16 -328.88888888889073 512) (128 -328.88888888889073 512) 
4 979 981 (47.999999999999986 -311.1111111111111 512) (128 -311.1111111111111 512) (128 -328.88888888889073 512) (47.999999999999986 -328.88888888889073 512) 
4 979 980 (-16 -311.1111111111111 512) (-16 -240 512) (128 -240 512) (128 -311.1111111111111 512) 
3 980 983 (-15.999999999999773 -311.1111111111111 512) (-15.999999999999773 -240 512) (-80 -240 335.9999999999994) 
3 980 981 (128 -311.1111111111111 512) (47.999999999999986 -311.1111111111111 512) (128 -240 336) 
3 981 982 (128 -400 335.99999999999955) (128 -328.8888888888905 512) (48 -328.8888888888905 512) 
4 982 985 (-80 -400 336) (128 -400 336) (128 -400 512) (-16 -400 512) 
3 982 983 (-80 -400 335.99999999999955) (-15.999999999999773 -400 512) (-15.999999999999773 -328.88888888889073 512) 
4 983 1001 (-80 -240 368) (-80 -240 336) (-80 -400 336) (-80 -400 368) 
4 983 998 (-80 -240 512) (-80 -240 368) (-80 -400 368) (-80 -400 512) 
3 983 985 (-80 -400 512) (-80 -400 336) (-16 -400 512) 
4 984 997 (-80 -400 1136) (-80 -400 1120) (-80 -416 1120) (-80 -416 1136) 
4 984 986 (-80 -416 1136) (-80 -416 1120) (128 -416 1120) (128 -416 1136) 
4 985 998 (-80 -400 1120) (-80 -400 368) (-80 -416 368) (-80 -416 1120) 
3 985 991 (-80 -416 464) (-80 -416 336) (-16 -416 464) 
4 985 988 (-80 -416 336) (128 -416 336) (128 -416 464) (-16 -416 464) 
4 985 987 (-80 -416 1120) (-80 -416 464) (128 -416 464) (128 -416 1120) 
4 986 997 (-80 -416 1136) (-80 -416 1120) (-80 -560 1120) (-80 -560 1136) 
4 986 992 (-80 -560 1136) (-80 -560 1120) (128 -560 1120) (128 -560 1136) 
4 987 998 (-80 -416 1120) (-80 -416 464) (-80 -560 464) (-80 -560 1120) 
4 987 993 (-80 -560 1120) (-80 -560 464) (128 -560 464) (128 -560 1120) 
4 987 991 (-16 -560 464) (-80 -560 464) (-80 -416 464) (-16.000000000000007 -416 464) 
4 987 990 (128 -560 464) (-16 -560 464) (-16.000000000000004 -496 464) (128 -496 464) 
4 987 989 (47.99999999999997 -480 464) (128 -480 464) (128 -496 464) (47.999999999999986 -496 464) 
4 987 988 (-16.000000000000004 -480 464) (-16.000000000000007 -416 464) (128 -416 464) (128 -480 464) 
3 988 991 (-16.000000000000227 -480 464) (-16.000000000000227 -416 464) (-80 -416 336.00000000000045) 
3 988 989 (128 -479.9999999999999 464) (47.999999999999986 -479.9999999999999 464) (128 -416 336.0000000000002) 
3 989 990 (128 -560 336) (128 -496 464) (47.999999999999986 -496 464) 
4 990 993 (-80 -560 336) (128 -560 335.9999999999999) (128 -560 464) (-16 -560 464) 
3 990 991 (-80 -560 336.00000000000045) (-16.000000000000227 -560 464) (-16.000000000000227 -496 464) 
4 991 1002 (-80 -416 368) (-80 -416 336) (-80 -560 336) (-80 -560 368) 
4 991 998 (-80 -416 464) (-80 -416 368) (-80 -560 368) (-80 -560 464) 
3 991 993 (-80 -560 464) (-80 -560 336) (-16 -560 464) 
4 992 997 (-80 -560 1136) (-80 -560 1120) (-80 -576 1120) (-80 -576 1136) 
4 992 994 (-80 -576 1136) (-80 -576 1120) (128 -576 1120) (128 -576 1136) 
4 993 1003 (-80 -560 368) (-80 -560 352) (-80 -576 352) (-80 -576 368) 
4 993 998 (-80 -560 1120) (-80 -560 368) (-80 -576 368) (-80 -576 1120) 
4 993 996 (-64 -576 208) (128 -576 208) (128 -576 240) (-64 -576 240) 
4 993 995 (-80 -576 1120) (-80 -576 240) (128 -576 240) (128 -576 1120) 
4 994 1025 (-80 -592 1136) (-80 -592 1120) (128 -592 1120) (128 -592 1136) 
4 994 1004 (-80 -576 1136) (-80 -576 1120) (-80 -592 1120) (-80 -592 1136) 
4 995 1047 (-80 -592 480) (-80 -592 240) (128 -592 240) (128 -592 480) 
4 995 1027 (-80 -592 608) (-80 -592 480) (128 -592 480) (128 -592 608) 
4 995 1026 (-80 -592 1120) (-80 -592 608) (128 -592 608) (128 -592 1120) 
4 995 1005 (-80 -576 1120) (-80 -576 480) (-80 -592 480) (-80 -592 1120) 
4 995 996 (-64 -576 240) (128 -576 240) (128 -592 240) (-64 -592 240) 
4 996 1258 (-64 -592 192) (128 -592 192) (128 -592 240) (-64 -592 240) 
4 996 1007 (128 -576 192) (128 -592 192) (-64 -592 192) (-64 -576 192) 
4 997 1008 (-96 -64 1136) (-96 -64 1120) (-96 -576 1120) (-96 -576 1136) 
4 997 1004 (-96 -576 1136) (-96 -576 1120) (-80 -576 1120) (-80 -576 1136) 
4 998 1009 (-96 -64 1120) (-96 -64 480) (-96 -576 480) (-96 -576 1120) 
4 998 1005 (-96 -576 1120) (-96 -576 480) (-80 -576 480) (-80 -576 1120) 
4 998 1003 (-80 -576 368) (-96 -576 368) (-96 -560 368) (-80 -560 368) 
4 998 1002 (-96 -560 368) (-96 -416 368) (-80 -416 368) (-80 -560 368) 
4 998 1001 (-96 -400 368) (-96 -240 368) (-80 -240 368) (-80 -400 368) 
4 998 1000 (-96 -224 368) (-96 -80 368) (-80 -80 368) (-80 -224 368) 
4 998 999 (-96 -80 368) (-96 -64 368) (-80 -64 368) (-80 -80 368) 
4 999 1000 (-80 -80 352) (-80 -80 368) (-96 -80 368) (-96 -80 352) 
4 1000 1010 (-96 -80 208) (-96 -224 208) (-96 -224 240) (-96 -80 240) 
4 1001 1010 (-96 -240 208) (-96 -400 208) (-96 -400 240) (-96 -240 240) 
4 1002 1010 (-96 -416 208) (-96 -560 208) (-96 -560 240) (-96 -416 240) 
4 1002 1003 (-80 -560 352) (-80 -560 368) (-96 -560 368) (-96 -560 352) 
4 1004 1025 (-96 -592 1136) (-96 -592 1120) (-80 -592 1120) (-80 -592 1136) 
4 1004 1008 (-96 -576 1136) (-96 -576 1120) (-96 -592 1120) (-96 -592 1136) 
4 1005 1027 (-96 -592 608) (-96 -592 480) (-80 -592 480) (-80 -592 608) 
4 1005 1026 (-96 -592 1120) (-96 -592 608) (-80 -592 608) (-80 -592 1120) 
4 1005 1009 (-96 -576 1120) (-96 -576 480) (-96 -592 480) (-96 -592 1120) 
4 1006 1007 (128 -576 -0) (128 -576 192) (-64 -576 192) (-64 -576 0) 
4 1007 1258 (-64 -592 0) (128 -592 0) (128 -592 192) (-64 -592 192) 
4 1008 1025 (-256 -592 1136) (-256 -592 1120) (-96 -592 1120) (-96 -592 1136) 
4 1008 1012 (-256 -48 1136) (-256 -48 1120) (-256 -592 1120) (-256 -592 1136) 
4 1009 1027 (-256 -592 608) (-256 -592 480) (-96 -592 480) (-96 -592 608) 
4 1009 1026 (-256 -592 1120) (-256 -592 608) (-96 -592 608) (-96 -592 1120) 
4 1009 1011 (-256 -592 480) (-256 -48 480) (-176 -48 480) (-176 -592 480) 
4 1010 1430 (-96 -592 0) (-176 -592 0) (-176 -48 0) (-96 -48 0) 
4 1010 1271 (-176 -592 0) (-96 -592 0) (-96 -592 240) (-176 -592 240) 
4 1010 1011 (-176 -592 -0) (-176 -592 240) (-176 -48 240) (-176 -48 -0) 
4 1011 1430 (-176 -592 0) (-256 -592 0) (-256 -48 0) (-176 -48 0) 
4 1011 1271 (-256 -592 240) (-256 -592 0) (-176 -592 0) (-176 -592 240) 
4 1011 1052 (-256 -592 480) (-256 -592 240) (-176 -592 240) (-176 -592 480) 
4 1012 1433 (-256 -592 0) (-272 -592 0) (-272 -48 0) (-256 -48 0) 
4 1012 1272 (-272 -592 240) (-272 -592 0) (-256 -592 0) (-256 -592 240) 
4 1012 1053 (-272 -592 480) (-272 -592 240) (-256 -592 240) (-256 -592 480) 
4 1012 1037 (-272 -592 1136) (-272 -592 480) (-256 -592 480) (-256 -592 1136) 
4 1013 1164 (1936 -1536 480) (1936 -1472 480) (1952 -1472 480) (1952 -1536.1159420289855 480) 
4 1013 1153 (1936 -1472 480) (1936 -1440 480) (1952 -1440 480) (1952 -1472 480) 
4 1013 1126 (1936 -1440 480) (1936 -1120 480) (1952 -1120 480) (1952 -1440 480) 
4 1013 1098 (1936 -1120 480) (1936 -1104 480) (1952 -1104 480) (1952 -1120 480) 
4 1013 1076 (1936 -1104 480) (1936 -880 480) (1952 -880 480) (1952 -1104 480) 
4 1013 1054 (1936 -880 480) (1936 -864 480) (1952 -864 480) (1952 -880 480) 
4 1013 1038 (1936 -864 480) (1936 -592 480) (1952 -592 480) (1952 -864 480) 
4 1013 1031 (1936 -1536 1120) (1936 -1536 1136) (1936 -1120 1136) (1936 -1120 1120) 
4 1013 1022 (1936 -1120 1120) (1936 -1120 1136) (1936 -1088 1136) (1936 -1088 1120) 
4 1013 1014 (1936 -592 1136) (1936 -592 1120) (1936 -1088 1120) (1936 -1088 1136) 
4 1014 1025 (1024 -592 1136) (1024 -592 1120) (1024 -1088 1120) (1024 -1088 1136) 
4 1014 1022 (1024 -1088 1136) (1024 -1088 1120) (1936 -1088 1120) (1936 -1088 1136) 
4 1015 1026 (1024 -592 1120) (1024 -592 752) (1024 -1088 752) (1024 -1088 1120) 
4 1015 1023 (1024 -1088 1120) (1024 -1088 752) (1936 -1088 752) (1936 -1088 1120) 
4 1015 1019 (1152 -1088 752) (1024 -1088 752) (1024 -592 752) (1152 -592 752) 
4 1015 1018 (1728 -768 752) (1936 -768 752) (1936 -896 752) (1728 -896 752) 
4 1015 1017 (1152 -768 752) (1152 -592 752) (1936 -592 752) (1936 -768 752) 
4 1015 1016 (1936 -1088 752) (1152 -1088 752) (1152 -896 752) (1936 -896 752) 
4 1016 1024 (1872 -1088 576) (1936 -1088 576) (1936 -1088 592) (1872 -1088 592) 
4 1016 1023 (1936 -1088 592) (1936 -1088 752) (1152 -1088 752) (1035.6363636363637 -1088 592) 
3 1016 1019 (1024.0000000000002 -1088 576) (1152.0000000000002 -1088 752) (1152.0000000000002 -896 752) 
4 1016 1018 (1936 -1088 576) (1840 -1088 576) (1728 -896 752) (1936 -896 752) 
3 1017 1019 (1024.0000000000002 -592 576) (1152.0000000000002 -768 752) (1152.0000000000002 -592 752) 
4 1017 1018 (1936 -767.9999999999995 752) (1728 -767.9999999999995 752) (1840 -591.9999999999997 576) (1936 -591.9999999999997 576) 
4 1018 1020 (1936 -1088 576) (1840 -1088 576) (1840 -592 576) (1936 -592 576) 
4 1019 1030 (1024 -1020 576) (1024 -1088 576) (1024 -1088 608) (1024 -991.9999999999998 608) 
4 1019 1029 (1024 -952 576) (1024 -1020 576) (1024 -991.9999999999998 608) (1024 -976 608) 
4 1019 1028 (1024 -592 608) (1024 -592 576) (1024 -952 576) (1024 -976 608) 
4 1019 1026 (1024 -592 752) (1024 -592 608) (1024 -1088 608) (1024 -1088 752) 
4 1019 1023 (1024 -1088 752) (1024 -1088 592) (1035.6363636363637 -1088 592) (1152 -1088 752) 
4 1020 1077 (1936 -880 480) (1936 -1088 480) (1836 -1088 480) (1836 -880 480) 
4 1020 1055 (1936 -864 480) (1936 -880 480) (1836 -880 480) (1836 -864 480) 
4 1020 1039 (1836 -592 480) (1936 -592 480) (1936 -864 480) (1836 -864 480) 
4 1020 1024 (1872 -1088 480) (1936 -1088 480) (1936 -1088 576) (1872 -1088 576) 
4 1021 1086 (1464 -1088 480) (1052 -1088 480) (1052 -880 480) (1464 -880 480) 
3 1021 1085 (1464 -1047.9999999999998 480) (1464 -1008 480) (1503.9999999999998 -1008 480) 
3 1021 1084 (1584 -1008 480) (1624 -1008 480) (1624 -1048 480) 
4 1021 1083 (1464 -1008 480) (1464 -880 480) (1624 -880 480) (1624 -1008 480) 
4 1021 1082 (1804 -1088 480) (1624 -1088 480) (1624 -880 480) (1804 -880 480) 
4 1021 1056 (1804 -880 480) (1052 -880 480) (1052 -864 480) (1804 -864 480) 
4 1021 1045 (1056 -848.0000000000002 480) (1056 -864 480) (1052 -864 480) (1052 -851.9999999999999 480) 
4 1021 1044 (1052 -592 480) (1056 -592 480) (1056 -593 480) (1052 -593 480) 
5 1021 1043 (1056 -592 480) (1772 -592 480) (1804 -624 480) (1804 -864 480) (1056 -864 480) 
4 1021 1040 (1804 -592 480) (1808 -592 480) (1808 -624 480) (1804 -624 480) 
4 1022 1031 (1024 -1120 1136) (1024 -1120 1120) (1936 -1120 1120) (1936 -1120 1136) 
4 1022 1025 (1024 -1088 1136) (1024 -1088 1120) (1024 -1120 1120) (1024 -1120 1136) 
4 1023 1032 (1024 -1120 1120) (1024 -1120 592) (1936 -1120 592) (1936 -1120 1120) 
4 1023 1030 (1024 -1088 608) (1024 -1088 592) (1024 -1120 592) (1024 -1120 608) 
4 1023 1026 (1024 -1088 1120) (1024 -1088 608) (1024 -1120 608) (1024 -1120 1120) 
4 1023 1024 (1936 -1120 592) (1872 -1120 592) (1872 -1088 592) (1936 -1088 592) 
4 1024 1099 (1936 -1104 480) (1936 -1120 480) (1872 -1120 480) (1872 -1104 480) 
4 1024 1077 (1936 -1088 480) (1936 -1104 480) (1872 -1104 480) (1872 -1088 480) 
4 1024 1033 (1872 -1120 480) (1936 -1120 480) (1936 -1120 496) (1872 -1120 496) 
4 1024 1032 (1936 -1120 496) (1936 -1120 592) (1872 -1120 592) (1872 -1120 496) 
4 1025 1037 (-256 -592 1136) (-256 -592 1120) (-256 -1120 1120) (-256 -1120 1136) 
4 1025 1031 (-256 -1120 1136) (-256 -1120 1120) (1024 -1120 1120) (1024 -1120 1136) 
4 1026 1032 (-256 -1120 1120) (-256 -1120 608) (1024 -1120 608) (1024 -1120 1120) 
4 1026 1030 (1024 -991.9999999999999 608) (1024 -1120 608) (432.0000000000002 -1120 608) (432.0000000000002 -991.9999999999999 608) 
4 1026 1029 (1024 -976.0000000000001 608) (1024 -991.9999999999999 608) (799.9999999999999 -991.9999999999999 608) (799.9999999999999 -976.0000000000001 608) 
4 1026 1028 (1024 -592 608) (1024 -976.0000000000001 608) (432.0000000000002 -976.0000000000001 608) (432.0000000000002 -592 608) 
4 1026 1027 (432.0000000000002 -1120 608) (-256 -1120 608) (-256 -592 608) (432.0000000000002 -592 608) 
4 1027 1104 (-256 -1120 480) (-256 -1104 480) (-80 -1104 480) (-64.00000000000001 -1120 480) 
4 1027 1096 (-256 -1104 480) (-256 -880 480) (-96 -880 480) (-96 -1104 480) 
3 1027 1095 (-80 -1104 480) (-96 -1104 480) (-96 -1088 480) 
4 1027 1094 (-64 -960 480) (-64 -1008 480) (-80 -1008 480) (-80 -960 480) 
4 1027 1091 (-80 -880 480) (-64 -880 480) (-64 -960 480) (-80 -960 480) 
4 1027 1090 (192.0000000000001 -1088 480) (192.0000000000001 -1104 480) (16 -1104 480) (16 -1088 480) 
5 1027 1089 (-64 -880 480) (192.0000000000001 -880 480) (192.0000000000001 -1088 480) (-31.999999999999886 -1088 480) (-64 -1056 480) 
4 1027 1059 (-256 -880 480) (-256 -864 480) (-96 -864 480) (-96 -880 480) 
4 1027 1058 (-80 -864 480) (176 -864 480) (176 -880 480) (-80 -880 480) 
4 1027 1052 (-256 -864 480) (-256 -592 480) (-176 -592 480) (-176 -864 480) 
4 1027 1051 (-96 -628 480) (-96 -864 480) (-176 -864 480) (-176 -628 480) 
4 1027 1047 (-80 -592 480) (192.0000000000001 -592 480) (192.0000000000001 -864 480) (-80 -864 480) 
4 1027 1035 (-256 -1120 496) (-256 -1120 480) (192.0000000000001 -1120 480) (222.0000000000001 -1120 496) 
4 1027 1032 (-256 -1120 608) (-256 -1120 496) (222.0000000000001 -1120 496) (432.0000000000002 -1120 608) 
4 1027 1030 (432.0000000000003 -991.9999999999999 608) (432.0000000000003 -1120 608) (192.00000000000028 -1120 480) (192.00000000000028 -1103.9999999999998 480) 
4 1027 1028 (432.0000000000002 -592 608) (432.0000000000003 -976.0000000000001 608) (192.00000000000028 -880 480) (192.00000000000026 -592 480) 
4 1028 1057 (784.3333333333334 -880 480) (784 -880 480) (784 -864 480) (784.3333333333334 -864 480) 
4 1028 1047 (192.0000000000001 -592 480) (992 -592 480) (992 -864 480) (192.0000000000001 -864 480) 
4 1028 1046 (992 -592 480) (1024 -592 480) (1024 -848 480) (992 -848 480) 
3 1028 1029 (1024 -880.0000000000009 480) (1024 -976.0000000000002 608) (800 -976.0000000000002 608) 
3 1029 1030 (1024 -1103.9999999999993 480) (1024 -991.9999999999995 608) (799.9999999999999 -991.9999999999995 608) 
4 1030 1103 (208 -1120 480) (207.66666666666674 -1120 480) (207.66666666666674 -1103.9999999999998 480) (208 -1103.9999999999998 480) 
4 1030 1102 (400 -1120 480) (399.66666666666674 -1120 480) (399.66666666666674 -1103.9999999999998 480) (400 -1103.9999999999998 480) 
4 1030 1035 (192.0000000000001 -1120 480) (1024 -1120 480) (1024 -1120 496) (222.0000000000001 -1120 496) 
4 1030 1032 (1024 -1120 496) (1024 -1120 608) (432.0000000000002 -1120 608) (222.0000000000001 -1120 496) 
4 1031 1037 (-256 -1120 1136) (-256 -1120 1120) (-256 -1520 1120) (-256 -1520 1136) 
4 1031 1036 (-256 -1520.0000000000002 1136) (-256 -1520.0000000000002 1120) (1936 -1536.0000000000002 1120) (1936 -1536.0000000000002 1136) 
4 1032 1035 (1248 -1530.9781021897813 496) (-256 -1520.0000000000002 496) (-256 -1120 496) (1248 -1120 496) 
4 1032 1034 (1872 -1535.532846715329 496) (1248 -1530.9781021897813 496) (1248 -1456 496) (1872 -1456 496) 
4 1032 1033 (1936 -1536.0000000000005 496) (1872 -1535.532846715329 496) (1872 -1120 496) (1936 -1120 496) 
4 1033 1167 (1936 -1473 480) (1936 -1536 480) (1872 -1535.5328467153286 480) (1872 -1473 480) 
4 1033 1165 (1936 -1472 480) (1936 -1473 480) (1872 -1473 480) (1872 -1472 480) 
4 1033 1154 (1936 -1440 480) (1936 -1472 480) (1872 -1472 480) (1872 -1440 480) 
4 1033 1127 (1872 -1120 480) (1936 -1120 480) (1936 -1440 480) (1872 -1440 480) 
4 1033 1034 (1872 -1535.532846715329 480) (1872 -1535.532846715329 496) (1872 -1456 496) (1872 -1456 480) 
4 1034 1167 (1872 -1473 480) (1872 -1535.5328467153286 480) (1248 -1530.978102189781 480) (1248 -1473 480) 
4 1034 1166 (1280 -1473 480) (1248 -1473 480) (1248 -1472 480) (1280 -1472 480) 
4 1034 1165 (1872 -1472 480) (1872 -1473 480) (1312 -1473 480) (1312 -1472 480) 
4 1034 1161 (1280 -1472 480) (1248 -1472 480) (1248 -1456 480) (1280 -1456 480) 
4 1034 1155 (1745 -1472 480) (1744 -1472 480) (1744 -1456 480) (1745 -1456 480) 
4 1034 1154 (1872 -1456 480) (1872 -1472 480) (1801 -1472 480) (1801 -1456 480) 
4 1034 1035 (1248 -1530.978102189781 480) (1248 -1530.978102189781 496) (1248 -1456 496) (1248 -1456 480) 
4 1035 1167 (-256 -1520.0000000000005 480) (-256 -1473 480) (1248 -1473 480) (1248 -1530.978102189781 480) 
4 1035 1166 (-256 -1473 480) (-256 -1472 480) (1248 -1472 480) (1248 -1473 480) 
4 1035 1162 (-256 -1472 480) (-256 -1440 480) (1248 -1440 480) (1248 -1472 480) 
4 1035 1151 (-256 -1440 480) (-256 -1120 480) (1216 -1120 480) (1216 -1440 480) 
4 1035 1150 (1248 -1168 480) (1248 -1440 480) (1216 -1440 480) (1216 -1136 480) 
4 1036 1168 (-256 -1536.0000000000005 480) (-256 -1520.0000000000005 480) (1936 -1536 480) (1936 -1552 480) 
4 1036 1037 (-256 -1520 1136) (-256 -1520 480) (-256 -1536 480) (-256 -1536 1136) 
4 1037 1169 (-272 -1536 480) (-272 -1472 480) (-256 -1472 480) (-256 -1536.1159420289855 480) 
4 1037 1163 (-272 -1472 480) (-272 -1440 480) (-256 -1440 480) (-256 -1472 480) 
4 1037 1152 (-272 -1440 480) (-272 -1120 480) (-256 -1120 480) (-256 -1440 480) 
4 1037 1105 (-272 -1120 480) (-272 -1104 480) (-256 -1104 480) (-256 -1120 480) 
4 1037 1097 (-272 -1104 480) (-272 -880 480) (-256 -880 480) (-256 -1104 480) 
4 1037 1060 (-272 -880 480) (-272 -864 480) (-256 -864 480) (-256 -880 480) 
4 1037 1053 (-272 -864 480) (-272 -592 480) (-256 -592 480) (-256 -864 480) 
4 1038 1273 (1952 -864 240) (1936 -864 240) (1936 -848 240) (1952 -848 240) 
4 1038 1218 (1936 -848 240) (1936 -816 240) (1952 -816 240) (1952 -848 240) 
4 1038 1200 (1936 -816 240) (1936 -768 240) (1952 -768 240) (1952 -816 240) 
4 1038 1173 (1936 -768 240) (1936 -672 240) (1952 -672 240) (1952 -768 240) 
4 1038 1170 (1936 -672 240) (1936 -592 240) (1952 -592 240) (1952 -672 240) 
4 1038 1061 (1936 -864 240) (1952 -864 240) (1952 -864 440) (1936 -864 440) 
4 1038 1054 (1952 -864 440) (1952 -864 480) (1936 -864 480) (1936 -864 440) 
4 1039 1274 (1936 -864 240) (1836 -864 240) (1836 -848 240) (1936 -848 240) 
4 1039 1219 (1836 -848 240) (1836 -816 240) (1936 -816 240) (1936 -848 240) 
4 1039 1201 (1836 -816 240) (1836 -768 240) (1936 -768 240) (1936 -816 240) 
4 1039 1174 (1836 -768 240) (1836 -672 240) (1936 -672 240) (1936 -768 240) 
4 1039 1171 (1836 -672 240) (1836 -592 240) (1936 -592 240) (1936 -672 240) 
4 1039 1062 (1836 -864 240) (1936 -864 240) (1936 -864 440) (1836 -864 440) 
4 1039 1055 (1936 -864 440) (1936 -864 480) (1836 -864 480) (1836 -864 440) 
6 1039 1041 (1836 -672 240) (1836 -816 240) (1836 -816 400) (1836 -776 440) (1836 -712 440) (1836 -672 400) 
4 1039 1040 (1836 -592 240) (1836 -624 240) (1836 -624 480) (1836 -592 480) 
4 1040 1172 (1804 -624 240) (1804 -592 240) (1836 -592 240) (1836 -624 240) 
6 1042 1043 (1804 -672 240) (1804 -816 240) (1804 -816 400) (1804 -776 440) (1804 -712 440) (1804 -672 400) 
4 1043 1278 (1804 -864 240) (1056 -864 240) (1056 -848 240) (1804 -848 240) 
4 1043 1220 (1056 -848 240) (1056 -816 240) (1804 -816 240) (1804 -848 240) 
4 1043 1217 (1056 -816 240) (1056 -792 240) (1072 -792 240) (1072 -816 240) 
4 1043 1216 (1072 -784 240) (1200 -784 240) (1200 -816 240) (1072 -816 240) 
4 1043 1215 (1056 -772 240) (1056 -768 240) (1072 -768 240) (1072 -772 240) 
4 1043 1213 (1072 -768 240) (1104 -768 240) (1104 -784 240) (1072 -784 240) 
4 1043 1211 (1104 -768 240) (1120 -768 240) (1120 -784 240) (1104 -784 240) 
4 1043 1210 (1120 -768 240) (1152 -768 240) (1152 -784 240) (1120 -784 240) 
4 1043 1209 (1152 -768 240) (1168 -768 240) (1168 -784 240) (1152 -784 240) 
4 1043 1208 (1168 -768 240) (1200 -768 240) (1200 -784 240) (1168 -784 240) 
4 1043 1207 (1216 -788 240) (1216 -816 240) (1200 -816 240) (1200 -788 240) 
4 1043 1206 (1216 -768 240) (1804 -768 240) (1804 -816 240) (1216 -816 240) 
4 1043 1197 (1056 -768 240) (1056 -592 240) (1200 -592 240) (1200 -768 240) 
4 1043 1196 (1200 -592 240) (1216 -592 240) (1216 -768 240) (1200 -768 240) 
4 1043 1195 (1216 -592 240) (1232 -592 240) (1232 -768 240) (1216 -768 240) 
4 1043 1194 (1232 -592 240) (1248 -592 240) (1248 -768 240) (1232 -768 240) 
4 1043 1193 (1248 -592 240) (1264 -592 240) (1264 -768 240) (1248 -768 240) 
4 1043 1192 (1264 -592 240) (1280 -592 240) (1280 -768 240) (1264 -768 240) 
4 1043 1191 (1280 -592 240) (1296 -592 240) (1296 -768 240) (1280 -768 240) 
4 1043 1190 (1296 -592 240) (1312 -592 240) (1312 -768 240) (1296 -768 240) 
4 1043 1189 (1312 -592 240) (1328 -592 240) (1328 -768 240) (1312 -768 240) 
4 1043 1188 (1328 -592 240) (1344 -592 240) (1344 -768 240) (1328 -768 240) 
4 1043 1187 (1344 -592 240) (1360 -592 240) (1360 -768 240) (1344 -768 240) 
4 1043 1186 (1360 -592 240) (1376 -592 240) (1376 -768 240) (1360 -768 240) 
4 1043 1185 (1376 -592 240) (1392 -592 240) (1392 -768 240) (1376 -768 240) 
4 1043 1184 (1392 -592 240) (1408 -592 240) (1408 -768 240) (1392 -768 240) 
4 1043 1183 (1408 -592 240) (1424 -592 240) (1424 -768 240) (1408 -768 240) 
4 1043 1182 (1424 -592 240) (1440 -592 240) (1440 -768 240) (1424 -768 240) 
4 1043 1181 (1440 -592 240) (1456 -592 240) (1456 -768 240) (1440 -768 240) 
4 1043 1180 (1456 -592 240) (1472 -592 240) (1472 -768 240) (1456 -768 240) 
5 1043 1179 (1472 -592 240) (1772 -592 240) (1804 -624 240) (1804 -768 240) (1472 -768 240) 
4 1043 1065 (1056 -864 240) (1804 -864 240) (1804 -864 440) (1056 -864 440) 
4 1043 1056 (1804 -864 440) (1804 -864 480) (1056 -864 480) (1056 -864 440) 
4 1043 1045 (1056 -848.0000000000002 240) (1056 -864 240) (1056 -864 480) (1056 -848.0000000000002 480) 
4 1043 1044 (1056 -592 240) (1056 -593 240) (1056 -593 480) (1056 -592 480) 
4 1044 1199 (1024 -593 240) (1024 -592 240) (1056 -592 240) (1056 -593 240) 
4 1044 1046 (1024 -592 240) (1024 -593 240) (1024 -593 480) (1024 -592 480) 
3 1045 1278 (1056 -864 240) (1040.0000000000002 -864 240) (1056 -848.0000000000002 240) 
4 1045 1065 (1040.0000000000002 -864 240) (1056 -864 240) (1056 -864 440) (1040.0000000000002 -864 440) 
4 1045 1056 (1056 -864 440) (1056 -864 480) (1040.0000000000002 -864 480) (1040.0000000000002 -864 440) 
4 1046 1229 (992 -848 240) (992 -720 240) (1024 -720 240) (1024 -816.0000000000003 240) 
4 1046 1228 (992 -720 240) (992 -704 240) (1024 -704 240) (1024 -720 240) 
4 1046 1227 (992 -704 240) (992 -688 240) (1024 -688 240) (1024 -704 240) 
4 1046 1226 (992 -688 240) (992 -672 240) (1024 -672 240) (1024 -688 240) 
4 1046 1225 (992 -672 240) (992 -656 240) (1024 -656 240) (1024 -672 240) 
4 1046 1224 (992 -656 240) (992 -640 240) (1024 -640 240) (1024 -656 240) 
4 1046 1223 (992 -640 240) (992 -624 240) (1024 -624 240) (1024 -640 240) 
4 1046 1222 (992 -624 240) (992 -608 240) (1024 -608 240) (1024 -624 240) 
4 1046 1221 (992 -608 240) (992 -592 240) (1024 -592 240) (1024 -608 240) 
4 1046 1047 (992 -592 240) (992 -848 240) (992 -848 480) (992 -592 480) 
4 1047 1294 (160 -864 240) (-64 -864 240) (-64 -848 240) (160 -848 240) 
4 1047 1279 (784.3333333333334 -864 240) (784 -864 240) (784 -848 240) (784.3333333333334 -848 240) 
4 1047 1266 (224 -848 240) (-64 -848 240) (-64 -728 240) (224 -728 240) 
4 1047 1265 (240 -848 240) (224 -848 240) (224 -728 240) (240 -728 240) 
4 1047 1264 (256 -848 240) (240 -848 240) (240 -728 240) (256 -728 240) 
4 1047 1263 (272 -848 240) (256 -848 240) (256 -728 240) (272 -728 240) 
4 1047 1262 (288 -848 240) (272 -848 240) (272 -728 240) (288 -728 240) 
4 1047 1261 (304 -848 240) (288 -848 240) (288 -728 240) (304 -728 240) 
4 1047 1260 (320 -728 240) (320 -848 240) (304 -848 240) (304 -728 240) 
4 1047 1259 (192 -624 240) (192 -728 240) (-64 -728 240) (-64 -624 240) 
4 1047 1258 (-64 -592 240) (128.00000000000003 -592 240) (159.99999999999997 -624 240) (-64 -624 240) 
3 1047 1257 (192 -592 240) (192 -624 240) (159.99999999999997 -624 240) 
4 1047 1256 (208 -624 240) (208 -728 240) (192 -728 240) (192 -624 240) 
4 1047 1255 (192 -592 240) (208 -592 240) (208 -624 240) (192 -624 240) 
4 1047 1251 (320 -624 240) (320 -728 240) (208 -728 240) (208 -624 240) 
4 1047 1250 (208 -592 240) (320 -592 240) (320 -624 240) (208 -624 240) 
4 1047 1247 (560 -848 240) (320 -848 240) (320 -624 240) (560 -624 240) 
4 1047 1239 (576 -848 240) (560 -848 240) (560 -624 240) (576 -624 240) 
4 1047 1238 (896 -624 240) (896 -848 240) (576 -848 240) (576 -624 240) 
4 1047 1233 (320 -592 240) (656 -592 240) (656 -624 240) (320 -624 240) 
4 1047 1232 (656 -592 240) (704 -592 240) (704 -624 240) (656 -624 240) 
4 1047 1231 (768 -592 240) (896 -592 240) (896 -624 240) (736.0000000000001 -624 240) 
4 1047 1229 (992 -720 240) (992 -848 240) (896 -848 240) (896 -720 240) 
4 1047 1228 (992 -704 240) (992 -720 240) (896 -720 240) (896 -704 240) 
4 1047 1227 (992 -688 240) (992 -704 240) (896 -704 240) (896 -688 240) 
4 1047 1226 (992 -672 240) (992 -688 240) (896 -688 240) (896 -672 240) 
4 1047 1225 (992 -656 240) (992 -672 240) (896 -672 240) (896 -656 240) 
4 1047 1224 (992 -640 240) (992 -656 240) (896 -656 240) (896 -640 240) 
4 1047 1223 (992 -624 240) (992 -640 240) (896 -640 240) (896 -624 240) 
4 1047 1222 (992 -608 240) (992 -624 240) (896 -624 240) (896 -608 240) 
4 1047 1221 (896 -592 240) (992 -592 240) (992 -608 240) (896 -608 240) 
4 1047 1073 (-80 -864 240) (176 -864 240) (176 -864 440) (-80 -864 440) 
6 1047 1071 (212 -864 240) (350.6666666666667 -864 240) (350.6666666666667 -864 400) (311.0476190476189 -864 440) (246.66666666666663 -864 440) (212 -864 400) 
6 1047 1070 (402.66666666666663 -864 240) (541.3333333333333 -864 240) (541.3333333333333 -864 399.9999999999999) (501.71428571428567 -864 440) (437.3333333333333 -864 440) (402.66666666666663 -864 400) 
6 1047 1069 (593.3333333333334 -864 240) (732 -864 240) (732 -864 400) (692.3809523809495 -864 440) (628 -864 440) (593.3333333333334 -864 400.00000000000006) 
4 1047 1068 (784 -864 240) (784.3333333333334 -864 240) (784.3333333333334 -864 440) (784 -864 440) 
6 1047 1066 (784.3333333333334 -864 240) (923 -864 240) (923 -864 400) (883.3809523809495 -864 440) (819 -864 440) (784.3333333333334 -864 400) 
4 1047 1058 (176 -864 480) (-80 -864 480) (-80 -864 440) (176 -864 440) 
4 1047 1057 (784.3333333333334 -864 480) (784 -864 480) (784 -864 440) (784.3333333333334 -864 440) 
6 1047 1048 (-80 -624 240) (-80 -764 240) (-80 -764 400) (-80 -724.3809523809493 440) (-80 -660 440) (-80 -624 400.1843317972404) 
6 1049 1051 (-96 -628 240) (-96 -764 240) (-96 -764 400) (-96 -724.3809523809493 440) (-96 -660 440) (-96 -628 404.6082949308804) 
4 1050 1074 (-96 -864 240) (-88 -864 240) (-88 -864 440) (-96 -864 440) 
5 1050 1051 (-96 -816 240) (-96 -864 240) (-96 -864 440) (-96 -856.0000000000001 440) (-96 -816 400) 
4 1051 1298 (-96 -864 240) (-176 -864 240) (-176 -848 240) (-96 -848 240) 
4 1051 1271 (-176 -848 240) (-176 -628 240) (-96 -628 240) (-96 -848 240) 
4 1051 1074 (-176 -864 240) (-96 -864 240) (-96 -864 440) (-176 -864 440) 
4 1051 1059 (-96 -864 440) (-96 -864 480) (-176 -864 480) (-176 -864 440) 
4 1051 1052 (-176 -628 240) (-176 -864 240) (-176 -864 480) (-176 -628 480) 
4 1052 1298 (-176 -864 240) (-256 -864 240) (-256 -848 240) (-176 -848 240) 
4 1052 1271 (-256 -848 240) (-256 -592 240) (-176 -592 240) (-176 -848 240) 
4 1052 1074 (-256 -864 240) (-176 -864 240) (-176 -864 440) (-256 -864 440) 
4 1052 1059 (-176 -864 440) (-176 -864 480) (-256 -864 480) (-256 -864 440) 
4 1053 1299 (-256 -864 240) (-272 -864 240) (-272 -848 240) (-256 -848 240) 
4 1053 1272 (-272 -848 240) (-272 -592 240) (-256 -592 240) (-256 -848 240) 
4 1053 1075 (-272 -864 240) (-256 -864 240) (-256 -864 440) (-272 -864 440) 
4 1053 1060 (-256 -864 440) (-256 -864 480) (-272 -864 480) (-272 -864 440) 
4 1054 1076 (1936 -880 440) (1952 -880 440) (1952 -880 480) (1936 -880 480) 
4 1054 1061 (1952 -880 440) (1936 -880 440) (1936 -864 440) (1952 -864 440) 
4 1055 1077 (1836 -880 440) (1936 -880 440) (1936 -880 480) (1836 -880 480) 
4 1055 1062 (1936 -880 440) (1836 -880 440) (1836 -864 440) (1936 -864 440) 
4 1056 1086 (1024.0000000000002 -880 440) (1464 -880 440) (1464 -880 480) (1024.0000000000002 -880 480) 
4 1056 1083 (1464 -880 440) (1624 -880 440) (1624 -880 480) (1464 -880 480) 
4 1056 1082 (1624 -880 440) (1804 -880 440) (1804 -880 480) (1624 -880 480) 
4 1056 1065 (1804 -880 440) (1024.0000000000002 -880 440) (1040 -864 440) (1804 -864 440) 
4 1057 1086 (784 -880 440) (784.3333333333334 -880 440) (784.3333333333334 -880 480) (784 -880 480) 
4 1057 1068 (784.3333333333334 -880 440) (784 -880 440) (784 -864 440) (784.3333333333334 -864 440) 
4 1058 1091 (-80 -880 440) (-64 -880 440) (-64 -880 480) (-80 -880 480) 
4 1058 1089 (-64 -880 440) (176 -880 440) (176 -880 480) (-64 -880 480) 
4 1058 1073 (176 -880 440) (-80 -880 440) (-80 -864 440) (176 -864 440) 
4 1059 1096 (-256 -880 440) (-96 -880 440) (-96 -880 480) (-256 -880 480) 
4 1059 1074 (-96 -880 440) (-256 -880 440) (-256 -864 440) (-96 -864 440) 
4 1060 1097 (-272 -880 440) (-256 -880 440) (-256 -880 480) (-272 -880 480) 
4 1060 1075 (-256 -880 440) (-272 -880 440) (-272 -864 440) (-256 -864 440) 
4 1061 1275 (1952 -880 240) (1936 -880 240) (1936 -864 240) (1952 -864 240) 
4 1061 1078 (1936 -880 240) (1952 -880 240) (1952 -880 440) (1936 -880 440) 
4 1062 1276 (1936 -880 240) (1836 -880 240) (1836 -864 240) (1936 -864 240) 
4 1062 1079 (1836 -880 240) (1936 -880 240) (1936 -880 440) (1836 -880 440) 
4 1062 1063 (1836 -880 240) (1836 -880 377.7777777777778) (1836 -864 360) (1836 -864 240) 
4 1063 1276 (1836 -880 240) (1828 -880 240) (1828 -864 240) (1836 -864 240) 
4 1063 1080 (1828 -880 240) (1836 -880 240) (1836 -880 377.7777777777778) (1828 -880 377.7777777777778) 
4 1064 1277 (1812 -880 240) (1804 -880 240) (1804 -864 240) (1812 -864 240) 
4 1064 1081 (1804 -880 240) (1812 -880 240) (1812 -880 377.7777777777778) (1804 -880 377.7777777777778) 
4 1064 1065 (1804 -880 240) (1804 -880 377.7777777777778) (1804 -864 360) (1804 -864 240) 
4 1065 1278 (1804 -880 240) (1024.0000000000002 -880 240) (1040 -864 240) (1804 -864 240) 
4 1065 1086 (1024.0000000000002 -880 240) (1464 -880 240) (1464 -880 440) (1024.0000000000002 -880 440) 
4 1065 1083 (1464 -880 240) (1624 -880 240) (1624 -880 440) (1464 -880 440) 
4 1065 1082 (1624 -880 240) (1804 -880 240) (1804 -880 440) (1624 -880 440) 
4 1066 1068 (784.3333333333334 -864 400) (784.3333333333334 -864 240) (784.3333333333334 -868 240) (784.3333333333334 -868 400) 
6 1067 1086 (784.3333333333334 -880 240) (923 -880 240) (923 -880 400) (883.3809523809495 -880 440) (819 -880 440) (784.3333333333334 -880 400) 
4 1067 1068 (784.3333333333334 -880 240) (784.3333333333334 -880 400) (784.3333333333334 -876 400) (784.3333333333334 -876 240) 
4 1068 1279 (784.3333333333334 -880 240) (784 -880 240) (784 -864 240) (784.3333333333334 -864 240) 
4 1068 1086 (784 -880 240) (784.3333333333334 -880 240) (784.3333333333334 -880 440) (784 -880 440) 
4 1072 1087 (212 -880 240) (224 -880 240) (224 -880 413.84615384615387) (212 -880 400) 
4 1073 1294 (160 -880 240) (-64 -880 240) (-64 -864 240) (160 -864 240) 
4 1073 1092 (-80 -880 240) (-64 -880 240) (-64 -880 440) (-80 -880 440) 
4 1073 1089 (-64 -880 240) (176 -880 240) (176 -880 440) (-64 -880 440) 
4 1074 1298 (-96 -880 240) (-256 -880 240) (-256 -864 240) (-96 -864 240) 
4 1074 1096 (-256 -880 240) (-96 -880 240) (-96 -880 440) (-256 -880 440) 
4 1074 1093 (-96 -880 240) (-88 -880 240) (-88 -880 440) (-96 -880 440) 
4 1075 1299 (-256 -880 240) (-272 -880 240) (-272 -864 240) (-256 -864 240) 
4 1075 1097 (-272 -880 240) (-256 -880 240) (-256 -880 440) (-272 -880 440) 
4 1076 1098 (1952 -1104 480) (1936 -1104 480) (1936 -1104 440) (1952 -1104 440) 
4 1076 1078 (1952 -1104 440) (1936 -1104 440) (1936 -880 440) (1952 -880 440) 
4 1077 1099 (1936 -1104 480) (1836 -1104 480) (1836 -1104 440) (1936 -1104 440) 
4 1077 1079 (1936 -1104 440) (1836 -1104 440) (1836 -880 440) (1936 -880 440) 
4 1078 1300 (1952 -1104 240) (1936 -1104 240) (1936 -880 240) (1952 -880 240) 
4 1078 1106 (1936 -1104 240) (1952 -1104 240) (1952 -1104 440) (1936 -1104 440) 
4 1079 1301 (1936 -1104 240) (1836 -1104 240) (1836 -880 240) (1936 -880 240) 
4 1079 1107 (1836 -1104 240) (1936 -1104 240) (1936 -1104 440) (1836 -1104 440) 
5 1079 1080 (1836 -1104 240) (1836 -1104 440) (1836 -936 440) (1836 -880 377.7777777777778) (1836 -880 240) 
4 1080 1301 (1836 -1104 240) (1828 -1104 240) (1828 -880 240) (1836 -880 240) 
4 1080 1107 (1828 -1104 240) (1836 -1104 240) (1836 -1104 440) (1828 -1104 440) 
4 1081 1302 (1812 -1104 240) (1804 -1104 240) (1804 -880 240) (1812 -880 240) 
4 1081 1108 (1804 -1104 240) (1812 -1104 240) (1812 -1104 440) (1804 -1104 440) 
5 1081 1082 (1804 -880 377.7777777777778) (1804 -880 240) (1804 -1104 240) (1804 -1104 440) (1804 -936 440) 
4 1082 1302 (1804 -1104 240) (1624 -1104 240) (1624 -880 240) (1804 -880 240) 
4 1082 1108 (1624 -1104 240) (1804 -1104 240) (1804 -1104 440) (1624 -1104 440) 
4 1082 1100 (1804 -1104 440) (1804 -1104 480) (1624 -1104 480) (1624 -1104 440) 
4 1082 1084 (1624 -1008 240) (1624 -1048 240) (1624 -1048 480) (1624 -1008 480) 
4 1082 1083 (1624 -880 480) (1624 -880 240) (1624 -1008 240) (1624 -1008 480) 
4 1083 1307 (1464 -1008 240) (1464 -880 240) (1536 -880 240) (1536 -1008 240) 
4 1083 1306 (1552 -896 240) (1552 -1008 240) (1536 -1008 240) (1536 -896 240) 
4 1083 1305 (1536 -880 240) (1552 -880 240) (1552 -896 240) (1536 -896 240) 
4 1083 1303 (1552 -880 240) (1624 -880 240) (1624 -1008 240) (1552 -1008 240) 
4 1083 1086 (1464 -880 480) (1464 -880 240) (1464 -1008 240) (1464 -1008 480) 
4 1083 1085 (1464 -1008 480) (1464 -1008 240) (1503.9999999999998 -1008 240) (1503.9999999999998 -1008 480) 
4 1083 1084 (1584 -1008 240) (1624 -1008 240) (1624 -1008 480) (1584 -1008 480) 
3 1084 1304 (1584 -1008 240) (1624 -1008 240) (1624 -1048 240) 
3 1085 1308 (1464 -1047.9999999999998 240) (1464 -1008 240) (1503.9999999999998 -1008 240) 
4 1085 1086 (1464 -1008 240) (1464 -1047.9999999999998 240) (1464 -1047.9999999999998 480) (1464 -1008 480) 
4 1086 1309 (1464 -1104 240) (784 -1104 240) (784 -880 240) (1464 -880 240) 
6 1086 1114 (833.3333333333335 -1104 240) (972 -1104 240) (972 -1104 400) (937.3333333333335 -1104 440) (872.9523809523839 -1104 440) (833.3333333333335 -1104 400) 
4 1086 1113 (1024 -1104 240) (1025.3333333333335 -1104 240) (1025.3333333333335 -1104 401.33333333333354) (1024 -1104 400) 
6 1086 1110 (1025.3333333333335 -1104 240) (1164 -1104 240) (1164 -1104 400) (1129.3333333333335 -1104 440) (1064 -1104 440) (1025.3333333333335 -1104 401.33333333333354) 
4 1086 1109 (1248 -1104 240) (1464 -1104 240) (1464 -1104 440) (1248 -1104 440) 
4 1086 1101 (1464 -1104 440) (1464 -1104 480) (1248 -1104 480) (1248 -1104 440) 
4 1087 1089 (208 -880 480) (208 -880 240) (208 -880.3333333333381 240) (208 -880.3333333333381 480) 
6 1088 1089 (208 -916.3333333333333 240) (208 -1055 240) (208 -1055 399.9999999999999) (208 -1020.3333333333334 440) (208 -955.9523809523837 440) (208 -916.3333333333333 400) 
5 1089 1326 (-64 -1056 240) (-64 -880 240) (204 -880 240) (204 -1088 240) (-31.999999999999915 -1088 240) 
4 1089 1094 (-64 -960 240) (-64 -1008 240) (-64 -1008 480) (-64 -960 480) 
4 1089 1092 (-64 -880 440) (-64 -880 240) (-64 -960 240) (-64 -960 440) 
4 1089 1091 (-64 -880 480) (-64 -880 440) (-64 -960 440) (-64 -960 480) 
4 1089 1090 (16 -1088 240) (208 -1088 240) (208 -1088 480) (16 -1088 480) 
4 1090 1328 (204 -1104 240) (16 -1104 240) (16 -1088 240) (204 -1088 240) 
6 1090 1122 (69 -1104 240) (207.66666666666674 -1104 240) (207.66666666666674 -1104 400.0000000000001) (173.00000000000009 -1104 440) (108.61904761905065 -1104 440) (69 -1104 400) 
4 1090 1121 (207.66666666666674 -1104 240) (208 -1104 240) (208 -1104 440) (207.66666666666674 -1104 440) 
4 1090 1103 (208 -1104 440) (208 -1104 480) (207.66666666666674 -1104 480) (207.66666666666674 -1104 440) 
4 1091 1094 (-80 -960 440) (-64 -960 440) (-64 -960 480) (-80 -960 480) 
4 1091 1092 (-64 -960 440) (-80 -960 440) (-80 -880 440) (-64 -880 440) 
4 1092 1094 (-80 -960 240) (-64 -960 240) (-64 -960 440) (-80 -960 440) 
5 1093 1096 (-96 -880 440) (-96 -880 240) (-96 -960 240) (-96 -960 400) (-96 -920 440) 
3 1095 1334 (-80 -1104 240) (-96 -1104 240) (-96 -1088 240) 
4 1095 1124 (-96 -1104 240) (-80 -1104 240) (-80 -1104 440) (-96 -1104 440) 
4 1095 1104 (-80 -1104 440) (-80 -1104 480) (-96 -1104 480) (-96 -1104 440) 
4 1095 1096 (-96 -1088 240) (-96 -1104 240) (-96 -1104 480) (-96 -1088 480) 
4 1096 1335 (-96 -1104 240) (-256 -1104 240) (-256 -880 240) (-96 -880 240) 
4 1096 1124 (-256 -1104 240) (-96 -1104 240) (-96 -1104 440) (-256 -1104 440) 
4 1096 1104 (-96 -1104 440) (-96 -1104 480) (-256 -1104 480) (-256 -1104 440) 
4 1097 1336 (-256 -1104 240) (-272 -1104 240) (-272 -880 240) (-256 -880 240) 
4 1097 1125 (-272 -1104 240) (-256 -1104 240) (-256 -1104 440) (-272 -1104 440) 
4 1097 1105 (-256 -1104 440) (-256 -1104 480) (-272 -1104 480) (-272 -1104 440) 
4 1098 1126 (1936 -1120 440) (1952 -1120 440) (1952 -1120 480) (1936 -1120 480) 
4 1098 1106 (1952 -1120 440) (1936 -1120 440) (1936 -1104 440) (1952 -1104 440) 
4 1099 1127 (1836 -1120 440) (1936 -1120 440) (1936 -1120 480) (1836 -1120 480) 
4 1099 1107 (1936 -1120 440) (1836 -1120 440) (1836 -1104 440) (1936 -1104 440) 
4 1100 1133 (1624 -1120 440) (1804 -1120 440) (1804 -1120 480) (1624 -1120 480) 
4 1100 1108 (1804 -1120 440) (1624 -1120 440) (1624 -1104 440) (1804 -1104 440) 
4 1101 1147 (1264 -1120 440) (1280 -1120 440) (1280 -1120 480) (1264 -1120 480) 
4 1101 1136 (1280 -1120 440) (1464 -1120 440) (1464 -1120 480) (1280 -1120 480) 
4 1101 1109 (1464 -1120 440) (1264 -1120 440) (1248 -1104 440) (1464 -1104 440) 
4 1102 1151 (399.66666666666674 -1120 440) (400 -1120 440) (400 -1120 480) (399.66666666666674 -1120 480) 
4 1102 1118 (400 -1120 440) (399.66666666666674 -1120 440) (399.66666666666674 -1104 440) (400 -1104 440) 
4 1103 1151 (207.66666666666674 -1120 440) (208 -1120 440) (208 -1120 480) (207.66666666666674 -1120 480) 
4 1103 1121 (208 -1120 440) (207.66666666666674 -1120 440) (207.66666666666674 -1104 440) (208 -1104 440) 
4 1104 1151 (-256 -1120 440) (-64.00000000000003 -1120 440) (-64.00000000000001 -1120 480) (-256 -1120 480) 
4 1104 1124 (-64.00000000000001 -1120 440) (-256 -1120 440) (-256 -1104 440) (-80 -1104 440) 
4 1105 1152 (-272 -1120 440) (-256 -1120 440) (-256 -1120 480) (-272 -1120 480) 
4 1105 1125 (-256 -1120 440) (-272 -1120 440) (-272 -1104 440) (-256 -1104 440) 
4 1106 1337 (1952 -1120 240) (1936 -1120 240) (1936 -1104 240) (1952 -1104 240) 
4 1106 1126 (1936 -1120 240) (1952 -1120 240) (1952 -1120 440) (1936 -1120 440) 
4 1107 1338 (1936 -1120 240) (1828 -1120 240) (1828 -1104 240) (1936 -1104 240) 
4 1107 1128 (1828 -1120 240) (1836 -1120 240) (1836 -1120 440) (1828 -1120 440) 
4 1107 1127 (1836 -1120 240) (1936 -1120 240) (1936 -1120 440) (1836 -1120 440) 
4 1108 1339 (1812 -1120 240) (1624 -1120 240) (1624 -1104 240) (1812 -1104 240) 
4 1108 1133 (1624 -1120 240) (1804 -1120 240) (1804 -1120 440) (1624 -1120 440) 
4 1108 1129 (1804 -1120 240) (1812 -1120 240) (1812 -1120 440) (1804 -1120 440) 
4 1109 1342 (1464 -1120 240) (1264 -1120 240) (1248 -1104 240) (1464 -1104 240) 
4 1109 1147 (1264 -1120 240) (1280 -1120 240) (1280 -1120 440) (1264 -1120 440) 
4 1109 1136 (1280 -1120 240) (1464 -1120 240) (1464 -1120 440) (1280 -1120 440) 
4 1110 1113 (1025.3333333333335 -1104 401.33333333333354) (1025.3333333333335 -1104 240) (1025.3333333333335 -1108 240) (1025.3333333333335 -1108 401.33333333333354) 
4 1110 1111 (1025.3333333333335 -1108 401.33333333333354) (1025.3333333333335 -1108 399.99999999999994) (1064.952380952384 -1108 440) (1064 -1108 440) 
4 1111 1113 (1025.3333333333335 -1108 401.33333333333354) (1025.3333333333335 -1108 400) (1025.3333333333335 -1116 400) (1025.3333333333335 -1116 401.33333333333354) 
4 1111 1112 (1025.3333333333335 -1116 401.33333333333354) (1025.3333333333335 -1116 400) (1064.952380952384 -1116 440) (1064 -1116 440) 
6 1112 1151 (1025.3333333333335 -1120 240) (1164 -1120 240) (1164 -1120 400) (1129.3333333333335 -1120 440) (1064 -1120 440) (1025.3333333333335 -1120 401.33333333333354) 
4 1112 1113 (1025.3333333333335 -1120 240) (1025.3333333333335 -1120 401.33333333333354) (1025.3333333333335 -1116 401.33333333333354) (1025.3333333333335 -1116 240) 
4 1113 1343 (1025.3333333333335 -1120 240) (1024 -1120 240) (1024 -1104 240) (1025.3333333333335 -1104 240) 
4 1113 1151 (1024 -1120 240) (1025.3333333333335 -1120 240) (1025.3333333333335 -1120 401.33333333333354) (1024 -1120 400) 
6 1115 1151 (833.3333333333335 -1120 240) (972 -1120 240) (972 -1120 400) (937.3333333333335 -1120 440) (872.9523809523839 -1120 440) (833.3333333333335 -1120 400) 
6 1116 1151 (642.6666666666669 -1120 240) (781.3333333333335 -1120 240) (781.3333333333335 -1120 400.0000000000001) (746.6666666666667 -1120 440) (682.2857142857172 -1120 440) (642.6666666666669 -1120 400) 
6 1117 1151 (452 -1120 240) (590.6666666666667 -1120 240) (590.6666666666667 -1120 400.0000000000001) (556.0000000000001 -1120 440) (491.6190476190506 -1120 440) (452 -1120 400) 
4 1118 1352 (400 -1120 240) (399.66666666666674 -1120 240) (399.66666666666674 -1104 240) (400 -1104 240) 
4 1118 1151 (399.66666666666674 -1120 240) (400 -1120 240) (400 -1120 440) (399.66666666666674 -1120 440) 
4 1118 1120 (399.66666666666674 -1120 240) (399.66666666666674 -1120 400.0000000000001) (399.66666666666674 -1116 400.00000000000006) (399.66666666666674 -1116 240) 
4 1118 1119 (399.66666666666674 -1104 400.00000000000006) (399.66666666666674 -1104 240) (399.66666666666674 -1108 240) (399.66666666666674 -1108 400.0000000000001) 
6 1120 1151 (261 -1120 240) (399.66666666666674 -1120 240) (399.66666666666674 -1120 400.0000000000001) (365.00000000000006 -1120 440) (300.6190476190506 -1120 440) (261 -1120 400) 
4 1121 1354 (208 -1120 240) (207.66666666666674 -1120 240) (207.66666666666674 -1104 240) (208 -1104 240) 
4 1121 1151 (207.66666666666674 -1120 240) (208 -1120 240) (208 -1120 440) (207.66666666666674 -1120 440) 
4 1121 1123 (207.66666666666674 -1120 240) (207.66666666666674 -1120 400.0000000000001) (207.66666666666674 -1116 400.0000000000001) (207.66666666666674 -1116 240) 
4 1121 1122 (207.66666666666674 -1104 400.0000000000001) (207.66666666666674 -1104 240) (207.66666666666674 -1108 240) (207.66666666666674 -1108 400.0000000000001) 
6 1123 1151 (69 -1120 240) (207.66666666666674 -1120 240) (207.66666666666674 -1120 400.0000000000001) (173.00000000000009 -1120 440) (108.61904761905065 -1120 440) (69 -1120 400) 
4 1124 1372 (-64.00000000000001 -1120 240) (-256 -1120 240) (-256 -1104 240) (-80 -1104 240) 
4 1124 1151 (-256 -1120 240) (-64.00000000000003 -1120 240) (-64.00000000000001 -1120 440) (-256 -1120 440) 
4 1125 1374 (-256 -1120 240) (-272 -1120 240) (-272 -1104 240) (-256 -1104 240) 
4 1125 1152 (-272 -1120 240) (-256 -1120 240) (-256 -1120 440) (-272 -1120 440) 
4 1126 1375 (1952 -1440 240) (1936 -1440 240) (1936 -1136 240) (1952 -1136 240) 
4 1126 1337 (1936 -1136 240) (1936 -1120 240) (1952 -1120 240) (1952 -1136 240) 
4 1126 1153 (1936 -1440 240) (1952 -1440 240) (1952 -1440 480) (1936 -1440 480) 
4 1127 1376 (1936 -1440 240) (1836 -1440 240) (1836 -1136 240) (1936 -1136 240) 
4 1127 1338 (1836 -1136 240) (1836 -1120 240) (1936 -1120 240) (1936 -1136 240) 
4 1127 1154 (1836 -1440 240) (1936 -1440 240) (1936 -1440 480) (1836 -1440 480) 
4 1127 1132 (1836 -1392 240) (1836 -1440 240) (1836 -1440 480) (1836 -1392 480) 
6 1127 1130 (1836 -1248 240) (1836 -1392 240) (1836 -1392 400) (1836 -1352 440) (1836 -1288 440) (1836 -1248 400) 
5 1127 1128 (1836 -1120 440) (1836 -1120 240) (1836 -1200 240) (1836 -1200 360.00000000000006) (1836 -1128.0000000000002 440) 
4 1128 1377 (1836 -1136 240) (1836 -1200 240) (1828 -1200 240) (1828 -1136 240) 
4 1128 1338 (1828 -1120 240) (1836 -1120 240) (1836 -1136 240) (1828 -1136 240) 
4 1129 1378 (1804 -1200 240) (1804 -1136 240) (1812 -1136 240) (1812 -1200 240) 
4 1129 1339 (1804 -1136 240) (1804 -1120 240) (1812 -1120 240) (1812 -1136 240) 
4 1129 1137 (1804 -1168 240) (1804 -1200 240) (1804 -1200 360.00000000000006) (1804 -1168 395.5555555555557) 
5 1129 1133 (1804 -1120 440) (1804 -1120 240) (1804 -1168 240) (1804 -1168 395.5555555555557) (1804 -1128.0000000000002 440) 
4 1130 1132 (1833 -1392 240) (1836 -1392 240) (1836 -1392 400) (1833 -1392 400) 
6 1131 1137 (1804 -1248 240) (1804 -1392 240) (1804 -1392 400) (1804 -1352 440) (1804 -1288 440) (1804 -1248 400) 
4 1132 1381 (1836 -1440 240) (1833 -1440 240) (1833 -1392 240) (1836 -1392 240) 
4 1132 1154 (1833 -1440 240) (1836 -1440 240) (1836 -1440 480) (1833 -1440 480) 
4 1133 1382 (1804 -1136 240) (1804 -1168 240) (1624 -1168 240) (1624 -1136 240) 
4 1133 1339 (1624 -1120 240) (1804 -1120 240) (1804 -1136 240) (1624 -1136 240) 
4 1133 1137 (1624 -1168 240) (1804 -1168 240) (1804 -1168 480) (1624 -1168 480) 
4 1133 1134 (1624 -1128 240) (1624 -1168 240) (1624 -1168 480) (1624 -1128 480) 
4 1134 1382 (1624 -1136 240) (1624 -1168 240) (1583.9999999999998 -1168 240) (1616 -1136 240) 
3 1134 1340 (1624 -1128 240) (1624 -1136 240) (1616 -1136 240) 
4 1134 1137 (1583.9999999999998 -1168 240) (1624 -1168 240) (1624 -1168 480) (1583.9999999999998 -1168 480) 
4 1135 1383 (1504 -1168 240) (1464 -1168 240) (1464 -1136 240) (1472 -1136 240) 
3 1135 1341 (1464 -1136 240) (1464 -1128 240) (1472 -1136 240) 
4 1135 1146 (1464 -1168 240) (1504 -1168 240) (1504 -1168 272) (1464 -1168 272) 
4 1135 1143 (1504 -1168 272) (1504 -1168 480) (1464 -1168 480) (1464 -1168 272) 
4 1135 1136 (1464 -1128 240) (1464 -1168 240) (1464 -1168 480) (1464 -1128 480) 
4 1136 1383 (1280 -1168 240) (1280 -1136 240) (1464 -1136 240) (1464 -1168 240) 
4 1136 1342 (1280 -1136 240) (1280 -1120 240) (1464 -1120 240) (1464 -1136 240) 
4 1136 1147 (1280 -1120 480) (1280 -1120 240) (1280 -1136 240) (1280 -1136 480) 
4 1136 1146 (1280 -1168 272) (1280 -1168 240) (1464 -1168 240) (1464 -1168 272) 
4 1136 1143 (1280 -1168 480) (1280 -1168 272) (1464 -1168 272) (1464 -1168 480) 
4 1137 1384 (1552 -1392 240) (1552 -1168 240) (1804 -1168 240) (1804 -1392 240) 
4 1137 1144 (1552 -1168 272) (1552 -1168 240) (1552 -1392 240) (1552 -1392 272) 
4 1137 1141 (1552 -1168 288) (1552 -1168 272) (1552 -1392 272) (1552 -1392 288) 
3 1137 1140 (1552 -1168 288) (1552 -1392 288) (1552 -1392 467.2) 
3 1137 1139 (1552 -1168 480) (1552 -1168 320) (1552 -1360.0000000000002 480) 
4 1137 1138 (1552 -1392 480) (1552 -1392 240) (1800.9999999999993 -1392 240) (1800.9999999999993 -1392 480) 
4 1138 1385 (1744.9999999999998 -1440 240) (1552 -1440 240) (1552 -1392 240) (1800.9999999999993 -1392 240) 
6 1138 1156 (1552 -1440 240) (1696 -1440 240) (1696 -1440 400) (1656 -1440 440) (1592 -1440 440) (1552 -1440 400) 
4 1138 1155 (1744 -1440 240) (1744.9999999999998 -1440 240) (1744.9999999999998 -1440 480) (1744 -1440 480) 
4 1138 1144 (1552 -1392 240) (1552 -1440 240) (1552 -1440 272) (1552 -1392 272) 
4 1138 1141 (1552 -1440 272) (1552 -1440 288) (1552 -1392 288) (1552 -1392 272) 
5 1138 1140 (1552 -1440 288) (1552 -1440 480) (1552 -1408 480) (1552 -1392 467.2) (1552 -1392 288) 
3 1139 1143 (1504 -1168 480) (1504 -1168 320) (1504 -1360 480) 
4 1140 1143 (1504 -1168 288) (1504 -1440 288) (1504 -1440 480) (1504 -1408.0000000000002 480) 
4 1140 1142 (1504 -1440 288) (1504 -1168 288) (1516 -1168 288) (1516 -1440 288) 
4 1140 1141 (1540 -1168 288) (1552 -1168 288) (1552 -1440 288) (1540 -1440 288) 
4 1141 1144 (1544 -1168 272) (1552 -1168 272) (1552 -1440 272) (1544 -1440 272) 
4 1142 1146 (1504 -1168 272) (1512 -1168 272) (1512 -1440 272) (1504 -1440 272) 
4 1142 1143 (1504 -1168 288) (1504 -1168 272) (1504 -1440 272) (1504 -1440 288) 
4 1143 1160 (1312 -1440 480) (1311 -1440 480) (1311 -1440 272) (1312 -1440 272) 
6 1143 1158 (1360 -1440 400) (1360 -1440 272) (1504 -1440 272) (1504 -1440 400) (1464 -1440 440) (1400 -1440 440) 
6 1143 1148 (1280 -1218.6666666666579 399.99999999998965) (1280 -1218.6666666666579 272) (1280 -1357.3333333333335 272) (1280 -1357.3333333333335 399.9999999999999) (1280 -1317.714285714283 440) (1280 -1253.3333333333335 440) 
5 1143 1146 (1280 -1409 272) (1280 -1168 272) (1504 -1168 272) (1504 -1440 272) (1311 -1440 272) 
4 1144 1385 (1552 -1440 240) (1544 -1440 240) (1544 -1392 240) (1552 -1392 240) 
4 1144 1384 (1544 -1392 240) (1544 -1168 240) (1552 -1168 240) (1552 -1392 240) 
4 1144 1145 (1544 -1440 240) (1544 -1440 256) (1544 -1168 256) (1544 -1168 240) 
4 1145 1385 (1544 -1440 240) (1512 -1440 240) (1512 -1392 240) (1544 -1392 240) 
4 1145 1384 (1512 -1392 240) (1512 -1168 240) (1544 -1168 240) (1544 -1392 240) 
4 1145 1146 (1512 -1440 240) (1512 -1440 256) (1512 -1168 256) (1512 -1168 240) 
5 1146 1385 (1512 -1440 240) (1311 -1440 240) (1280 -1409 240) (1280 -1392 240) (1512 -1392 240) 
4 1146 1384 (1280 -1392 240) (1280 -1168 240) (1512 -1168 240) (1512 -1392 240) 
4 1146 1160 (1311 -1440 240) (1312 -1440 240) (1312 -1440 272) (1311 -1440 272) 
4 1146 1158 (1360 -1440 240) (1504 -1440 240) (1504 -1440 272) (1360 -1440 272) 
4 1146 1148 (1280 -1218.6666666666579 240) (1280 -1357.3333333333335 240) (1280 -1357.3333333333335 272) (1280 -1218.6666666666579 272) 
3 1147 1342 (1264 -1120 240) (1280 -1120 240) (1280 -1136 240) 
6 1149 1150 (1248 -1218.6666666666579 240) (1248 -1357.3333333333335 240) (1248 -1357.3333333333335 399.99999999999994) (1248 -1317.714285714283 440) (1248 -1253.3333333333335 440) (1248 -1218.6666666666579 399.9999999999898) 
4 1150 1388 (1248 -1440 240) (1216 -1440 240) (1216 -1136 240) (1248 -1168 240) 
4 1150 1162 (1216 -1440 240) (1248 -1440 240) (1248 -1440 480) (1216 -1440 480) 
4 1150 1151 (1216 -1136 240) (1216 -1440 240) (1216 -1440 480) (1216 -1136 480) 
4 1151 1392 (16 -1440 240) (-256 -1440 240) (-256 -1136 240) (16 -1136 240) 
4 1151 1391 (69 -1440 240) (16 -1440 240) (16 -1136 240) (69 -1137.0000000000002 240) 
4 1151 1390 (208 -1440 240) (69 -1440 240) (69 -1136 240) (208 -1136 240) 
4 1151 1389 (261 -1440 240) (208 -1440 240) (208 -1136 240) (261 -1137.0000000000002 240) 
4 1151 1388 (1216 -1440 240) (261 -1440 240) (261 -1136 240) (1216 -1136 240) 
4 1151 1373 (-256 -1136 240) (-256 -1120 240) (16 -1120 240) (16 -1136 240) 
4 1151 1354 (207.66666666666674 -1120 240) (208 -1120 240) (208 -1136 240) (207.66666666666674 -1136 240) 
4 1151 1352 (399.66666666666674 -1120 240) (400 -1120 240) (400 -1136 240) (399.66666666666674 -1136 240) 
4 1151 1343 (1024 -1120 240) (1025.3333333333335 -1120 240) (1025.3333333333335 -1136 240) (1024 -1136 240) 
4 1151 1162 (-256 -1440 240) (1216 -1440 240) (1216 -1440 480) (-256 -1440 480) 
4 1152 1393 (-256 -1440 240) (-272 -1440 240) (-272 -1136 240) (-256 -1136 240) 
4 1152 1374 (-272 -1136 240) (-272 -1120 240) (-256 -1120 240) (-256 -1136 240) 
4 1152 1163 (-272 -1440 240) (-256 -1440 240) (-256 -1440 480) (-272 -1440 480) 
4 1153 1394 (1952 -1472 240) (1936 -1472 240) (1936 -1440 240) (1952 -1440 240) 
4 1153 1164 (1936 -1472 240) (1952 -1472 240) (1952 -1472 480) (1936 -1472 480) 
4 1154 1395 (1936 -1472 240) (1801 -1472 240) (1801 -1440 240) (1936 -1440 240) 
4 1154 1165 (1801 -1472 240) (1936 -1472 240) (1936 -1472 480) (1801 -1472 480) 
4 1155 1396 (1745 -1472 240) (1744 -1472 240) (1744 -1440 240) (1745 -1440 240) 
4 1155 1165 (1744 -1472 240) (1745 -1472 240) (1745 -1472 480) (1744 -1472 480) 
6 1157 1165 (1552 -1472 240) (1696 -1472 240) (1696 -1472 400) (1656 -1472 440) (1592 -1472 440) (1552 -1472 400) 
6 1159 1165 (1360 -1472 240) (1504 -1472 240) (1504 -1472 400) (1464 -1472 440) (1400 -1472 440) (1360 -1472 400) 
3 1160 1410 (1311 -1440 240) (1312 -1440 240) (1312 -1441 240) 
3 1161 1414 (1279.0000000000002 -1472 240) (1248 -1472 240) (1248 -1441 240) 
4 1161 1166 (1248 -1472 240) (1280 -1472 240) (1280 -1472 480) (1248 -1472 480) 
4 1161 1162 (1248 -1441 240) (1248 -1472 240) (1248 -1472 480) (1248 -1441 480) 
4 1162 1414 (1248 -1472 240) (-256 -1472 240) (-256 -1441 240) (1248 -1441 240) 
4 1162 1413 (-256 -1441 240) (-256 -1440 240) (1248 -1440 240) (1248 -1441 240) 
4 1162 1166 (-256 -1472 240) (1248 -1472 240) (1248 -1472 480) (-256 -1472 480) 
4 1163 1416 (-256 -1472 240) (-272 -1472 240) (-272 -1440 240) (-256 -1440 240) 
4 1163 1169 (-272 -1472 240) (-256 -1472 240) (-256 -1472 480) (-272 -1472 480) 
4 1164 1399 (1936 -1535.9999999999995 240) (1936 -1472 240) (1952 -1472 240) (1952 -1536.1159420289855 240) 
4 1165 1408 (1312 -1472 240) (1360 -1472 240) (1360 -1473 240) (1312 -1473 240) 
4 1165 1402 (1360 -1472 240) (1504 -1472 240) (1504 -1473 240) (1360 -1473 240) 
4 1165 1400 (1504 -1472 240) (1936 -1472 240) (1936 -1473 240) (1504 -1473 240) 
4 1165 1167 (1312 -1473 240) (1936 -1473 240) (1936 -1473 480) (1312 -1473 480) 
4 1166 1414 (-256 -1473 240) (-256 -1472 240) (1279.0000000000002 -1472 240) (1280 -1473 240) 
4 1166 1167 (-256 -1473 480) (-256 -1473 240) (1280 -1473 240) (1280 -1473 480) 
4 1167 1414 (-256 -1520 240) (-256 -1473 240) (1280 -1473 240) (1280 -1531.2116788321168 240) 
4 1167 1411 (1280 -1473 240) (1312 -1473 240) (1312 -1531.4452554744526 240) (1280 -1531.2116788321168 240) 
4 1167 1408 (1312 -1473 240) (1360 -1473 240) (1360 -1531.7956204379561 240) (1312 -1531.4452554744526 240) 
4 1167 1402 (1360 -1473 240) (1504 -1473 240) (1504 -1532.846715328467 240) (1360 -1531.7956204379561 240) 
4 1167 1400 (1504 -1473 240) (1936 -1473 240) (1936 -1536 240) (1504 -1532.846715328467 240) 
4 1168 1415 (-256 -1536 240) (-256 -1520 240) (1280 -1531.2116788321168 240) (1280 -1547.2116788321168 240) 
4 1168 1412 (1280 -1531.2116788321168 240) (1312 -1531.4452554744526 240) (1312 -1547.4452554744526 240) (1280 -1547.2116788321168 240) 
4 1168 1409 (1312 -1531.4452554744526 240) (1360 -1531.7956204379561 240) (1360 -1547.7956204379561 240) (1312 -1547.4452554744526 240) 
4 1168 1403 (1360 -1531.7956204379561 240) (1504 -1532.846715328467 240) (1504 -1548.846715328467 240) (1360 -1547.7956204379561 240) 
4 1168 1401 (1504 -1532.846715328467 240) (1936 -1536 240) (1936 -1552 240) (1504 -1548.846715328467 240) 
4 1168 1169 (-256 -1520 240) (-256 -1536 240) (-256 -1536 480) (-256 -1520 480) 
4 1169 1416 (-272 -1535.9999999999995 240) (-272 -1472 240) (-256 -1472 240) (-256 -1536.1159420289855 240) 
4 1170 1417 (1952 -672 0) (1936 -672 0) (1936 -592 0) (1952 -592 0) 
4 1170 1175 (1936 -672 0) (1952 -672 0) (1952 -672 200) (1936 -672 200) 
4 1170 1173 (1952 -672 200) (1952 -672 240) (1936 -672 240) (1936 -672 200) 
4 1171 1420 (1936 -672 0) (1892.6263345195728 -672 0) (1892.9110320284697 -592 0) (1936 -592 0) 
4 1171 1176 (1836 -672 0) (1936 -672 0) (1936 -672 200) (1836 -672 200) 
4 1171 1174 (1936 -672 200) (1936 -672 240) (1836 -672 240) (1836 -672 200) 
4 1171 1172 (1836 -624 240) (1836 -592 240) (1836 -592 -0) (1836 -624 0) 
4 1173 1200 (1952 -768 240) (1936 -768 240) (1936 -768 200) (1952 -768 200) 
4 1173 1175 (1952 -768 200) (1936 -768 200) (1936 -672 200) (1952 -672 200) 
4 1174 1201 (1936 -768 240) (1836 -768 240) (1836 -768 200) (1936 -768 200) 
4 1174 1176 (1936 -768 200) (1836 -768 200) (1836 -672 200) (1936 -672 200) 
4 1175 1417 (1952 -768 0) (1936 -768 0) (1936 -672 0) (1952 -672 0) 
4 1175 1202 (1936 -768 0) (1952 -768 0) (1952 -768 200) (1936 -768 200) 
4 1176 1420 (1936 -768 0) (1892.2846975088967 -768 0) (1892.6263345195728 -672 0) (1936 -672 0) 
4 1176 1203 (1836 -768 0) (1936 -768 0) (1936 -768 200) (1836 -768 200) 
5 1176 1177 (1836 -768 -0) (1836 -768 200) (1836 -712 200) (1836 -672 160) (1836 -672 -0) 
4 1177 1204 (1828 -768 0) (1836 -768 0) (1836 -768 200) (1828 -768 200) 
4 1178 1205 (1804 -768 0) (1812 -768 0) (1812 -768 200) (1804 -768 200) 
5 1178 1179 (1804 -768 -0) (1804 -768 200) (1804 -712 200) (1804 -672 160) (1804 -672 0) 
4 1179 1206 (1472 -768 0) (1804 -768 0) (1804 -768 240) (1472 -768 240) 
4 1179 1180 (1472 -768 4) (1472 -768 240) (1472 -592 240) (1472 -592 4) 
4 1180 1206 (1472 -768 4) (1472 -768 240) (1456 -768 240) (1456 -768 4) 
4 1180 1181 (1456 -768 16) (1456 -768 240) (1456 -592 240) (1456 -592 16) 
4 1181 1206 (1456 -768 16) (1456 -768 240) (1440 -768 240) (1440 -768 16) 
4 1181 1182 (1440 -768 28) (1440 -768 240) (1440 -592 240) (1440 -592 28) 
4 1182 1206 (1440 -768 28) (1440 -768 240) (1424 -768 240) (1424 -768 28) 
4 1182 1183 (1424 -768 40) (1424 -768 240) (1424 -592 240) (1424 -592 40) 
4 1183 1206 (1424 -768 40) (1424 -768 240) (1408 -768 240) (1408 -768 40) 
4 1183 1184 (1408 -768 52) (1408 -768 240) (1408 -592 240) (1408 -592 52) 
4 1184 1206 (1408 -768 52) (1408 -768 240) (1392 -768 240) (1392 -768 52) 
4 1184 1185 (1392 -768 64) (1392 -768 240) (1392 -592 240) (1392 -592 64) 
4 1185 1206 (1392 -768 64) (1392 -768 240) (1376 -768 240) (1376 -768 64) 
4 1185 1186 (1376 -768 76) (1376 -768 240) (1376 -592 240) (1376 -592 76) 
4 1186 1206 (1376 -768 76) (1376 -768 240) (1360 -768 240) (1360 -768 76) 
4 1186 1187 (1360 -768 88) (1360 -768 240) (1360 -592 240) (1360 -592 88) 
4 1187 1206 (1360 -768 88) (1360 -768 240) (1344 -768 240) (1344 -768 88) 
4 1187 1188 (1344 -768 100) (1344 -768 240) (1344 -592 240) (1344 -592 100) 
4 1188 1206 (1344 -768 100) (1344 -768 240) (1328 -768 240) (1328 -768 100) 
4 1188 1189 (1328 -768 112) (1328 -768 240) (1328 -592 240) (1328 -592 112) 
4 1189 1206 (1328 -768 112) (1328 -768 240) (1312 -768 240) (1312 -768 112) 
4 1189 1190 (1312 -768 124) (1312 -768 240) (1312 -592 240) (1312 -592 124) 
4 1190 1206 (1312 -768 124) (1312 -768 240) (1296 -768 240) (1296 -768 124) 
4 1190 1191 (1296 -768 136) (1296 -768 240) (1296 -592 240) (1296 -592 136) 
4 1191 1206 (1296 -768 136) (1296 -768 240) (1280 -768 240) (1280 -768 136) 
4 1191 1192 (1280 -768 148) (1280 -768 240) (1280 -592 240) (1280 -592 148) 
4 1192 1206 (1280 -768 148) (1280 -768 240) (1264 -768 240) (1264 -768 148) 
4 1192 1193 (1264 -768 160) (1264 -768 240) (1264 -592 240) (1264 -592 160) 
4 1193 1206 (1264 -768 160) (1264 -768 240) (1248 -768 240) (1248 -768 160) 
4 1193 1194 (1248 -768 172) (1248 -768 240) (1248 -592 240) (1248 -592 172) 
4 1194 1206 (1248 -768 172) (1248 -768 240) (1232 -768 240) (1232 -768 172) 
4 1194 1195 (1232 -768 184) (1232 -768 240) (1232 -592 240) (1232 -592 184) 
4 1195 1206 (1232 -768 184) (1232 -768 240) (1216 -768 240) (1216 -768 184) 
4 1195 1196 (1216 -768 196) (1216 -768 240) (1216 -592 240) (1216 -592 196) 
4 1196 1197 (1200 -768 208) (1200 -768 240) (1200 -592 240) (1200 -592 208) 
4 1197 1215 (1072 -768 240) (1056 -768 240) (1056 -768 208) (1072 -768 208) 
4 1197 1213 (1104 -768 240) (1072 -768 240) (1072 -768 232) (1104 -768 232) 
4 1197 1211 (1120 -768 240) (1104 -768 240) (1104 -768 224) (1120 -768 224) 
4 1197 1210 (1152 -768 240) (1120 -768 240) (1120 -768 232) (1152 -768 232) 
4 1197 1209 (1168 -768 240) (1152 -768 240) (1152 -768 224) (1168 -768 224) 
4 1197 1208 (1200 -768 232) (1200 -768 240) (1168 -768 240) (1168 -768 232) 
4 1197 1199 (1056 -593 240) (1056 -592 240) (1056 -592 208) (1056 -593 208) 
4 1198 1215 (1056 -768 0) (1072 -768 0) (1072 -768 192) (1056 -768 192) 
4 1198 1214 (1072 -768 0) (1104 -768 0) (1104 -768 180) (1072 -768 180) 
4 1198 1212 (1104 -768 0) (1200 -768 0) (1200 -768 180) (1104 -768 180) 
4 1199 1221 (1024 -593 240) (1024 -592 240) (1024 -592 196) (1024 -593 196) 
4 1200 1218 (1952 -816 240) (1936 -816 240) (1936 -816 200) (1952 -816 200) 
4 1200 1202 (1952 -816 200) (1936 -816 200) (1936 -768 200) (1952 -768 200) 
4 1201 1219 (1936 -816 240) (1836 -816 240) (1836 -816 200) (1936 -816 200) 
4 1201 1203 (1936 -816 200) (1836 -816 200) (1836 -768 200) (1936 -768 200) 
4 1202 1417 (1952 -816 0) (1936 -816 0) (1936 -768 0) (1952 -768 0) 
4 1202 1218 (1936 -816 0) (1952 -816 0) (1952 -816 200) (1936 -816 200) 
4 1203 1420 (1936 -816 0) (1892.1138790035586 -816 0) (1892.2846975088967 -768 0) (1936 -768 0) 
4 1203 1219 (1836 -816 0) (1936 -816 0) (1936 -816 200) (1836 -816 200) 
5 1203 1204 (1836 -816 -0) (1836 -816 160) (1836 -776 200) (1836 -768 200) (1836 -768 -0) 
5 1205 1206 (1804 -768 200) (1804 -768 -0) (1804 -816 -0) (1804 -816 160) (1804 -776 200) 
4 1206 1220 (1216 -816 0) (1804 -816 0) (1804 -816 240) (1216 -816 240) 
4 1206 1207 (1216 -788 0) (1216 -816 -0) (1216 -816 240) (1216 -788 240) 
4 1207 1220 (1200 -816 0) (1216 -816 0) (1216 -816 240) (1200 -816 240) 
4 1207 1216 (1200 -788 0) (1200 -816 -0) (1200 -816 240) (1200 -788 240) 
4 1208 1216 (1200 -784 232) (1200 -784 240) (1168 -784 240) (1168 -784 232) 
4 1208 1209 (1168 -768 240) (1168 -768 232) (1168 -784 232) (1168 -784 240) 
4 1209 1216 (1168 -784 240) (1152 -784 240) (1152 -784 224) (1168 -784 224) 
4 1209 1210 (1152 -768 240) (1152 -768 232) (1152 -784 232) (1152 -784 240) 
4 1210 1216 (1152 -784 240) (1120 -784 240) (1120 -784 232) (1152 -784 232) 
4 1210 1211 (1120 -768 240) (1120 -768 232) (1120 -784 232) (1120 -784 240) 
4 1211 1216 (1120 -784 240) (1104 -784 240) (1104 -784 224) (1120 -784 224) 
4 1211 1213 (1104 -768 240) (1104 -768 232) (1104 -784 232) (1104 -784 240) 
4 1212 1216 (1104 -784 0) (1200 -784 -0) (1200 -784 180) (1104 -784 180) 
4 1212 1214 (1104 -768 180) (1104 -768 -0) (1104 -784 -0) (1104 -784 180) 
4 1213 1216 (1104 -784 232) (1104 -784 240) (1072 -784 240) (1072 -784 232) 
4 1213 1215 (1072 -768 240) (1072 -768 232) (1072 -772 232) (1072 -772 240) 
4 1214 1216 (1072 -784 0) (1104 -784 0) (1104 -784 180) (1072 -784 180) 
4 1214 1215 (1072 -768 180) (1072 -768 -0) (1072 -772 0) (1072 -772 180) 
4 1216 1220 (1072 -816 0) (1200 -816 0) (1200 -816 240) (1072 -816 240) 
4 1216 1217 (1072 -792 0) (1072 -816 -0) (1072 -816 240) (1072 -792 240) 
4 1217 1220 (1056 -816 0) (1072 -816 0) (1072 -816 240) (1056 -816 240) 
4 1218 1417 (1952 -848 0) (1936 -848 0) (1936 -816 0) (1952 -816 0) 
4 1218 1273 (1936 -848 0) (1952 -848 0) (1952 -848 240) (1936 -848 240) 
4 1219 1420 (1936 -848 0) (1892 -848 0) (1892 -816 0) (1936 -816 0) 
4 1219 1274 (1836 -848 0) (1936 -848 0) (1936 -848 240) (1836 -848 240) 
4 1220 1278 (1056 -848 0) (1804 -848 0) (1804 -848 240) (1056 -848 240) 
4 1221 1231 (896 -608 240) (896 -592 240) (896 -592 217) (896 -608 217) 
4 1221 1222 (896 -608 240) (896 -608 196) (1024 -608 196) (1024 -608 240) 
4 1222 1231 (896 -624 240) (896 -608 240) (896 -608 217) (896 -624 217) 
4 1222 1223 (896 -624 240) (896 -624 184) (1024 -624 184) (1024 -624 240) 
4 1223 1238 (896 -640 240) (896 -624 240) (896 -624 172) (896 -640 172) 
4 1223 1224 (896 -640 240) (896 -640 172) (1024 -640 172) (1024 -640 240) 
4 1224 1238 (896 -656 240) (896 -640 240) (896 -640 160) (896 -656 160) 
4 1224 1225 (896 -656 240) (896 -656 160) (1024 -656 160) (1024 -656 240) 
4 1225 1238 (896 -672 240) (896 -656 240) (896 -656 148) (896 -672 148) 
4 1225 1226 (896 -672 240) (896 -672 148) (1024 -672 148) (1024 -672 240) 
4 1226 1238 (896 -688 240) (896 -672 240) (896 -672 136) (896 -688 136) 
4 1226 1227 (896 -688 240) (896 -688 136) (1024 -688 136) (1024 -688 240) 
4 1227 1238 (896 -704 240) (896 -688 240) (896 -688 124) (896 -704 124) 
4 1227 1228 (896 -704 240) (896 -704 124) (1024 -704 124) (1024 -704 240) 
4 1228 1238 (896 -720 240) (896 -704 240) (896 -704 112) (896 -720 112) 
4 1228 1229 (896 -720 240) (896 -720 112) (1024 -720 112) (1024 -720 240) 
4 1229 1280 (896 -848 187.25961538461328) (896 -848 100) (923 -848 100) (923 -848 159.99999999999994) 
4 1229 1238 (896 -848 100) (896 -848 240) (896 -720 240) (896 -720 100) 
5 1229 1230 (1024 -815.9999999999995 100) (991.9999999999995 -848 100) (896 -848 100) (896 -736 100) (1024 -736 100) 
4 1230 1280 (923 -848 100) (896 -848 100) (896 -848 96) (923 -848 96) 
4 1230 1238 (896 -848 96) (896 -848 100) (896 -736 100) (896 -736 96) 
4 1231 1238 (896 -624 217) (896 -624 240) (736.0000000000001 -624 240) (736.0000000000001 -624 217) 
4 1232 1238 (704 -624 192) (704 -624 240) (656 -624 240) (656 -624 192) 
4 1232 1233 (656 -624 192) (656 -624 240) (656 -592 240) (656 -592 192) 
4 1233 1250 (320 -624 240) (320 -592 240) (320 -592 192) (320 -624 192) 
4 1233 1247 (320 -624 240) (320 -624 192) (560 -624 192) (560 -624 240) 
4 1233 1239 (560 -624 192) (576 -624 192) (576 -624 240) (560 -624 240) 
4 1233 1238 (576 -624 192) (656 -624 192) (656 -624 240) (576 -624 240) 
4 1235 1247 (560 -624 144) (544 -624 127.99999999999999) (544 -624 96) (560 -624 96) 
4 1235 1240 (576 -624 160) (560 -624 144) (560 -624 96) (576 -624 96) 
5 1235 1238 (656 -624 96) (656 -624 128.00000000000006) (624 -624 160) (576 -624 160) (576 -624 96) 
6 1237 1247 (496 -624 96) (496 -624 128.00000000000006) (459.4285714285689 -624 160) (399.99999999999994 -624 160) (368 -624 128.00000000000006) (368 -624 96) 
6 1238 1285 (692.3809523809495 -848 200) (628 -848 200) (593.3333333333334 -848 160) (593.3333333333334 -848 96) (732 -848 96) (732 -848 159.99999999999994) 
4 1238 1283 (784.3333333333334 -848 200) (784 -848 200) (784 -848 96) (784.3333333333334 -848 96) 
6 1238 1280 (896 -848 96) (896 -848 187.25961538461326) (883.3809523809493 -848 200) (819 -848 200) (784.3333333333334 -848 160.00000000000003) (784.3333333333334 -848 96) 
4 1238 1279 (784.3333333333334 -848 240) (784 -848 240) (784 -848 200) (784.3333333333334 -848 200) 
4 1238 1244 (576 -784 96) (576 -832 96) (576 -832 188) (576 -784 188) 
4 1238 1241 (576 -720 96) (576 -768 96) (576 -768 188) (576 -720 188) 
4 1238 1240 (576 -624 188) (576 -624 96) (576 -704 96) (576 -704 188) 
4 1238 1239 (576 -624 240) (576 -624 188) (576 -848 188) (576 -848 240) 
4 1239 1247 (560 -624 240) (560 -624 188) (560 -848 188) (560 -848 240) 
4 1239 1246 (560 -832 188) (560 -784 188) (564 -784 188) (564 -832 188) 
4 1239 1245 (564 -784 188) (572 -784 188) (572 -832 188) (564 -832 188) 
4 1239 1244 (572 -784 188) (576 -784 188) (576 -832 188) (572 -832 188) 
4 1239 1243 (560 -768 188) (560 -720 188) (564 -720 188) (564 -768 188) 
4 1239 1242 (564 -720 188) (572 -720 188) (572 -768 188) (564 -768 188) 
4 1239 1241 (572 -720 188) (576 -720 188) (576 -768 188) (572 -768 188) 
4 1239 1240 (560 -704 188) (560 -624 188) (576 -624 188) (576 -704 188) 
4 1240 1247 (560 -624 188) (560 -624 96) (560 -704 96) (560 -704 188) 
4 1241 1242 (572 -720 188) (572 -720 180) (572 -768 180) (572 -768 188) 
4 1242 1243 (564 -720 188) (564 -720 180) (564 -768 180) (564 -768 188) 
4 1243 1247 (560 -720 96) (560 -768 96) (560 -768 188) (560 -720 188) 
4 1244 1245 (572 -784 188) (572 -784 180) (572 -832 180) (572 -832 188) 
4 1245 1246 (564 -784 188) (564 -784 180) (564 -832 180) (564 -832 188) 
4 1246 1247 (560 -784 96) (560 -832 96) (560 -832 188) (560 -784 188) 
4 1247 1291 (320 -848 190.96153846153624) (320 -848 96) (350.6666666666667 -848 96) (350.6666666666667 -848 159.99999999999994) 
6 1247 1288 (402.66666666666663 -848 96) (541.3333333333333 -848 96) (541.3333333333333 -848 159.99999999999994) (501.7142857142828 -848 200) (437.3333333333333 -848 200) (402.66666666666663 -848 160) 
4 1247 1260 (320 -848 96) (320 -848 240) (320 -728 240) (320 -728 96) 
4 1247 1254 (320 -624 160) (320 -624 96) (320 -728 96) (320 -728 160) 
4 1247 1251 (320 -728 240) (320 -624 240) (320 -624 160) (320 -728 160) 
4 1247 1249 (320 -848 96) (320 -728 96) (336 -728 96) (336 -848 96) 
4 1247 1248 (320 -728 96) (320 -624 96) (336 -624 96) (336 -728 96) 
4 1248 1254 (320 -728 96) (320 -624 96) (320 -624 0) (320 -728 0) 
4 1248 1249 (336 -728 84) (336 -728 96) (320 -728 96) (320 -728 84) 
4 1249 1291 (336 -848 84) (336 -848 96) (320 -848 96) (320 -848 84) 
4 1249 1260 (320 -848 84) (320 -848 96) (320 -728 96) (320 -728 84) 
4 1250 1255 (208 -624 240) (208 -592 240) (208 -592 192) (208 -624 192) 
4 1250 1251 (208 -624 240) (208 -624 192) (320 -624 192) (320 -624 240) 
4 1251 1266 (224 -728 240) (208 -728 240) (208 -728 160) (224 -728 160) 
4 1251 1265 (240 -728 240) (224 -728 240) (224 -728 160) (240 -728 160) 
4 1251 1264 (256 -728 240) (240 -728 240) (240 -728 160) (256 -728 160) 
4 1251 1263 (272 -728 240) (256 -728 240) (256 -728 160) (272 -728 160) 
4 1251 1262 (288 -728 240) (272 -728 240) (272 -728 160) (288 -728 160) 
4 1251 1261 (304 -728 240) (288 -728 240) (288 -728 160) (304 -728 160) 
4 1251 1260 (320 -728 160) (320 -728 240) (304 -728 240) (304 -728 160) 
4 1251 1256 (208 -728 160) (208 -728 240) (208 -624 240) (208 -624 160) 
4 1251 1254 (320 -728 160) (208 -728 160) (208 -624 160) (320 -624 160) 
6 1253 1254 (320 -624 -0) (320 -624 128.00000000000006) (288.00000000000006 -624 160) (240 -624 160) (208 -624 128.00000000000003) (208 -624 -0) 
4 1254 1266 (208 -728 0) (224 -728 0) (224 -728 160) (208 -728 160) 
4 1254 1265 (240 -728 12) (240 -728 160) (224 -728 160) (224 -728 12) 
4 1254 1264 (256 -728 24) (256 -728 160) (240 -728 160) (240 -728 24) 
4 1254 1263 (272 -728 36) (272 -728 160) (256 -728 160) (256 -728 36) 
4 1254 1262 (288 -728 48) (288 -728 160) (272 -728 160) (272 -728 48) 
4 1254 1261 (304 -728 60) (304 -728 160) (288 -728 160) (288 -728 60) 
4 1254 1260 (320 -728 72) (320 -728 160) (304 -728 160) (304 -728 72) 
4 1254 1256 (208 -728 -0) (208 -728 160) (208 -624 160) (208 -624 0) 
3 1255 1257 (192 -624 240) (192 -592 240) (192 -624 192) 
4 1255 1256 (192 -624 240) (192 -624 192) (208 -624 192) (208 -624 240) 
4 1256 1266 (192 -728 0) (208 -728 0) (208 -728 240) (192 -728 240) 
4 1256 1259 (192 -728 -0) (192 -728 240) (192 -624 240) (192 -624 0) 
3 1257 1259 (192 -624 191.99999999999994) (192 -624 240) (159.99999999999997 -624 240) 
4 1258 1259 (-64 -624 240) (-64 -624 -0) (159.99999999999997 -624 0) (159.99999999999997 -624 240) 
6 1259 1267 (-64 -624 128.1843317972444) (-64 -624 0) (-64 -728 0) (-64 -728 164.3461538461446) (-64 -724.3809523809423 168) (-64 -660 168) 
4 1259 1266 (-64 -728 240) (-64 -728 -0) (192 -728 0) (192 -728 240) 
5 1260 1291 (320 -848 72) (320 -848 190.96153846153624) (311.0476190476162 -848 200) (304 -848 200) (304 -848 72) 
4 1260 1261 (304 -728 240) (304 -728 72) (304 -848 72) (304 -848 240) 
4 1261 1291 (304 -848 60) (304 -848 200) (288 -848 200) (288 -848 60) 
4 1261 1262 (288 -728 240) (288 -728 60) (288 -848 60) (288 -848 240) 
4 1262 1291 (288 -848 48) (288 -848 200) (272 -848 200) (272 -848 48) 
4 1262 1263 (272 -728 240) (272 -728 48) (272 -848 48) (272 -848 240) 
4 1263 1291 (272 -848 36) (272 -848 200) (256 -848 200) (256 -848 36) 
4 1263 1264 (256 -728 240) (256 -728 36) (256 -848 36) (256 -848 240) 
5 1264 1291 (256 -848 24) (256 -848 200) (246.66666666666663 -848 200) (240 -848 192.30769230769235) (240 -848 24) 
4 1264 1265 (240 -728 240) (240 -728 24) (240 -848 24) (240 -848 240) 
4 1265 1291 (240 -848 12) (240 -848 192.30769230769235) (224 -848 173.84615384615387) (224 -848 12) 
4 1265 1266 (224 -728 240) (224 -728 12) (224 -848 12) (224 -848 240) 
4 1266 1296 (-64 -848 0) (160 -848 0) (160 -848 159.99999999999994) (-64 -848 159.99999999999994) 
4 1266 1295 (160 -848 159.99999999999994) (160 -848 168) (-64 -848 168) (-64 -848 159.99999999999994) 
4 1266 1294 (160 -848 240) (-64 -848 240) (-64 -848 168) (160 -848 168) 
4 1266 1291 (212 -848 0) (224 -848 0) (224 -848 173.84615384615387) (212 -848 159.99999999999997) 
4 1266 1269 (-64 -848 -0) (-64 -848 159.99999999999994) (-64 -816 128) (-64 -816 0) 
4 1266 1267 (-64 -728 164.3461538461446) (-64 -728 0) (-64 -764 0) (-64 -764 127.9999999999999) 
6 1268 1271 (-96 -624 0) (-96 -764 0) (-96 -764 127.9999999999999) (-96 -724.3809523809422 168) (-96 -660 168) (-96 -624 128.1843317972444) 
4 1269 1296 (-72 -848 0) (-64 -848 0) (-64 -848 159.99999999999994) (-72 -848 159.99999999999994) 
4 1270 1297 (-96 -848 0) (-88 -848 0) (-88 -848 159.99999999999994) (-96 -848 159.99999999999994) 
4 1270 1271 (-96 -848 -0) (-96 -848 159.99999999999994) (-96 -816 128) (-96 -816 0) 
4 1271 1430 (-96 -848 0) (-256 -848 0) (-256 -592 0) (-96 -592 0) 
4 1271 1298 (-256 -848 0) (-96 -848 0) (-96 -848 240) (-256 -848 240) 
4 1272 1433 (-256 -848 0) (-272 -848 0) (-272 -592 0) (-256 -592 0) 
4 1272 1299 (-272 -848 0) (-256 -848 0) (-256 -848 240) (-272 -848 240) 
4 1273 1417 (1952 -864 0) (1936 -864 0) (1936 -848 0) (1952 -848 0) 
4 1273 1275 (1936 -864 0) (1952 -864 0) (1952 -864 240) (1936 -864 240) 
4 1274 1420 (1936 -864 0) (1892 -864 0) (1892 -848 0) (1936 -848 0) 
4 1274 1276 (1836 -864 0) (1936 -864 0) (1936 -864 240) (1836 -864 240) 
4 1275 1417 (1952 -880 0) (1936 -880 0) (1936 -864 0) (1952 -864 0) 
4 1275 1300 (1936 -880 0) (1952 -880 0) (1952 -880 240) (1936 -880 240) 
4 1276 1420 (1936 -880 0) (1892 -880 0) (1892 -864 0) (1936 -864 0) 
4 1276 1301 (1828 -880 0) (1936 -880 0) (1936 -880 240) (1828 -880 240) 
4 1277 1302 (1804 -880 0) (1812 -880 0) (1812 -880 240) (1804 -880 240) 
4 1277 1278 (1804 -864 0) (1804 -880 -0) (1804 -880 240) (1804 -864 240) 
4 1278 1311 (1024.0000000000005 -880 0) (1464 -880 0) (1464 -880 16) (1024.0000000000005 -880 16) 
4 1278 1310 (1464 -880 16) (1464 -880 224) (1024.0000000000005 -880 224) (1024.0000000000005 -880 16) 
4 1278 1309 (1464 -880 224) (1464 -880 240) (1024.0000000000005 -880 240) (1024.0000000000005 -880 224) 
4 1278 1307 (1464 -880 0) (1536 -880 0) (1536 -880 240) (1464 -880 240) 
4 1278 1305 (1552 -880 160) (1552 -880 240) (1536 -880 240) (1536 -880 160) 
4 1278 1303 (1552 -880 0) (1624 -880 0) (1624 -880 240) (1552 -880 240) 
4 1278 1302 (1624 -880 0) (1804 -880 0) (1804 -880 240) (1624 -880 240) 
4 1279 1310 (784 -880 224) (784 -880 200) (784.3333333333334 -880 200) (784.3333333333334 -880 224) 
4 1279 1309 (784.3333333333334 -880 240) (784 -880 240) (784 -880 224) (784.3333333333334 -880 224) 
4 1279 1283 (784 -848 200) (784.3333333333334 -848 200) (784.3333333333334 -880 200) (784 -880 200) 
4 1280 1284 (784.3333333333334 -848 16) (784.3333333333334 -848 -0) (784.3333333333334 -856 0) (784.3333333333334 -856 16) 
4 1280 1283 (784.3333333333334 -856 160.00000000000003) (784.3333333333334 -848 160.00000000000003) (784.3333333333334 -848 16) (784.3333333333334 -856 16) 
6 1281 1310 (923 -880 16) (923 -880 159.99999999999997) (883.3809523809495 -880 200) (819 -880 200) (784.3333333333334 -880 160.00000000000003) (784.3333333333334 -880 16) 
4 1281 1283 (784.3333333333334 -880 16) (784.3333333333334 -880 160.00000000000003) (784.3333333333334 -872 160.00000000000003) (784.3333333333334 -872 16) 
4 1281 1282 (784.3333333333334 -877.0586264656616 16) (784.3333333333334 -872 16) (923 -872 16) (923 -876.3618090452261 16) 
4 1282 1284 (784.3333333333334 -877.0586264656616 16) (784.3333333333334 -872 16) (784.3333333333334 -872 0) (784.3333333333334 -877.0586264656616 0) 
4 1283 1310 (784.3333333333334 -880 16) (784.3333333333334 -880 200) (784 -880 200) (784 -880 16) 
4 1283 1284 (784 -848 16) (784.3333333333334 -848 16) (784.3333333333334 -877.0586264656616 16) (784 -877.0603015075377 16) 
6 1286 1310 (732 -880 16) (732 -880 159.99999999999997) (692.3809523809495 -880 200) (628 -880 200) (593.3333333333334 -880 160.00000000000003) (593.3333333333334 -880 16) 
4 1286 1287 (593.3333333333334 -878.0184254606365 16) (593.3333333333334 -872 16) (732 -872 16) (732 -877.321608040201 16) 
6 1289 1310 (541.3333333333333 -880 16) (541.3333333333333 -880 159.9999999999999) (501.7142857142828 -880 200) (437.3333333333333 -880 200) (402.66666666666663 -880 159.99999999999997) (402.66666666666663 -880 16) 
4 1289 1290 (402.66666666666663 -878.9765494137353 16) (402.66666666666663 -872 16) (541.3333333333333 -872 16) (541.3333333333333 -878.2797319932998 16) 
4 1292 1325 (224 -880 173.84615384615384) (212 -880 159.99999999999997) (212 -880 16) (224 -880 16) 
6 1292 1324 (350.6666666666667 -880 16) (350.6666666666667 -880 159.99999999999991) (311.0476190476162 -880 200) (246.66666666666663 -880 200) (224 -880 173.84615384615384) (224 -880 16) 
4 1292 1293 (212 -879.9346733668341 16) (212 -872 16) (350.6666666666667 -872 16) (350.6666666666667 -879.2378559463987 16) 
4 1294 1326 (160 -880 240) (-64 -880 240) (-64 -880 168) (160 -880 168) 
4 1294 1296 (160 -856.0000000000001 168) (160 -880 168) (-64 -880 168) (-64 -856.0000000000001 168) 
4 1294 1295 (-64 -848 168) (160 -848 168) (160 -856.0000000000001 168) (-64 -856.0000000000001 168) 
4 1295 1296 (160 -848 160) (160 -856 168) (-64 -856 168) (-64 -848 160) 
4 1296 1332 (-72 -880 0) (-64 -880 0) (-64 -880 168) (-72 -880 168) 
4 1296 1331 (-64 -880 0) (16 -880 0) (16 -880 16) (-64 -880 16) 
4 1296 1330 (16 -880 0) (160 -880 0) (160 -880 16) (16 -880 16) 
4 1296 1326 (160 -880 16) (160 -880 168) (-64 -880 168) (-64 -880 16) 
4 1297 1333 (-96 -880 0) (-88 -880 0) (-88 -880 168) (-96 -880 168) 
5 1297 1298 (-96 -848 159.99999999999994) (-96 -848 -0) (-96 -880 -0) (-96 -880 168) (-96 -856.0000000000001 168) 
4 1298 1430 (-96 -880 0) (-256 -880 0) (-256 -848 0) (-96 -848 0) 
4 1298 1335 (-256 -880 0) (-96 -880 0) (-96 -880 240) (-256 -880 240) 
4 1299 1433 (-256 -880 0) (-272 -880 0) (-272 -848 0) (-256 -848 0) 
4 1299 1336 (-272 -880 0) (-256 -880 0) (-256 -880 240) (-272 -880 240) 
4 1300 1417 (1952 -1104 0) (1936 -1104 0) (1936 -880 0) (1952 -880 0) 
4 1300 1337 (1936 -1104 0) (1952 -1104 0) (1952 -1104 240) (1936 -1104 240) 
4 1301 1420 (1936 -1104 0) (1892 -1104 0) (1892 -880 0) (1936 -880 0) 
4 1301 1338 (1828 -1104 0) (1936 -1104 0) (1936 -1104 240) (1828 -1104 240) 
4 1302 1339 (1624 -1104 0) (1812 -1104 0) (1812 -1104 240) (1624 -1104 240) 
4 1302 1304 (1624 -1008 0) (1624 -1048 0) (1624 -1048 240) (1624 -1008 240) 
4 1302 1303 (1624 -880 240) (1624 -880 -0) (1624 -1008 0) (1624 -1008 240) 
4 1303 1306 (1552 -1008 64) (1552 -1008 240) (1552 -896 240) (1552 -896 64) 
4 1303 1305 (1552 -880 240) (1552 -880 160) (1552 -896 160) (1552 -896 240) 
4 1303 1304 (1584 -1008 0) (1624 -1008 -0) (1624 -1008 240) (1584 -1008 240) 
4 1305 1307 (1536 -880 240) (1536 -880 160) (1536 -896 160) (1536 -896 240) 
4 1305 1306 (1536 -896 240) (1536 -896 160) (1552 -896 160) (1552 -896 240) 
4 1306 1307 (1536 -1008 64) (1536 -1008 240) (1536 -896 240) (1536 -896 64) 
4 1307 1311 (1464 -880 16) (1464 -880 -0) (1464 -1008 0) (1464 -1008 16) 
4 1307 1310 (1464 -880 224) (1464 -880 16) (1464 -1008 16) (1464 -1008 224) 
4 1307 1309 (1464 -880 240) (1464 -880 224) (1464 -1008 224) (1464 -1008 240) 
4 1307 1308 (1464 -1008 240) (1464 -1008 -0) (1503.9999999999998 -1008 0) (1503.9999999999998 -1008 240) 
4 1308 1311 (1464 -1008 0) (1464 -1047.9999999999998 0) (1464 -1047.9999999999998 16) (1464 -1008 16) 
4 1308 1310 (1464 -1047.9999999999998 16) (1464 -1047.9999999999998 224) (1464 -1008 224) (1464 -1008 16) 
4 1308 1309 (1464 -1047.9999999999998 224) (1464 -1047.9999999999998 240) (1464 -1008 240) (1464 -1008 224) 
4 1309 1343 (1025.3333333333335 -1104 240) (1024 -1104 240) (1024 -1104 224) (1025.3333333333335 -1104 224) 
4 1309 1342 (1464 -1104 224) (1464 -1104 240) (1248 -1104 240) (1248 -1104 224) 
4 1309 1310 (784 -880 224) (1464 -880 224) (1464 -1104 224) (784 -1104 224) 
4 1310 1360 (384 -1104 178.07692307692315) (384 -1104 16) (399.66666666666674 -1104 16) (399.66666666666674 -1104 160) 
4 1310 1358 (399.66666666666674 -1104 16) (400 -1104 16) (400 -1104 200) (399.66666666666674 -1104 200) 
6 1310 1355 (452 -1104 16) (590.6666666666667 -1104 16) (590.6666666666667 -1104 159.99999999999991) (555.9999999999999 -1104 200) (491.61904761905066 -1104 200) (452 -1104 160) 
4 1310 1352 (400 -1104 224) (399.66666666666674 -1104 224) (399.66666666666674 -1104 200) (400 -1104 200) 
6 1310 1349 (642.6666666666669 -1104 16) (781.3333333333335 -1104 16) (781.3333333333335 -1104 160.00000000000009) (746.6666666666669 -1104 200) (682.2857142857144 -1104 200) (642.6666666666669 -1104 160) 
6 1310 1347 (833.3333333333335 -1104 16) (972 -1104 16) (972 -1104 159.99999999999994) (937.3333333333334 -1104 200) (872.9523809523812 -1104 200) (833.3333333333335 -1104 159.99999999999997) 
4 1310 1346 (1024 -1104 16) (1025.3333333333335 -1104 16) (1025.3333333333335 -1104 200) (1024 -1104 200) 
6 1310 1344 (1025.3333333333335 -1104 16) (1164 -1104 16) (1164 -1104 159.99999999999994) (1129.3333333333335 -1104 200) (1064.952380952384 -1104 200) (1025.3333333333335 -1104 160.00000000000006) 
4 1310 1343 (1025.3333333333335 -1104 224) (1024 -1104 224) (1024 -1104 200) (1025.3333333333335 -1104 200) 
4 1310 1342 (1464 -1104 16) (1464 -1104 224) (1248 -1104 224) (1248 -1104 16) 
4 1310 1323 (384 -1024 16) (384 -1104 16) (384 -1104 224) (384 -1024 224) 
4 1310 1322 (384 -1024 220) (384 -1024 224) (384 -1008 224) (384 -1008 220) 
4 1310 1319 (384 -960 16) (384 -1008 16) (384 -1008 224) (384 -960 224) 
4 1310 1318 (384 -960 108) (384 -960 224) (384 -944 224) (384 -944 108) 
4 1310 1315 (384 -896 16) (384 -944 16) (384 -944 224) (384 -896 224) 
3 1310 1314 (992 -1103.0100502512562 16) (992 -1104 16) (794.9999999999898 -1104 16) 
4 1310 1313 (1012 -1102.9095477386934 16) (1012 -1104 16) (992 -1104 16) (992 -1103.0100502512562 16) 
4 1310 1312 (994.9823788546255 -880 16) (1012 -880 16) (1012 -1102.9095477386934 16) (993.9999999999999 -1103 16) 
4 1310 1311 (1012 -880 16) (1464 -880 16) (1464 -1104 16) (1012 -1104 16) 
4 1311 1346 (1024 -1104 0) (1025.3333333333335 -1104 0) (1025.3333333333335 -1104 16) (1024 -1104 16) 
4 1311 1344 (1025.3333333333335 -1104 0) (1164 -1104 0) (1164 -1104 16) (1025.3333333333335 -1104 16) 
4 1311 1342 (1248 -1104 0) (1464 -1104 0) (1464 -1104 16) (1248 -1104 16) 
4 1311 1313 (1012 -1104 8) (1012 -1104 16) (1012 -1102.9095477386934 16) (1012 -1102.9095477386934 8) 
4 1311 1312 (1012 -1102.9095477386934 16) (1012 -880 16) (1012 -880 8) (1012 -1102.9095477386934 8) 
4 1312 1313 (993.9999999999999 -1103 8) (1012 -1102.9095477386934 8) (1012 -1102.9095477386934 16) (993.9999999999999 -1103 16) 
4 1313 1314 (992 -1104 8) (992 -1104 16) (992 -1103.0100502512562 16) (992 -1103.0100502512562 8) 
4 1314 1347 (833.3333333333335 -1104 0) (972 -1104 0) (972 -1104 16) (833.3333333333335 -1104 16) 
4 1315 1318 (384 -944 224) (380 -944 224) (380 -944 108) (384 -944 108) 
4 1315 1316 (380 -896 224) (380 -896 52) (380 -944 52) (380 -944 224) 
4 1316 1318 (380 -944 224) (372 -944 224) (372 -944 108) (380 -944 108) 
4 1316 1317 (372 -896 224) (372 -896 52) (372 -944 52) (372 -944 224) 
4 1317 1324 (368 -896 16) (368 -944 16) (368 -944 224) (368 -896 224) 
4 1317 1318 (372 -944 224) (368 -944 224) (368 -944 108) (372 -944 108) 
4 1318 1324 (368 -960 108) (368 -960 224) (368 -944 224) (368 -944 108) 
4 1318 1321 (372 -960 224) (368 -960 224) (368 -960 108) (372 -960 108) 
4 1318 1320 (380 -960 224) (372 -960 224) (372 -960 108) (380 -960 108) 
4 1318 1319 (384 -960 224) (380 -960 224) (380 -960 108) (384 -960 108) 
4 1319 1322 (384 -1008 224) (380 -1008 224) (380 -1008 220) (384 -1008 220) 
4 1319 1320 (380 -960 224) (380 -960 52) (380 -1008 52) (380 -1008 224) 
4 1320 1322 (380 -1008 224) (372 -1008 224) (372 -1008 220) (380 -1008 220) 
4 1320 1321 (372 -960 224) (372 -960 52) (372 -1008 52) (372 -1008 224) 
4 1321 1324 (368 -960 16) (368 -1008 16) (368 -1008 224) (368 -960 224) 
4 1321 1322 (372 -1008 224) (368 -1008 224) (368 -1008 220) (372 -1008 220) 
4 1322 1324 (368 -1024 220) (368 -1024 224) (368 -1008 224) (368 -1008 220) 
4 1322 1323 (384 -1024 224) (368 -1024 224) (368 -1024 220) (384 -1024 220) 
4 1323 1360 (384 -1104 16) (384 -1104 178.07692307692315) (368 -1104 196.53846153846152) (368 -1104 16) 
4 1323 1324 (368 -1024 16) (368 -1104 16) (368 -1104 224) (368 -1024 224) 
4 1324 1363 (224 -1104 200) (224 -1104 16) (261 -1104 16) (261 -1104 200) 
6 1324 1360 (261 -1104 16) (368 -1104 16) (368 -1104 196.53846153846152) (365 -1104 200) (300.61904761905066 -1104 200) (261 -1104 160) 
4 1324 1353 (224 -1104 224) (224 -1104 200) (261 -1104 200) (261 -1104 224) 
4 1324 1327 (224 -1088 16) (224 -1104 16) (224 -1104 224) (224 -1088 224) 
4 1324 1325 (224 -880 224) (224 -880 16) (224 -1088 16) (224 -1088 224) 
4 1325 1327 (204 -1088 16) (224 -1088 16) (224 -1088 224) (204 -1088 224) 
4 1325 1326 (204 -880 224) (204 -880 16) (204 -1088 16) (204 -1088 224) 
5 1326 1332 (-64 -880 168) (-64 -880 16) (-64 -960 16) (-64 -960 127.99999999999997) (-64 -920 168) 
5 1326 1331 (-64 -1056 16) (-64 -880 16) (16 -880 16) (16 -1088 16) (-31.999999999999915 -1088 16) 
4 1326 1330 (16 -880 16) (179 -880 16) (179 -1088 16) (16 -1088 16) 
4 1326 1329 (179 -880 16) (199 -880 16) (198.08370044052865 -1088 16) (179 -1088 16) 
4 1326 1328 (16 -1088 16) (204 -1088 16) (204 -1088 240) (16 -1088 240) 
4 1327 1366 (204 -1104 164.23076923076928) (204 -1104 16) (207.66666666666674 -1104 16) (207.66666666666674 -1104 159.99999999999994) 
4 1327 1364 (207.66666666666674 -1104 16) (208 -1104 16) (208 -1104 200) (207.66666666666674 -1104 200) 
4 1327 1363 (208 -1104 16) (224 -1104 16) (224 -1104 200) (208 -1104 200) 
4 1327 1354 (207.66666666666674 -1104 200) (208 -1104 200) (208 -1104 224) (207.66666666666674 -1104 224) 
4 1327 1353 (208 -1104 200) (224 -1104 200) (224 -1104 224) (208 -1104 224) 
4 1327 1328 (204 -1088 224) (204 -1088 16) (204 -1104 16) (204 -1104 224) 
4 1328 1371 (69 -1104 240) (16 -1104 240) (16 -1104 16) (69 -1104 16) 
6 1328 1366 (69 -1104 160) (69 -1104 16) (204 -1104 16) (204 -1104 164.23076923076928) (173 -1104 200) (108.61904761905068 -1104 200) 
4 1328 1330 (16 -1088 16) (179 -1088 16) (179 -1104 16) (16 -1104 16) 
4 1328 1329 (179 -1088 16) (198.08370044052865 -1088 16) (198.01321585903082 -1104 16) (179 -1104 16) 
4 1329 1367 (198.01321585903082 -1104 16) (179 -1104 16) (179 -1104 8) (198.01321585903082 -1104 8) 
4 1329 1330 (179 -1104 8) (179 -1104 16) (179 -880 16) (179 -880 8) 
4 1330 1371 (16 -1104 0) (69 -1104 0) (69 -1104 16) (16 -1104 16) 
4 1330 1369 (69 -1104 0) (179 -1104 0) (179 -1104 16) (69 -1104 16) 
4 1330 1331 (16 -1088 16) (16 -880 16) (16 -880 -0) (16 -1088 0) 
4 1331 1332 (-64 -880 16) (-64 -880 -0) (-64 -960 0) (-64 -960 16) 
5 1333 1335 (-96 -880 168) (-96 -880 -0) (-96 -960 0) (-96 -960 127.99999999999997) (-96 -920 168) 
4 1334 1372 (-96 -1104 0) (-80 -1104 0) (-80 -1104 240) (-96 -1104 240) 
4 1334 1335 (-96 -1088 0) (-96 -1104 -0) (-96 -1104 240) (-96 -1088 240) 
4 1335 1430 (-96 -1104 0) (-256 -1104 0) (-256 -880 0) (-96 -880 0) 
4 1335 1372 (-256 -1104 0) (-96 -1104 0) (-96 -1104 240) (-256 -1104 240) 
4 1336 1433 (-256 -1104 0) (-272 -1104 0) (-272 -880 0) (-256 -880 0) 
4 1336 1374 (-272 -1104 0) (-256 -1104 0) (-256 -1104 240) (-272 -1104 240) 
4 1337 1417 (1952 -1136 0) (1936 -1136 0) (1936 -1104 0) (1952 -1104 0) 
4 1337 1375 (1936 -1136 0) (1952 -1136 0) (1952 -1136 240) (1936 -1136 240) 
4 1338 1420 (1936 -1136 0) (1892 -1136 0) (1892 -1104 0) (1936 -1104 0) 
4 1338 1377 (1828 -1136 0) (1836 -1136 0) (1836 -1136 240) (1828 -1136 240) 
4 1338 1376 (1836 -1136 0) (1936 -1136 0) (1936 -1136 240) (1836 -1136 240) 
4 1339 1382 (1624 -1136 0) (1804 -1136 0) (1804 -1136 240) (1624 -1136 240) 
4 1339 1378 (1804 -1136 0) (1812 -1136 0) (1812 -1136 240) (1804 -1136 240) 
4 1339 1340 (1624 -1128 0) (1624 -1136 -0) (1624 -1136 240) (1624 -1128 240) 
4 1340 1382 (1616 -1136 0) (1624 -1136 0) (1624 -1136 240) (1616 -1136 240) 
4 1341 1383 (1464 -1136 0) (1472 -1136 0) (1472 -1136 240) (1464 -1136 240) 
4 1341 1342 (1464 -1128 0) (1464 -1136 -0) (1464 -1136 240) (1464 -1128 240) 
4 1342 1383 (1280 -1136 0) (1464 -1136 0) (1464 -1136 240) (1280 -1136 240) 
4 1343 1388 (1025.3333333333335 -1136 240) (1024 -1136 240) (1024 -1136 200) (1025.3333333333335 -1136 200) 
4 1343 1346 (1024 -1104 200) (1025.3333333333335 -1104 200) (1025.3333333333335 -1136 200) (1024 -1136 200) 
4 1344 1346 (1025.3333333333335 -1112 160.00000000000006) (1025.3333333333335 -1104 160.00000000000006) (1025.3333333333335 -1104 -0) (1025.3333333333335 -1112 0) 
6 1345 1388 (1025.3333333333335 -1136 0) (1164 -1136 0) (1164 -1136 159.99999999999991) (1129.3333333333335 -1136 200) (1064.952380952384 -1136 200) (1025.3333333333335 -1136 160.00000000000006) 
4 1345 1346 (1025.3333333333335 -1136 -0) (1025.3333333333335 -1136 160.00000000000009) (1025.3333333333335 -1128 160.00000000000009) (1025.3333333333335 -1128 0) 
4 1346 1388 (1024 -1136 0) (1025.3333333333335 -1136 0) (1025.3333333333335 -1136 200) (1024 -1136 200) 
6 1348 1388 (833.3333333333335 -1136 0) (972 -1136 0) (972 -1136 159.99999999999991) (937.3333333333334 -1136 200) (872.9523809523812 -1136 200) (833.3333333333335 -1136 159.99999999999997) 
4 1349 1350 (781.3333333333335 -1112 16) (642.6666666666669 -1112 16) (642.6666666666669 -1104.7654941373535 16) (781.3333333333335 -1104.068676716918 16) 
6 1351 1388 (642.6666666666669 -1136 0) (781.3333333333335 -1136 0) (781.3333333333335 -1136 160.00000000000009) (746.6666666666669 -1136 200) (682.2857142857144 -1136 200) (642.6666666666669 -1136 160) 
4 1352 1388 (400 -1136 240) (399.66666666666674 -1136 240) (399.66666666666674 -1136 200) (400 -1136 200) 
4 1352 1358 (399.66666666666674 -1104 200) (400 -1104 200) (400 -1136 200) (399.66666666666674 -1136 200) 
3 1353 1363 (208 -1104 200) (261 -1104 200) (261 -1105.0000000000002 200) 
4 1354 1390 (208 -1136 240) (207.66666666666674 -1136 240) (207.66666666666674 -1136 200) (208 -1136 200) 
4 1354 1365 (208 -1106.9497487437186 200) (208 -1136 200) (207.66666666666674 -1136 200) (207.66666666666674 -1106.9514237855947 200) 
4 1354 1364 (207.66666666666674 -1104 200) (208 -1104 200) (208 -1106.9497487437186 200) (207.66666666666674 -1106.9514237855947 200) 
4 1355 1356 (590.6666666666667 -1112 16) (452 -1112 16) (452 -1105.7236180904522 16) (590.6666666666667 -1105.0268006700169 16) 
6 1357 1388 (452 -1136 0) (590.6666666666667 -1136 0) (590.6666666666667 -1136 159.99999999999991) (555.9999999999999 -1136 200) (491.61904761905066 -1136 200) (452 -1136 160) 
4 1358 1388 (400 -1136 200) (399.66666666666674 -1136 200) (399.66666666666674 -1136 16) (400 -1136 16) 
4 1358 1362 (399.66666666666674 -1136 16) (399.66666666666674 -1136 160) (399.66666666666674 -1128 160) (399.66666666666674 -1128 16) 
4 1358 1360 (399.66666666666674 -1104 160) (399.66666666666674 -1104 16) (399.66666666666674 -1112 16) (399.66666666666674 -1112 160) 
4 1358 1359 (399.66666666666674 -1136 16) (399.66666666666674 -1105.9865996649917 16) (400 -1105.9849246231156 16) (400 -1136 16) 
4 1359 1388 (399.66666666666674 -1136 0) (400 -1136 0) (400 -1136 16) (399.66666666666674 -1136 16) 
4 1359 1362 (399.66666666666674 -1136 -0) (399.66666666666674 -1136 16) (399.66666666666674 -1128 16) (399.66666666666674 -1128 0) 
4 1359 1361 (399.66666666666674 -1112 16) (399.66666666666674 -1105.9865996649917 16) (399.66666666666674 -1105.9865996649917 0) (399.66666666666674 -1112 0) 
4 1360 1363 (261 -1105 160) (261 -1104 160) (261 -1104 16) (261 -1105 16) 
4 1360 1361 (399.66666666666674 -1112 16) (261 -1112 16) (261 -1106.6834170854272 16) (399.66666666666674 -1105.9865996649917 16) 
6 1362 1388 (261 -1136 0) (399.66666666666674 -1136 0) (399.66666666666674 -1136 160) (365 -1136 200) (300.61904761905066 -1136 200) (261 -1136 160) 
4 1364 1366 (207.66666666666674 -1104 159.99999999999994) (207.66666666666674 -1104 16) (207.66666666666674 -1106.9514237855947 16) (207.66666666666674 -1106.9514237855947 159.99999999999994) 
4 1364 1365 (207.66666666666674 -1106.9514237855944 200) (207.66666666666674 -1106.9514237855944 16) (208 -1106.9497487437184 16) (208 -1106.9497487437184 200) 
4 1365 1390 (207.66666666666674 -1136 0) (208 -1136 0) (208 -1136 200) (207.66666666666674 -1136 200) 
4 1365 1370 (207.66666666666674 -1136 -0) (207.66666666666674 -1136 159.99999999999994) (207.66666666666674 -1128 159.99999999999994) (207.66666666666674 -1128 0) 
4 1365 1368 (207.66666666666674 -1106.9514237855947 16) (207.66666666666674 -1106.9514237855947 0) (207.66666666666674 -1112 0) (207.66666666666674 -1112 16) 
4 1365 1366 (207.66666666666674 -1112 159.99999999999994) (207.66666666666674 -1106.9514237855947 159.99999999999994) (207.66666666666674 -1106.9514237855947 16) (207.66666666666674 -1112 16) 
4 1366 1371 (69 -1104 160) (69 -1104 16) (69 -1105.0000000000002 16) (69 -1105.0000000000002 160) 
4 1366 1369 (179 -1112 16) (69 -1112 16) (69 -1104 16) (179 -1104 16) 
4 1366 1368 (207.66666666666674 -1112 16) (179 -1112 16) (179 -1107 16) (207.66666666666674 -1107 16) 
4 1366 1367 (179 -1107 16) (179 -1104 16) (198.01321585903082 -1104 16) (198 -1107 16) 
4 1367 1369 (179 -1107 16) (179 -1104 16) (179 -1104 8) (179 -1107 8) 
4 1367 1368 (179 -1107 16) (179 -1107 8) (198 -1107 8) (198 -1107 16) 
4 1368 1369 (179 -1112 -0) (179 -1112 16) (179 -1107 16) (179 -1107 0) 
4 1369 1371 (69 -1104 16) (69 -1104 -0) (69 -1105.0000000000002 0) (69 -1105.0000000000002 16) 
6 1370 1390 (69 -1136 0) (207.66666666666674 -1136 0) (207.66666666666674 -1136 159.99999999999994) (172.99999999999994 -1136 200) (108.61904761905069 -1136 200) (69 -1136 160) 
4 1372 1430 (-256 -1120 0) (-256 -1104 0) (-96 -1104 0) (-96 -1120 0) 
4 1372 1373 (-256 -1120 240) (-256 -1120 -0) (-64.00000000000003 -1120 0) (-64.00000000000001 -1120 240) 
4 1373 1430 (-96 -1136 0) (-256 -1136 0) (-256 -1120 0) (-96 -1120 0) 
4 1373 1392 (-256 -1136 0) (16 -1136 0) (16 -1136 240) (-256 -1136 240) 
4 1374 1433 (-256 -1136 0) (-272 -1136 0) (-272 -1104 0) (-256 -1104 0) 
4 1374 1393 (-272 -1136 0) (-256 -1136 0) (-256 -1136 240) (-272 -1136 240) 
4 1375 1417 (1952 -1440 0) (1936 -1440 0) (1936 -1136 0) (1952 -1136 0) 
4 1375 1394 (1936 -1440 0) (1952 -1440 0) (1952 -1440 240) (1936 -1440 240) 
4 1376 1420 (1936 -1440 0) (1892 -1440 0) (1892 -1136 0) (1936 -1136 0) 
4 1376 1395 (1836 -1440 0) (1936 -1440 0) (1936 -1440 240) (1836 -1440 240) 
4 1376 1381 (1836 -1392 0) (1836 -1440 -0) (1836 -1440 240) (1836 -1392 240) 
6 1376 1379 (1836 -1248 0) (1836 -1392 0) (1836 -1392 159.99999999999997) (1836 -1352 200) (1836 -1288 200) (1836 -1248 160) 
4 1376 1377 (1836 -1136 240) (1836 -1136 -0) (1836 -1200 0) (1836 -1200 240) 
4 1378 1384 (1804 -1168 0) (1804 -1200 0) (1804 -1200 240) (1804 -1168 240) 
4 1378 1382 (1804 -1136 240) (1804 -1136 -0) (1804 -1168 0) (1804 -1168 240) 
4 1379 1381 (1833 -1392 0) (1836 -1392 -0) (1836 -1392 159.99999999999997) (1833 -1392 159.99999999999997) 
6 1380 1384 (1804 -1248 0) (1804 -1392 0) (1804 -1392 159.99999999999997) (1804 -1352 200) (1804 -1288 200) (1804 -1248 160) 
4 1381 1395 (1833 -1440 0) (1836 -1440 0) (1836 -1440 240) (1833 -1440 240) 
4 1382 1384 (1584 -1168 0) (1804 -1168 -0) (1804 -1168 240) (1584 -1168 240) 
4 1383 1384 (1280 -1168 240) (1280 -1168 -0) (1504 -1168 0) (1504 -1168 240) 
6 1384 1386 (1280 -1218.6666666666579 0) (1280 -1357.3333333333335 0) (1280 -1357.3333333333335 159.9999999999999) (1280 -1317.714285714283 200) (1280 -1253.3333333333337 200) (1280 -1218.6666666666579 159.9999999999895) 
4 1384 1385 (1280 -1392 240) (1280 -1392 -0) (1800.999999999999 -1392 0) (1800.9999999999993 -1392 240) 
4 1385 1410 (1311 -1440 0) (1312 -1440 0) (1312 -1440 240) (1311 -1440 240) 
6 1385 1404 (1360 -1440 0) (1504 -1440 0) (1504 -1440 160) (1464 -1440 200) (1400 -1440 200) (1360 -1440 160) 
6 1385 1397 (1552 -1440 0) (1696 -1440 0) (1696 -1440 160) (1656 -1440 200) (1592 -1440 200) (1552 -1440 160) 
4 1385 1396 (1744 -1440 0) (1744.9999999999998 -1440 0) (1744.9999999999998 -1440 240) (1744 -1440 240) 
6 1387 1388 (1248 -1218.6666666666579 0) (1248 -1357.3333333333335 0) (1248 -1357.3333333333335 159.9999999999999) (1248 -1317.714285714283 200) (1248 -1253.3333333333335 200) (1248 -1218.6666666666579 159.99999999998968) 
4 1388 1426 (1096 -1440 0) (261 -1440 0) (261 -1136 0) (1096 -1136 0) 
4 1388 1425 (1096 -1152 0) (1096 -1136 0) (1216 -1136 0) (1232 -1152 0) 
4 1388 1413 (261 -1440 0) (1248 -1440 0) (1248 -1440 240) (261 -1440 240) 
4 1388 1389 (261 -1137.0000000000002 0) (261 -1440 -0) (261 -1440 240) (261 -1137.0000000000002 240) 
4 1389 1426 (261 -1440 0) (208 -1440 0) (208 -1136 0) (261 -1137.0000000000002 0) 
4 1389 1413 (208 -1440 0) (261 -1440 0) (261 -1440 240) (208 -1440 240) 
4 1389 1390 (208 -1136 240) (208 -1136 -0) (208 -1440 -0) (208 -1440 240) 
4 1390 1426 (208 -1440 0) (69 -1440 0) (69 -1136 0) (208 -1136 0) 
4 1390 1413 (69 -1440 0) (208 -1440 0) (208 -1440 240) (69 -1440 240) 
4 1390 1391 (69 -1137.0000000000002 0) (69 -1440 -0) (69 -1440 240) (69 -1137.0000000000002 240) 
4 1391 1426 (69 -1440 0) (16 -1440 0) (16 -1136 0) (69 -1137.0000000000002 0) 
4 1391 1413 (16 -1440 0) (69 -1440 0) (69 -1440 240) (16 -1440 240) 
4 1391 1392 (16 -1136 240) (16 -1136 -0) (16 -1440 -0) (16 -1440 240) 
4 1392 1430 (-96 -1440 0) (-256 -1440 0) (-256 -1136 0) (-96 -1136 0) 
4 1392 1426 (16 -1440 0) (-96 -1440 0) (-96 -1136 0) (16 -1136 0) 
4 1392 1413 (-256 -1440 0) (16 -1440 0) (16 -1440 240) (-256 -1440 240) 
4 1393 1433 (-256 -1440 0) (-272 -1440 0) (-272 -1136 0) (-256 -1136 0) 
4 1393 1416 (-272 -1440 0) (-256 -1440 0) (-256 -1440 240) (-272 -1440 240) 
4 1394 1417 (1952 -1472 0) (1936 -1472 0) (1936 -1440 0) (1952 -1440 0) 
4 1394 1399 (1936 -1472 0) (1952 -1472 0) (1952 -1472 240) (1936 -1472 240) 
4 1395 1420 (1936 -1472 0) (1892 -1472 0) (1892 -1440 0) (1936 -1440 0) 
4 1395 1400 (1801 -1472 0) (1936 -1472 0) (1936 -1472 240) (1801 -1472 240) 
4 1396 1400 (1744 -1472 0) (1745 -1472 0) (1745 -1472 240) (1744 -1472 240) 
6 1398 1400 (1552 -1472 0) (1696 -1472 0) (1696 -1472 160) (1656 -1472 200) (1592 -1472 200) (1552 -1472 160) 
4 1399 1417 (1936 -1535.9999999999995 0) (1936 -1472 0) (1952 -1472 0) (1952 -1536.1159420289855 0) 
4 1400 1427 (1504 -1532.8467153284673 0) (1504 -1496 0) (1936 -1496 0) (1936 -1536 0) 
4 1400 1420 (1892 -1472 0) (1936 -1472 0) (1936 -1496 0) (1892 -1496 0) 
4 1400 1406 (1504 -1472 0) (1504 -1532.8467153284673 0) (1504 -1532.8467153284673 200) (1504 -1472 200) 
4 1400 1402 (1504 -1532.8467153284673 200) (1504 -1532.8467153284673 240) (1504 -1472 240) (1504 -1472 200) 
4 1401 1428 (1504 -1548.8467153284673 0) (1504 -1532.8467153284673 0) (1936 -1536 0) (1936 -1552 0) 
4 1401 1407 (1504 -1532.8467153284673 0) (1504 -1548.846715328467 0) (1504 -1548.8467153284673 200) (1504 -1532.8467153284673 200) 
4 1401 1403 (1504 -1548.8467153284673 200) (1504 -1548.8467153284673 240) (1504 -1532.8467153284673 240) (1504 -1532.8467153284673 200) 
4 1402 1408 (1360 -1472 200) (1360 -1531.7956204379564 200) (1360 -1531.7956204379561 240) (1360 -1472 240) 
4 1402 1406 (1360 -1531.7956204379561 200) (1360 -1472 200) (1504 -1472 200) (1504 -1532.8467153284673 200) 
4 1403 1409 (1360 -1531.7956204379564 200) (1360 -1547.7956204379564 200) (1360 -1547.7956204379566 240) (1360 -1531.7956204379561 240) 
4 1403 1407 (1360 -1547.7956204379566 200) (1360 -1531.7956204379561 200) (1504 -1532.8467153284673 200) (1504 -1548.846715328467 200) 
6 1405 1406 (1504 -1472 -0) (1504 -1472 160) (1464 -1472 200) (1400 -1472 200) (1360 -1472 160) (1360 -1472 -0) 
4 1406 1427 (1360 -1531.7956204379561 0) (1360 -1496 0) (1504 -1496 0) (1504 -1532.8467153284673 0) 
4 1406 1408 (1360 -1472 0) (1360 -1531.7956204379564 0) (1360 -1531.7956204379561 200) (1360 -1472 200) 
4 1407 1428 (1360 -1547.7956204379566 0) (1360 -1531.7956204379561 0) (1504 -1532.8467153284673 0) (1504 -1548.846715328467 0) 
4 1407 1409 (1360 -1531.7956204379564 0) (1360 -1547.7956204379564 0) (1360 -1547.7956204379566 200) (1360 -1531.7956204379561 200) 
4 1408 1427 (1312 -1531.445255474453 0) (1312 -1496 0) (1360 -1496 0) (1360 -1531.7956204379564 0) 
4 1408 1411 (1312 -1473 0) (1312 -1531.4452554744528 0) (1312 -1531.445255474453 240) (1312 -1473 240) 
4 1409 1428 (1312 -1547.4452554744526 0) (1312 -1531.445255474453 0) (1360 -1531.7956204379564 0) (1360 -1547.7956204379564 0) 
4 1409 1412 (1312 -1531.4452554744528 0) (1312 -1547.4452554744526 0) (1312 -1547.4452554744526 240) (1312 -1531.445255474453 240) 
4 1411 1427 (1280 -1531.2116788321168 0) (1280 -1496 0) (1312 -1496 0) (1312 -1531.4452554744528 0) 
4 1411 1414 (1280 -1473 0) (1280 -1531.2116788321168 0) (1280 -1531.2116788321168 240) (1280 -1473 240) 
4 1412 1428 (1280 -1547.2116788321164 0) (1280 -1531.2116788321168 0) (1312 -1531.4452554744528 0) (1312 -1547.4452554744526 0) 
4 1412 1415 (1280 -1531.2116788321168 0) (1280 -1547.2116788321168 0) (1280 -1547.2116788321164 240) (1280 -1531.2116788321168 240) 
4 1413 1430 (-256 -1441 0) (-256 -1440 0) (-96 -1440 0) (-96 -1441 0) 
4 1413 1426 (-96 -1440 0) (1096 -1440 0) (1096 -1441 0) (-96 -1441 0) 
4 1413 1414 (-256 -1441 240) (-256 -1441 -0) (1248 -1441 0) (1248 -1441 240) 
4 1414 1430 (-256 -1519.9999999999995 0) (-256 -1441 0) (-96 -1441 0) (-96 -1521.1678832116784 0) 
4 1414 1427 (1280 -1496 0) (1280 -1531.2116788321168 0) (-96 -1521.1678832116784 0) (-96 -1496 0) 
4 1414 1426 (-96 -1441 0) (1096 -1441 0) (1096 -1496 0) (-96 -1496 0) 
4 1415 1431 (-256 -1536.0000000000005 0) (-256 -1519.9999999999995 0) (-96 -1521.1678832116784 0) (-96 -1537.1678832116793 0) 
4 1415 1428 (-96 -1521.1678832116784 0) (1280 -1531.2116788321168 0) (1280 -1547.2116788321168 0) (-96 -1537.1678832116793 0) 
4 1415 1416 (-256 -1520 0) (-256 -1536 0) (-256 -1536.0000000000005 240) (-256 -1519.9999999999995 240) 
4 1416 1433 (-272 -1536 0) (-272 -1440 0) (-256 -1440 0) (-256 -1536.1159420289853 0) 
4 1417 1418 (1936 703.9999999999995 -16) (1936 687.9999999999999 -16) (1936 688 0) (1936 704 0) 
4 1418 1421 (1280 708.7536231884055 -16) (1280 692.7536231884055 -16) (1280 692.7536231884059 0) (1280 708.7536231884058 0) 
4 1419 1422 (1280 692.7536231884055 -16) (1280 276 -16) (1280 276 0) (1280 692.7536231884059 0) 
4 1419 1420 (1895.9999999999998 276 -16) (1936 276 -16) (1936 276 -0) (1895.9999999999998 276 0) 
4 1420 1427 (1892 -1496 -16) (1936 -1496 -16) (1936 -1496 -0) (1892 -1496 0) 
4 1421 1429 (-96 718.724637681159 -16) (-96 702.72463768116 -16) (-96 702.7246376811595 0) (-96 718.7246376811594 0) 
4 1422 1430 (-96 702.72463768116 -16) (-96 276 -16) (-96 276 0) (-96 702.7246376811595 0) 
4 1422 1423 (-96 276 -0) (-96 276 -16) (1027.9999999999998 276 -16) (1028 276 0) 
4 1423 1430 (-96 276 -16) (-96 240 -16) (-96 240 0) (-96 276 0) 
4 1423 1424 (1024 240 -16) (1027.8718861209964 240 -16) (1027.8718861209964 240 0) (1024 240 0) 
4 1425 1426 (1096 -1136 -0) (1096 -1136 -16) (1096 -1152 -16) (1096 -1152 0) 
4 1426 1430 (-96 -1136 -16) (-96 -1496 -16) (-96 -1496 0) (-96 -1136 0) 
4 1426 1427 (-96 -1496 -0) (-96 -1496 -16) (1096 -1496 -16) (1096 -1496 0) 
4 1427 1430 (-96 -1496 -16) (-96 -1521.1678832116788 -16) (-96 -1521.167883211679 0) (-96 -1496 0) 
4 1428 1431 (-96 -1521.1678832116788 -16) (-96 -1537.1678832116788 -16) (-96 -1537.167883211679 0) (-96 -1521.167883211679 0) 
4 1429 1432 (-256 719.8840579710145 -16) (-256 703.8840579710145 -16) (-256 703.8840579710145 0) (-256 719.8840579710144 0) 
4 1431 1433 (-256 -1520 -16) (-256 -1536 -16) (-256 -1535.9999999999995 0) (-256 -1520.000000000001 0) 
4 1432 1433 (-272 704 -16) (-256 703.8840579710145 -16) (-256 703.8840579710145 -0) (-272 704 0) 
0 -1
1 -1
2 -1
3 -1
4 -1
5 -1
6 -1
7 -1
8 -1
9 -1
10 -1
11 -1
12 -1
13 -1
14 -1
15 -1
16 -1
17 -1
18 -1
19 -1
20 -1
21 -1
22 -1
23 -1
24 -1
25 -1
26 -1
27 -1
28 -1
29 -1
30 -1
31 -1
32 -1
33 -1
34 -1
35 -1
36 -1
37 -1
38 -1
39 -1
40 -1
41 -1
42 -1
43 -1
44 -1
45 -1
46 -1
47 -1
48 -1
49 -1
50 -1
51 -1
52 -1
53 -1
54 -1
55 -1
56 -1
57 -1
58 -1
59 -1
60 -1
61 -1
62 -1
63 -1
64 -1
65 -1
66 -1
67 -1
68 -1
69 -1
70 -1
71 -1
72 -1
73 -1
74 -1
75 -1
76 -1
77 -1
78 -1
79 -1
80 -1
81 -1
82 -1
83 -1
84 -1
85 -1
86 -1
87 -1
88 -1
89 -1
90 -1
91 -1
92 -1
93 -1
94 -1
95 -1
96 -1
97 -1
98 -1
99 -1
100 -1
101 -1
102 -1
103 -1
104 -1
105 -1
106 -1
107 -1
108 -1
109 -1
110 -1
111 -1
112 -1
113 -1
114 -1
115 -1
116 -1
117 -1
118 -1
119 -1
120 -1
121 -1
122 -1
123 -1
124 -1
125 -1
126 -1
127 -1
128 -1
129 -1
130 -1
131 -1
132 -1
133 -1
134 -1
135 -1
136 -1
137 -1
138 -1
139 -1
140 -1
141 -1
142 -1
143 -1
144 -1
145 -1
146 -1
147 -1
148 -1
149 -1
150 -1
151 -1
152 -1
153 -1
154 -1
155 -1
156 -1
157 -1
158 -1
159 -1
160 -1
161 -1
162 -1
163 -1
164 -1
165 -1
166 -1
167 -1
168 -1
169 -1
170 -1
171 -1
172 -1
173 -1
174 -1
175 -1
176 -1
177 -1
178 -1
179 -1
180 -1
181 -1
182 -1
183 -1
184 -1
185 -1
186 -1
187 -1
188 -1
189 -1
190 -1
191 -1
192 -1
193 -1
194 -1
195 -1
196 -1
197 -1
198 -1
199 -1
200 -1
201 -1
202 -1
203 -1
204 -1
205 -1
206 -1
207 -1
208 -1
209 -1
210 -1
211 -1
212 -1
213 -1
214 -1
215 -1
216 -1
217 -1
218 -1
219 -1
220 -1
221 -1
222 -1
223 -1
224 -1
225 -1
226 -1
227 -1
228 -1
229 -1
230 -1
231 -1
232 -1
233 -1
234 -1
235 -1
236 -1
237 -1
238 -1
239 -1
240 -1
241 -1
242 -1
243 -1
244 -1
245 -1
246 -1
247 -1
248 -1
249 -1
250 -1
251 -1
252 -1
253 -1
254 -1
255 -1
256 -1
257 -1
258 -1
259 -1
260 -1
261 -1
262 -1
263 -1
264 -1
265 -1
266 -1
267 -1
268 -1
269 -1
270 -1
271 -1
272 -1
273 -1
274 -1
275 -1
276 -1
277 -1
278 -1
279 -1
280 -1
281 -1
282 -1
283 -1
284 -1
285 -1
286 -1
287 -1
288 -1
289 -1
290 -1
291 -1
292 -1
293 -1
294 -1
295 -1
296 -1
297 -1
298 -1
299 -1
300 -1
301 -1
302 -1
303 -1
304 -1
305 -1
306 -1
307 -1
308 -1
309 -1
310 -1
311 -1
312 -1
313 -1
314 -1
315 -1
316 -1
317 -1
318 -1
319 -1
320 -1
321 -1
322 -1
323 -1
324 -1
325 -1
326 -1
327 -1
328 -1
329 -1
330 -1
331 -1
332 -1
333 -1
334 -1
335 -1
336 -1
337 -1
338 -1
339 -1
340 -1
341 -1
342 -1
343 -1
344 -1
345 -1
346 -1
347 -1
348 -1
349 -1
350 -1
351 -1
352 -1
353 -1
354 -1
355 -1
356 -1
357 -1
358 -1
359 -1
360 -1
361 -1
362 -1
363 -1
364 -1
365 -1
366 -1
367 -1
368 -1
369 -1
370 -1
371 -1
372 -1
373 -1
374 -1
375 -1
376 -1
377 -1
378 -1
379 -1
380 -1
381 -1
382 -1
383 -1
384 -1
385 -1
386 -1
387 -1
388 -1
389 -1
390 -1
391 -1
392 -1
393 -1
394 -1
395 -1
396 -1
397 -1
398 -1
399 -1
400 -1
401 -1
402 -1
403 -1
404 -1
405 -1
406 -1
407 -1
408 -1
409 -1
410 -1
411 -1
412 -1
413 -1
414 -1
415 -1
416 -1
417 -1
418 -1
419 -1
420 -1
421 -1
422 -1
423 -1
424 -1
425 -1
426 -1
427 -1
428 -1
429 -1
430 -1
431 -1
432 -1
433 -1
434 -1
435 -1
436 -1
437 -1
438 -1
439 -1
440 -1
441 -1
442 -1
443 -1
444 -1
445 -1
446 -1
447 -1
448 -1
449 -1
450 -1
451 -1
452 -1
453 -1
454 -1
455 -1
456 -1
457 -1
458 -1
459 -1
460 -1
461 -1
462 -1
463 -1
464 -1
465 -1
466 -1
467 -1
468 -1
469 -1
470 -1
471 -1
472 -1
473 -1
474 -1
475 -1
476 -1
477 -1
478 -1
479 -1
480 -1
481 -1
482 -1
483 -1
484 -1
485 -1
486 -1
487 -1
488 -1
489 -1
490 -1
491 -1
492 -1
493 -1
494 -1
495 -1
496 -1
497 -1
498 -1
499 -1
500 -1
501 -1
502 -1
503 -1
504 -1
505 -1
506 -1
507 -1
508 -1
509 -1
510 -1
511 -1
512 -1
513 -1
514 -1
515 -1
516 -1
517 -1
518 -1
519 -1
520 -1
521 -1
522 -1
523 -1
524 -1
525 -1
526 -1
527 -1
528 -1
529 -1
530 -1
531 -1
532 -1
533 -1
534 -1
535 -1
536 -1
537 -1
538 -1
539 -1
540 -1
541 -1
542 -1
543 -1
544 -1
545 -1
546 -1
547 -1
548 -1
549 -1
550 -1
551 -1
552 -1
553 -1
554 -1
555 -1
556 -1
557 -1
558 -1
559 -1
560 -1
561 -1
562 -1
563 -1
564 -1
565 -1
566 -1
567 -1
568 -1
569 -1
570 -1
571 -1
572 -1
573 -1
574 -1
575 -1
576 -1
577 -1
578 -1
579 -1
580 -1
581 -1
582 -1
583 -1
584 -1
585 -1
586 -1
587 -1
588 -1
589 -1
590 -1
591 -1
592 -1
593 -1
594 -1
595 -1
596 -1
597 -1
598 -1
599 -1
600 -1
601 -1
602 -1
603 -1
604 -1
605 -1
606 -1
607 -1
608 -1
609 -1
610 -1
611 -1
612 -1
613 -1
614 -1
615 -1
616 -1
617 -1
618 -1
619 -1
620 -1
621 -1
622 -1
623 -1
624 -1
625 -1
626 -1
627 -1
628 -1
629 -1
630 -1
631 -1
632 -1
633 -1
634 -1
635 -1
636 -1
637 -1
638 -1
639 -1
640 -1
641 -1
642 -1
643 -1
644 -1
645 -1
646 -1
647 -1
648 -1
649 -1
650 -1
651 -1
652 -1
653 -1
654 -1
655 -1
656 -1
657 -1
658 -1
659 -1
660 -1
661 -1
662 -1
663 -1
664 -1
665 -1
666 -1
667 -1
668 -1
669 -1
670 -1
671 -1
672 -1
673 -1
674 -1
675 -1
676 -1
677 -1
678 -1
679 -1
680 -1
681 -1
682 -1
683 -1
684 -1
685 -1
686 -1
687 -1
688 -1
689 -1
690 -1
691 -1
692 -1
693 -1
694 -1
695 -1
696 -1
697 -1
698 -1
699 -1
700 -1
701 -1
702 -1
703 -1
704 -1
705 -1
706 -1
707 -1
708 -1
709 -1
710 -1
711 -1
712 -1
713 -1
714 -1
715 -1
716 -1
717 -1
718 -1
719 -1
720 -1
721 -1
722 -1
723 -1
724 -1
725 -1
726 -1
727 -1
728 -1
729 -1
730 -1
731 -1
732 -1
733 -1
734 -1
735 -1
736 -1
737 -1
738 -1
739 -1
740 -1
741 -1
742 -1
743 -1
744 -1
745 -1
746 -1
747 -1
748 -1
749 -1
750 -1
751 752 753 754 755 -1
756 757 758 759 760 761 -1
762 763 -1
764 765 766 -1
767 768 769 -1
770 771 772 773 -1
774 775 -1
776 777 778 779 780 781 782 -1
783 -1
784 -1
785 -1
786 -1
787 -1
788 -1
789 -1
790 -1
791 -1
792 -1
793 -1
794 -1
795 -1
796 -1
797 -1
798 -1
799 -1
800 -1
801 -1
802 -1
803 -1
804 -1
805 -1
806 -1
807 -1
808 -1
809 -1
810 -1
811 -1
812 -1
813 -1
814 -1
815 -1
816 -1
817 -1
818 -1
819 -1
820 -1
821 -1
822 -1
823 -1
824 -1
825 -1
826 827 828 829 -1
830 831 832 -1
833 834 -1
835 -1
836 -1
837 -1
838 -1
839 -1
840 -1
841 -1
842 -1
843 -1
844 845 846 847 848 849 -1
850 851 852 -1
853 854 855 856 857 -1
858 859 -1
860 861 -1
862 863 864 865 866 -1
867 -1
868 -1
869 870 871 -1
872 873 -1
874 875 876 -1
877 -1
878 -1
879 -1
880 -1
881 -1
882 -1
883 -1
884 -1
885 -1
886 -1
887 -1
888 -1
889 -1
890 -1
891 -1
892 -1
893 -1
894 -1
895 -1
896 -1
897 -1
898 -1
899 -1
900 -1
901 -1
902 -1
903 -1
904 -1
905 -1
906 -1
907 -1
908 -1
909 -1
910 -1
911 912 913 914 915 916 917 -1
918 919 -1
920 921 922 923 -1
924 925 926 -1
927 928 929 -1
930 931 -1
932 933 934 935 936 937 -1
938 939 940 941 942 -1
943 944 945 946 947 -1
948 -1
949 -1
950 -1
951 -1
952 -1
953 -1
954 -1
955 -1
956 -1
957 -1
958 -1
959 -1
960 -1
961 -1
962 -1
963 -1
964 -1
965 -1
966 -1
967 -1
968 -1
969 -1
970 -1
971 -1
972 -1
973 -1
974 -1
975 -1
976 -1
977 -1
978 -1
979 -1
980 -1
981 -1
982 -1
983 -1
984 -1
985 -1
986 -1
987 -1
988 989 990 -1
991 992 -1
993 -1
994 -1
995 -1
996 -1
997 -1
998 -1
999 -1
1000 1001 1002 1003 1004 -1
1005 1006 -1
1007 1008 -1
1009 1010 1011 1012 1013 -1
1014 1015 1016 1017 1018 1019 -1
1020 -1
1021 -1
1022 -1
1023 -1
1024 -1
1025 -1
1026 -1
1027 1028 -1
1029 1030 1031 -1
1032 1033 1034 1035 -1
1036 -1
1037 -1
1038 -1
1039 -1
1040 -1
1041 -1
1042 -1
1043 -1
1044 -1
1045 -1
1046 -1
1047 -1
1048 -1
1049 -1
1050 -1
1051 -1
1052 -1
1053 -1
1054 -1
1055 -1
1056 -1
1057 -1
1058 -1
1059 -1
1060 -1
1061 -1
1062 -1
1063 -1
1064 -1
1065 -1
1066 -1
1067 -1
1068 -1
1069 -1
1070 -1
1071 -1
1072 -1
1073 -1
1074 -1
1075 -1
1076 -1
1077 -1
1078 -1
1079 -1
1080 -1
1081 -1
1082 -1
1083 -1
1084 -1
1085 -1
1086 -1
1087 -1
1088 -1
1089 -1
1090 -1
1091 -1
1092 -1
1093 -1
1094 -1
1095 -1
1096 -1
1097 -1
1098 -1
1099 -1
1100 -1
1101 -1
1102 -1
1103 -1
1104 -1
1105 -1
1106 -1
1107 -1
1108 -1
1109 -1
1110 -1
1111 -1
1112 -1
1113 -1
1114 -1
1115 -1
1116 -1
1117 -1
1118 -1
1119 -1
1120 -1
1121 -1
1122 -1
1123 -1
1124 -1
1125 -1
1126 -1
1127 -1
1128 -1
1129 -1
1130 -1
1131 -1
1132 -1
1133 -1
1134 -1
1135 -1
1136 -1
1137 -1
1138 -1
1139 -1
1140 -1
1141 -1
1142 -1
1143 -1
1144 -1
1145 -1
1146 -1
1147 -1
1148 -1
1149 -1
1150 -1
1151 -1
1152 -1
1153 -1
1154 -1
1155 -1
1156 -1
1157 -1
1158 -1
1159 -1
1160 -1
1161 -1
1162 -1
1163 -1
1164 -1
1165 -1
1166 -1
1167 -1
1168 -1
1169 -1
1170 -1
1171 -1
1172 -1
1173 -1
1174 -1
1175 -1
1176 -1
1177 -1
1178 -1
1179 -1
1180 -1
1181 -1
1182 -1
1183 -1
1184 -1
1185 -1
1186 -1
1187 -1
1188 -1
1189 -1
1190 -1
1191 -1
1192 -1
1193 -1
1194 -1
1195 -1
1196 -1
1197 -1
1198 -1
1199 -1
1200 -1
1201 -1
1202 -1
1203 -1
1204 -1
1205 -1
1206 -1
1207 -1
1208 -1
1209 -1
1210 -1
1211 -1
1212 -1
1213 -1
1214 -1
1215 -1
1216 -1
1217 -1
1218 -1
1219 -1
1220 -1
1221 -1
1222 -1
1223 -1
1224 -1
1225 -1
1226 -1
1227 -1
1228 -1
1229 -1
1230 -1
1231 -1
1232 -1
1233 -1
1234 -1
1235 -1
1236 -1
1237 -1
1238 -1
1239 -1
1240 -1
1241 -1
1242 -1
1243 -1
1244 -1
1245 -1
1246 -1
1247 -1
1248 -1
1249 -1
1250 -1
1251 -1
1252 -1
1253 -1
1254 -1
1255 -1
1256 -1
1257 -1
1258 -1
1259 -1
1260 -1
1261 -1
1262 -1
1263 -1
1264 -1
1265 -1
1266 -1
1267 -1
1268 -1
1269 -1
1270 -1
1271 -1
1272 -1
1273 -1
1274 -1
1275 -1
1276 -1
1277 -1
1278 -1
1279 -1
1280 -1
1281 -1
1282 -1
1283 -1
1284 -1
1285 -1
1286 -1
1287 -1
1288 -1
1289 -1
1290 -1
1291 -1
1292 -1
1293 -1
1294 -1
1295 -1
1296 -1
1297 -1
1298 -1
1299 -1
1300 -1
1301 -1
1302 -1
1303 -1
1304 -1
1305 -1
1306 -1
1307 -1
1308 -1
1309 -1
1310 -1
1311 -1
1312 -1
1313 -1
1314 -1
1315 -1
1316 -1
1317 -1
1318 -1
1319 -1
1320 -1
1321 -1
1322 -1
1323 -1
1324 -1
1325 -1
1326 -1
1327 -1
1328 -1
1329 -1
1330 -1
1331 -1
1332 -1
1333 -1
1334 -1
1335 -1
1336 -1
1337 -1
1338 -1
1339 -1
1340 -1
1341 -1
1342 -1
1343 -1
1344 -1
1345 -1
1346 -1
1347 -1
1348 -1
1349 -1
1350 -1
1351 -1
1352 -1
1353 -1
1354 -1
1355 -1
1356 -1
1357 -1
1358 -1
1359 -1
1360 -1
1361 -1
1362 -1
1363 -1
1364 -1
1365 -1
1366 -1
1367 -1
1368 -1
1369 -1
1370 -1
1371 -1
1372 -1
1373 -1
1374 -1
1375 -1
1376 -1
1377 -1
1378 -1
1379 -1
1380 -1
1381 -1
1382 -1
1383 -1
1384 -1
1385 -1
1386 -1
1387 -1
1388 -1
1389 -1
1390 -1
1391 -1
1392 -1
1393 -1
1394 -1
1395 -1
1396 -1
1397 -1
1398 -1
1399 -1
1400 -1
1401 -1
1402 -1
1403 -1
1404 -1
1405 -1
1406 -1
1407 -1
1408 -1
1409 -1
1410 -1
1411 -1
1412 -1
1413 -1
1414 -1
1415 -1
1416 -1
1417 -1
1418 -1
1419 -1
1420 -1
1421 -1
1422 -1
1423 -1
1424 -1
1425 -1
1426 -1
1427 -1
1428 -1
1429 -1
1430 -1
1431 -1
1432 -1
1433 -1
1434 -1
1435 -1
1436 -1
1437 -1
1438 -1
1439 -1
1440 -1
1441 -1
1442 -1
1443 -1
1444 -1
1445 -1
1446 -1
1447 -1
1448 -1
1449 -1
1450 -1
1451 -1
1452 -1
1453 -1
1454 -1
1455 -1
1456 -1
1457 -1
1458 -1
1459 -1
1460 -1
1461 -1
1462 -1
1463 -1
1464 -1
1465 -1
1466 -1
1467 -1
1468 -1
1469 -1
1470 -1
1471 -1
1472 -1
1473 -1
1474 -1
1475 -1
1476 -1
1477 -1
1478 -1
1479 -1
1480 -1
1481 -1
1482 -1
1483 -1
1484 -1
1485 -1
1486 -1
1487 -1
1488 -1
1489 -1
1490 -1
1491 -1
1492 -1
1493 -1
1494 -1
1495 -1
1496 -1
1497 -1
1498 -1
1499 -1
1500 -1
1501 -1
1502 -1
1503 -1
1504 -1
1505 -1
1506 -1
1507 -1
1508 -1
1509 -1
1510 -1
1511 -1
1512 -1
1513 -1
1514 -1
1515 -1
1516 -1
1517 -1
1518 -1
1519 -1
1520 -1
1521 -1
1522 -1
1523 -1
1524 -1
1525 -1
1526 -1
1527 -1
1528 -1
1529 -1
1530 -1
1531 -1
1532 -1
1533 -1
1534 -1
1535 -1
1536 -1
1537 -1
